[Launcher] Disc: C:\Users\Leona\Documents\GitHub\psxrecomp\CastlevaniaRecomp\isos\Castlevania - Symphony of the Night (USA).cue
=== PSXRecomp v2 ===
EXE: C:\Users\Leona\Documents\GitHub\psxrecomp\CastlevaniaRecomp\isos\SLUS_000.67
CUE: C:\Users\Leona\Documents\GitHub\psxrecomp\CastlevaniaRecomp\isos\Castlevania - Symphony of the Night (USA).cue

[KeyConfig] Loading from C:/Users/Leona/Documents/GitHub/psxrecomp/CastlevaniaRecomp/build/keyconfig.ini
[XA] Volume set to 50%
[KeyConfig] UP=265 DOWN=264 CROSS=83 START=257
[XA] Opened C:\Users\Leona\Documents\GitHub\psxrecomp\CastlevaniaRecomp\isos\Castlevania - Symphony of the Night (USA) (Track 1).bin
[XA] WAV capture: C:/temp/xa_capture.wav (up to 30s)
[XA] Audio ready (decode 37800 Hz → waveOut 44100 Hz)
[FMV] Opened C:\Users\Leona\Documents\GitHub\psxrecomp\CastlevaniaRecomp\isos\Castlevania - Symphony of the Night (USA) (Track 1).bin
[SPU] Initialised — 24 voices, 44100 Hz stereo
Detected PS-X header, skipping 2048 bytes
Loaded 561152 bytes
[RUNTIME] PSX_FORCE_INTERP_8006=1 (force interp for 0x80060000-0x80097FFF)
[RUNTIME] PSX_FORCE_INTERP_DISPLAY_LOOP=1 (interp for 0x80019844/0x8001A110)
[RUNTIME] PSX_FORCE_CV_DISP_CB=1 (seed RAM[0x80032AB0]=0x8001A664 when null)
[RUNTIME] PSX_FORCE_CV_DIRECT_CB=1 (direct callback from 0x80019844)
[RUNTIME] PSX_TRACE_CALL_CHAIN=1
[RUNTIME] PSX_TRACE_GPU_PATH=1
Loaded into PS1 RAM at 0x80010000
[OpenGLRenderer] Initialize() called
[OpenGLRenderer] InitializeWindow() - Creating GLFW window...
[OpenGLRenderer] GLFW window created successfully (960x720)
[OpenGLRenderer] InitializeOpenGL() - Loading OpenGL functions...
[OpenGLRenderer] OpenGL initialized successfully!
[OpenGLRenderer]   Version:  3.3.0 - Build 31.0.101.5522
[OpenGLRenderer]   Renderer: Intel(R) Iris(R) Xe Graphics
[OpenGLRenderer]   Vendor:   Intel
[OpenGLRenderer] OpenGL 3.3 Core Profile ready
[OpenGLRenderer] InitializeShaders() - Compiling shaders...
[OpenGLRenderer]   - Primitive shader compiled (program ID: 3)
[OpenGLRenderer]   - Textured shader compiled (program ID: 4)
[OpenGLRenderer]   - Fill shader compiled (program ID: 5)
[OpenGLRenderer]   - Copy shader compiled (program ID: 6)
[OpenGLRenderer] All 4 shaders compiled successfully!
[OpenGLRenderer] InitializeBuffers() - Creating VAO and VBO...
[OpenGLRenderer] VAO and VBO created (max 4096 vertices per batch)
[OpenGLRenderer] InitializeVRAM() - Creating VRAM texture and FBO...
[OpenGLRenderer] VRAM texture created (1024x512, RGB5A1, 1024 KB)
[OpenGLRenderer] VRAM FBO created and verified (complete)
[OpenGLRenderer] Initialization complete!
Renderer ready

Calling entry point 0x80010DF4...
[CALL-CHAIN] #1 f0 addr=0x80010DF4 ra=0x00000000 sp=0x801FFF00 a0=0x00000000
[CALLEE-FIX] #1 f0 call_by_address(0x80010DF4) sp:801FFF00->80200000 s0:00000000->00000000 s1:00000000->00000000 — restoring
Entry point returned.
[BLACKSCREEN] Manual display bootstrap disabled by env PSX_BLACKSCREEN_MANUAL_DISPLAY_ENTRY=off
[BLACKSCREEN] Skipping bootstrap entry 0x80010DFC (set PSX_TRY_REAL_ENTRY=1 to enable)
[BLACKSCREEN] Enabling display pump fallback at 0x80019844
[CALL-CHAIN] #2 f0 addr=0x80019844 ra=0x80010EA4 sp=0x801FFF00 a0=0x800988A4
[FORCE-INTERP-DISPLAY] #1 f0 addr=0x80019844 w0=0x27BDFFD0 ra=0x80010EA4 a0=0x800988A4 cb=0x00000000
[RAM-19844] 98D0=0x1220000B 98E0=0x10400007 98E4=0x34040002 98F0=0x0C006997 98F8=0x1440000A
[RAM-19844-JALR] none in 0x19844-0x19987
[CALL-CHAIN] #3 f0 addr=0x800198D0 ra=0x80010EA4 sp=0x801FFED0 a0=0x00000001
[CALL-CHAIN] #4 f0 addr=0x8001A65C ra=0x800198F8 sp=0x801FFED0 a0=0x00000002
[CALL-CHAIN] #5 f0 addr=0x8001A65C ra=0x8001991C sp=0x801FFED0 a0=0x000000A4
[CALL-CHAIN] #6 f0 addr=0x8001993C ra=0x8001991C sp=0x801FFED0 a0=0x000000A4
[CALL-CHAIN] #7 f0 addr=0x8001A110 ra=0x8001994C sp=0x801FFED0 a0=0x00000000
[FORCE-CV-DISP-CB] f0 seeded cb=0x8001A664
[FORCE-INTERP-DISPLAY] #2 f0 addr=0x8001A110 w0=0x27BDFFC8 ra=0x8001994C a0=0x00000000 cb=0x8001A664
[CALL-CHAIN] #8 f0 addr=0x80015308 ra=0x8001A144 sp=0x801FFE98 a0=0xFFFFFFFF
[CALL-CHAIN] #9 f0 addr=0x80015308 ra=0x8001A184 sp=0x801FFE98 a0=0xFFFFFFFF
[CALL-CHAIN] #10 f0 addr=0x8001A238 ra=0x8001A184 sp=0x801FFE98 a0=0xFFFFFFFF
[SKIP-A110-RECURSE] #1 f0 addr=0x8001A238 ra=0x8001A184 a0=0xFFFFFFFF
[CALLEE-FIX] #2 f0 call_by_address(0x8001A110) sp:801FFED0->801FFE98 s0:00000003->00000003 s1:0015F760->0015F760 — restoring
[CALL-CHAIN] #11 f0 addr=0x8001995C ra=0x8001A184 sp=0x801FFED0 a0=0xFFFFFFFF
[FORCE-CV-DIRECT-CB] #1 f0 cb=0x8001A664 in_a0=0x800988A4 in_a1=0x0015F760 in_a2=0x00000000
[CALL-CHAIN] #12 f0 addr=0x8001A664 ra=0x80010EA4 sp=0x801FFF00 a0=0x00000001
[CALLEE-FIX] #3 f0 call_by_address(0x8001A664) sp:801FFF00->801FFEB0 s0:00000000->00000000 s1:00000000->00000000 — restoring
[CALL-CHAIN] #13 f0 addr=0x8001A664 ra=0x80010EA4 sp=0x801FFF00 a0=0x00000002
[CALLEE-FIX] #4 f0 call_by_address(0x8001A664) sp:801FFF00->801FFEB0 s0:00000000->00000000 s1:00000000->00000000 — restoring
[CALL-CHAIN] #14 f0 addr=0x8001A664 ra=0x80010EA4 sp=0x801FFF00 a0=0x000000A4
[CALLEE-FIX] #5 f0 call_by_address(0x8001A664) sp:801FFF00->801FFEB0 s0:00000000->00000000 s1:00000000->00000000 — restoring
[BLACKSCREEN][RendererPresent] present=1 f=1 disp=(0,0 320x240) vis=320x240 uv=(0.000,0.000)-(1.000,1.000)
[frame 1]
[CALL-CHAIN] #15 f1 addr=0x80019844 ra=0x80010EA4 sp=0x801FFF00 a0=0x800106B4
[FORCE-INTERP-DISPLAY] #3 f1 addr=0x80019844 w0=0x27BDFFD0 ra=0x80010EA4 a0=0x800106B4 cb=0x8001A664
[CALL-CHAIN] #16 f1 addr=0x800198D0 ra=0x80010EA4 sp=0x801FFED0 a0=0x00000001
[CALL-CHAIN] #17 f1 addr=0x80019900 ra=0x80010EA4 sp=0x801FFED0 a0=0x00000002
[CALL-CHAIN] #18 f1 addr=0x8001A65C ra=0x8001991C sp=0x801FFED0 a0=0x000000B4
[CALL-CHAIN] #19 f1 addr=0x80019894 ra=0x8001991C sp=0x801FFED0 a0=0x000000B4
[CALL-CHAIN] #20 f1 addr=0x800198D0 ra=0x8001991C sp=0x801FFED0 a0=0x00000001
[CALL-CHAIN] #21 f1 addr=0x80019900 ra=0x8001991C sp=0x801FFED0 a0=0x00000002
[CALL-CHAIN] #22 f1 addr=0x8001A65C ra=0x8001991C sp=0x801FFED0 a0=0x000000B4
[CALL-CHAIN] #23 f1 addr=0x80019894 ra=0x8001991C sp=0x801FFED0 a0=0x000000B4
[CALL-CHAIN] #24 f1 addr=0x800198D0 ra=0x8001991C sp=0x801FFED0 a0=0x00000001
[CALL-CHAIN] #25 f1 addr=0x80019900 ra=0x8001991C sp=0x801FFED0 a0=0x00000002
[CALL-CHAIN] #26 f1 addr=0x8001A65C ra=0x8001991C sp=0x801FFED0 a0=0x000000B4
[CALL-CHAIN] #27 f1 addr=0x80019894 ra=0x8001991C sp=0x801FFED0 a0=0x000000B4
[CALL-CHAIN] #28 f1 addr=0x800198D0 ra=0x8001991C sp=0x801FFED0 a0=0x00000001
[CALL-CHAIN] #29 f1 addr=0x80019900 ra=0x8001991C sp=0x801FFED0 a0=0x00000002
[CALL-CHAIN] #30 f1 addr=0x8001A65C ra=0x8001991C sp=0x801FFED0 a0=0x000000B4
[CALL-CHAIN] #31 f1 addr=0x80019958 ra=0x8001991C sp=0x801FFED0 a0=0x00000000
[FORCE-CV-DIRECT-CB] #2 f1 cb=0x8001A664 in_a0=0x800106B4 in_a1=0x80010758 in_a2=0x00000000
[CALL-CHAIN] #32 f1 addr=0x8001A664 ra=0x80010EA4 sp=0x801FFF00 a0=0x00000001
[CALLEE-FIX] #6 f1 call_by_address(0x8001A664) sp:801FFF00->801FFEB0 s0:00000000->00000000 s1:00000000->00000000 — restoring
[CALL-CHAIN] #33 f1 addr=0x8001A664 ra=0x80010EA4 sp=0x801FFF00 a0=0x00000002
[CALLEE-FIX] #7 f1 call_by_address(0x8001A664) sp:801FFF00->801FFEB0 s0:00000000->00000000 s1:00000000->00000000 — restoring
[CALL-CHAIN] #34 f1 addr=0x8001A664 ra=0x80010EA4 sp=0x801FFF00 a0=0x000000B4
[CALLEE-FIX] #8 f1 call_by_address(0x8001A664) sp:801FFF00->801FFEB0 s0:00000000->00000000 s1:00000000->00000000 — restoring
[BLACKSCREEN][RendererPresent] present=2 f=2 disp=(0,0 320x240) vis=320x240 uv=(0.000,0.000)-(1.000,1.000)
[frame 2]
[CALL-CHAIN] #35 f2 addr=0x80019844 ra=0x80010EA4 sp=0x801FFF00 a0=0x800106B4
[FORCE-INTERP-DISPLAY] #4 f2 addr=0x80019844 w0=0x27BDFFD0 ra=0x80010EA4 a0=0x800106B4 cb=0x8001A664
[CALL-CHAIN] #36 f2 addr=0x800198D0 ra=0x80010EA4 sp=0x801FFED0 a0=0x00000001
[CALL-CHAIN] #37 f2 addr=0x80019900 ra=0x80010EA4 sp=0x801FFED0 a0=0x00000002
[CALL-CHAIN] #38 f2 addr=0x8001A65C ra=0x8001991C sp=0x801FFED0 a0=0x000000B4
[CALL-CHAIN] #39 f2 addr=0x80019894 ra=0x8001991C sp=0x801FFED0 a0=0x000000B4
[CALL-CHAIN] #40 f2 addr=0x800198D0 ra=0x8001991C sp=0x801FFED0 a0=0x00000001
[CALL-CHAIN] #41 f2 addr=0x80019900 ra=0x8001991C sp=0x801FFED0 a0=0x00000002
[CALL-CHAIN] #42 f2 addr=0x8001A65C ra=0x8001991C sp=0x801FFED0 a0=0x000000B4
[CALL-CHAIN] #43 f2 addr=0x80019894 ra=0x8001991C sp=0x801FFED0 a0=0x000000B4
[CALL-CHAIN] #44 f2 addr=0x800198D0 ra=0x8001991C sp=0x801FFED0 a0=0x00000001
[CALL-CHAIN] #45 f2 addr=0x80019900 ra=0x8001991C sp=0x801FFED0 a0=0x00000002
[CALL-CHAIN] #46 f2 addr=0x8001A65C ra=0x8001991C sp=0x801FFED0 a0=0x000000B4
[CALL-CHAIN] #47 f2 addr=0x80019894 ra=0x8001991C sp=0x801FFED0 a0=0x000000B4
[CALL-CHAIN] #48 f2 addr=0x800198D0 ra=0x8001991C sp=0x801FFED0 a0=0x00000001
[CALL-CHAIN] #49 f2 addr=0x80019900 ra=0x8001991C sp=0x801FFED0 a0=0x00000002
[CALL-CHAIN] #50 f2 addr=0x8001A65C ra=0x8001991C sp=0x801FFED0 a0=0x000000B4
[CALL-CHAIN] #51 f2 addr=0x80019958 ra=0x8001991C sp=0x801FFED0 a0=0x00000000
[FORCE-CV-DIRECT-CB] #3 f2 cb=0x8001A664 in_a0=0x800106B4 in_a1=0x80010758 in_a2=0x80010760
[CALL-CHAIN] #52 f2 addr=0x8001A664 ra=0x80010EA4 sp=0x801FFF00 a0=0x00000001
[CALLEE-FIX] #9 f2 call_by_address(0x8001A664) sp:801FFF00->801FFEB0 s0:00000000->00000000 s1:00000000->00000000 — restoring
[CALL-CHAIN] #53 f2 addr=0x8001A664 ra=0x80010EA4 sp=0x801FFF00 a0=0x00000002
[CALLEE-FIX] #10 f2 call_by_address(0x8001A664) sp:801FFF00->801FFEB0 s0:00000000->00000000 s1:00000000->00000000 — restoring
[CALL-CHAIN] #54 f2 addr=0x8001A664 ra=0x80010EA4 sp=0x801FFF00 a0=0x000000B4
[CALLEE-FIX] #11 f2 call_by_address(0x8001A664) sp:801FFF00->801FFEB0 s0:00000000->00000000 s1:00000000->00000000 — restoring
[BLACKSCREEN][RendererPresent] present=3 f=3 disp=(0,0 320x240) vis=320x240 uv=(0.000,0.000)-(1.000,1.000)
[frame 3]
[CALL-CHAIN] #55 f3 addr=0x80019844 ra=0x80010EA4 sp=0x801FFF00 a0=0x800106B4
[FORCE-INTERP-DISPLAY] #5 f3 addr=0x80019844 w0=0x27BDFFD0 ra=0x80010EA4 a0=0x800106B4 cb=0x8001A664
[CALL-CHAIN] #56 f3 addr=0x800198D0 ra=0x80010EA4 sp=0x801FFED0 a0=0x00000001
[CALL-CHAIN] #57 f3 addr=0x80019900 ra=0x80010EA4 sp=0x801FFED0 a0=0x00000002
[CALL-CHAIN] #58 f3 addr=0x8001A65C ra=0x8001991C sp=0x801FFED0 a0=0x000000B4
[CALL-CHAIN] #59 f3 addr=0x80019894 ra=0x8001991C sp=0x801FFED0 a0=0x000000B4
[CALL-CHAIN] #60 f3 addr=0x800198D0 ra=0x8001991C sp=0x801FFED0 a0=0x00000001
[CALL-CHAIN] #61 f3 addr=0x80019900 ra=0x8001991C sp=0x801FFED0 a0=0x00000002
[CALL-CHAIN] #62 f3 addr=0x8001A65C ra=0x8001991C sp=0x801FFED0 a0=0x000000B4
[CALL-CHAIN] #63 f3 addr=0x80019894 ra=0x8001991C sp=0x801FFED0 a0=0x000000B4
[CALL-CHAIN] #64 f3 addr=0x800198D0 ra=0x8001991C sp=0x801FFED0 a0=0x00000001
[CALL-CHAIN] #65 f3 addr=0x80019900 ra=0x8001991C sp=0x801FFED0 a0=0x00000002
[CALL-CHAIN] #66 f3 addr=0x8001A65C ra=0x8001991C sp=0x801FFED0 a0=0x000000B4
[CALL-CHAIN] #67 f3 addr=0x80019894 ra=0x8001991C sp=0x801FFED0 a0=0x000000B4
[CALL-CHAIN] #68 f3 addr=0x800198D0 ra=0x8001991C sp=0x801FFED0 a0=0x00000001
[CALL-CHAIN] #69 f3 addr=0x80019900 ra=0x8001991C sp=0x801FFED0 a0=0x00000002
[CALL-CHAIN] #70 f3 addr=0x8001A65C ra=0x8001991C sp=0x801FFED0 a0=0x000000B4
[CALL-CHAIN] #71 f3 addr=0x80019958 ra=0x8001991C sp=0x801FFED0 a0=0x00000000
[FORCE-CV-DIRECT-CB] #4 f3 cb=0x8001A664 in_a0=0x800106B4 in_a1=0x80010758 in_a2=0x80010760
[CALL-CHAIN] #72 f3 addr=0x8001A664 ra=0x80010EA4 sp=0x801FFF00 a0=0x00000001
[CALLEE-FIX] #12 f3 call_by_address(0x8001A664) sp:801FFF00->801FFEB0 s0:00000000->00000000 s1:00000000->00000000 — restoring
[CALL-CHAIN] #73 f3 addr=0x8001A664 ra=0x80010EA4 sp=0x801FFF00 a0=0x00000002
[CALLEE-FIX] #13 f3 call_by_address(0x8001A664) sp:801FFF00->801FFEB0 s0:00000000->00000000 s1:00000000->00000000 — restoring
[CALL-CHAIN] #74 f3 addr=0x8001A664 ra=0x80010EA4 sp=0x801FFF00 a0=0x000000B4
[CALLEE-FIX] #14 f3 call_by_address(0x8001A664) sp:801FFF00->801FFEB0 s0:00000000->00000000 s1:00000000->00000000 — restoring
[BLACKSCREEN][RendererPresent] present=4 f=4 disp=(0,0 320x240) vis=320x240 uv=(0.000,0.000)-(1.000,1.000)
[frame 4]
[CALL-CHAIN] #75 f4 addr=0x80019844 ra=0x80010EA4 sp=0x801FFF00 a0=0x800106B4
[FORCE-INTERP-DISPLAY] #6 f4 addr=0x80019844 w0=0x27BDFFD0 ra=0x80010EA4 a0=0x800106B4 cb=0x8001A664
[CALL-CHAIN] #76 f4 addr=0x800198D0 ra=0x80010EA4 sp=0x801FFED0 a0=0x00000001
[CALL-CHAIN] #77 f4 addr=0x80019900 ra=0x80010EA4 sp=0x801FFED0 a0=0x00000002
[CALL-CHAIN] #78 f4 addr=0x8001A65C ra=0x8001991C sp=0x801FFED0 a0=0x000000B4
[CALL-CHAIN] #79 f4 addr=0x80019894 ra=0x8001991C sp=0x801FFED0 a0=0x000000B4
[CALL-CHAIN] #80 f4 addr=0x800198D0 ra=0x8001991C sp=0x801FFED0 a0=0x00000001
[CALL-CHAIN] #81 f4 addr=0x80019900 ra=0x8001991C sp=0x801FFED0 a0=0x00000002
[CALL-CHAIN] #82 f4 addr=0x8001A65C ra=0x8001991C sp=0x801FFED0 a0=0x000000B4
[CALL-CHAIN] #83 f4 addr=0x80019894 ra=0x8001991C sp=0x801FFED0 a0=0x000000B4
[CALL-CHAIN] #84 f4 addr=0x800198D0 ra=0x8001991C sp=0x801FFED0 a0=0x00000001
[CALL-CHAIN] #85 f4 addr=0x80019900 ra=0x8001991C sp=0x801FFED0 a0=0x00000002
[CALL-CHAIN] #86 f4 addr=0x8001A65C ra=0x8001991C sp=0x801FFED0 a0=0x000000B4
[CALL-CHAIN] #87 f4 addr=0x80019894 ra=0x8001991C sp=0x801FFED0 a0=0x000000B4
[CALL-CHAIN] #88 f4 addr=0x800198D0 ra=0x8001991C sp=0x801FFED0 a0=0x00000001
[CALL-CHAIN] #89 f4 addr=0x80019900 ra=0x8001991C sp=0x801FFED0 a0=0x00000002
[CALL-CHAIN] #90 f4 addr=0x8001A65C ra=0x8001991C sp=0x801FFED0 a0=0x000000B4
[CALL-CHAIN] #91 f4 addr=0x80019958 ra=0x8001991C sp=0x801FFED0 a0=0x00000000
[FORCE-CV-DIRECT-CB] #5 f4 cb=0x8001A664 in_a0=0x800106B4 in_a1=0x80010758 in_a2=0x80010760
[CALL-CHAIN] #92 f4 addr=0x8001A664 ra=0x80010EA4 sp=0x801FFF00 a0=0x00000001
[CALLEE-FIX] #15 f4 call_by_address(0x8001A664) sp:801FFF00->801FFEB0 s0:00000000->00000000 s1:00000000->00000000 — restoring
[CALL-CHAIN] #93 f4 addr=0x8001A664 ra=0x80010EA4 sp=0x801FFF00 a0=0x00000002
[CALLEE-FIX] #16 f4 call_by_address(0x8001A664) sp:801FFF00->801FFEB0 s0:00000000->00000000 s1:00000000->00000000 — restoring
[CALL-CHAIN] #94 f4 addr=0x8001A664 ra=0x80010EA4 sp=0x801FFF00 a0=0x000000B4
[CALLEE-FIX] #17 f4 call_by_address(0x8001A664) sp:801FFF00->801FFEB0 s0:00000000->00000000 s1:00000000->00000000 — restoring
[BLACKSCREEN][RendererPresent] present=5 f=5 disp=(0,0 320x240) vis=320x240 uv=(0.000,0.000)-(1.000,1.000)
[frame 5]
[CALL-CHAIN] #95 f5 addr=0x80019844 ra=0x80010EA4 sp=0x801FFF00 a0=0x800106B4
[FORCE-INTERP-DISPLAY] #7 f5 addr=0x80019844 w0=0x27BDFFD0 ra=0x80010EA4 a0=0x800106B4 cb=0x8001A664
[CALL-CHAIN] #96 f5 addr=0x800198D0 ra=0x80010EA4 sp=0x801FFED0 a0=0x00000001
[CALL-CHAIN] #97 f5 addr=0x80019900 ra=0x80010EA4 sp=0x801FFED0 a0=0x00000002
[CALL-CHAIN] #98 f5 addr=0x8001A65C ra=0x8001991C sp=0x801FFED0 a0=0x000000B4
[CALL-CHAIN] #99 f5 addr=0x80019894 ra=0x8001991C sp=0x801FFED0 a0=0x000000B4
[CALL-CHAIN] #100 f5 addr=0x800198D0 ra=0x8001991C sp=0x801FFED0 a0=0x00000001
[CALL-CHAIN] #101 f5 addr=0x80019900 ra=0x8001991C sp=0x801FFED0 a0=0x00000002
[CALL-CHAIN] #102 f5 addr=0x8001A65C ra=0x8001991C sp=0x801FFED0 a0=0x000000B4
[CALL-CHAIN] #103 f5 addr=0x80019894 ra=0x8001991C sp=0x801FFED0 a0=0x000000B4
[CALL-CHAIN] #104 f5 addr=0x800198D0 ra=0x8001991C sp=0x801FFED0 a0=0x00000001
[CALL-CHAIN] #105 f5 addr=0x80019900 ra=0x8001991C sp=0x801FFED0 a0=0x00000002
[CALL-CHAIN] #106 f5 addr=0x8001A65C ra=0x8001991C sp=0x801FFED0 a0=0x000000B4
[CALL-CHAIN] #107 f5 addr=0x80019894 ra=0x8001991C sp=0x801FFED0 a0=0x000000B4
[CALL-CHAIN] #108 f5 addr=0x800198D0 ra=0x8001991C sp=0x801FFED0 a0=0x00000001
[CALL-CHAIN] #109 f5 addr=0x80019900 ra=0x8001991C sp=0x801FFED0 a0=0x00000002
[CALL-CHAIN] #110 f5 addr=0x8001A65C ra=0x8001991C sp=0x801FFED0 a0=0x000000B4
[CALL-CHAIN] #111 f5 addr=0x80019958 ra=0x8001991C sp=0x801FFED0 a0=0x00000000
[FORCE-CV-DIRECT-CB] #6 f5 cb=0x8001A664 in_a0=0x800106B4 in_a1=0x80010758 in_a2=0x80010760
[CALL-CHAIN] #112 f5 addr=0x8001A664 ra=0x80010EA4 sp=0x801FFF00 a0=0x00000001
[CALLEE-FIX] #18 f5 call_by_address(0x8001A664) sp:801FFF00->801FFEB0 s0:00000000->00000000 s1:00000000->00000000 — restoring
[CALL-CHAIN] #113 f5 addr=0x8001A664 ra=0x80010EA4 sp=0x801FFF00 a0=0x00000002
[CALLEE-FIX] #19 f5 call_by_address(0x8001A664) sp:801FFF00->801FFEB0 s0:00000000->00000000 s1:00000000->00000000 — restoring
[CALL-CHAIN] #114 f5 addr=0x8001A664 ra=0x80010EA4 sp=0x801FFF00 a0=0x000000B4
[CALLEE-FIX] #20 f5 call_by_address(0x8001A664) sp:801FFF00->801FFEB0 s0:00000000->00000000 s1:00000000->00000000 — restoring
[BLACKSCREEN][RendererPresent] present=6 f=6 disp=(0,0 320x240) vis=320x240 uv=(0.000,0.000)-(1.000,1.000)
[CALL-CHAIN] #115 f6 addr=0x80019844 ra=0x80010EA4 sp=0x801FFF00 a0=0x800106B4
[FORCE-INTERP-DISPLAY] #8 f6 addr=0x80019844 w0=0x27BDFFD0 ra=0x80010EA4 a0=0x800106B4 cb=0x8001A664
[CALL-CHAIN] #116 f6 addr=0x800198D0 ra=0x80010EA4 sp=0x801FFED0 a0=0x00000001
[CALL-CHAIN] #117 f6 addr=0x80019900 ra=0x80010EA4 sp=0x801FFED0 a0=0x00000002
[CALL-CHAIN] #118 f6 addr=0x8001A65C ra=0x8001991C sp=0x801FFED0 a0=0x000000B4
[CALL-CHAIN] #119 f6 addr=0x80019894 ra=0x8001991C sp=0x801FFED0 a0=0x000000B4
[CALL-CHAIN] #120 f6 addr=0x800198D0 ra=0x8001991C sp=0x801FFED0 a0=0x00000001
[CALL-CHAIN] #121 f6 addr=0x80019900 ra=0x8001991C sp=0x801FFED0 a0=0x00000002
[CALL-CHAIN] #122 f6 addr=0x8001A65C ra=0x8001991C sp=0x801FFED0 a0=0x000000B4
[CALL-CHAIN] #123 f6 addr=0x80019894 ra=0x8001991C sp=0x801FFED0 a0=0x000000B4
[CALL-CHAIN] #124 f6 addr=0x800198D0 ra=0x8001991C sp=0x801FFED0 a0=0x00000001
[CALL-CHAIN] #125 f6 addr=0x80019900 ra=0x8001991C sp=0x801FFED0 a0=0x00000002
[CALL-CHAIN] #126 f6 addr=0x8001A65C ra=0x8001991C sp=0x801FFED0 a0=0x000000B4
[CALL-CHAIN] #127 f6 addr=0x80019894 ra=0x8001991C sp=0x801FFED0 a0=0x000000B4
[CALL-CHAIN] #128 f6 addr=0x800198D0 ra=0x8001991C sp=0x801FFED0 a0=0x00000001
[CALL-CHAIN] #129 f6 addr=0x80019900 ra=0x8001991C sp=0x801FFED0 a0=0x00000002
[CALL-CHAIN] #130 f6 addr=0x8001A65C ra=0x8001991C sp=0x801FFED0 a0=0x000000B4
[CALL-CHAIN] #131 f6 addr=0x80019958 ra=0x8001991C sp=0x801FFED0 a0=0x00000000
[FORCE-CV-DIRECT-CB] #7 f6 cb=0x8001A664 in_a0=0x800106B4 in_a1=0x80010758 in_a2=0x80010760
[CALL-CHAIN] #132 f6 addr=0x8001A664 ra=0x80010EA4 sp=0x801FFF00 a0=0x00000001
[CALL-CHAIN] #133 f6 addr=0x8001A664 ra=0x80010EA4 sp=0x801FFF00 a0=0x00000002
[CALL-CHAIN] #134 f6 addr=0x8001A664 ra=0x80010EA4 sp=0x801FFF00 a0=0x000000B4
[BLACKSCREEN][RendererPresent] present=7 f=7 disp=(0,0 320x240) vis=320x240 uv=(0.000,0.000)-(1.000,1.000)
[CALL-CHAIN] #135 f7 addr=0x80019844 ra=0x80010EA4 sp=0x801FFF00 a0=0x800106B4
[FORCE-INTERP-DISPLAY] #9 f7 addr=0x80019844 w0=0x27BDFFD0 ra=0x80010EA4 a0=0x800106B4 cb=0x8001A664
[CALL-CHAIN] #136 f7 addr=0x800198D0 ra=0x80010EA4 sp=0x801FFED0 a0=0x00000001
[CALL-CHAIN] #137 f7 addr=0x80019900 ra=0x80010EA4 sp=0x801FFED0 a0=0x00000002
[CALL-CHAIN] #138 f7 addr=0x8001A65C ra=0x8001991C sp=0x801FFED0 a0=0x000000B4
[CALL-CHAIN] #139 f7 addr=0x80019894 ra=0x8001991C sp=0x801FFED0 a0=0x000000B4
[CALL-CHAIN] #140 f7 addr=0x800198D0 ra=0x8001991C sp=0x801FFED0 a0=0x00000001
[CALL-CHAIN] #141 f7 addr=0x80019900 ra=0x8001991C sp=0x801FFED0 a0=0x00000002
[CALL-CHAIN] #142 f7 addr=0x8001A65C ra=0x8001991C sp=0x801FFED0 a0=0x000000B4
[CALL-CHAIN] #143 f7 addr=0x80019894 ra=0x8001991C sp=0x801FFED0 a0=0x000000B4
[CALL-CHAIN] #144 f7 addr=0x800198D0 ra=0x8001991C sp=0x801FFED0 a0=0x00000001
[CALL-CHAIN] #145 f7 addr=0x80019900 ra=0x8001991C sp=0x801FFED0 a0=0x00000002
[CALL-CHAIN] #146 f7 addr=0x8001A65C ra=0x8001991C sp=0x801FFED0 a0=0x000000B4
[CALL-CHAIN] #147 f7 addr=0x80019894 ra=0x8001991C sp=0x801FFED0 a0=0x000000B4
[CALL-CHAIN] #148 f7 addr=0x800198D0 ra=0x8001991C sp=0x801FFED0 a0=0x00000001
[CALL-CHAIN] #149 f7 addr=0x80019900 ra=0x8001991C sp=0x801FFED0 a0=0x00000002
[CALL-CHAIN] #150 f7 addr=0x8001A65C ra=0x8001991C sp=0x801FFED0 a0=0x000000B4
[CALL-CHAIN] #151 f7 addr=0x80019958 ra=0x8001991C sp=0x801FFED0 a0=0x00000000
[FORCE-CV-DIRECT-CB] #8 f7 cb=0x8001A664 in_a0=0x800106B4 in_a1=0x80010758 in_a2=0x80010760
[CALL-CHAIN] #152 f7 addr=0x8001A664 ra=0x80010EA4 sp=0x801FFF00 a0=0x00000001
[CALL-CHAIN] #153 f7 addr=0x8001A664 ra=0x80010EA4 sp=0x801FFF00 a0=0x00000002
[CALL-CHAIN] #154 f7 addr=0x8001A664 ra=0x80010EA4 sp=0x801FFF00 a0=0x000000B4
[BLACKSCREEN][RendererPresent] present=8 f=8 disp=(0,0 320x240) vis=320x240 uv=(0.000,0.000)-(1.000,1.000)
[CALL-CHAIN] #155 f8 addr=0x80019844 ra=0x80010EA4 sp=0x801FFF00 a0=0x800106B4
[FORCE-INTERP-DISPLAY] #10 f8 addr=0x80019844 w0=0x27BDFFD0 ra=0x80010EA4 a0=0x800106B4 cb=0x8001A664
[CALL-CHAIN] #156 f8 addr=0x800198D0 ra=0x80010EA4 sp=0x801FFED0 a0=0x00000001
[CALL-CHAIN] #157 f8 addr=0x80019900 ra=0x80010EA4 sp=0x801FFED0 a0=0x00000002
[CALL-CHAIN] #158 f8 addr=0x8001A65C ra=0x8001991C sp=0x801FFED0 a0=0x000000B4
[CALL-CHAIN] #159 f8 addr=0x80019894 ra=0x8001991C sp=0x801FFED0 a0=0x000000B4
[CALL-CHAIN] #160 f8 addr=0x800198D0 ra=0x8001991C sp=0x801FFED0 a0=0x00000001
[CALL-CHAIN] #161 f8 addr=0x80019900 ra=0x8001991C sp=0x801FFED0 a0=0x00000002
[CALL-CHAIN] #162 f8 addr=0x8001A65C ra=0x8001991C sp=0x801FFED0 a0=0x000000B4
[CALL-CHAIN] #163 f8 addr=0x80019894 ra=0x8001991C sp=0x801FFED0 a0=0x000000B4
[CALL-CHAIN] #164 f8 addr=0x800198D0 ra=0x8001991C sp=0x801FFED0 a0=0x00000001
[CALL-CHAIN] #165 f8 addr=0x80019900 ra=0x8001991C sp=0x801FFED0 a0=0x00000002
[CALL-CHAIN] #166 f8 addr=0x8001A65C ra=0x8001991C sp=0x801FFED0 a0=0x000000B4
[CALL-CHAIN] #167 f8 addr=0x80019894 ra=0x8001991C sp=0x801FFED0 a0=0x000000B4
[CALL-CHAIN] #168 f8 addr=0x800198D0 ra=0x8001991C sp=0x801FFED0 a0=0x00000001
[CALL-CHAIN] #169 f8 addr=0x80019900 ra=0x8001991C sp=0x801FFED0 a0=0x00000002
[CALL-CHAIN] #170 f8 addr=0x8001A65C ra=0x8001991C sp=0x801FFED0 a0=0x000000B4
[CALL-CHAIN] #171 f8 addr=0x80019958 ra=0x8001991C sp=0x801FFED0 a0=0x00000000
[FORCE-CV-DIRECT-CB] #9 f8 cb=0x8001A664 in_a0=0x800106B4 in_a1=0x80010758 in_a2=0x80010760
[CALL-CHAIN] #172 f8 addr=0x8001A664 ra=0x80010EA4 sp=0x801FFF00 a0=0x00000001
[CALL-CHAIN] #173 f8 addr=0x8001A664 ra=0x80010EA4 sp=0x801FFF00 a0=0x00000002
[CALL-CHAIN] #174 f8 addr=0x8001A664 ra=0x80010EA4 sp=0x801FFF00 a0=0x000000B4
[BLACKSCREEN][RendererPresent] present=9 f=9 disp=(0,0 320x240) vis=320x240 uv=(0.000,0.000)-(1.000,1.000)
[CALL-CHAIN] #175 f9 addr=0x80019844 ra=0x80010EA4 sp=0x801FFF00 a0=0x800106B4
[FORCE-INTERP-DISPLAY] #11 f9 addr=0x80019844 w0=0x27BDFFD0 ra=0x80010EA4 a0=0x800106B4 cb=0x8001A664
[CALL-CHAIN] #176 f9 addr=0x800198D0 ra=0x80010EA4 sp=0x801FFED0 a0=0x00000001
[CALL-CHAIN] #177 f9 addr=0x80019900 ra=0x80010EA4 sp=0x801FFED0 a0=0x00000002
[CALL-CHAIN] #178 f9 addr=0x8001A65C ra=0x8001991C sp=0x801FFED0 a0=0x000000B4
[CALL-CHAIN] #179 f9 addr=0x80019894 ra=0x8001991C sp=0x801FFED0 a0=0x000000B4
[CALL-CHAIN] #180 f9 addr=0x800198D0 ra=0x8001991C sp=0x801FFED0 a0=0x00000001
[CALL-CHAIN] #181 f9 addr=0x80019900 ra=0x8001991C sp=0x801FFED0 a0=0x00000002
[CALL-CHAIN] #182 f9 addr=0x8001A65C ra=0x8001991C sp=0x801FFED0 a0=0x000000B4
[CALL-CHAIN] #183 f9 addr=0x80019894 ra=0x8001991C sp=0x801FFED0 a0=0x000000B4
[CALL-CHAIN] #184 f9 addr=0x800198D0 ra=0x8001991C sp=0x801FFED0 a0=0x00000001
[CALL-CHAIN] #185 f9 addr=0x80019900 ra=0x8001991C sp=0x801FFED0 a0=0x00000002
[CALL-CHAIN] #186 f9 addr=0x8001A65C ra=0x8001991C sp=0x801FFED0 a0=0x000000B4
[CALL-CHAIN] #187 f9 addr=0x80019894 ra=0x8001991C sp=0x801FFED0 a0=0x000000B4
[CALL-CHAIN] #188 f9 addr=0x800198D0 ra=0x8001991C sp=0x801FFED0 a0=0x00000001
[CALL-CHAIN] #189 f9 addr=0x80019900 ra=0x8001991C sp=0x801FFED0 a0=0x00000002
[CALL-CHAIN] #190 f9 addr=0x8001A65C ra=0x8001991C sp=0x801FFED0 a0=0x000000B4
[CALL-CHAIN] #191 f9 addr=0x80019958 ra=0x8001991C sp=0x801FFED0 a0=0x00000000
[FORCE-CV-DIRECT-CB] #10 f9 cb=0x8001A664 in_a0=0x800106B4 in_a1=0x80010758 in_a2=0x80010760
[CALL-CHAIN] #192 f9 addr=0x8001A664 ra=0x80010EA4 sp=0x801FFF00 a0=0x00000001
[CALL-CHAIN] #193 f9 addr=0x8001A664 ra=0x80010EA4 sp=0x801FFF00 a0=0x00000002
[CALL-CHAIN] #194 f9 addr=0x8001A664 ra=0x80010EA4 sp=0x801FFF00 a0=0x000000B4
[BLACKSCREEN][RendererPresent] present=10 f=10 disp=(0,0 320x240) vis=320x240 uv=(0.000,0.000)-(1.000,1.000)
[CALL-CHAIN] #195 f10 addr=0x80019844 ra=0x80010EA4 sp=0x801FFF00 a0=0x800106B4
[FORCE-INTERP-DISPLAY] #12 f10 addr=0x80019844 w0=0x27BDFFD0 ra=0x80010EA4 a0=0x800106B4 cb=0x8001A664
[CALL-CHAIN] #196 f10 addr=0x800198D0 ra=0x80010EA4 sp=0x801FFED0 a0=0x00000001
[CALL-CHAIN] #197 f10 addr=0x80019900 ra=0x80010EA4 sp=0x801FFED0 a0=0x00000002
[CALL-CHAIN] #198 f10 addr=0x8001A65C ra=0x8001991C sp=0x801FFED0 a0=0x000000B4
[CALL-CHAIN] #199 f10 addr=0x80019894 ra=0x8001991C sp=0x801FFED0 a0=0x000000B4
[CALL-CHAIN] #200 f10 addr=0x800198D0 ra=0x8001991C sp=0x801FFED0 a0=0x00000001
[CALL-CHAIN] #201 f10 addr=0x80019900 ra=0x8001991C sp=0x801FFED0 a0=0x00000002
[CALL-CHAIN] #202 f10 addr=0x8001A65C ra=0x8001991C sp=0x801FFED0 a0=0x000000B4
[CALL-CHAIN] #203 f10 addr=0x80019894 ra=0x8001991C sp=0x801FFED0 a0=0x000000B4
[CALL-CHAIN] #204 f10 addr=0x800198D0 ra=0x8001991C sp=0x801FFED0 a0=0x00000001
[CALL-CHAIN] #205 f10 addr=0x80019900 ra=0x8001991C sp=0x801FFED0 a0=0x00000002
[CALL-CHAIN] #206 f10 addr=0x8001A65C ra=0x8001991C sp=0x801FFED0 a0=0x000000B4
[CALL-CHAIN] #207 f10 addr=0x80019894 ra=0x8001991C sp=0x801FFED0 a0=0x000000B4
[CALL-CHAIN] #208 f10 addr=0x800198D0 ra=0x8001991C sp=0x801FFED0 a0=0x00000001
[CALL-CHAIN] #209 f10 addr=0x80019900 ra=0x8001991C sp=0x801FFED0 a0=0x00000002
[CALL-CHAIN] #210 f10 addr=0x8001A65C ra=0x8001991C sp=0x801FFED0 a0=0x000000B4
[CALL-CHAIN] #211 f10 addr=0x80019958 ra=0x8001991C sp=0x801FFED0 a0=0x00000000
[FORCE-CV-DIRECT-CB] #11 f10 cb=0x8001A664 in_a0=0x800106B4 in_a1=0x80010758 in_a2=0x80010760
[CALL-CHAIN] #212 f10 addr=0x8001A664 ra=0x80010EA4 sp=0x801FFF00 a0=0x00000001
[CALL-CHAIN] #213 f10 addr=0x8001A664 ra=0x80010EA4 sp=0x801FFF00 a0=0x00000002
[CALL-CHAIN] #214 f10 addr=0x8001A664 ra=0x80010EA4 sp=0x801FFF00 a0=0x000000B4
[BLACKSCREEN][RendererPresent] present=11 f=11 disp=(0,0 320x240) vis=320x240 uv=(0.000,0.000)-(1.000,1.000)
[CALL-CHAIN] #215 f11 addr=0x80019844 ra=0x80010EA4 sp=0x801FFF00 a0=0x800106B4
[FORCE-INTERP-DISPLAY] #13 f11 addr=0x80019844 w0=0x27BDFFD0 ra=0x80010EA4 a0=0x800106B4 cb=0x8001A664
[CALL-CHAIN] #216 f11 addr=0x800198D0 ra=0x80010EA4 sp=0x801FFED0 a0=0x00000001
[CALL-CHAIN] #217 f11 addr=0x80019900 ra=0x80010EA4 sp=0x801FFED0 a0=0x00000002
[CALL-CHAIN] #218 f11 addr=0x8001A65C ra=0x8001991C sp=0x801FFED0 a0=0x000000B4
[CALL-CHAIN] #219 f11 addr=0x80019894 ra=0x8001991C sp=0x801FFED0 a0=0x000000B4
[CALL-CHAIN] #220 f11 addr=0x800198D0 ra=0x8001991C sp=0x801FFED0 a0=0x00000001
[CALL-CHAIN] #221 f11 addr=0x80019900 ra=0x8001991C sp=0x801FFED0 a0=0x00000002
[CALL-CHAIN] #222 f11 addr=0x8001A65C ra=0x8001991C sp=0x801FFED0 a0=0x000000B4
[CALL-CHAIN] #223 f11 addr=0x80019894 ra=0x8001991C sp=0x801FFED0 a0=0x000000B4
[CALL-CHAIN] #224 f11 addr=0x800198D0 ra=0x8001991C sp=0x801FFED0 a0=0x00000001
[CALL-CHAIN] #225 f11 addr=0x80019900 ra=0x8001991C sp=0x801FFED0 a0=0x00000002
[CALL-CHAIN] #226 f11 addr=0x8001A65C ra=0x8001991C sp=0x801FFED0 a0=0x000000B4
[CALL-CHAIN] #227 f11 addr=0x80019894 ra=0x8001991C sp=0x801FFED0 a0=0x000000B4
[CALL-CHAIN] #228 f11 addr=0x800198D0 ra=0x8001991C sp=0x801FFED0 a0=0x00000001
[CALL-CHAIN] #229 f11 addr=0x80019900 ra=0x8001991C sp=0x801FFED0 a0=0x00000002
[CALL-CHAIN] #230 f11 addr=0x8001A65C ra=0x8001991C sp=0x801FFED0 a0=0x000000B4
[CALL-CHAIN] #231 f11 addr=0x80019958 ra=0x8001991C sp=0x801FFED0 a0=0x00000000
[FORCE-CV-DIRECT-CB] #12 f11 cb=0x8001A664 in_a0=0x800106B4 in_a1=0x80010758 in_a2=0x80010760
[CALL-CHAIN] #232 f11 addr=0x8001A664 ra=0x80010EA4 sp=0x801FFF00 a0=0x00000001
[CALL-CHAIN] #233 f11 addr=0x8001A664 ra=0x80010EA4 sp=0x801FFF00 a0=0x00000002
[CALL-CHAIN] #234 f11 addr=0x8001A664 ra=0x80010EA4 sp=0x801FFF00 a0=0x000000B4
[BLACKSCREEN][RendererPresent] present=12 f=12 disp=(0,0 320x240) vis=320x240 uv=(0.000,0.000)-(1.000,1.000)
[CALL-CHAIN] #235 f12 addr=0x80019844 ra=0x80010EA4 sp=0x801FFF00 a0=0x800106B4
[FORCE-INTERP-DISPLAY] #14 f12 addr=0x80019844 w0=0x27BDFFD0 ra=0x80010EA4 a0=0x800106B4 cb=0x8001A664
[CALL-CHAIN] #236 f12 addr=0x800198D0 ra=0x80010EA4 sp=0x801FFED0 a0=0x00000001
[CALL-CHAIN] #237 f12 addr=0x80019900 ra=0x80010EA4 sp=0x801FFED0 a0=0x00000002
[CALL-CHAIN] #238 f12 addr=0x8001A65C ra=0x8001991C sp=0x801FFED0 a0=0x000000B4
[CALL-CHAIN] #239 f12 addr=0x80019894 ra=0x8001991C sp=0x801FFED0 a0=0x000000B4
[CALL-CHAIN] #240 f12 addr=0x800198D0 ra=0x8001991C sp=0x801FFED0 a0=0x00000001
[CALL-CHAIN] #241 f12 addr=0x80019900 ra=0x8001991C sp=0x801FFED0 a0=0x00000002
[CALL-CHAIN] #242 f12 addr=0x8001A65C ra=0x8001991C sp=0x801FFED0 a0=0x000000B4
[CALL-CHAIN] #243 f12 addr=0x80019894 ra=0x8001991C sp=0x801FFED0 a0=0x000000B4
[CALL-CHAIN] #244 f12 addr=0x800198D0 ra=0x8001991C sp=0x801FFED0 a0=0x00000001
[CALL-CHAIN] #245 f12 addr=0x80019900 ra=0x8001991C sp=0x801FFED0 a0=0x00000002
[CALL-CHAIN] #246 f12 addr=0x8001A65C ra=0x8001991C sp=0x801FFED0 a0=0x000000B4
[CALL-CHAIN] #247 f12 addr=0x80019894 ra=0x8001991C sp=0x801FFED0 a0=0x000000B4
[CALL-CHAIN] #248 f12 addr=0x800198D0 ra=0x8001991C sp=0x801FFED0 a0=0x00000001
[CALL-CHAIN] #249 f12 addr=0x80019900 ra=0x8001991C sp=0x801FFED0 a0=0x00000002
[CALL-CHAIN] #250 f12 addr=0x8001A65C ra=0x8001991C sp=0x801FFED0 a0=0x000000B4
[CALL-CHAIN] #251 f12 addr=0x80019958 ra=0x8001991C sp=0x801FFED0 a0=0x00000000
[FORCE-CV-DIRECT-CB] #13 f12 cb=0x8001A664 in_a0=0x800106B4 in_a1=0x80010758 in_a2=0x80010760
[CALL-CHAIN] #252 f12 addr=0x8001A664 ra=0x80010EA4 sp=0x801FFF00 a0=0x00000001
[CALL-CHAIN] #253 f12 addr=0x8001A664 ra=0x80010EA4 sp=0x801FFF00 a0=0x00000002
[CALL-CHAIN] #254 f12 addr=0x8001A664 ra=0x80010EA4 sp=0x801FFF00 a0=0x000000B4
[BLACKSCREEN][RendererPresent] present=13 f=13 disp=(0,0 320x240) vis=320x240 uv=(0.000,0.000)-(1.000,1.000)
[CALL-CHAIN] #255 f13 addr=0x80019844 ra=0x80010EA4 sp=0x801FFF00 a0=0x800106B4
[FORCE-INTERP-DISPLAY] #15 f13 addr=0x80019844 w0=0x27BDFFD0 ra=0x80010EA4 a0=0x800106B4 cb=0x8001A664
[CALL-CHAIN] #256 f13 addr=0x800198D0 ra=0x80010EA4 sp=0x801FFED0 a0=0x00000001
[CALL-CHAIN] #257 f13 addr=0x80019900 ra=0x80010EA4 sp=0x801FFED0 a0=0x00000002
[CALL-CHAIN] #258 f13 addr=0x8001A65C ra=0x8001991C sp=0x801FFED0 a0=0x000000B4
[CALL-CHAIN] #259 f13 addr=0x80019894 ra=0x8001991C sp=0x801FFED0 a0=0x000000B4
[CALL-CHAIN] #260 f13 addr=0x800198D0 ra=0x8001991C sp=0x801FFED0 a0=0x00000001
[CALL-CHAIN] #261 f13 addr=0x80019900 ra=0x8001991C sp=0x801FFED0 a0=0x00000002
[CALL-CHAIN] #262 f13 addr=0x8001A65C ra=0x8001991C sp=0x801FFED0 a0=0x000000B4
[CALL-CHAIN] #263 f13 addr=0x80019894 ra=0x8001991C sp=0x801FFED0 a0=0x000000B4
[CALL-CHAIN] #264 f13 addr=0x800198D0 ra=0x8001991C sp=0x801FFED0 a0=0x00000001
[CALL-CHAIN] #265 f13 addr=0x80019900 ra=0x8001991C sp=0x801FFED0 a0=0x00000002
[CALL-CHAIN] #266 f13 addr=0x8001A65C ra=0x8001991C sp=0x801FFED0 a0=0x000000B4
[CALL-CHAIN] #267 f13 addr=0x80019894 ra=0x8001991C sp=0x801FFED0 a0=0x000000B4
[CALL-CHAIN] #268 f13 addr=0x800198D0 ra=0x8001991C sp=0x801FFED0 a0=0x00000001
[CALL-CHAIN] #269 f13 addr=0x80019900 ra=0x8001991C sp=0x801FFED0 a0=0x00000002
[CALL-CHAIN] #270 f13 addr=0x8001A65C ra=0x8001991C sp=0x801FFED0 a0=0x000000B4
[CALL-CHAIN] #271 f13 addr=0x80019958 ra=0x8001991C sp=0x801FFED0 a0=0x00000000
[FORCE-CV-DIRECT-CB] #14 f13 cb=0x8001A664 in_a0=0x800106B4 in_a1=0x80010758 in_a2=0x80010760
[CALL-CHAIN] #272 f13 addr=0x8001A664 ra=0x80010EA4 sp=0x801FFF00 a0=0x00000001
[CALL-CHAIN] #273 f13 addr=0x8001A664 ra=0x80010EA4 sp=0x801FFF00 a0=0x00000002
[CALL-CHAIN] #274 f13 addr=0x8001A664 ra=0x80010EA4 sp=0x801FFF00 a0=0x000000B4
[BLACKSCREEN][RendererPresent] present=14 f=14 disp=(0,0 320x240) vis=320x240 uv=(0.000,0.000)-(1.000,1.000)
[CALL-CHAIN] #275 f14 addr=0x80019844 ra=0x80010EA4 sp=0x801FFF00 a0=0x800106B4
[FORCE-INTERP-DISPLAY] #16 f14 addr=0x80019844 w0=0x27BDFFD0 ra=0x80010EA4 a0=0x800106B4 cb=0x8001A664
[CALL-CHAIN] #276 f14 addr=0x800198D0 ra=0x80010EA4 sp=0x801FFED0 a0=0x00000001
[CALL-CHAIN] #277 f14 addr=0x80019900 ra=0x80010EA4 sp=0x801FFED0 a0=0x00000002
[CALL-CHAIN] #278 f14 addr=0x8001A65C ra=0x8001991C sp=0x801FFED0 a0=0x000000B4
[CALL-CHAIN] #279 f14 addr=0x80019894 ra=0x8001991C sp=0x801FFED0 a0=0x000000B4
[CALL-CHAIN] #280 f14 addr=0x800198D0 ra=0x8001991C sp=0x801FFED0 a0=0x00000001
[CALL-CHAIN] #281 f14 addr=0x80019900 ra=0x8001991C sp=0x801FFED0 a0=0x00000002
[CALL-CHAIN] #282 f14 addr=0x8001A65C ra=0x8001991C sp=0x801FFED0 a0=0x000000B4
[CALL-CHAIN] #283 f14 addr=0x80019894 ra=0x8001991C sp=0x801FFED0 a0=0x000000B4
[CALL-CHAIN] #284 f14 addr=0x800198D0 ra=0x8001991C sp=0x801FFED0 a0=0x00000001
[CALL-CHAIN] #285 f14 addr=0x80019900 ra=0x8001991C sp=0x801FFED0 a0=0x00000002
[CALL-CHAIN] #286 f14 addr=0x8001A65C ra=0x8001991C sp=0x801FFED0 a0=0x000000B4
[CALL-CHAIN] #287 f14 addr=0x80019894 ra=0x8001991C sp=0x801FFED0 a0=0x000000B4
[CALL-CHAIN] #288 f14 addr=0x800198D0 ra=0x8001991C sp=0x801FFED0 a0=0x00000001
[CALL-CHAIN] #289 f14 addr=0x80019900 ra=0x8001991C sp=0x801FFED0 a0=0x00000002
[CALL-CHAIN] #290 f14 addr=0x8001A65C ra=0x8001991C sp=0x801FFED0 a0=0x000000B4
[CALL-CHAIN] #291 f14 addr=0x80019958 ra=0x8001991C sp=0x801FFED0 a0=0x00000000
[FORCE-CV-DIRECT-CB] #15 f14 cb=0x8001A664 in_a0=0x800106B4 in_a1=0x80010758 in_a2=0x80010760
[CALL-CHAIN] #292 f14 addr=0x8001A664 ra=0x80010EA4 sp=0x801FFF00 a0=0x00000001
[CALL-CHAIN] #293 f14 addr=0x8001A664 ra=0x80010EA4 sp=0x801FFF00 a0=0x00000002
[CALL-CHAIN] #294 f14 addr=0x8001A664 ra=0x80010EA4 sp=0x801FFF00 a0=0x000000B4
[BLACKSCREEN][RendererPresent] present=15 f=15 disp=(0,0 320x240) vis=320x240 uv=(0.000,0.000)-(1.000,1.000)
[CALL-CHAIN] #295 f15 addr=0x80019844 ra=0x80010EA4 sp=0x801FFF00 a0=0x800106B4
[FORCE-INTERP-DISPLAY] #17 f15 addr=0x80019844 w0=0x27BDFFD0 ra=0x80010EA4 a0=0x800106B4 cb=0x8001A664
[CALL-CHAIN] #296 f15 addr=0x800198D0 ra=0x80010EA4 sp=0x801FFED0 a0=0x00000001
[CALL-CHAIN] #297 f15 addr=0x80019900 ra=0x80010EA4 sp=0x801FFED0 a0=0x00000002
[CALL-CHAIN] #298 f15 addr=0x8001A65C ra=0x8001991C sp=0x801FFED0 a0=0x000000B4
[CALL-CHAIN] #299 f15 addr=0x80019894 ra=0x8001991C sp=0x801FFED0 a0=0x000000B4
[CALL-CHAIN] #300 f15 addr=0x800198D0 ra=0x8001991C sp=0x801FFED0 a0=0x00000001
[CALL-CHAIN] #301 f15 addr=0x8001A65C ra=0x8001991C sp=0x801FFED0 a0=0x000000B4
[CALL-CHAIN] #302 f15 addr=0x8001A65C ra=0x8001991C sp=0x801FFED0 a0=0x000000B4
[CALL-CHAIN] #303 f15 addr=0x8001A65C ra=0x8001991C sp=0x801FFED0 a0=0x000000B4
[FORCE-CV-DIRECT-CB] #16 f15 cb=0x8001A664 in_a0=0x800106B4 in_a1=0x80010758 in_a2=0x80010760
[CALL-CHAIN] #304 f15 addr=0x8001A664 ra=0x80010EA4 sp=0x801FFF00 a0=0x00000001
[CALL-CHAIN] #305 f15 addr=0x8001A664 ra=0x80010EA4 sp=0x801FFF00 a0=0x00000002
[CALL-CHAIN] #306 f15 addr=0x8001A664 ra=0x80010EA4 sp=0x801FFF00 a0=0x000000B4
[BLACKSCREEN][RendererPresent] present=16 f=16 disp=(0,0 320x240) vis=320x240 uv=(0.000,0.000)-(1.000,1.000)
[CALL-CHAIN] #307 f16 addr=0x80019844 ra=0x80010EA4 sp=0x801FFF00 a0=0x800106B4
[FORCE-INTERP-DISPLAY] #18 f16 addr=0x80019844 w0=0x27BDFFD0 ra=0x80010EA4 a0=0x800106B4 cb=0x8001A664
[CALL-CHAIN] #308 f16 addr=0x8001A65C ra=0x8001991C sp=0x801FFED0 a0=0x000000B4
[CALL-CHAIN] #309 f16 addr=0x8001A65C ra=0x8001991C sp=0x801FFED0 a0=0x000000B4
[CALL-CHAIN] #310 f16 addr=0x8001A65C ra=0x8001991C sp=0x801FFED0 a0=0x000000B4
[CALL-CHAIN] #311 f16 addr=0x8001A65C ra=0x8001991C sp=0x801FFED0 a0=0x000000B4
[FORCE-CV-DIRECT-CB] #17 f16 cb=0x8001A664 in_a0=0x800106B4 in_a1=0x80010758 in_a2=0x80010760
[CALL-CHAIN] #312 f16 addr=0x8001A664 ra=0x80010EA4 sp=0x801FFF00 a0=0x00000001
[CALL-CHAIN] #313 f16 addr=0x8001A664 ra=0x80010EA4 sp=0x801FFF00 a0=0x00000002
[CALL-CHAIN] #314 f16 addr=0x8001A664 ra=0x80010EA4 sp=0x801FFF00 a0=0x000000B4
[BLACKSCREEN][RendererPresent] present=17 f=17 disp=(0,0 320x240) vis=320x240 uv=(0.000,0.000)-(1.000,1.000)
[CALL-CHAIN] #315 f17 addr=0x80019844 ra=0x80010EA4 sp=0x801FFF00 a0=0x800106B4
[FORCE-INTERP-DISPLAY] #19 f17 addr=0x80019844 w0=0x27BDFFD0 ra=0x80010EA4 a0=0x800106B4 cb=0x8001A664
[CALL-CHAIN] #316 f17 addr=0x8001A65C ra=0x8001991C sp=0x801FFED0 a0=0x000000B4
[CALL-CHAIN] #317 f17 addr=0x8001A65C ra=0x8001991C sp=0x801FFED0 a0=0x000000B4
[CALL-CHAIN] #318 f17 addr=0x8001A65C ra=0x8001991C sp=0x801FFED0 a0=0x000000B4
[CALL-CHAIN] #319 f17 addr=0x8001A65C ra=0x8001991C sp=0x801FFED0 a0=0x000000B4
[FORCE-CV-DIRECT-CB] #18 f17 cb=0x8001A664 in_a0=0x800106B4 in_a1=0x80010758 in_a2=0x80010760
[CALL-CHAIN] #320 f17 addr=0x8001A664 ra=0x80010EA4 sp=0x801FFF00 a0=0x00000001
[CALL-CHAIN] #321 f17 addr=0x8001A664 ra=0x80010EA4 sp=0x801FFF00 a0=0x00000002
[CALL-CHAIN] #322 f17 addr=0x8001A664 ra=0x80010EA4 sp=0x801FFF00 a0=0x000000B4
[BLACKSCREEN][RendererPresent] present=18 f=18 disp=(0,0 320x240) vis=320x240 uv=(0.000,0.000)-(1.000,1.000)
[CALL-CHAIN] #323 f18 addr=0x80019844 ra=0x80010EA4 sp=0x801FFF00 a0=0x800106B4
[FORCE-INTERP-DISPLAY] #20 f18 addr=0x80019844 w0=0x27BDFFD0 ra=0x80010EA4 a0=0x800106B4 cb=0x8001A664
[CALL-CHAIN] #324 f18 addr=0x8001A65C ra=0x8001991C sp=0x801FFED0 a0=0x000000B4
[CALL-CHAIN] #325 f18 addr=0x8001A65C ra=0x8001991C sp=0x801FFED0 a0=0x000000B4
[CALL-CHAIN] #326 f18 addr=0x8001A65C ra=0x8001991C sp=0x801FFED0 a0=0x000000B4
[CALL-CHAIN] #327 f18 addr=0x8001A65C ra=0x8001991C sp=0x801FFED0 a0=0x000000B4
[FORCE-CV-DIRECT-CB] #19 f18 cb=0x8001A664 in_a0=0x800106B4 in_a1=0x80010758 in_a2=0x80010760
[CALL-CHAIN] #328 f18 addr=0x8001A664 ra=0x80010EA4 sp=0x801FFF00 a0=0x00000001
[CALL-CHAIN] #329 f18 addr=0x8001A664 ra=0x80010EA4 sp=0x801FFF00 a0=0x00000002
[CALL-CHAIN] #330 f18 addr=0x8001A664 ra=0x80010EA4 sp=0x801FFF00 a0=0x000000B4
[BLACKSCREEN][RendererPresent] present=19 f=19 disp=(0,0 320x240) vis=320x240 uv=(0.000,0.000)-(1.000,1.000)
[CALL-CHAIN] #331 f19 addr=0x80019844 ra=0x80010EA4 sp=0x801FFF00 a0=0x800106B4
[CALL-CHAIN] #332 f19 addr=0x8001A65C ra=0x8001991C sp=0x801FFED0 a0=0x000000B4
[CALL-CHAIN] #333 f19 addr=0x8001A65C ra=0x8001991C sp=0x801FFED0 a0=0x000000B4
[CALL-CHAIN] #334 f19 addr=0x8001A65C ra=0x8001991C sp=0x801FFED0 a0=0x000000B4
[CALL-CHAIN] #335 f19 addr=0x8001A65C ra=0x8001991C sp=0x801FFED0 a0=0x000000B4
[FORCE-CV-DIRECT-CB] #20 f19 cb=0x8001A664 in_a0=0x800106B4 in_a1=0x80010758 in_a2=0x80010760
[CALL-CHAIN] #336 f19 addr=0x8001A664 ra=0x80010EA4 sp=0x801FFF00 a0=0x00000001
[CALL-CHAIN] #337 f19 addr=0x8001A664 ra=0x80010EA4 sp=0x801FFF00 a0=0x00000002
[CALL-CHAIN] #338 f19 addr=0x8001A664 ra=0x80010EA4 sp=0x801FFF00 a0=0x000000B4
[BLACKSCREEN][RendererPresent] present=20 f=20 disp=(0,0 320x240) vis=320x240 uv=(0.000,0.000)-(1.000,1.000)
[CALL-CHAIN] #339 f20 addr=0x80019844 ra=0x80010EA4 sp=0x801FFF00 a0=0x800106B4
[CALL-CHAIN] #340 f20 addr=0x8001A65C ra=0x8001991C sp=0x801FFED0 a0=0x000000B4
[CALL-CHAIN] #341 f20 addr=0x8001A65C ra=0x8001991C sp=0x801FFED0 a0=0x000000B4
[CALL-CHAIN] #342 f20 addr=0x8001A65C ra=0x8001991C sp=0x801FFED0 a0=0x000000B4
[CALL-CHAIN] #343 f20 addr=0x8001A65C ra=0x8001991C sp=0x801FFED0 a0=0x000000B4
[CALL-CHAIN] #344 f20 addr=0x8001A664 ra=0x80010EA4 sp=0x801FFF00 a0=0x00000001
[CALL-CHAIN] #345 f20 addr=0x8001A664 ra=0x80010EA4 sp=0x801FFF00 a0=0x00000002
[CALL-CHAIN] #346 f20 addr=0x8001A664 ra=0x80010EA4 sp=0x801FFF00 a0=0x000000B4
[CALL-CHAIN] #347 f21 addr=0x80019844 ra=0x80010EA4 sp=0x801FFF00 a0=0x800106B4
[CALL-CHAIN] #348 f21 addr=0x8001A65C ra=0x8001991C sp=0x801FFED0 a0=0x000000B4
[CALL-CHAIN] #349 f21 addr=0x8001A65C ra=0x8001991C sp=0x801FFED0 a0=0x000000B4
[CALL-CHAIN] #350 f21 addr=0x8001A65C ra=0x8001991C sp=0x801FFED0 a0=0x000000B4
[CALL-CHAIN] #351 f21 addr=0x8001A65C ra=0x8001991C sp=0x801FFED0 a0=0x000000B4
[CALL-CHAIN] #352 f21 addr=0x8001A664 ra=0x80010EA4 sp=0x801FFF00 a0=0x00000001
[CALL-CHAIN] #353 f21 addr=0x8001A664 ra=0x80010EA4 sp=0x801FFF00 a0=0x00000002
[CALL-CHAIN] #354 f21 addr=0x8001A664 ra=0x80010EA4 sp=0x801FFF00 a0=0x000000B4
[CALL-CHAIN] #355 f22 addr=0x80019844 ra=0x80010EA4 sp=0x801FFF00 a0=0x800106B4
[CALL-CHAIN] #356 f22 addr=0x8001A65C ra=0x8001991C sp=0x801FFED0 a0=0x000000B4
[CALL-CHAIN] #357 f22 addr=0x8001A65C ra=0x8001991C sp=0x801FFED0 a0=0x000000B4
[CALL-CHAIN] #358 f22 addr=0x8001A65C ra=0x8001991C sp=0x801FFED0 a0=0x000000B4
[CALL-CHAIN] #359 f22 addr=0x8001A65C ra=0x8001991C sp=0x801FFED0 a0=0x000000B4
[CALL-CHAIN] #360 f22 addr=0x8001A664 ra=0x80010EA4 sp=0x801FFF00 a0=0x00000001
[CALL-CHAIN] #361 f22 addr=0x8001A664 ra=0x80010EA4 sp=0x801FFF00 a0=0x00000002
[CALL-CHAIN] #362 f22 addr=0x8001A664 ra=0x80010EA4 sp=0x801FFF00 a0=0x000000B4
[CALL-CHAIN] #363 f23 addr=0x80019844 ra=0x80010EA4 sp=0x801FFF00 a0=0x800106B4
[CALL-CHAIN] #364 f23 addr=0x8001A65C ra=0x8001991C sp=0x801FFED0 a0=0x000000B4
[CALL-CHAIN] #365 f23 addr=0x8001A65C ra=0x8001991C sp=0x801FFED0 a0=0x000000B4
[CALL-CHAIN] #366 f23 addr=0x8001A65C ra=0x8001991C sp=0x801FFED0 a0=0x000000B4
[CALL-CHAIN] #367 f23 addr=0x8001A65C ra=0x8001991C sp=0x801FFED0 a0=0x000000B4
[CALL-CHAIN] #368 f23 addr=0x8001A664 ra=0x80010EA4 sp=0x801FFF00 a0=0x00000001
[CALL-CHAIN] #369 f23 addr=0x8001A664 ra=0x80010EA4 sp=0x801FFF00 a0=0x00000002
[CALL-CHAIN] #370 f23 addr=0x8001A664 ra=0x80010EA4 sp=0x801FFF00 a0=0x000000B4
[CALL-CHAIN] #371 f24 addr=0x80019844 ra=0x80010EA4 sp=0x801FFF00 a0=0x800106B4
[CALL-CHAIN] #372 f24 addr=0x8001A65C ra=0x8001991C sp=0x801FFED0 a0=0x000000B4
[CALL-CHAIN] #373 f24 addr=0x8001A65C ra=0x8001991C sp=0x801FFED0 a0=0x000000B4
[CALL-CHAIN] #374 f24 addr=0x8001A65C ra=0x8001991C sp=0x801FFED0 a0=0x000000B4
[CALL-CHAIN] #375 f24 addr=0x8001A65C ra=0x8001991C sp=0x801FFED0 a0=0x000000B4
[CALL-CHAIN] #376 f24 addr=0x8001A664 ra=0x80010EA4 sp=0x801FFF00 a0=0x00000001
[CALL-CHAIN] #377 f24 addr=0x8001A664 ra=0x80010EA4 sp=0x801FFF00 a0=0x00000002
[CALL-CHAIN] #378 f24 addr=0x8001A664 ra=0x80010EA4 sp=0x801FFF00 a0=0x000000B4
[CALL-CHAIN] #379 f25 addr=0x80019844 ra=0x80010EA4 sp=0x801FFF00 a0=0x800106B4
[CALL-CHAIN] #380 f25 addr=0x8001A65C ra=0x8001991C sp=0x801FFED0 a0=0x000000B4
[CALL-CHAIN] #381 f25 addr=0x8001A65C ra=0x8001991C sp=0x801FFED0 a0=0x000000B4
[CALL-CHAIN] #382 f25 addr=0x8001A65C ra=0x8001991C sp=0x801FFED0 a0=0x000000B4
[CALL-CHAIN] #383 f25 addr=0x8001A65C ra=0x8001991C sp=0x801FFED0 a0=0x000000B4
[CALL-CHAIN] #384 f25 addr=0x8001A664 ra=0x80010EA4 sp=0x801FFF00 a0=0x00000001
[CALL-CHAIN] #385 f25 addr=0x8001A664 ra=0x80010EA4 sp=0x801FFF00 a0=0x00000002
[CALL-CHAIN] #386 f25 addr=0x8001A664 ra=0x80010EA4 sp=0x801FFF00 a0=0x000000B4
[CALL-CHAIN] #387 f26 addr=0x80019844 ra=0x80010EA4 sp=0x801FFF00 a0=0x800106B4
[CALL-CHAIN] #388 f26 addr=0x8001A65C ra=0x8001991C sp=0x801FFED0 a0=0x000000B4
[CALL-CHAIN] #389 f26 addr=0x8001A65C ra=0x8001991C sp=0x801FFED0 a0=0x000000B4
[CALL-CHAIN] #390 f26 addr=0x8001A65C ra=0x8001991C sp=0x801FFED0 a0=0x000000B4
[CALL-CHAIN] #391 f26 addr=0x8001A65C ra=0x8001991C sp=0x801FFED0 a0=0x000000B4
[CALL-CHAIN] #392 f26 addr=0x8001A664 ra=0x80010EA4 sp=0x801FFF00 a0=0x00000001
[CALL-CHAIN] #393 f26 addr=0x8001A664 ra=0x80010EA4 sp=0x801FFF00 a0=0x00000002
[CALL-CHAIN] #394 f26 addr=0x8001A664 ra=0x80010EA4 sp=0x801FFF00 a0=0x000000B4
[CALL-CHAIN] #395 f27 addr=0x80019844 ra=0x80010EA4 sp=0x801FFF00 a0=0x800106B4
[CALL-CHAIN] #396 f27 addr=0x8001A65C ra=0x8001991C sp=0x801FFED0 a0=0x000000B4
[CALL-CHAIN] #397 f27 addr=0x8001A65C ra=0x8001991C sp=0x801FFED0 a0=0x000000B4
[CALL-CHAIN] #398 f27 addr=0x8001A65C ra=0x8001991C sp=0x801FFED0 a0=0x000000B4
[CALL-CHAIN] #399 f27 addr=0x8001A65C ra=0x8001991C sp=0x801FFED0 a0=0x000000B4
[CALL-CHAIN] #400 f27 addr=0x8001A664 ra=0x80010EA4 sp=0x801FFF00 a0=0x00000001
[CALL-CHAIN] #401 f27 addr=0x8001A664 ra=0x80010EA4 sp=0x801FFF00 a0=0x00000002
[CALL-CHAIN] #402 f27 addr=0x8001A664 ra=0x80010EA4 sp=0x801FFF00 a0=0x000000B4
[CALL-CHAIN] #403 f28 addr=0x80019844 ra=0x80010EA4 sp=0x801FFF00 a0=0x800106B4
[CALL-CHAIN] #404 f28 addr=0x8001A65C ra=0x8001991C sp=0x801FFED0 a0=0x000000B4
[CALL-CHAIN] #405 f28 addr=0x8001A65C ra=0x8001991C sp=0x801FFED0 a0=0x000000B4
[CALL-CHAIN] #406 f28 addr=0x8001A65C ra=0x8001991C sp=0x801FFED0 a0=0x000000B4
[CALL-CHAIN] #407 f28 addr=0x8001A65C ra=0x8001991C sp=0x801FFED0 a0=0x000000B4
[CALL-CHAIN] #408 f28 addr=0x8001A664 ra=0x80010EA4 sp=0x801FFF00 a0=0x00000001
[CALL-CHAIN] #409 f28 addr=0x8001A664 ra=0x80010EA4 sp=0x801FFF00 a0=0x00000002
[CALL-CHAIN] #410 f28 addr=0x8001A664 ra=0x80010EA4 sp=0x801FFF00 a0=0x000000B4
[CALL-CHAIN] #411 f29 addr=0x80019844 ra=0x80010EA4 sp=0x801FFF00 a0=0x800106B4
[CALL-CHAIN] #412 f29 addr=0x8001A65C ra=0x8001991C sp=0x801FFED0 a0=0x000000B4
[CALL-CHAIN] #413 f29 addr=0x8001A65C ra=0x8001991C sp=0x801FFED0 a0=0x000000B4
[CALL-CHAIN] #414 f29 addr=0x8001A65C ra=0x8001991C sp=0x801FFED0 a0=0x000000B4
[CALL-CHAIN] #415 f29 addr=0x8001A65C ra=0x8001991C sp=0x801FFED0 a0=0x000000B4
[CALL-CHAIN] #416 f29 addr=0x8001A664 ra=0x80010EA4 sp=0x801FFF00 a0=0x00000001
[CALL-CHAIN] #417 f29 addr=0x8001A664 ra=0x80010EA4 sp=0x801FFF00 a0=0x00000002
[CALL-CHAIN] #418 f29 addr=0x8001A664 ra=0x80010EA4 sp=0x801FFF00 a0=0x000000B4
[CALL-CHAIN] #419 f30 addr=0x80019844 ra=0x80010EA4 sp=0x801FFF00 a0=0x800106B4
[CALL-CHAIN] #420 f30 addr=0x8001A65C ra=0x8001991C sp=0x801FFED0 a0=0x000000B4
[CALL-CHAIN] #421 f30 addr=0x8001A65C ra=0x8001991C sp=0x801FFED0 a0=0x000000B4
[CALL-CHAIN] #422 f30 addr=0x8001A65C ra=0x8001991C sp=0x801FFED0 a0=0x000000B4
[CALL-CHAIN] #423 f30 addr=0x8001A65C ra=0x8001991C sp=0x801FFED0 a0=0x000000B4
[CALL-CHAIN] #424 f30 addr=0x8001A664 ra=0x80010EA4 sp=0x801FFF00 a0=0x00000001
[CALL-CHAIN] #425 f30 addr=0x8001A664 ra=0x80010EA4 sp=0x801FFF00 a0=0x00000002
[CALL-CHAIN] #426 f30 addr=0x8001A664 ra=0x80010EA4 sp=0x801FFF00 a0=0x000000B4
[CALL-CHAIN] #427 f31 addr=0x80019844 ra=0x80010EA4 sp=0x801FFF00 a0=0x800106B4
[CALL-CHAIN] #428 f31 addr=0x8001A65C ra=0x8001991C sp=0x801FFED0 a0=0x000000B4
[CALL-CHAIN] #429 f31 addr=0x8001A65C ra=0x8001991C sp=0x801FFED0 a0=0x000000B4
[CALL-CHAIN] #430 f31 addr=0x8001A65C ra=0x8001991C sp=0x801FFED0 a0=0x000000B4
[CALL-CHAIN] #431 f31 addr=0x8001A65C ra=0x8001991C sp=0x801FFED0 a0=0x000000B4
[CALL-CHAIN] #432 f31 addr=0x8001A664 ra=0x80010EA4 sp=0x801FFF00 a0=0x00000001
[CALL-CHAIN] #433 f31 addr=0x8001A664 ra=0x80010EA4 sp=0x801FFF00 a0=0x00000002
[CALL-CHAIN] #434 f31 addr=0x8001A664 ra=0x80010EA4 sp=0x801FFF00 a0=0x000000B4
[CALL-CHAIN] #435 f32 addr=0x80019844 ra=0x80010EA4 sp=0x801FFF00 a0=0x800106B4
[CALL-CHAIN] #436 f32 addr=0x8001A65C ra=0x8001991C sp=0x801FFED0 a0=0x000000B4
[CALL-CHAIN] #437 f32 addr=0x8001A65C ra=0x8001991C sp=0x801FFED0 a0=0x000000B4
[CALL-CHAIN] #438 f32 addr=0x8001A65C ra=0x8001991C sp=0x801FFED0 a0=0x000000B4
[CALL-CHAIN] #439 f32 addr=0x8001A65C ra=0x8001991C sp=0x801FFED0 a0=0x000000B4
[CALL-CHAIN] #440 f32 addr=0x8001A664 ra=0x80010EA4 sp=0x801FFF00 a0=0x00000001
[CALL-CHAIN] #441 f32 addr=0x8001A664 ra=0x80010EA4 sp=0x801FFF00 a0=0x00000002
[CALL-CHAIN] #442 f32 addr=0x8001A664 ra=0x80010EA4 sp=0x801FFF00 a0=0x000000B4
[CALL-CHAIN] #443 f33 addr=0x80019844 ra=0x80010EA4 sp=0x801FFF00 a0=0x800106B4
[CALL-CHAIN] #444 f33 addr=0x8001A65C ra=0x8001991C sp=0x801FFED0 a0=0x000000B4
[CALL-CHAIN] #445 f33 addr=0x8001A65C ra=0x8001991C sp=0x801FFED0 a0=0x000000B4
[CALL-CHAIN] #446 f33 addr=0x8001A65C ra=0x8001991C sp=0x801FFED0 a0=0x000000B4
[CALL-CHAIN] #447 f33 addr=0x8001A65C ra=0x8001991C sp=0x801FFED0 a0=0x000000B4
[CALL-CHAIN] #448 f33 addr=0x8001A664 ra=0x80010EA4 sp=0x801FFF00 a0=0x00000001
[CALL-CHAIN] #449 f33 addr=0x8001A664 ra=0x80010EA4 sp=0x801FFF00 a0=0x00000002
[CALL-CHAIN] #450 f33 addr=0x8001A664 ra=0x80010EA4 sp=0x801FFF00 a0=0x000000B4
[CALL-CHAIN] #451 f34 addr=0x80019844 ra=0x80010EA4 sp=0x801FFF00 a0=0x800106B4
[CALL-CHAIN] #452 f34 addr=0x8001A65C ra=0x8001991C sp=0x801FFED0 a0=0x000000B4
[CALL-CHAIN] #453 f34 addr=0x8001A65C ra=0x8001991C sp=0x801FFED0 a0=0x000000B4
[CALL-CHAIN] #454 f34 addr=0x8001A65C ra=0x8001991C sp=0x801FFED0 a0=0x000000B4
[CALL-CHAIN] #455 f34 addr=0x8001A65C ra=0x8001991C sp=0x801FFED0 a0=0x000000B4
[CALL-CHAIN] #456 f34 addr=0x8001A664 ra=0x80010EA4 sp=0x801FFF00 a0=0x00000001
[CALL-CHAIN] #457 f34 addr=0x8001A664 ra=0x80010EA4 sp=0x801FFF00 a0=0x00000002
[CALL-CHAIN] #458 f34 addr=0x8001A664 ra=0x80010EA4 sp=0x801FFF00 a0=0x000000B4
[CALL-CHAIN] #459 f35 addr=0x80019844 ra=0x80010EA4 sp=0x801FFF00 a0=0x800106B4
[CALL-CHAIN] #460 f35 addr=0x8001A65C ra=0x8001991C sp=0x801FFED0 a0=0x000000B4
[CALL-CHAIN] #461 f35 addr=0x8001A65C ra=0x8001991C sp=0x801FFED0 a0=0x000000B4
[CALL-CHAIN] #462 f35 addr=0x8001A65C ra=0x8001991C sp=0x801FFED0 a0=0x000000B4
[CALL-CHAIN] #463 f35 addr=0x8001A65C ra=0x8001991C sp=0x801FFED0 a0=0x000000B4
[CALL-CHAIN] #464 f35 addr=0x8001A664 ra=0x80010EA4 sp=0x801FFF00 a0=0x00000001
[CALL-CHAIN] #465 f35 addr=0x8001A664 ra=0x80010EA4 sp=0x801FFF00 a0=0x00000002
[CALL-CHAIN] #466 f35 addr=0x8001A664 ra=0x80010EA4 sp=0x801FFF00 a0=0x000000B4
[CALL-CHAIN] #467 f36 addr=0x80019844 ra=0x80010EA4 sp=0x801FFF00 a0=0x800106B4
[CALL-CHAIN] #468 f36 addr=0x8001A65C ra=0x8001991C sp=0x801FFED0 a0=0x000000B4
[CALL-CHAIN] #469 f36 addr=0x8001A65C ra=0x8001991C sp=0x801FFED0 a0=0x000000B4
[CALL-CHAIN] #470 f36 addr=0x8001A65C ra=0x8001991C sp=0x801FFED0 a0=0x000000B4
[CALL-CHAIN] #471 f36 addr=0x8001A65C ra=0x8001991C sp=0x801FFED0 a0=0x000000B4
[CALL-CHAIN] #472 f36 addr=0x8001A664 ra=0x80010EA4 sp=0x801FFF00 a0=0x00000001
[CALL-CHAIN] #473 f36 addr=0x8001A664 ra=0x80010EA4 sp=0x801FFF00 a0=0x00000002
[CALL-CHAIN] #474 f36 addr=0x8001A664 ra=0x80010EA4 sp=0x801FFF00 a0=0x000000B4
[CALL-CHAIN] #475 f37 addr=0x80019844 ra=0x80010EA4 sp=0x801FFF00 a0=0x800106B4
[CALL-CHAIN] #476 f37 addr=0x8001A65C ra=0x8001991C sp=0x801FFED0 a0=0x000000B4
[CALL-CHAIN] #477 f37 addr=0x8001A65C ra=0x8001991C sp=0x801FFED0 a0=0x000000B4
[CALL-CHAIN] #478 f37 addr=0x8001A65C ra=0x8001991C sp=0x801FFED0 a0=0x000000B4
[CALL-CHAIN] #479 f37 addr=0x8001A65C ra=0x8001991C sp=0x801FFED0 a0=0x000000B4
[CALL-CHAIN] #480 f37 addr=0x8001A664 ra=0x80010EA4 sp=0x801FFF00 a0=0x00000001
[CALL-CHAIN] #481 f37 addr=0x8001A664 ra=0x80010EA4 sp=0x801FFF00 a0=0x00000002
[CALL-CHAIN] #482 f37 addr=0x8001A664 ra=0x80010EA4 sp=0x801FFF00 a0=0x000000B4
[CALL-CHAIN] #483 f38 addr=0x80019844 ra=0x80010EA4 sp=0x801FFF00 a0=0x800106B4
[CALL-CHAIN] #484 f38 addr=0x8001A65C ra=0x8001991C sp=0x801FFED0 a0=0x000000B4
[CALL-CHAIN] #485 f38 addr=0x8001A65C ra=0x8001991C sp=0x801FFED0 a0=0x000000B4
[CALL-CHAIN] #486 f38 addr=0x8001A65C ra=0x8001991C sp=0x801FFED0 a0=0x000000B4
[CALL-CHAIN] #487 f38 addr=0x8001A65C ra=0x8001991C sp=0x801FFED0 a0=0x000000B4
[CALL-CHAIN] #488 f38 addr=0x8001A664 ra=0x80010EA4 sp=0x801FFF00 a0=0x00000001
[CALL-CHAIN] #489 f38 addr=0x8001A664 ra=0x80010EA4 sp=0x801FFF00 a0=0x00000002
[CALL-CHAIN] #490 f38 addr=0x8001A664 ra=0x80010EA4 sp=0x801FFF00 a0=0x000000B4
[CALL-CHAIN] #491 f39 addr=0x80019844 ra=0x80010EA4 sp=0x801FFF00 a0=0x800106B4
[CALL-CHAIN] #492 f39 addr=0x8001A65C ra=0x8001991C sp=0x801FFED0 a0=0x000000B4
[CALL-CHAIN] #493 f39 addr=0x8001A65C ra=0x8001991C sp=0x801FFED0 a0=0x000000B4
[CALL-CHAIN] #494 f39 addr=0x8001A65C ra=0x8001991C sp=0x801FFED0 a0=0x000000B4
[CALL-CHAIN] #495 f39 addr=0x8001A65C ra=0x8001991C sp=0x801FFED0 a0=0x000000B4
[CALL-CHAIN] #496 f39 addr=0x8001A664 ra=0x80010EA4 sp=0x801FFF00 a0=0x00000001
[CALL-CHAIN] #497 f39 addr=0x8001A664 ra=0x80010EA4 sp=0x801FFF00 a0=0x00000002
[CALL-CHAIN] #498 f39 addr=0x8001A664 ra=0x80010EA4 sp=0x801FFF00 a0=0x000000B4
[CALL-CHAIN] #499 f40 addr=0x80019844 ra=0x80010EA4 sp=0x801FFF00 a0=0x800106B4
[CALL-CHAIN] #500 f40 addr=0x8001A65C ra=0x8001991C sp=0x801FFED0 a0=0x000000B4
[CALL-CHAIN] #501 f40 addr=0x8001A65C ra=0x8001991C sp=0x801FFED0 a0=0x000000B4
[CALL-CHAIN] #502 f40 addr=0x8001A65C ra=0x8001991C sp=0x801FFED0 a0=0x000000B4
[CALL-CHAIN] #503 f40 addr=0x8001A65C ra=0x8001991C sp=0x801FFED0 a0=0x000000B4
[CALL-CHAIN] #504 f40 addr=0x8001A664 ra=0x80010EA4 sp=0x801FFF00 a0=0x00000001
[CALL-CHAIN] #505 f40 addr=0x8001A664 ra=0x80010EA4 sp=0x801FFF00 a0=0x00000002
[CALL-CHAIN] #506 f40 addr=0x8001A664 ra=0x80010EA4 sp=0x801FFF00 a0=0x000000B4
[CALL-CHAIN] #507 f41 addr=0x80019844 ra=0x80010EA4 sp=0x801FFF00 a0=0x800106B4
[CALL-CHAIN] #508 f41 addr=0x8001A65C ra=0x8001991C sp=0x801FFED0 a0=0x000000B4
[CALL-CHAIN] #509 f41 addr=0x8001A65C ra=0x8001991C sp=0x801FFED0 a0=0x000000B4
[CALL-CHAIN] #510 f41 addr=0x8001A65C ra=0x8001991C sp=0x801FFED0 a0=0x000000B4
[CALL-CHAIN] #511 f41 addr=0x8001A65C ra=0x8001991C sp=0x801FFED0 a0=0x000000B4
[CALL-CHAIN] #512 f41 addr=0x8001A664 ra=0x80010EA4 sp=0x801FFF00 a0=0x00000001
[CALL-CHAIN] #513 f41 addr=0x8001A664 ra=0x80010EA4 sp=0x801FFF00 a0=0x00000002
[CALL-CHAIN] #514 f41 addr=0x8001A664 ra=0x80010EA4 sp=0x801FFF00 a0=0x000000B4
[CALL-CHAIN] #515 f42 addr=0x80019844 ra=0x80010EA4 sp=0x801FFF00 a0=0x800106B4
[CALL-CHAIN] #516 f42 addr=0x8001A65C ra=0x8001991C sp=0x801FFED0 a0=0x000000B4
[CALL-CHAIN] #517 f42 addr=0x8001A65C ra=0x8001991C sp=0x801FFED0 a0=0x000000B4
[CALL-CHAIN] #518 f42 addr=0x8001A65C ra=0x8001991C sp=0x801FFED0 a0=0x000000B4
[CALL-CHAIN] #519 f42 addr=0x8001A65C ra=0x8001991C sp=0x801FFED0 a0=0x000000B4
[CALL-CHAIN] #520 f42 addr=0x8001A664 ra=0x80010EA4 sp=0x801FFF00 a0=0x00000001
[CALL-CHAIN] #521 f42 addr=0x8001A664 ra=0x80010EA4 sp=0x801FFF00 a0=0x00000002
[CALL-CHAIN] #522 f42 addr=0x8001A664 ra=0x80010EA4 sp=0x801FFF00 a0=0x000000B4
[CALL-CHAIN] #523 f43 addr=0x80019844 ra=0x80010EA4 sp=0x801FFF00 a0=0x800106B4
[CALL-CHAIN] #524 f43 addr=0x8001A65C ra=0x8001991C sp=0x801FFED0 a0=0x000000B4
[CALL-CHAIN] #525 f43 addr=0x8001A65C ra=0x8001991C sp=0x801FFED0 a0=0x000000B4
[CALL-CHAIN] #526 f43 addr=0x8001A65C ra=0x8001991C sp=0x801FFED0 a0=0x000000B4
[CALL-CHAIN] #527 f43 addr=0x8001A65C ra=0x8001991C sp=0x801FFED0 a0=0x000000B4
[CALL-CHAIN] #528 f43 addr=0x8001A664 ra=0x80010EA4 sp=0x801FFF00 a0=0x00000001
[CALL-CHAIN] #529 f43 addr=0x8001A664 ra=0x80010EA4 sp=0x801FFF00 a0=0x00000002
[CALL-CHAIN] #530 f43 addr=0x8001A664 ra=0x80010EA4 sp=0x801FFF00 a0=0x000000B4
[CALL-CHAIN] #531 f44 addr=0x80019844 ra=0x80010EA4 sp=0x801FFF00 a0=0x800106B4
[CALL-CHAIN] #532 f44 addr=0x8001A65C ra=0x8001991C sp=0x801FFED0 a0=0x000000B4
[CALL-CHAIN] #533 f44 addr=0x8001A65C ra=0x8001991C sp=0x801FFED0 a0=0x000000B4
[CALL-CHAIN] #534 f44 addr=0x8001A65C ra=0x8001991C sp=0x801FFED0 a0=0x000000B4
[CALL-CHAIN] #535 f44 addr=0x8001A65C ra=0x8001991C sp=0x801FFED0 a0=0x000000B4
[CALL-CHAIN] #536 f44 addr=0x8001A664 ra=0x80010EA4 sp=0x801FFF00 a0=0x00000001
[CALL-CHAIN] #537 f44 addr=0x8001A664 ra=0x80010EA4 sp=0x801FFF00 a0=0x00000002
[CALL-CHAIN] #538 f44 addr=0x8001A664 ra=0x80010EA4 sp=0x801FFF00 a0=0x000000B4
[CALL-CHAIN] #539 f45 addr=0x80019844 ra=0x80010EA4 sp=0x801FFF00 a0=0x800106B4
[CALL-CHAIN] #540 f45 addr=0x8001A65C ra=0x8001991C sp=0x801FFED0 a0=0x000000B4
[CALL-CHAIN] #541 f45 addr=0x8001A65C ra=0x8001991C sp=0x801FFED0 a0=0x000000B4
[CALL-CHAIN] #542 f45 addr=0x8001A65C ra=0x8001991C sp=0x801FFED0 a0=0x000000B4
[CALL-CHAIN] #543 f45 addr=0x8001A65C ra=0x8001991C sp=0x801FFED0 a0=0x000000B4
[CALL-CHAIN] #544 f45 addr=0x8001A664 ra=0x80010EA4 sp=0x801FFF00 a0=0x00000001
[CALL-CHAIN] #545 f45 addr=0x8001A664 ra=0x80010EA4 sp=0x801FFF00 a0=0x00000002
[CALL-CHAIN] #546 f45 addr=0x8001A664 ra=0x80010EA4 sp=0x801FFF00 a0=0x000000B4
[CALL-CHAIN] #547 f46 addr=0x80019844 ra=0x80010EA4 sp=0x801FFF00 a0=0x800106B4
[CALL-CHAIN] #548 f46 addr=0x8001A65C ra=0x8001991C sp=0x801FFED0 a0=0x000000B4
[CALL-CHAIN] #549 f46 addr=0x8001A65C ra=0x8001991C sp=0x801FFED0 a0=0x000000B4
[CALL-CHAIN] #550 f46 addr=0x8001A65C ra=0x8001991C sp=0x801FFED0 a0=0x000000B4
[CALL-CHAIN] #551 f46 addr=0x8001A65C ra=0x8001991C sp=0x801FFED0 a0=0x000000B4
[CALL-CHAIN] #552 f46 addr=0x8001A664 ra=0x80010EA4 sp=0x801FFF00 a0=0x00000001
[CALL-CHAIN] #553 f46 addr=0x8001A664 ra=0x80010EA4 sp=0x801FFF00 a0=0x00000002
[CALL-CHAIN] #554 f46 addr=0x8001A664 ra=0x80010EA4 sp=0x801FFF00 a0=0x000000B4
[CALL-CHAIN] #555 f47 addr=0x80019844 ra=0x80010EA4 sp=0x801FFF00 a0=0x800106B4
[CALL-CHAIN] #556 f47 addr=0x8001A65C ra=0x8001991C sp=0x801FFED0 a0=0x000000B4
[CALL-CHAIN] #557 f47 addr=0x8001A65C ra=0x8001991C sp=0x801FFED0 a0=0x000000B4
[CALL-CHAIN] #558 f47 addr=0x8001A65C ra=0x8001991C sp=0x801FFED0 a0=0x000000B4
[CALL-CHAIN] #559 f47 addr=0x8001A65C ra=0x8001991C sp=0x801FFED0 a0=0x000000B4
[CALL-CHAIN] #560 f47 addr=0x8001A664 ra=0x80010EA4 sp=0x801FFF00 a0=0x00000001
[CALL-CHAIN] #561 f47 addr=0x8001A664 ra=0x80010EA4 sp=0x801FFF00 a0=0x00000002
[CALL-CHAIN] #562 f47 addr=0x8001A664 ra=0x80010EA4 sp=0x801FFF00 a0=0x000000B4
[CALL-CHAIN] #563 f48 addr=0x80019844 ra=0x80010EA4 sp=0x801FFF00 a0=0x800106B4
[CALL-CHAIN] #564 f48 addr=0x8001A65C ra=0x8001991C sp=0x801FFED0 a0=0x000000B4
[CALL-CHAIN] #565 f48 addr=0x8001A65C ra=0x8001991C sp=0x801FFED0 a0=0x000000B4
[CALL-CHAIN] #566 f48 addr=0x8001A65C ra=0x8001991C sp=0x801FFED0 a0=0x000000B4
[CALL-CHAIN] #567 f48 addr=0x8001A65C ra=0x8001991C sp=0x801FFED0 a0=0x000000B4
[CALL-CHAIN] #568 f48 addr=0x8001A664 ra=0x80010EA4 sp=0x801FFF00 a0=0x00000001
[CALL-CHAIN] #569 f48 addr=0x8001A664 ra=0x80010EA4 sp=0x801FFF00 a0=0x00000002
[CALL-CHAIN] #570 f48 addr=0x8001A664 ra=0x80010EA4 sp=0x801FFF00 a0=0x000000B4
[CALL-CHAIN] #571 f49 addr=0x80019844 ra=0x80010EA4 sp=0x801FFF00 a0=0x800106B4
[CALL-CHAIN] #572 f49 addr=0x8001A65C ra=0x8001991C sp=0x801FFED0 a0=0x000000B4
[CALL-CHAIN] #573 f49 addr=0x8001A65C ra=0x8001991C sp=0x801FFED0 a0=0x000000B4
[CALL-CHAIN] #574 f49 addr=0x8001A65C ra=0x8001991C sp=0x801FFED0 a0=0x000000B4
[CALL-CHAIN] #575 f49 addr=0x8001A65C ra=0x8001991C sp=0x801FFED0 a0=0x000000B4
[CALL-CHAIN] #576 f49 addr=0x8001A664 ra=0x80010EA4 sp=0x801FFF00 a0=0x00000001
[CALL-CHAIN] #577 f49 addr=0x8001A664 ra=0x80010EA4 sp=0x801FFF00 a0=0x00000002
[CALL-CHAIN] #578 f49 addr=0x8001A664 ra=0x80010EA4 sp=0x801FFF00 a0=0x000000B4
[CALL-CHAIN] #579 f50 addr=0x80019844 ra=0x80010EA4 sp=0x801FFF00 a0=0x800106B4
[CALL-CHAIN] #580 f50 addr=0x8001A65C ra=0x8001991C sp=0x801FFED0 a0=0x000000B4
[CALL-CHAIN] #581 f50 addr=0x8001A65C ra=0x8001991C sp=0x801FFED0 a0=0x000000B4
[CALL-CHAIN] #582 f50 addr=0x8001A65C ra=0x8001991C sp=0x801FFED0 a0=0x000000B4
[CALL-CHAIN] #583 f50 addr=0x8001A65C ra=0x8001991C sp=0x801FFED0 a0=0x000000B4
[CALL-CHAIN] #584 f50 addr=0x8001A664 ra=0x80010EA4 sp=0x801FFF00 a0=0x00000001
[CALL-CHAIN] #585 f50 addr=0x8001A664 ra=0x80010EA4 sp=0x801FFF00 a0=0x00000002
[CALL-CHAIN] #586 f50 addr=0x8001A664 ra=0x80010EA4 sp=0x801FFF00 a0=0x000000B4
[CALL-CHAIN] #587 f51 addr=0x80019844 ra=0x80010EA4 sp=0x801FFF00 a0=0x800106B4
[CALL-CHAIN] #588 f51 addr=0x8001A65C ra=0x8001991C sp=0x801FFED0 a0=0x000000B4
[CALL-CHAIN] #589 f51 addr=0x8001A65C ra=0x8001991C sp=0x801FFED0 a0=0x000000B4
[CALL-CHAIN] #590 f51 addr=0x8001A65C ra=0x8001991C sp=0x801FFED0 a0=0x000000B4
[CALL-CHAIN] #591 f51 addr=0x8001A65C ra=0x8001991C sp=0x801FFED0 a0=0x000000B4
[CALL-CHAIN] #592 f51 addr=0x8001A664 ra=0x80010EA4 sp=0x801FFF00 a0=0x00000001
[CALL-CHAIN] #593 f51 addr=0x8001A664 ra=0x80010EA4 sp=0x801FFF00 a0=0x00000002
[CALL-CHAIN] #594 f51 addr=0x8001A664 ra=0x80010EA4 sp=0x801FFF00 a0=0x000000B4
[CALL-CHAIN] #595 f52 addr=0x80019844 ra=0x80010EA4 sp=0x801FFF00 a0=0x800106B4
[CALL-CHAIN] #596 f52 addr=0x8001A65C ra=0x8001991C sp=0x801FFED0 a0=0x000000B4
[CALL-CHAIN] #597 f52 addr=0x8001A65C ra=0x8001991C sp=0x801FFED0 a0=0x000000B4
[CALL-CHAIN] #598 f52 addr=0x8001A65C ra=0x8001991C sp=0x801FFED0 a0=0x000000B4
[CALL-CHAIN] #599 f52 addr=0x8001A65C ra=0x8001991C sp=0x801FFED0 a0=0x000000B4
[CALL-CHAIN] #600 f52 addr=0x8001A664 ra=0x80010EA4 sp=0x801FFF00 a0=0x00000001
[CALL-CHAIN] #601 f52 addr=0x8001A664 ra=0x80010EA4 sp=0x801FFF00 a0=0x00000002
[CALL-CHAIN] #602 f52 addr=0x8001A664 ra=0x80010EA4 sp=0x801FFF00 a0=0x000000B4
[CALL-CHAIN] #603 f53 addr=0x80019844 ra=0x80010EA4 sp=0x801FFF00 a0=0x800106B4
[CALL-CHAIN] #604 f53 addr=0x8001A65C ra=0x8001991C sp=0x801FFED0 a0=0x000000B4
[CALL-CHAIN] #605 f53 addr=0x8001A65C ra=0x8001991C sp=0x801FFED0 a0=0x000000B4
[CALL-CHAIN] #606 f53 addr=0x8001A65C ra=0x8001991C sp=0x801FFED0 a0=0x000000B4
[CALL-CHAIN] #607 f53 addr=0x8001A65C ra=0x8001991C sp=0x801FFED0 a0=0x000000B4
[CALL-CHAIN] #608 f53 addr=0x8001A664 ra=0x80010EA4 sp=0x801FFF00 a0=0x00000001
[CALL-CHAIN] #609 f53 addr=0x8001A664 ra=0x80010EA4 sp=0x801FFF00 a0=0x00000002
[CALL-CHAIN] #610 f53 addr=0x8001A664 ra=0x80010EA4 sp=0x801FFF00 a0=0x000000B4
[CALL-CHAIN] #611 f54 addr=0x80019844 ra=0x80010EA4 sp=0x801FFF00 a0=0x800106B4
[CALL-CHAIN] #612 f54 addr=0x8001A65C ra=0x8001991C sp=0x801FFED0 a0=0x000000B4
[CALL-CHAIN] #613 f54 addr=0x8001A65C ra=0x8001991C sp=0x801FFED0 a0=0x000000B4
[CALL-CHAIN] #614 f54 addr=0x8001A65C ra=0x8001991C sp=0x801FFED0 a0=0x000000B4
[CALL-CHAIN] #615 f54 addr=0x8001A65C ra=0x8001991C sp=0x801FFED0 a0=0x000000B4
[CALL-CHAIN] #616 f54 addr=0x8001A664 ra=0x80010EA4 sp=0x801FFF00 a0=0x00000001
[CALL-CHAIN] #617 f54 addr=0x8001A664 ra=0x80010EA4 sp=0x801FFF00 a0=0x00000002
[CALL-CHAIN] #618 f54 addr=0x8001A664 ra=0x80010EA4 sp=0x801FFF00 a0=0x000000B4
[CALL-CHAIN] #619 f55 addr=0x80019844 ra=0x80010EA4 sp=0x801FFF00 a0=0x800106B4
[CALL-CHAIN] #620 f55 addr=0x8001A65C ra=0x8001991C sp=0x801FFED0 a0=0x000000B4
[CALL-CHAIN] #621 f55 addr=0x8001A65C ra=0x8001991C sp=0x801FFED0 a0=0x000000B4
[CALL-CHAIN] #622 f55 addr=0x8001A65C ra=0x8001991C sp=0x801FFED0 a0=0x000000B4
[CALL-CHAIN] #623 f55 addr=0x8001A65C ra=0x8001991C sp=0x801FFED0 a0=0x000000B4
[CALL-CHAIN] #624 f55 addr=0x8001A664 ra=0x80010EA4 sp=0x801FFF00 a0=0x00000001
[CALL-CHAIN] #625 f55 addr=0x8001A664 ra=0x80010EA4 sp=0x801FFF00 a0=0x00000002
[CALL-CHAIN] #626 f55 addr=0x8001A664 ra=0x80010EA4 sp=0x801FFF00 a0=0x000000B4
[CALL-CHAIN] #627 f56 addr=0x80019844 ra=0x80010EA4 sp=0x801FFF00 a0=0x800106B4
[CALL-CHAIN] #628 f56 addr=0x8001A65C ra=0x8001991C sp=0x801FFED0 a0=0x000000B4
[CALL-CHAIN] #629 f56 addr=0x8001A65C ra=0x8001991C sp=0x801FFED0 a0=0x000000B4
[CALL-CHAIN] #630 f56 addr=0x8001A65C ra=0x8001991C sp=0x801FFED0 a0=0x000000B4
[CALL-CHAIN] #631 f56 addr=0x8001A65C ra=0x8001991C sp=0x801FFED0 a0=0x000000B4
[CALL-CHAIN] #632 f56 addr=0x8001A664 ra=0x80010EA4 sp=0x801FFF00 a0=0x00000001
[CALL-CHAIN] #633 f56 addr=0x8001A664 ra=0x80010EA4 sp=0x801FFF00 a0=0x00000002
[CALL-CHAIN] #634 f56 addr=0x8001A664 ra=0x80010EA4 sp=0x801FFF00 a0=0x000000B4
[CALL-CHAIN] #635 f57 addr=0x80019844 ra=0x80010EA4 sp=0x801FFF00 a0=0x800106B4
[CALL-CHAIN] #636 f57 addr=0x8001A65C ra=0x8001991C sp=0x801FFED0 a0=0x000000B4
[CALL-CHAIN] #637 f57 addr=0x8001A65C ra=0x8001991C sp=0x801FFED0 a0=0x000000B4
[CALL-CHAIN] #638 f57 addr=0x8001A65C ra=0x8001991C sp=0x801FFED0 a0=0x000000B4
[CALL-CHAIN] #639 f57 addr=0x8001A65C ra=0x8001991C sp=0x801FFED0 a0=0x000000B4
[CALL-CHAIN] #640 f57 addr=0x8001A664 ra=0x80010EA4 sp=0x801FFF00 a0=0x00000001
[CALL-CHAIN] #641 f57 addr=0x8001A664 ra=0x80010EA4 sp=0x801FFF00 a0=0x00000002
[CALL-CHAIN] #642 f57 addr=0x8001A664 ra=0x80010EA4 sp=0x801FFF00 a0=0x000000B4
[CALL-CHAIN] #643 f58 addr=0x80019844 ra=0x80010EA4 sp=0x801FFF00 a0=0x800106B4
[CALL-CHAIN] #644 f58 addr=0x8001A65C ra=0x8001991C sp=0x801FFED0 a0=0x000000B4
[CALL-CHAIN] #645 f58 addr=0x8001A65C ra=0x8001991C sp=0x801FFED0 a0=0x000000B4
[CALL-CHAIN] #646 f58 addr=0x8001A65C ra=0x8001991C sp=0x801FFED0 a0=0x000000B4
[CALL-CHAIN] #647 f58 addr=0x8001A65C ra=0x8001991C sp=0x801FFED0 a0=0x000000B4
[CALL-CHAIN] #648 f58 addr=0x8001A664 ra=0x80010EA4 sp=0x801FFF00 a0=0x00000001
[CALL-CHAIN] #649 f58 addr=0x8001A664 ra=0x80010EA4 sp=0x801FFF00 a0=0x00000002
[CALL-CHAIN] #650 f58 addr=0x8001A664 ra=0x80010EA4 sp=0x801FFF00 a0=0x000000B4
[CALL-CHAIN] #651 f59 addr=0x80019844 ra=0x80010EA4 sp=0x801FFF00 a0=0x800106B4
[CALL-CHAIN] #652 f59 addr=0x8001A65C ra=0x8001991C sp=0x801FFED0 a0=0x000000B4
[CALL-CHAIN] #653 f59 addr=0x8001A65C ra=0x8001991C sp=0x801FFED0 a0=0x000000B4
[CALL-CHAIN] #654 f59 addr=0x8001A65C ra=0x8001991C sp=0x801FFED0 a0=0x000000B4
[CALL-CHAIN] #655 f59 addr=0x8001A65C ra=0x8001991C sp=0x801FFED0 a0=0x000000B4
[CALL-CHAIN] #656 f59 addr=0x8001A664 ra=0x80010EA4 sp=0x801FFF00 a0=0x00000001
[CALL-CHAIN] #657 f59 addr=0x8001A664 ra=0x80010EA4 sp=0x801FFF00 a0=0x00000002
[CALL-CHAIN] #658 f59 addr=0x8001A664 ra=0x80010EA4 sp=0x801FFF00 a0=0x000000B4
[frame 60]
[CALL-CHAIN] #659 f60 addr=0x80019844 ra=0x80010EA4 sp=0x801FFF00 a0=0x800106B4
[CALL-CHAIN] #660 f60 addr=0x8001A65C ra=0x8001991C sp=0x801FFED0 a0=0x000000B4
[CALL-CHAIN] #661 f60 addr=0x8001A65C ra=0x8001991C sp=0x801FFED0 a0=0x000000B4
[CALL-CHAIN] #662 f60 addr=0x8001A65C ra=0x8001991C sp=0x801FFED0 a0=0x000000B4
[CALL-CHAIN] #663 f60 addr=0x8001A65C ra=0x8001991C sp=0x801FFED0 a0=0x000000B4
[CALL-CHAIN] #664 f60 addr=0x8001A664 ra=0x80010EA4 sp=0x801FFF00 a0=0x00000001
[CALL-CHAIN] #665 f60 addr=0x8001A664 ra=0x80010EA4 sp=0x801FFF00 a0=0x00000002
[CALL-CHAIN] #666 f60 addr=0x8001A664 ra=0x80010EA4 sp=0x801FFF00 a0=0x000000B4
[CALL-CHAIN] #667 f61 addr=0x80019844 ra=0x80010EA4 sp=0x801FFF00 a0=0x800106B4
[CALL-CHAIN] #668 f61 addr=0x8001A65C ra=0x8001991C sp=0x801FFED0 a0=0x000000B4
[CALL-CHAIN] #669 f61 addr=0x8001A65C ra=0x8001991C sp=0x801FFED0 a0=0x000000B4
[CALL-CHAIN] #670 f61 addr=0x8001A65C ra=0x8001991C sp=0x801FFED0 a0=0x000000B4
[CALL-CHAIN] #671 f61 addr=0x8001A65C ra=0x8001991C sp=0x801FFED0 a0=0x000000B4
[CALL-CHAIN] #672 f61 addr=0x8001A664 ra=0x80010EA4 sp=0x801FFF00 a0=0x00000001
[CALL-CHAIN] #673 f61 addr=0x8001A664 ra=0x80010EA4 sp=0x801FFF00 a0=0x00000002
[CALL-CHAIN] #674 f61 addr=0x8001A664 ra=0x80010EA4 sp=0x801FFF00 a0=0x000000B4
[CALL-CHAIN] #675 f62 addr=0x80019844 ra=0x80010EA4 sp=0x801FFF00 a0=0x800106B4
[CALL-CHAIN] #676 f62 addr=0x8001A65C ra=0x8001991C sp=0x801FFED0 a0=0x000000B4
[CALL-CHAIN] #677 f62 addr=0x8001A65C ra=0x8001991C sp=0x801FFED0 a0=0x000000B4
[CALL-CHAIN] #678 f62 addr=0x8001A65C ra=0x8001991C sp=0x801FFED0 a0=0x000000B4
[CALL-CHAIN] #679 f62 addr=0x8001A65C ra=0x8001991C sp=0x801FFED0 a0=0x000000B4
[CALL-CHAIN] #680 f62 addr=0x8001A664 ra=0x80010EA4 sp=0x801FFF00 a0=0x00000001
[CALL-CHAIN] #681 f62 addr=0x8001A664 ra=0x80010EA4 sp=0x801FFF00 a0=0x00000002
[CALL-CHAIN] #682 f62 addr=0x8001A664 ra=0x80010EA4 sp=0x801FFF00 a0=0x000000B4
[CALL-CHAIN] #683 f63 addr=0x80019844 ra=0x80010EA4 sp=0x801FFF00 a0=0x800106B4
[CALL-CHAIN] #684 f63 addr=0x8001A65C ra=0x8001991C sp=0x801FFED0 a0=0x000000B4
[CALL-CHAIN] #685 f63 addr=0x8001A65C ra=0x8001991C sp=0x801FFED0 a0=0x000000B4
[CALL-CHAIN] #686 f63 addr=0x8001A65C ra=0x8001991C sp=0x801FFED0 a0=0x000000B4
[CALL-CHAIN] #687 f63 addr=0x8001A65C ra=0x8001991C sp=0x801FFED0 a0=0x000000B4
[CALL-CHAIN] #688 f63 addr=0x8001A664 ra=0x80010EA4 sp=0x801FFF00 a0=0x00000001
[CALL-CHAIN] #689 f63 addr=0x8001A664 ra=0x80010EA4 sp=0x801FFF00 a0=0x00000002
[CALL-CHAIN] #690 f63 addr=0x8001A664 ra=0x80010EA4 sp=0x801FFF00 a0=0x000000B4
[CALL-CHAIN] #691 f64 addr=0x80019844 ra=0x80010EA4 sp=0x801FFF00 a0=0x800106B4
[CALL-CHAIN] #692 f64 addr=0x8001A65C ra=0x8001991C sp=0x801FFED0 a0=0x000000B4
[CALL-CHAIN] #693 f64 addr=0x8001A65C ra=0x8001991C sp=0x801FFED0 a0=0x000000B4
[CALL-CHAIN] #694 f64 addr=0x8001A65C ra=0x8001991C sp=0x801FFED0 a0=0x000000B4
[CALL-CHAIN] #695 f64 addr=0x8001A65C ra=0x8001991C sp=0x801FFED0 a0=0x000000B4
[CALL-CHAIN] #696 f64 addr=0x8001A664 ra=0x80010EA4 sp=0x801FFF00 a0=0x00000001
[CALL-CHAIN] #697 f64 addr=0x8001A664 ra=0x80010EA4 sp=0x801FFF00 a0=0x00000002
[CALL-CHAIN] #698 f64 addr=0x8001A664 ra=0x80010EA4 sp=0x801FFF00 a0=0x000000B4
[CALL-CHAIN] #699 f65 addr=0x80019844 ra=0x80010EA4 sp=0x801FFF00 a0=0x800106B4
[CALL-CHAIN] #700 f65 addr=0x8001A65C ra=0x8001991C sp=0x801FFED0 a0=0x000000B4
[CALL-CHAIN] #701 f65 addr=0x8001A65C ra=0x8001991C sp=0x801FFED0 a0=0x000000B4
[CALL-CHAIN] #702 f65 addr=0x8001A65C ra=0x8001991C sp=0x801FFED0 a0=0x000000B4
[CALL-CHAIN] #703 f65 addr=0x8001A65C ra=0x8001991C sp=0x801FFED0 a0=0x000000B4
[CALL-CHAIN] #704 f65 addr=0x8001A664 ra=0x80010EA4 sp=0x801FFF00 a0=0x00000001
[CALL-CHAIN] #705 f65 addr=0x8001A664 ra=0x80010EA4 sp=0x801FFF00 a0=0x00000002
[CALL-CHAIN] #706 f65 addr=0x8001A664 ra=0x80010EA4 sp=0x801FFF00 a0=0x000000B4
[CALL-CHAIN] #707 f66 addr=0x80019844 ra=0x80010EA4 sp=0x801FFF00 a0=0x800106B4
[CALL-CHAIN] #708 f66 addr=0x8001A65C ra=0x8001991C sp=0x801FFED0 a0=0x000000B4
[CALL-CHAIN] #709 f66 addr=0x8001A65C ra=0x8001991C sp=0x801FFED0 a0=0x000000B4
[CALL-CHAIN] #710 f66 addr=0x8001A65C ra=0x8001991C sp=0x801FFED0 a0=0x000000B4
[CALL-CHAIN] #711 f66 addr=0x8001A65C ra=0x8001991C sp=0x801FFED0 a0=0x000000B4
[CALL-CHAIN] #712 f66 addr=0x8001A664 ra=0x80010EA4 sp=0x801FFF00 a0=0x00000001
[CALL-CHAIN] #713 f66 addr=0x8001A664 ra=0x80010EA4 sp=0x801FFF00 a0=0x00000002
[CALL-CHAIN] #714 f66 addr=0x8001A664 ra=0x80010EA4 sp=0x801FFF00 a0=0x000000B4
[CALL-CHAIN] #715 f67 addr=0x80019844 ra=0x80010EA4 sp=0x801FFF00 a0=0x800106B4
[CALL-CHAIN] #716 f67 addr=0x8001A65C ra=0x8001991C sp=0x801FFED0 a0=0x000000B4
[CALL-CHAIN] #717 f67 addr=0x8001A65C ra=0x8001991C sp=0x801FFED0 a0=0x000000B4
[CALL-CHAIN] #718 f67 addr=0x8001A65C ra=0x8001991C sp=0x801FFED0 a0=0x000000B4
[CALL-CHAIN] #719 f67 addr=0x8001A65C ra=0x8001991C sp=0x801FFED0 a0=0x000000B4
[CALL-CHAIN] #720 f67 addr=0x8001A664 ra=0x80010EA4 sp=0x801FFF00 a0=0x00000001
[CALL-CHAIN] #721 f67 addr=0x8001A664 ra=0x80010EA4 sp=0x801FFF00 a0=0x00000002
[CALL-CHAIN] #722 f67 addr=0x8001A664 ra=0x80010EA4 sp=0x801FFF00 a0=0x000000B4
[CALL-CHAIN] #723 f68 addr=0x80019844 ra=0x80010EA4 sp=0x801FFF00 a0=0x800106B4
[CALL-CHAIN] #724 f68 addr=0x8001A65C ra=0x8001991C sp=0x801FFED0 a0=0x000000B4
[CALL-CHAIN] #725 f68 addr=0x8001A65C ra=0x8001991C sp=0x801FFED0 a0=0x000000B4
[CALL-CHAIN] #726 f68 addr=0x8001A65C ra=0x8001991C sp=0x801FFED0 a0=0x000000B4
[CALL-CHAIN] #727 f68 addr=0x8001A65C ra=0x8001991C sp=0x801FFED0 a0=0x000000B4
[CALL-CHAIN] #728 f68 addr=0x8001A664 ra=0x80010EA4 sp=0x801FFF00 a0=0x00000001
[CALL-CHAIN] #729 f68 addr=0x8001A664 ra=0x80010EA4 sp=0x801FFF00 a0=0x00000002
[CALL-CHAIN] #730 f68 addr=0x8001A664 ra=0x80010EA4 sp=0x801FFF00 a0=0x000000B4
[CALL-CHAIN] #731 f69 addr=0x80019844 ra=0x80010EA4 sp=0x801FFF00 a0=0x800106B4
[CALL-CHAIN] #732 f69 addr=0x8001A65C ra=0x8001991C sp=0x801FFED0 a0=0x000000B4
[CALL-CHAIN] #733 f69 addr=0x8001A65C ra=0x8001991C sp=0x801FFED0 a0=0x000000B4
[CALL-CHAIN] #734 f69 addr=0x8001A65C ra=0x8001991C sp=0x801FFED0 a0=0x000000B4
[CALL-CHAIN] #735 f69 addr=0x8001A65C ra=0x8001991C sp=0x801FFED0 a0=0x000000B4
[CALL-CHAIN] #736 f69 addr=0x8001A664 ra=0x80010EA4 sp=0x801FFF00 a0=0x00000001
[CALL-CHAIN] #737 f69 addr=0x8001A664 ra=0x80010EA4 sp=0x801FFF00 a0=0x00000002
[CALL-CHAIN] #738 f69 addr=0x8001A664 ra=0x80010EA4 sp=0x801FFF00 a0=0x000000B4
[CALL-CHAIN] #739 f70 addr=0x80019844 ra=0x80010EA4 sp=0x801FFF00 a0=0x800106B4
[CALL-CHAIN] #740 f70 addr=0x8001A65C ra=0x8001991C sp=0x801FFED0 a0=0x000000B4
[CALL-CHAIN] #741 f70 addr=0x8001A65C ra=0x8001991C sp=0x801FFED0 a0=0x000000B4
[CALL-CHAIN] #742 f70 addr=0x8001A65C ra=0x8001991C sp=0x801FFED0 a0=0x000000B4
[CALL-CHAIN] #743 f70 addr=0x8001A65C ra=0x8001991C sp=0x801FFED0 a0=0x000000B4
[CALL-CHAIN] #744 f70 addr=0x8001A664 ra=0x80010EA4 sp=0x801FFF00 a0=0x00000001
[CALL-CHAIN] #745 f70 addr=0x8001A664 ra=0x80010EA4 sp=0x801FFF00 a0=0x00000002
[CALL-CHAIN] #746 f70 addr=0x8001A664 ra=0x80010EA4 sp=0x801FFF00 a0=0x000000B4
[CALL-CHAIN] #747 f71 addr=0x80019844 ra=0x80010EA4 sp=0x801FFF00 a0=0x800106B4
[CALL-CHAIN] #748 f71 addr=0x8001A65C ra=0x8001991C sp=0x801FFED0 a0=0x000000B4
[CALL-CHAIN] #749 f71 addr=0x8001A65C ra=0x8001991C sp=0x801FFED0 a0=0x000000B4
[CALL-CHAIN] #750 f71 addr=0x8001A65C ra=0x8001991C sp=0x801FFED0 a0=0x000000B4
[CALL-CHAIN] #751 f71 addr=0x8001A65C ra=0x8001991C sp=0x801FFED0 a0=0x000000B4
[CALL-CHAIN] #752 f71 addr=0x8001A664 ra=0x80010EA4 sp=0x801FFF00 a0=0x00000001
[CALL-CHAIN] #753 f71 addr=0x8001A664 ra=0x80010EA4 sp=0x801FFF00 a0=0x00000002
[CALL-CHAIN] #754 f71 addr=0x8001A664 ra=0x80010EA4 sp=0x801FFF00 a0=0x000000B4
[CALL-CHAIN] #755 f72 addr=0x80019844 ra=0x80010EA4 sp=0x801FFF00 a0=0x800106B4
[CALL-CHAIN] #756 f72 addr=0x8001A65C ra=0x8001991C sp=0x801FFED0 a0=0x000000B4
[CALL-CHAIN] #757 f72 addr=0x8001A65C ra=0x8001991C sp=0x801FFED0 a0=0x000000B4
[CALL-CHAIN] #758 f72 addr=0x8001A65C ra=0x8001991C sp=0x801FFED0 a0=0x000000B4
[CALL-CHAIN] #759 f72 addr=0x8001A65C ra=0x8001991C sp=0x801FFED0 a0=0x000000B4
[CALL-CHAIN] #760 f72 addr=0x8001A664 ra=0x80010EA4 sp=0x801FFF00 a0=0x00000001
[CALL-CHAIN] #761 f72 addr=0x8001A664 ra=0x80010EA4 sp=0x801FFF00 a0=0x00000002
[CALL-CHAIN] #762 f72 addr=0x8001A664 ra=0x80010EA4 sp=0x801FFF00 a0=0x000000B4
[CALL-CHAIN] #763 f73 addr=0x80019844 ra=0x80010EA4 sp=0x801FFF00 a0=0x800106B4
[CALL-CHAIN] #764 f73 addr=0x8001A65C ra=0x8001991C sp=0x801FFED0 a0=0x000000B4
[CALL-CHAIN] #765 f73 addr=0x8001A65C ra=0x8001991C sp=0x801FFED0 a0=0x000000B4
[CALL-CHAIN] #766 f73 addr=0x8001A65C ra=0x8001991C sp=0x801FFED0 a0=0x000000B4
[CALL-CHAIN] #767 f73 addr=0x8001A65C ra=0x8001991C sp=0x801FFED0 a0=0x000000B4
[CALL-CHAIN] #768 f73 addr=0x8001A664 ra=0x80010EA4 sp=0x801FFF00 a0=0x00000001
[CALL-CHAIN] #769 f73 addr=0x8001A664 ra=0x80010EA4 sp=0x801FFF00 a0=0x00000002
[CALL-CHAIN] #770 f73 addr=0x8001A664 ra=0x80010EA4 sp=0x801FFF00 a0=0x000000B4
[CALL-CHAIN] #771 f74 addr=0x80019844 ra=0x80010EA4 sp=0x801FFF00 a0=0x800106B4
[CALL-CHAIN] #772 f74 addr=0x8001A65C ra=0x8001991C sp=0x801FFED0 a0=0x000000B4
[CALL-CHAIN] #773 f74 addr=0x8001A65C ra=0x8001991C sp=0x801FFED0 a0=0x000000B4
[CALL-CHAIN] #774 f74 addr=0x8001A65C ra=0x8001991C sp=0x801FFED0 a0=0x000000B4
[CALL-CHAIN] #775 f74 addr=0x8001A65C ra=0x8001991C sp=0x801FFED0 a0=0x000000B4
[CALL-CHAIN] #776 f74 addr=0x8001A664 ra=0x80010EA4 sp=0x801FFF00 a0=0x00000001
[CALL-CHAIN] #777 f74 addr=0x8001A664 ra=0x80010EA4 sp=0x801FFF00 a0=0x00000002
[CALL-CHAIN] #778 f74 addr=0x8001A664 ra=0x80010EA4 sp=0x801FFF00 a0=0x000000B4
[CALL-CHAIN] #779 f75 addr=0x80019844 ra=0x80010EA4 sp=0x801FFF00 a0=0x800106B4
[CALL-CHAIN] #780 f75 addr=0x8001A65C ra=0x8001991C sp=0x801FFED0 a0=0x000000B4
[CALL-CHAIN] #781 f75 addr=0x8001A65C ra=0x8001991C sp=0x801FFED0 a0=0x000000B4
[CALL-CHAIN] #782 f75 addr=0x8001A65C ra=0x8001991C sp=0x801FFED0 a0=0x000000B4
[CALL-CHAIN] #783 f75 addr=0x8001A65C ra=0x8001991C sp=0x801FFED0 a0=0x000000B4
[CALL-CHAIN] #784 f75 addr=0x8001A664 ra=0x80010EA4 sp=0x801FFF00 a0=0x00000001
[CALL-CHAIN] #785 f75 addr=0x8001A664 ra=0x80010EA4 sp=0x801FFF00 a0=0x00000002
[CALL-CHAIN] #786 f75 addr=0x8001A664 ra=0x80010EA4 sp=0x801FFF00 a0=0x000000B4
[CALL-CHAIN] #787 f76 addr=0x80019844 ra=0x80010EA4 sp=0x801FFF00 a0=0x800106B4
[CALL-CHAIN] #788 f76 addr=0x8001A65C ra=0x8001991C sp=0x801FFED0 a0=0x000000B4
[CALL-CHAIN] #789 f76 addr=0x8001A65C ra=0x8001991C sp=0x801FFED0 a0=0x000000B4
[CALL-CHAIN] #790 f76 addr=0x8001A65C ra=0x8001991C sp=0x801FFED0 a0=0x000000B4
[CALL-CHAIN] #791 f76 addr=0x8001A65C ra=0x8001991C sp=0x801FFED0 a0=0x000000B4
[CALL-CHAIN] #792 f76 addr=0x8001A664 ra=0x80010EA4 sp=0x801FFF00 a0=0x00000001
[CALL-CHAIN] #793 f76 addr=0x8001A664 ra=0x80010EA4 sp=0x801FFF00 a0=0x00000002
[CALL-CHAIN] #794 f76 addr=0x8001A664 ra=0x80010EA4 sp=0x801FFF00 a0=0x000000B4
[CALL-CHAIN] #795 f77 addr=0x80019844 ra=0x80010EA4 sp=0x801FFF00 a0=0x800106B4
[CALL-CHAIN] #796 f77 addr=0x8001A65C ra=0x8001991C sp=0x801FFED0 a0=0x000000B4
[CALL-CHAIN] #797 f77 addr=0x8001A65C ra=0x8001991C sp=0x801FFED0 a0=0x000000B4
[CALL-CHAIN] #798 f77 addr=0x8001A65C ra=0x8001991C sp=0x801FFED0 a0=0x000000B4
[CALL-CHAIN] #799 f77 addr=0x8001A65C ra=0x8001991C sp=0x801FFED0 a0=0x000000B4
[CALL-CHAIN] #800 f77 addr=0x8001A664 ra=0x80010EA4 sp=0x801FFF00 a0=0x00000001
[CALL-CHAIN] #801 f77 addr=0x8001A664 ra=0x80010EA4 sp=0x801FFF00 a0=0x00000002
[CALL-CHAIN] #802 f77 addr=0x8001A664 ra=0x80010EA4 sp=0x801FFF00 a0=0x000000B4
[CALL-CHAIN] #803 f78 addr=0x80019844 ra=0x80010EA4 sp=0x801FFF00 a0=0x800106B4
[CALL-CHAIN] #804 f78 addr=0x8001A65C ra=0x8001991C sp=0x801FFED0 a0=0x000000B4
[CALL-CHAIN] #805 f78 addr=0x8001A65C ra=0x8001991C sp=0x801FFED0 a0=0x000000B4
[CALL-CHAIN] #806 f78 addr=0x8001A65C ra=0x8001991C sp=0x801FFED0 a0=0x000000B4
[CALL-CHAIN] #807 f78 addr=0x8001A65C ra=0x8001991C sp=0x801FFED0 a0=0x000000B4
[CALL-CHAIN] #808 f78 addr=0x8001A664 ra=0x80010EA4 sp=0x801FFF00 a0=0x00000001
[CALL-CHAIN] #809 f78 addr=0x8001A664 ra=0x80010EA4 sp=0x801FFF00 a0=0x00000002
[CALL-CHAIN] #810 f78 addr=0x8001A664 ra=0x80010EA4 sp=0x801FFF00 a0=0x000000B4
[CALL-CHAIN] #811 f79 addr=0x80019844 ra=0x80010EA4 sp=0x801FFF00 a0=0x800106B4
[CALL-CHAIN] #812 f79 addr=0x8001A65C ra=0x8001991C sp=0x801FFED0 a0=0x000000B4
[CALL-CHAIN] #813 f79 addr=0x8001A65C ra=0x8001991C sp=0x801FFED0 a0=0x000000B4
[CALL-CHAIN] #814 f79 addr=0x8001A65C ra=0x8001991C sp=0x801FFED0 a0=0x000000B4
[CALL-CHAIN] #815 f79 addr=0x8001A65C ra=0x8001991C sp=0x801FFED0 a0=0x000000B4
[CALL-CHAIN] #816 f79 addr=0x8001A664 ra=0x80010EA4 sp=0x801FFF00 a0=0x00000001
[CALL-CHAIN] #817 f79 addr=0x8001A664 ra=0x80010EA4 sp=0x801FFF00 a0=0x00000002
[CALL-CHAIN] #818 f79 addr=0x8001A664 ra=0x80010EA4 sp=0x801FFF00 a0=0x000000B4
[CALL-CHAIN] #819 f80 addr=0x80019844 ra=0x80010EA4 sp=0x801FFF00 a0=0x800106B4
[CALL-CHAIN] #820 f80 addr=0x8001A65C ra=0x8001991C sp=0x801FFED0 a0=0x000000B4
[CALL-CHAIN] #821 f80 addr=0x8001A65C ra=0x8001991C sp=0x801FFED0 a0=0x000000B4
[CALL-CHAIN] #822 f80 addr=0x8001A65C ra=0x8001991C sp=0x801FFED0 a0=0x000000B4
[CALL-CHAIN] #823 f80 addr=0x8001A65C ra=0x8001991C sp=0x801FFED0 a0=0x000000B4
[CALL-CHAIN] #824 f80 addr=0x8001A664 ra=0x80010EA4 sp=0x801FFF00 a0=0x00000001
[CALL-CHAIN] #825 f80 addr=0x8001A664 ra=0x80010EA4 sp=0x801FFF00 a0=0x00000002
[CALL-CHAIN] #826 f80 addr=0x8001A664 ra=0x80010EA4 sp=0x801FFF00 a0=0x000000B4
[CALL-CHAIN] #827 f81 addr=0x80019844 ra=0x80010EA4 sp=0x801FFF00 a0=0x800106B4
[CALL-CHAIN] #828 f81 addr=0x8001A65C ra=0x8001991C sp=0x801FFED0 a0=0x000000B4
[CALL-CHAIN] #829 f81 addr=0x8001A65C ra=0x8001991C sp=0x801FFED0 a0=0x000000B4
[CALL-CHAIN] #830 f81 addr=0x8001A65C ra=0x8001991C sp=0x801FFED0 a0=0x000000B4
[CALL-CHAIN] #831 f81 addr=0x8001A65C ra=0x8001991C sp=0x801FFED0 a0=0x000000B4
[CALL-CHAIN] #832 f81 addr=0x8001A664 ra=0x80010EA4 sp=0x801FFF00 a0=0x00000001
[CALL-CHAIN] #833 f81 addr=0x8001A664 ra=0x80010EA4 sp=0x801FFF00 a0=0x00000002
[CALL-CHAIN] #834 f81 addr=0x8001A664 ra=0x80010EA4 sp=0x801FFF00 a0=0x000000B4
[CALL-CHAIN] #835 f82 addr=0x80019844 ra=0x80010EA4 sp=0x801FFF00 a0=0x800106B4
[CALL-CHAIN] #836 f82 addr=0x8001A65C ra=0x8001991C sp=0x801FFED0 a0=0x000000B4
[CALL-CHAIN] #837 f82 addr=0x8001A65C ra=0x8001991C sp=0x801FFED0 a0=0x000000B4
[CALL-CHAIN] #838 f82 addr=0x8001A65C ra=0x8001991C sp=0x801FFED0 a0=0x000000B4
[CALL-CHAIN] #839 f82 addr=0x8001A65C ra=0x8001991C sp=0x801FFED0 a0=0x000000B4
[CALL-CHAIN] #840 f82 addr=0x8001A664 ra=0x80010EA4 sp=0x801FFF00 a0=0x00000001
[CALL-CHAIN] #841 f82 addr=0x8001A664 ra=0x80010EA4 sp=0x801FFF00 a0=0x00000002
[CALL-CHAIN] #842 f82 addr=0x8001A664 ra=0x80010EA4 sp=0x801FFF00 a0=0x000000B4
[CALL-CHAIN] #843 f83 addr=0x80019844 ra=0x80010EA4 sp=0x801FFF00 a0=0x800106B4
[CALL-CHAIN] #844 f83 addr=0x8001A65C ra=0x8001991C sp=0x801FFED0 a0=0x000000B4
[CALL-CHAIN] #845 f83 addr=0x8001A65C ra=0x8001991C sp=0x801FFED0 a0=0x000000B4
[CALL-CHAIN] #846 f83 addr=0x8001A65C ra=0x8001991C sp=0x801FFED0 a0=0x000000B4
[CALL-CHAIN] #847 f83 addr=0x8001A65C ra=0x8001991C sp=0x801FFED0 a0=0x000000B4
[CALL-CHAIN] #848 f83 addr=0x8001A664 ra=0x80010EA4 sp=0x801FFF00 a0=0x00000001
[CALL-CHAIN] #849 f83 addr=0x8001A664 ra=0x80010EA4 sp=0x801FFF00 a0=0x00000002
[CALL-CHAIN] #850 f83 addr=0x8001A664 ra=0x80010EA4 sp=0x801FFF00 a0=0x000000B4
[CALL-CHAIN] #851 f84 addr=0x80019844 ra=0x80010EA4 sp=0x801FFF00 a0=0x800106B4
[CALL-CHAIN] #852 f84 addr=0x8001A65C ra=0x8001991C sp=0x801FFED0 a0=0x000000B4
[CALL-CHAIN] #853 f84 addr=0x8001A65C ra=0x8001991C sp=0x801FFED0 a0=0x000000B4
[CALL-CHAIN] #854 f84 addr=0x8001A65C ra=0x8001991C sp=0x801FFED0 a0=0x000000B4
[CALL-CHAIN] #855 f84 addr=0x8001A65C ra=0x8001991C sp=0x801FFED0 a0=0x000000B4
[CALL-CHAIN] #856 f84 addr=0x8001A664 ra=0x80010EA4 sp=0x801FFF00 a0=0x00000001
[CALL-CHAIN] #857 f84 addr=0x8001A664 ra=0x80010EA4 sp=0x801FFF00 a0=0x00000002
[CALL-CHAIN] #858 f84 addr=0x8001A664 ra=0x80010EA4 sp=0x801FFF00 a0=0x000000B4
[CALL-CHAIN] #859 f85 addr=0x80019844 ra=0x80010EA4 sp=0x801FFF00 a0=0x800106B4
[CALL-CHAIN] #860 f85 addr=0x8001A65C ra=0x8001991C sp=0x801FFED0 a0=0x000000B4
[CALL-CHAIN] #861 f85 addr=0x8001A65C ra=0x8001991C sp=0x801FFED0 a0=0x000000B4
[CALL-CHAIN] #862 f85 addr=0x8001A65C ra=0x8001991C sp=0x801FFED0 a0=0x000000B4
[CALL-CHAIN] #863 f85 addr=0x8001A65C ra=0x8001991C sp=0x801FFED0 a0=0x000000B4
[CALL-CHAIN] #864 f85 addr=0x8001A664 ra=0x80010EA4 sp=0x801FFF00 a0=0x00000001
[CALL-CHAIN] #865 f85 addr=0x8001A664 ra=0x80010EA4 sp=0x801FFF00 a0=0x00000002
[CALL-CHAIN] #866 f85 addr=0x8001A664 ra=0x80010EA4 sp=0x801FFF00 a0=0x000000B4
[CALL-CHAIN] #867 f86 addr=0x80019844 ra=0x80010EA4 sp=0x801FFF00 a0=0x800106B4
[CALL-CHAIN] #868 f86 addr=0x8001A65C ra=0x8001991C sp=0x801FFED0 a0=0x000000B4
[CALL-CHAIN] #869 f86 addr=0x8001A65C ra=0x8001991C sp=0x801FFED0 a0=0x000000B4
[CALL-CHAIN] #870 f86 addr=0x8001A65C ra=0x8001991C sp=0x801FFED0 a0=0x000000B4
[CALL-CHAIN] #871 f86 addr=0x8001A65C ra=0x8001991C sp=0x801FFED0 a0=0x000000B4
[CALL-CHAIN] #872 f86 addr=0x8001A664 ra=0x80010EA4 sp=0x801FFF00 a0=0x00000001
[CALL-CHAIN] #873 f86 addr=0x8001A664 ra=0x80010EA4 sp=0x801FFF00 a0=0x00000002
[CALL-CHAIN] #874 f86 addr=0x8001A664 ra=0x80010EA4 sp=0x801FFF00 a0=0x000000B4
[CALL-CHAIN] #875 f87 addr=0x80019844 ra=0x80010EA4 sp=0x801FFF00 a0=0x800106B4
[CALL-CHAIN] #876 f87 addr=0x8001A65C ra=0x8001991C sp=0x801FFED0 a0=0x000000B4
[CALL-CHAIN] #877 f87 addr=0x8001A65C ra=0x8001991C sp=0x801FFED0 a0=0x000000B4
[CALL-CHAIN] #878 f87 addr=0x8001A65C ra=0x8001991C sp=0x801FFED0 a0=0x000000B4
[CALL-CHAIN] #879 f87 addr=0x8001A65C ra=0x8001991C sp=0x801FFED0 a0=0x000000B4
[CALL-CHAIN] #880 f87 addr=0x8001A664 ra=0x80010EA4 sp=0x801FFF00 a0=0x00000001
[CALL-CHAIN] #881 f87 addr=0x8001A664 ra=0x80010EA4 sp=0x801FFF00 a0=0x00000002
[CALL-CHAIN] #882 f87 addr=0x8001A664 ra=0x80010EA4 sp=0x801FFF00 a0=0x000000B4
[CALL-CHAIN] #883 f88 addr=0x80019844 ra=0x80010EA4 sp=0x801FFF00 a0=0x800106B4
[CALL-CHAIN] #884 f88 addr=0x8001A65C ra=0x8001991C sp=0x801FFED0 a0=0x000000B4
[CALL-CHAIN] #885 f88 addr=0x8001A65C ra=0x8001991C sp=0x801FFED0 a0=0x000000B4
[CALL-CHAIN] #886 f88 addr=0x8001A65C ra=0x8001991C sp=0x801FFED0 a0=0x000000B4
[CALL-CHAIN] #887 f88 addr=0x8001A65C ra=0x8001991C sp=0x801FFED0 a0=0x000000B4
[CALL-CHAIN] #888 f88 addr=0x8001A664 ra=0x80010EA4 sp=0x801FFF00 a0=0x00000001
[CALL-CHAIN] #889 f88 addr=0x8001A664 ra=0x80010EA4 sp=0x801FFF00 a0=0x00000002
[CALL-CHAIN] #890 f88 addr=0x8001A664 ra=0x80010EA4 sp=0x801FFF00 a0=0x000000B4
[CALL-CHAIN] #891 f89 addr=0x80019844 ra=0x80010EA4 sp=0x801FFF00 a0=0x800106B4
[CALL-CHAIN] #892 f89 addr=0x8001A65C ra=0x8001991C sp=0x801FFED0 a0=0x000000B4
[CALL-CHAIN] #893 f89 addr=0x8001A65C ra=0x8001991C sp=0x801FFED0 a0=0x000000B4
[CALL-CHAIN] #894 f89 addr=0x8001A65C ra=0x8001991C sp=0x801FFED0 a0=0x000000B4
[CALL-CHAIN] #895 f89 addr=0x8001A65C ra=0x8001991C sp=0x801FFED0 a0=0x000000B4
[CALL-CHAIN] #896 f89 addr=0x8001A664 ra=0x80010EA4 sp=0x801FFF00 a0=0x00000001
[CALL-CHAIN] #897 f89 addr=0x8001A664 ra=0x80010EA4 sp=0x801FFF00 a0=0x00000002
[CALL-CHAIN] #898 f89 addr=0x8001A664 ra=0x80010EA4 sp=0x801FFF00 a0=0x000000B4
[CALL-CHAIN] #899 f90 addr=0x80019844 ra=0x80010EA4 sp=0x801FFF00 a0=0x800106B4
[CALL-CHAIN] #900 f90 addr=0x8001A65C ra=0x8001991C sp=0x801FFED0 a0=0x000000B4
[CALL-CHAIN] #901 f90 addr=0x8001A65C ra=0x8001991C sp=0x801FFED0 a0=0x000000B4
[CALL-CHAIN] #902 f90 addr=0x8001A65C ra=0x8001991C sp=0x801FFED0 a0=0x000000B4
[CALL-CHAIN] #903 f90 addr=0x8001A65C ra=0x8001991C sp=0x801FFED0 a0=0x000000B4
[CALL-CHAIN] #904 f90 addr=0x8001A664 ra=0x80010EA4 sp=0x801FFF00 a0=0x00000001
[CALL-CHAIN] #905 f90 addr=0x8001A664 ra=0x80010EA4 sp=0x801FFF00 a0=0x00000002
[CALL-CHAIN] #906 f90 addr=0x8001A664 ra=0x80010EA4 sp=0x801FFF00 a0=0x000000B4
[CALL-CHAIN] #907 f91 addr=0x80019844 ra=0x80010EA4 sp=0x801FFF00 a0=0x800106B4
[CALL-CHAIN] #908 f91 addr=0x8001A65C ra=0x8001991C sp=0x801FFED0 a0=0x000000B4
[CALL-CHAIN] #909 f91 addr=0x8001A65C ra=0x8001991C sp=0x801FFED0 a0=0x000000B4
[CALL-CHAIN] #910 f91 addr=0x8001A65C ra=0x8001991C sp=0x801FFED0 a0=0x000000B4
[CALL-CHAIN] #911 f91 addr=0x8001A65C ra=0x8001991C sp=0x801FFED0 a0=0x000000B4
[CALL-CHAIN] #912 f91 addr=0x8001A664 ra=0x80010EA4 sp=0x801FFF00 a0=0x00000001
[CALL-CHAIN] #913 f91 addr=0x8001A664 ra=0x80010EA4 sp=0x801FFF00 a0=0x00000002
[CALL-CHAIN] #914 f91 addr=0x8001A664 ra=0x80010EA4 sp=0x801FFF00 a0=0x000000B4
[CALL-CHAIN] #915 f92 addr=0x80019844 ra=0x80010EA4 sp=0x801FFF00 a0=0x800106B4
[CALL-CHAIN] #916 f92 addr=0x8001A65C ra=0x8001991C sp=0x801FFED0 a0=0x000000B4
[CALL-CHAIN] #917 f92 addr=0x8001A65C ra=0x8001991C sp=0x801FFED0 a0=0x000000B4
[CALL-CHAIN] #918 f92 addr=0x8001A65C ra=0x8001991C sp=0x801FFED0 a0=0x000000B4
[CALL-CHAIN] #919 f92 addr=0x8001A65C ra=0x8001991C sp=0x801FFED0 a0=0x000000B4
[CALL-CHAIN] #920 f92 addr=0x8001A664 ra=0x80010EA4 sp=0x801FFF00 a0=0x00000001
[CALL-CHAIN] #921 f92 addr=0x8001A664 ra=0x80010EA4 sp=0x801FFF00 a0=0x00000002
[CALL-CHAIN] #922 f92 addr=0x8001A664 ra=0x80010EA4 sp=0x801FFF00 a0=0x000000B4
[CALL-CHAIN] #923 f93 addr=0x80019844 ra=0x80010EA4 sp=0x801FFF00 a0=0x800106B4
[CALL-CHAIN] #924 f93 addr=0x8001A65C ra=0x8001991C sp=0x801FFED0 a0=0x000000B4
[CALL-CHAIN] #925 f93 addr=0x8001A65C ra=0x8001991C sp=0x801FFED0 a0=0x000000B4
[CALL-CHAIN] #926 f93 addr=0x8001A65C ra=0x8001991C sp=0x801FFED0 a0=0x000000B4
[CALL-CHAIN] #927 f93 addr=0x8001A65C ra=0x8001991C sp=0x801FFED0 a0=0x000000B4
[CALL-CHAIN] #928 f93 addr=0x8001A664 ra=0x80010EA4 sp=0x801FFF00 a0=0x00000001
[CALL-CHAIN] #929 f93 addr=0x8001A664 ra=0x80010EA4 sp=0x801FFF00 a0=0x00000002
[CALL-CHAIN] #930 f93 addr=0x8001A664 ra=0x80010EA4 sp=0x801FFF00 a0=0x000000B4
[CALL-CHAIN] #931 f94 addr=0x80019844 ra=0x80010EA4 sp=0x801FFF00 a0=0x800106B4
[CALL-CHAIN] #932 f94 addr=0x8001A65C ra=0x8001991C sp=0x801FFED0 a0=0x000000B4
[CALL-CHAIN] #933 f94 addr=0x8001A65C ra=0x8001991C sp=0x801FFED0 a0=0x000000B4
[CALL-CHAIN] #934 f94 addr=0x8001A65C ra=0x8001991C sp=0x801FFED0 a0=0x000000B4
[CALL-CHAIN] #935 f94 addr=0x8001A65C ra=0x8001991C sp=0x801FFED0 a0=0x000000B4
[CALL-CHAIN] #936 f94 addr=0x8001A664 ra=0x80010EA4 sp=0x801FFF00 a0=0x00000001
[CALL-CHAIN] #937 f94 addr=0x8001A664 ra=0x80010EA4 sp=0x801FFF00 a0=0x00000002
[CALL-CHAIN] #938 f94 addr=0x8001A664 ra=0x80010EA4 sp=0x801FFF00 a0=0x000000B4
[CALL-CHAIN] #939 f95 addr=0x80019844 ra=0x80010EA4 sp=0x801FFF00 a0=0x800106B4
[CALL-CHAIN] #940 f95 addr=0x8001A65C ra=0x8001991C sp=0x801FFED0 a0=0x000000B4
[CALL-CHAIN] #941 f95 addr=0x8001A65C ra=0x8001991C sp=0x801FFED0 a0=0x000000B4
[CALL-CHAIN] #942 f95 addr=0x8001A65C ra=0x8001991C sp=0x801FFED0 a0=0x000000B4
[CALL-CHAIN] #943 f95 addr=0x8001A65C ra=0x8001991C sp=0x801FFED0 a0=0x000000B4
[CALL-CHAIN] #944 f95 addr=0x8001A664 ra=0x80010EA4 sp=0x801FFF00 a0=0x00000001
[CALL-CHAIN] #945 f95 addr=0x8001A664 ra=0x80010EA4 sp=0x801FFF00 a0=0x00000002
[CALL-CHAIN] #946 f95 addr=0x8001A664 ra=0x80010EA4 sp=0x801FFF00 a0=0x000000B4
[CALL-CHAIN] #947 f96 addr=0x80019844 ra=0x80010EA4 sp=0x801FFF00 a0=0x800106B4
[CALL-CHAIN] #948 f96 addr=0x8001A65C ra=0x8001991C sp=0x801FFED0 a0=0x000000B4
[CALL-CHAIN] #949 f96 addr=0x8001A65C ra=0x8001991C sp=0x801FFED0 a0=0x000000B4
[CALL-CHAIN] #950 f96 addr=0x8001A65C ra=0x8001991C sp=0x801FFED0 a0=0x000000B4
[CALL-CHAIN] #951 f96 addr=0x8001A65C ra=0x8001991C sp=0x801FFED0 a0=0x000000B4
[CALL-CHAIN] #952 f96 addr=0x8001A664 ra=0x80010EA4 sp=0x801FFF00 a0=0x00000001
[CALL-CHAIN] #953 f96 addr=0x8001A664 ra=0x80010EA4 sp=0x801FFF00 a0=0x00000002
[CALL-CHAIN] #954 f96 addr=0x8001A664 ra=0x80010EA4 sp=0x801FFF00 a0=0x000000B4
[CALL-CHAIN] #955 f97 addr=0x80019844 ra=0x80010EA4 sp=0x801FFF00 a0=0x800106B4
[CALL-CHAIN] #956 f97 addr=0x8001A65C ra=0x8001991C sp=0x801FFED0 a0=0x000000B4
[CALL-CHAIN] #957 f97 addr=0x8001A65C ra=0x8001991C sp=0x801FFED0 a0=0x000000B4
[CALL-CHAIN] #958 f97 addr=0x8001A65C ra=0x8001991C sp=0x801FFED0 a0=0x000000B4
[CALL-CHAIN] #959 f97 addr=0x8001A65C ra=0x8001991C sp=0x801FFED0 a0=0x000000B4
[CALL-CHAIN] #960 f97 addr=0x8001A664 ra=0x80010EA4 sp=0x801FFF00 a0=0x00000001
[CALL-CHAIN] #961 f97 addr=0x8001A664 ra=0x80010EA4 sp=0x801FFF00 a0=0x00000002
[CALL-CHAIN] #962 f97 addr=0x8001A664 ra=0x80010EA4 sp=0x801FFF00 a0=0x000000B4
[CALL-CHAIN] #963 f98 addr=0x80019844 ra=0x80010EA4 sp=0x801FFF00 a0=0x800106B4
[CALL-CHAIN] #964 f98 addr=0x8001A65C ra=0x8001991C sp=0x801FFED0 a0=0x000000B4
[CALL-CHAIN] #965 f98 addr=0x8001A65C ra=0x8001991C sp=0x801FFED0 a0=0x000000B4
[CALL-CHAIN] #966 f98 addr=0x8001A65C ra=0x8001991C sp=0x801FFED0 a0=0x000000B4
[CALL-CHAIN] #967 f98 addr=0x8001A65C ra=0x8001991C sp=0x801FFED0 a0=0x000000B4
[CALL-CHAIN] #968 f98 addr=0x8001A664 ra=0x80010EA4 sp=0x801FFF00 a0=0x00000001
[CALL-CHAIN] #969 f98 addr=0x8001A664 ra=0x80010EA4 sp=0x801FFF00 a0=0x00000002
[CALL-CHAIN] #970 f98 addr=0x8001A664 ra=0x80010EA4 sp=0x801FFF00 a0=0x000000B4
[CALL-CHAIN] #971 f99 addr=0x80019844 ra=0x80010EA4 sp=0x801FFF00 a0=0x800106B4
[CALL-CHAIN] #972 f99 addr=0x8001A65C ra=0x8001991C sp=0x801FFED0 a0=0x000000B4
[CALL-CHAIN] #973 f99 addr=0x8001A65C ra=0x8001991C sp=0x801FFED0 a0=0x000000B4
[CALL-CHAIN] #974 f99 addr=0x8001A65C ra=0x8001991C sp=0x801FFED0 a0=0x000000B4
[CALL-CHAIN] #975 f99 addr=0x8001A65C ra=0x8001991C sp=0x801FFED0 a0=0x000000B4
[CALL-CHAIN] #976 f99 addr=0x8001A664 ra=0x80010EA4 sp=0x801FFF00 a0=0x00000001
[CALL-CHAIN] #977 f99 addr=0x8001A664 ra=0x80010EA4 sp=0x801FFF00 a0=0x00000002
[CALL-CHAIN] #978 f99 addr=0x8001A664 ra=0x80010EA4 sp=0x801FFF00 a0=0x000000B4
[CALL-CHAIN] #979 f100 addr=0x80019844 ra=0x80010EA4 sp=0x801FFF00 a0=0x800106B4
[CALL-CHAIN] #980 f100 addr=0x8001A65C ra=0x8001991C sp=0x801FFED0 a0=0x000000B4
[CALL-CHAIN] #981 f100 addr=0x8001A65C ra=0x8001991C sp=0x801FFED0 a0=0x000000B4
[CALL-CHAIN] #982 f100 addr=0x8001A65C ra=0x8001991C sp=0x801FFED0 a0=0x000000B4
[CALL-CHAIN] #983 f100 addr=0x8001A65C ra=0x8001991C sp=0x801FFED0 a0=0x000000B4
[CALL-CHAIN] #984 f100 addr=0x8001A664 ra=0x80010EA4 sp=0x801FFF00 a0=0x00000001
[CALL-CHAIN] #985 f100 addr=0x8001A664 ra=0x80010EA4 sp=0x801FFF00 a0=0x00000002
[CALL-CHAIN] #986 f100 addr=0x8001A664 ra=0x80010EA4 sp=0x801FFF00 a0=0x000000B4
[CALL-CHAIN] #987 f101 addr=0x80019844 ra=0x80010EA4 sp=0x801FFF00 a0=0x800106B4
[CALL-CHAIN] #988 f101 addr=0x8001A65C ra=0x8001991C sp=0x801FFED0 a0=0x000000B4
[CALL-CHAIN] #989 f101 addr=0x8001A65C ra=0x8001991C sp=0x801FFED0 a0=0x000000B4
[CALL-CHAIN] #990 f101 addr=0x8001A65C ra=0x8001991C sp=0x801FFED0 a0=0x000000B4
[CALL-CHAIN] #991 f101 addr=0x8001A65C ra=0x8001991C sp=0x801FFED0 a0=0x000000B4
[CALL-CHAIN] #992 f101 addr=0x8001A664 ra=0x80010EA4 sp=0x801FFF00 a0=0x00000001
[CALL-CHAIN] #993 f101 addr=0x8001A664 ra=0x80010EA4 sp=0x801FFF00 a0=0x00000002
[CALL-CHAIN] #994 f101 addr=0x8001A664 ra=0x80010EA4 sp=0x801FFF00 a0=0x000000B4
[CALL-CHAIN] #995 f102 addr=0x80019844 ra=0x80010EA4 sp=0x801FFF00 a0=0x800106B4
[CALL-CHAIN] #996 f102 addr=0x8001A65C ra=0x8001991C sp=0x801FFED0 a0=0x000000B4
[CALL-CHAIN] #997 f102 addr=0x8001A65C ra=0x8001991C sp=0x801FFED0 a0=0x000000B4
[CALL-CHAIN] #998 f102 addr=0x8001A65C ra=0x8001991C sp=0x801FFED0 a0=0x000000B4
[CALL-CHAIN] #999 f102 addr=0x8001A65C ra=0x8001991C sp=0x801FFED0 a0=0x000000B4
[CALL-CHAIN] #1000 f102 addr=0x8001A664 ra=0x80010EA4 sp=0x801FFF00 a0=0x00000001
[CALL-CHAIN] #1001 f102 addr=0x8001A664 ra=0x80010EA4 sp=0x801FFF00 a0=0x00000002
[CALL-CHAIN] #1002 f102 addr=0x8001A664 ra=0x80010EA4 sp=0x801FFF00 a0=0x000000B4
[CALL-CHAIN] #1003 f103 addr=0x80019844 ra=0x80010EA4 sp=0x801FFF00 a0=0x800106B4
[CALL-CHAIN] #1004 f103 addr=0x8001A65C ra=0x8001991C sp=0x801FFED0 a0=0x000000B4
[CALL-CHAIN] #1005 f103 addr=0x8001A65C ra=0x8001991C sp=0x801FFED0 a0=0x000000B4
[CALL-CHAIN] #1006 f103 addr=0x8001A65C ra=0x8001991C sp=0x801FFED0 a0=0x000000B4
[CALL-CHAIN] #1007 f103 addr=0x8001A65C ra=0x8001991C sp=0x801FFED0 a0=0x000000B4
[CALL-CHAIN] #1008 f103 addr=0x8001A664 ra=0x80010EA4 sp=0x801FFF00 a0=0x00000001
[CALL-CHAIN] #1009 f103 addr=0x8001A664 ra=0x80010EA4 sp=0x801FFF00 a0=0x00000002
[CALL-CHAIN] #1010 f103 addr=0x8001A664 ra=0x80010EA4 sp=0x801FFF00 a0=0x000000B4
[CALL-CHAIN] #1011 f104 addr=0x80019844 ra=0x80010EA4 sp=0x801FFF00 a0=0x800106B4
[CALL-CHAIN] #1012 f104 addr=0x8001A65C ra=0x8001991C sp=0x801FFED0 a0=0x000000B4
[CALL-CHAIN] #1013 f104 addr=0x8001A65C ra=0x8001991C sp=0x801FFED0 a0=0x000000B4
[CALL-CHAIN] #1014 f104 addr=0x8001A65C ra=0x8001991C sp=0x801FFED0 a0=0x000000B4
[CALL-CHAIN] #1015 f104 addr=0x8001A65C ra=0x8001991C sp=0x801FFED0 a0=0x000000B4
[CALL-CHAIN] #1016 f104 addr=0x8001A664 ra=0x80010EA4 sp=0x801FFF00 a0=0x00000001
[CALL-CHAIN] #1017 f104 addr=0x8001A664 ra=0x80010EA4 sp=0x801FFF00 a0=0x00000002
[CALL-CHAIN] #1018 f104 addr=0x8001A664 ra=0x80010EA4 sp=0x801FFF00 a0=0x000000B4
[CALL-CHAIN] #1019 f105 addr=0x80019844 ra=0x80010EA4 sp=0x801FFF00 a0=0x800106B4
[CALL-CHAIN] #1020 f105 addr=0x8001A65C ra=0x8001991C sp=0x801FFED0 a0=0x000000B4
[CALL-CHAIN] #1021 f105 addr=0x8001A65C ra=0x8001991C sp=0x801FFED0 a0=0x000000B4
[CALL-CHAIN] #1022 f105 addr=0x8001A65C ra=0x8001991C sp=0x801FFED0 a0=0x000000B4
[CALL-CHAIN] #1023 f105 addr=0x8001A65C ra=0x8001991C sp=0x801FFED0 a0=0x000000B4
[CALL-CHAIN] #1024 f105 addr=0x8001A664 ra=0x80010EA4 sp=0x801FFF00 a0=0x00000001
[CALL-CHAIN] #1025 f105 addr=0x8001A664 ra=0x80010EA4 sp=0x801FFF00 a0=0x00000002
[CALL-CHAIN] #1026 f105 addr=0x8001A664 ra=0x80010EA4 sp=0x801FFF00 a0=0x000000B4
[CALL-CHAIN] #1027 f106 addr=0x80019844 ra=0x80010EA4 sp=0x801FFF00 a0=0x800106B4
[CALL-CHAIN] #1028 f106 addr=0x8001A65C ra=0x8001991C sp=0x801FFED0 a0=0x000000B4
[CALL-CHAIN] #1029 f106 addr=0x8001A65C ra=0x8001991C sp=0x801FFED0 a0=0x000000B4
[CALL-CHAIN] #1030 f106 addr=0x8001A65C ra=0x8001991C sp=0x801FFED0 a0=0x000000B4
[CALL-CHAIN] #1031 f106 addr=0x8001A65C ra=0x8001991C sp=0x801FFED0 a0=0x000000B4
[CALL-CHAIN] #1032 f106 addr=0x8001A664 ra=0x80010EA4 sp=0x801FFF00 a0=0x00000001
[CALL-CHAIN] #1033 f106 addr=0x8001A664 ra=0x80010EA4 sp=0x801FFF00 a0=0x00000002
[CALL-CHAIN] #1034 f106 addr=0x8001A664 ra=0x80010EA4 sp=0x801FFF00 a0=0x000000B4
[CALL-CHAIN] #1035 f107 addr=0x80019844 ra=0x80010EA4 sp=0x801FFF00 a0=0x800106B4
[CALL-CHAIN] #1036 f107 addr=0x8001A65C ra=0x8001991C sp=0x801FFED0 a0=0x000000B4
[CALL-CHAIN] #1037 f107 addr=0x8001A65C ra=0x8001991C sp=0x801FFED0 a0=0x000000B4
[CALL-CHAIN] #1038 f107 addr=0x8001A65C ra=0x8001991C sp=0x801FFED0 a0=0x000000B4
[CALL-CHAIN] #1039 f107 addr=0x8001A65C ra=0x8001991C sp=0x801FFED0 a0=0x000000B4
[CALL-CHAIN] #1040 f107 addr=0x8001A664 ra=0x80010EA4 sp=0x801FFF00 a0=0x00000001
[CALL-CHAIN] #1041 f107 addr=0x8001A664 ra=0x80010EA4 sp=0x801FFF00 a0=0x00000002
[CALL-CHAIN] #1042 f107 addr=0x8001A664 ra=0x80010EA4 sp=0x801FFF00 a0=0x000000B4
[CALL-CHAIN] #1043 f108 addr=0x80019844 ra=0x80010EA4 sp=0x801FFF00 a0=0x800106B4
[CALL-CHAIN] #1044 f108 addr=0x8001A65C ra=0x8001991C sp=0x801FFED0 a0=0x000000B4
[CALL-CHAIN] #1045 f108 addr=0x8001A65C ra=0x8001991C sp=0x801FFED0 a0=0x000000B4
[CALL-CHAIN] #1046 f108 addr=0x8001A65C ra=0x8001991C sp=0x801FFED0 a0=0x000000B4
[CALL-CHAIN] #1047 f108 addr=0x8001A65C ra=0x8001991C sp=0x801FFED0 a0=0x000000B4
[CALL-CHAIN] #1048 f108 addr=0x8001A664 ra=0x80010EA4 sp=0x801FFF00 a0=0x00000001
[CALL-CHAIN] #1049 f108 addr=0x8001A664 ra=0x80010EA4 sp=0x801FFF00 a0=0x00000002
[CALL-CHAIN] #1050 f108 addr=0x8001A664 ra=0x80010EA4 sp=0x801FFF00 a0=0x000000B4
[CALL-CHAIN] #1051 f109 addr=0x80019844 ra=0x80010EA4 sp=0x801FFF00 a0=0x800106B4
[CALL-CHAIN] #1052 f109 addr=0x8001A65C ra=0x8001991C sp=0x801FFED0 a0=0x000000B4
[CALL-CHAIN] #1053 f109 addr=0x8001A65C ra=0x8001991C sp=0x801FFED0 a0=0x000000B4
[CALL-CHAIN] #1054 f109 addr=0x8001A65C ra=0x8001991C sp=0x801FFED0 a0=0x000000B4
[CALL-CHAIN] #1055 f109 addr=0x8001A65C ra=0x8001991C sp=0x801FFED0 a0=0x000000B4
[CALL-CHAIN] #1056 f109 addr=0x8001A664 ra=0x80010EA4 sp=0x801FFF00 a0=0x00000001
[CALL-CHAIN] #1057 f109 addr=0x8001A664 ra=0x80010EA4 sp=0x801FFF00 a0=0x00000002
[CALL-CHAIN] #1058 f109 addr=0x8001A664 ra=0x80010EA4 sp=0x801FFF00 a0=0x000000B4
[CALL-CHAIN] #1059 f110 addr=0x80019844 ra=0x80010EA4 sp=0x801FFF00 a0=0x800106B4
[CALL-CHAIN] #1060 f110 addr=0x8001A65C ra=0x8001991C sp=0x801FFED0 a0=0x000000B4
[CALL-CHAIN] #1061 f110 addr=0x8001A65C ra=0x8001991C sp=0x801FFED0 a0=0x000000B4
[CALL-CHAIN] #1062 f110 addr=0x8001A65C ra=0x8001991C sp=0x801FFED0 a0=0x000000B4
[CALL-CHAIN] #1063 f110 addr=0x8001A65C ra=0x8001991C sp=0x801FFED0 a0=0x000000B4
[CALL-CHAIN] #1064 f110 addr=0x8001A664 ra=0x80010EA4 sp=0x801FFF00 a0=0x00000001
[CALL-CHAIN] #1065 f110 addr=0x8001A664 ra=0x80010EA4 sp=0x801FFF00 a0=0x00000002
[CALL-CHAIN] #1066 f110 addr=0x8001A664 ra=0x80010EA4 sp=0x801FFF00 a0=0x000000B4
[CALL-CHAIN] #1067 f111 addr=0x80019844 ra=0x80010EA4 sp=0x801FFF00 a0=0x800106B4
[CALL-CHAIN] #1068 f111 addr=0x8001A65C ra=0x8001991C sp=0x801FFED0 a0=0x000000B4
[CALL-CHAIN] #1069 f111 addr=0x8001A65C ra=0x8001991C sp=0x801FFED0 a0=0x000000B4
[CALL-CHAIN] #1070 f111 addr=0x8001A65C ra=0x8001991C sp=0x801FFED0 a0=0x000000B4
[CALL-CHAIN] #1071 f111 addr=0x8001A65C ra=0x8001991C sp=0x801FFED0 a0=0x000000B4
[CALL-CHAIN] #1072 f111 addr=0x8001A664 ra=0x80010EA4 sp=0x801FFF00 a0=0x00000001
[CALL-CHAIN] #1073 f111 addr=0x8001A664 ra=0x80010EA4 sp=0x801FFF00 a0=0x00000002
[CALL-CHAIN] #1074 f111 addr=0x8001A664 ra=0x80010EA4 sp=0x801FFF00 a0=0x000000B4
[CALL-CHAIN] #1075 f112 addr=0x80019844 ra=0x80010EA4 sp=0x801FFF00 a0=0x800106B4
[CALL-CHAIN] #1076 f112 addr=0x8001A65C ra=0x8001991C sp=0x801FFED0 a0=0x000000B4
[CALL-CHAIN] #1077 f112 addr=0x8001A65C ra=0x8001991C sp=0x801FFED0 a0=0x000000B4
[CALL-CHAIN] #1078 f112 addr=0x8001A65C ra=0x8001991C sp=0x801FFED0 a0=0x000000B4
[CALL-CHAIN] #1079 f112 addr=0x8001A65C ra=0x8001991C sp=0x801FFED0 a0=0x000000B4
[CALL-CHAIN] #1080 f112 addr=0x8001A664 ra=0x80010EA4 sp=0x801FFF00 a0=0x00000001
[CALL-CHAIN] #1081 f112 addr=0x8001A664 ra=0x80010EA4 sp=0x801FFF00 a0=0x00000002
[CALL-CHAIN] #1082 f112 addr=0x8001A664 ra=0x80010EA4 sp=0x801FFF00 a0=0x000000B4
[CALL-CHAIN] #1083 f113 addr=0x80019844 ra=0x80010EA4 sp=0x801FFF00 a0=0x800106B4
[CALL-CHAIN] #1084 f113 addr=0x8001A65C ra=0x8001991C sp=0x801FFED0 a0=0x000000B4
[CALL-CHAIN] #1085 f113 addr=0x8001A65C ra=0x8001991C sp=0x801FFED0 a0=0x000000B4
[CALL-CHAIN] #1086 f113 addr=0x8001A65C ra=0x8001991C sp=0x801FFED0 a0=0x000000B4
[CALL-CHAIN] #1087 f113 addr=0x8001A65C ra=0x8001991C sp=0x801FFED0 a0=0x000000B4
[CALL-CHAIN] #1088 f113 addr=0x8001A664 ra=0x80010EA4 sp=0x801FFF00 a0=0x00000001
[CALL-CHAIN] #1089 f113 addr=0x8001A664 ra=0x80010EA4 sp=0x801FFF00 a0=0x00000002
[CALL-CHAIN] #1090 f113 addr=0x8001A664 ra=0x80010EA4 sp=0x801FFF00 a0=0x000000B4
[CALL-CHAIN] #1091 f114 addr=0x80019844 ra=0x80010EA4 sp=0x801FFF00 a0=0x800106B4
[CALL-CHAIN] #1092 f114 addr=0x8001A65C ra=0x8001991C sp=0x801FFED0 a0=0x000000B4
[CALL-CHAIN] #1093 f114 addr=0x8001A65C ra=0x8001991C sp=0x801FFED0 a0=0x000000B4
[CALL-CHAIN] #1094 f114 addr=0x8001A65C ra=0x8001991C sp=0x801FFED0 a0=0x000000B4
[CALL-CHAIN] #1095 f114 addr=0x8001A65C ra=0x8001991C sp=0x801FFED0 a0=0x000000B4
[CALL-CHAIN] #1096 f114 addr=0x8001A664 ra=0x80010EA4 sp=0x801FFF00 a0=0x00000001
[CALL-CHAIN] #1097 f114 addr=0x8001A664 ra=0x80010EA4 sp=0x801FFF00 a0=0x00000002
[CALL-CHAIN] #1098 f114 addr=0x8001A664 ra=0x80010EA4 sp=0x801FFF00 a0=0x000000B4
[CALL-CHAIN] #1099 f115 addr=0x80019844 ra=0x80010EA4 sp=0x801FFF00 a0=0x800106B4
[CALL-CHAIN] #1100 f115 addr=0x8001A65C ra=0x8001991C sp=0x801FFED0 a0=0x000000B4
[CALL-CHAIN] #1101 f115 addr=0x8001A65C ra=0x8001991C sp=0x801FFED0 a0=0x000000B4
[CALL-CHAIN] #1102 f115 addr=0x8001A65C ra=0x8001991C sp=0x801FFED0 a0=0x000000B4
[CALL-CHAIN] #1103 f115 addr=0x8001A65C ra=0x8001991C sp=0x801FFED0 a0=0x000000B4
[CALL-CHAIN] #1104 f115 addr=0x8001A664 ra=0x80010EA4 sp=0x801FFF00 a0=0x00000001
[CALL-CHAIN] #1105 f115 addr=0x8001A664 ra=0x80010EA4 sp=0x801FFF00 a0=0x00000002
[CALL-CHAIN] #1106 f115 addr=0x8001A664 ra=0x80010EA4 sp=0x801FFF00 a0=0x000000B4
[CALL-CHAIN] #1107 f116 addr=0x80019844 ra=0x80010EA4 sp=0x801FFF00 a0=0x800106B4
[CALL-CHAIN] #1108 f116 addr=0x8001A65C ra=0x8001991C sp=0x801FFED0 a0=0x000000B4
[CALL-CHAIN] #1109 f116 addr=0x8001A65C ra=0x8001991C sp=0x801FFED0 a0=0x000000B4
[CALL-CHAIN] #1110 f116 addr=0x8001A65C ra=0x8001991C sp=0x801FFED0 a0=0x000000B4
[CALL-CHAIN] #1111 f116 addr=0x8001A65C ra=0x8001991C sp=0x801FFED0 a0=0x000000B4
[CALL-CHAIN] #1112 f116 addr=0x8001A664 ra=0x80010EA4 sp=0x801FFF00 a0=0x00000001
[CALL-CHAIN] #1113 f116 addr=0x8001A664 ra=0x80010EA4 sp=0x801FFF00 a0=0x00000002
[CALL-CHAIN] #1114 f116 addr=0x8001A664 ra=0x80010EA4 sp=0x801FFF00 a0=0x000000B4
[CALL-CHAIN] #1115 f117 addr=0x80019844 ra=0x80010EA4 sp=0x801FFF00 a0=0x800106B4
[CALL-CHAIN] #1116 f117 addr=0x8001A65C ra=0x8001991C sp=0x801FFED0 a0=0x000000B4
[CALL-CHAIN] #1117 f117 addr=0x8001A65C ra=0x8001991C sp=0x801FFED0 a0=0x000000B4
[CALL-CHAIN] #1118 f117 addr=0x8001A65C ra=0x8001991C sp=0x801FFED0 a0=0x000000B4
[CALL-CHAIN] #1119 f117 addr=0x8001A65C ra=0x8001991C sp=0x801FFED0 a0=0x000000B4
[CALL-CHAIN] #1120 f117 addr=0x8001A664 ra=0x80010EA4 sp=0x801FFF00 a0=0x00000001
[CALL-CHAIN] #1121 f117 addr=0x8001A664 ra=0x80010EA4 sp=0x801FFF00 a0=0x00000002
[CALL-CHAIN] #1122 f117 addr=0x8001A664 ra=0x80010EA4 sp=0x801FFF00 a0=0x000000B4
[CALL-CHAIN] #1123 f118 addr=0x80019844 ra=0x80010EA4 sp=0x801FFF00 a0=0x800106B4
[CALL-CHAIN] #1124 f118 addr=0x8001A65C ra=0x8001991C sp=0x801FFED0 a0=0x000000B4
[CALL-CHAIN] #1125 f118 addr=0x8001A65C ra=0x8001991C sp=0x801FFED0 a0=0x000000B4
[CALL-CHAIN] #1126 f118 addr=0x8001A65C ra=0x8001991C sp=0x801FFED0 a0=0x000000B4
[CALL-CHAIN] #1127 f118 addr=0x8001A65C ra=0x8001991C sp=0x801FFED0 a0=0x000000B4
[CALL-CHAIN] #1128 f118 addr=0x8001A664 ra=0x80010EA4 sp=0x801FFF00 a0=0x00000001
[CALL-CHAIN] #1129 f118 addr=0x8001A664 ra=0x80010EA4 sp=0x801FFF00 a0=0x00000002
[CALL-CHAIN] #1130 f118 addr=0x8001A664 ra=0x80010EA4 sp=0x801FFF00 a0=0x000000B4
[CALL-CHAIN] #1131 f119 addr=0x80019844 ra=0x80010EA4 sp=0x801FFF00 a0=0x800106B4
[CALL-CHAIN] #1132 f119 addr=0x8001A65C ra=0x8001991C sp=0x801FFED0 a0=0x000000B4
[CALL-CHAIN] #1133 f119 addr=0x8001A65C ra=0x8001991C sp=0x801FFED0 a0=0x000000B4
[CALL-CHAIN] #1134 f119 addr=0x8001A65C ra=0x8001991C sp=0x801FFED0 a0=0x000000B4
[CALL-CHAIN] #1135 f119 addr=0x8001A65C ra=0x8001991C sp=0x801FFED0 a0=0x000000B4
[CALL-CHAIN] #1136 f119 addr=0x8001A664 ra=0x80010EA4 sp=0x801FFF00 a0=0x00000001
[CALL-CHAIN] #1137 f119 addr=0x8001A664 ra=0x80010EA4 sp=0x801FFF00 a0=0x00000002
[CALL-CHAIN] #1138 f119 addr=0x8001A664 ra=0x80010EA4 sp=0x801FFF00 a0=0x000000B4
[frame 120]
[CALL-CHAIN] #1139 f120 addr=0x80019844 ra=0x80010EA4 sp=0x801FFF00 a0=0x800106B4
[CALL-CHAIN] #1140 f120 addr=0x8001A65C ra=0x8001991C sp=0x801FFED0 a0=0x000000B4
[CALL-CHAIN] #1141 f120 addr=0x8001A65C ra=0x8001991C sp=0x801FFED0 a0=0x000000B4
[CALL-CHAIN] #1142 f120 addr=0x8001A65C ra=0x8001991C sp=0x801FFED0 a0=0x000000B4
[CALL-CHAIN] #1143 f120 addr=0x8001A65C ra=0x8001991C sp=0x801FFED0 a0=0x000000B4
[CALL-CHAIN] #1144 f120 addr=0x8001A664 ra=0x80010EA4 sp=0x801FFF00 a0=0x00000001
[CALL-CHAIN] #1145 f120 addr=0x8001A664 ra=0x80010EA4 sp=0x801FFF00 a0=0x00000002
[CALL-CHAIN] #1146 f120 addr=0x8001A664 ra=0x80010EA4 sp=0x801FFF00 a0=0x000000B4
[CALL-CHAIN] #1147 f121 addr=0x80019844 ra=0x80010EA4 sp=0x801FFF00 a0=0x800106B4
[CALL-CHAIN] #1148 f121 addr=0x8001A65C ra=0x8001991C sp=0x801FFED0 a0=0x000000B4
[CALL-CHAIN] #1149 f121 addr=0x8001A65C ra=0x8001991C sp=0x801FFED0 a0=0x000000B4
[CALL-CHAIN] #1150 f121 addr=0x8001A65C ra=0x8001991C sp=0x801FFED0 a0=0x000000B4
[CALL-CHAIN] #1151 f121 addr=0x8001A65C ra=0x8001991C sp=0x801FFED0 a0=0x000000B4
[CALL-CHAIN] #1152 f121 addr=0x8001A664 ra=0x80010EA4 sp=0x801FFF00 a0=0x00000001
[CALL-CHAIN] #1153 f121 addr=0x8001A664 ra=0x80010EA4 sp=0x801FFF00 a0=0x00000002
[CALL-CHAIN] #1154 f121 addr=0x8001A664 ra=0x80010EA4 sp=0x801FFF00 a0=0x000000B4
[CALL-CHAIN] #1155 f122 addr=0x80019844 ra=0x80010EA4 sp=0x801FFF00 a0=0x800106B4
[CALL-CHAIN] #1156 f122 addr=0x8001A65C ra=0x8001991C sp=0x801FFED0 a0=0x000000B4
[CALL-CHAIN] #1157 f122 addr=0x8001A65C ra=0x8001991C sp=0x801FFED0 a0=0x000000B4
[CALL-CHAIN] #1158 f122 addr=0x8001A65C ra=0x8001991C sp=0x801FFED0 a0=0x000000B4
[CALL-CHAIN] #1159 f122 addr=0x8001A65C ra=0x8001991C sp=0x801FFED0 a0=0x000000B4
[CALL-CHAIN] #1160 f122 addr=0x8001A664 ra=0x80010EA4 sp=0x801FFF00 a0=0x00000001
[CALL-CHAIN] #1161 f122 addr=0x8001A664 ra=0x80010EA4 sp=0x801FFF00 a0=0x00000002
[CALL-CHAIN] #1162 f122 addr=0x8001A664 ra=0x80010EA4 sp=0x801FFF00 a0=0x000000B4
[CALL-CHAIN] #1163 f123 addr=0x80019844 ra=0x80010EA4 sp=0x801FFF00 a0=0x800106B4
[CALL-CHAIN] #1164 f123 addr=0x8001A65C ra=0x8001991C sp=0x801FFED0 a0=0x000000B4
[CALL-CHAIN] #1165 f123 addr=0x8001A65C ra=0x8001991C sp=0x801FFED0 a0=0x000000B4
[CALL-CHAIN] #1166 f123 addr=0x8001A65C ra=0x8001991C sp=0x801FFED0 a0=0x000000B4
[CALL-CHAIN] #1167 f123 addr=0x8001A65C ra=0x8001991C sp=0x801FFED0 a0=0x000000B4
[CALL-CHAIN] #1168 f123 addr=0x8001A664 ra=0x80010EA4 sp=0x801FFF00 a0=0x00000001
[CALL-CHAIN] #1169 f123 addr=0x8001A664 ra=0x80010EA4 sp=0x801FFF00 a0=0x00000002
[CALL-CHAIN] #1170 f123 addr=0x8001A664 ra=0x80010EA4 sp=0x801FFF00 a0=0x000000B4
[CALL-CHAIN] #1171 f124 addr=0x80019844 ra=0x80010EA4 sp=0x801FFF00 a0=0x800106B4
[CALL-CHAIN] #1172 f124 addr=0x8001A65C ra=0x8001991C sp=0x801FFED0 a0=0x000000B4
[CALL-CHAIN] #1173 f124 addr=0x8001A65C ra=0x8001991C sp=0x801FFED0 a0=0x000000B4
[CALL-CHAIN] #1174 f124 addr=0x8001A65C ra=0x8001991C sp=0x801FFED0 a0=0x000000B4
[CALL-CHAIN] #1175 f124 addr=0x8001A65C ra=0x8001991C sp=0x801FFED0 a0=0x000000B4
[CALL-CHAIN] #1176 f124 addr=0x8001A664 ra=0x80010EA4 sp=0x801FFF00 a0=0x00000001
[CALL-CHAIN] #1177 f124 addr=0x8001A664 ra=0x80010EA4 sp=0x801FFF00 a0=0x00000002
[CALL-CHAIN] #1178 f124 addr=0x8001A664 ra=0x80010EA4 sp=0x801FFF00 a0=0x000000B4
[CALL-CHAIN] #1179 f125 addr=0x80019844 ra=0x80010EA4 sp=0x801FFF00 a0=0x800106B4
[CALL-CHAIN] #1180 f125 addr=0x8001A65C ra=0x8001991C sp=0x801FFED0 a0=0x000000B4
[CALL-CHAIN] #1181 f125 addr=0x8001A65C ra=0x8001991C sp=0x801FFED0 a0=0x000000B4
[CALL-CHAIN] #1182 f125 addr=0x8001A65C ra=0x8001991C sp=0x801FFED0 a0=0x000000B4
[CALL-CHAIN] #1183 f125 addr=0x8001A65C ra=0x8001991C sp=0x801FFED0 a0=0x000000B4
[CALL-CHAIN] #1184 f125 addr=0x8001A664 ra=0x80010EA4 sp=0x801FFF00 a0=0x00000001
[CALL-CHAIN] #1185 f125 addr=0x8001A664 ra=0x80010EA4 sp=0x801FFF00 a0=0x00000002
[CALL-CHAIN] #1186 f125 addr=0x8001A664 ra=0x80010EA4 sp=0x801FFF00 a0=0x000000B4
[CALL-CHAIN] #1187 f126 addr=0x80019844 ra=0x80010EA4 sp=0x801FFF00 a0=0x800106B4
[CALL-CHAIN] #1188 f126 addr=0x8001A65C ra=0x8001991C sp=0x801FFED0 a0=0x000000B4
[CALL-CHAIN] #1189 f126 addr=0x8001A65C ra=0x8001991C sp=0x801FFED0 a0=0x000000B4
[CALL-CHAIN] #1190 f126 addr=0x8001A65C ra=0x8001991C sp=0x801FFED0 a0=0x000000B4
[CALL-CHAIN] #1191 f126 addr=0x8001A65C ra=0x8001991C sp=0x801FFED0 a0=0x000000B4
[CALL-CHAIN] #1192 f126 addr=0x8001A664 ra=0x80010EA4 sp=0x801FFF00 a0=0x00000001
[CALL-CHAIN] #1193 f126 addr=0x8001A664 ra=0x80010EA4 sp=0x801FFF00 a0=0x00000002
[CALL-CHAIN] #1194 f126 addr=0x8001A664 ra=0x80010EA4 sp=0x801FFF00 a0=0x000000B4
[CALL-CHAIN] #1195 f127 addr=0x80019844 ra=0x80010EA4 sp=0x801FFF00 a0=0x800106B4
[CALL-CHAIN] #1196 f127 addr=0x8001A65C ra=0x8001991C sp=0x801FFED0 a0=0x000000B4
[CALL-CHAIN] #1197 f127 addr=0x8001A65C ra=0x8001991C sp=0x801FFED0 a0=0x000000B4
[CALL-CHAIN] #1198 f127 addr=0x8001A65C ra=0x8001991C sp=0x801FFED0 a0=0x000000B4
[CALL-CHAIN] #1199 f127 addr=0x8001A65C ra=0x8001991C sp=0x801FFED0 a0=0x000000B4
[CALL-CHAIN] #1200 f127 addr=0x8001A664 ra=0x80010EA4 sp=0x801FFF00 a0=0x00000001
[CALL-CHAIN] #1201 f127 addr=0x8001A664 ra=0x80010EA4 sp=0x801FFF00 a0=0x00000002
[CALL-CHAIN] #1202 f127 addr=0x8001A664 ra=0x80010EA4 sp=0x801FFF00 a0=0x000000B4
[CALL-CHAIN] #1203 f128 addr=0x80019844 ra=0x80010EA4 sp=0x801FFF00 a0=0x800106B4
[CALL-CHAIN] #1204 f128 addr=0x8001A65C ra=0x8001991C sp=0x801FFED0 a0=0x000000B4
[CALL-CHAIN] #1205 f128 addr=0x8001A65C ra=0x8001991C sp=0x801FFED0 a0=0x000000B4
[CALL-CHAIN] #1206 f128 addr=0x8001A65C ra=0x8001991C sp=0x801FFED0 a0=0x000000B4
[CALL-CHAIN] #1207 f128 addr=0x8001A65C ra=0x8001991C sp=0x801FFED0 a0=0x000000B4
[CALL-CHAIN] #1208 f128 addr=0x8001A664 ra=0x80010EA4 sp=0x801FFF00 a0=0x00000001
[CALL-CHAIN] #1209 f128 addr=0x8001A664 ra=0x80010EA4 sp=0x801FFF00 a0=0x00000002
[CALL-CHAIN] #1210 f128 addr=0x8001A664 ra=0x80010EA4 sp=0x801FFF00 a0=0x000000B4
[CALL-CHAIN] #1211 f129 addr=0x80019844 ra=0x80010EA4 sp=0x801FFF00 a0=0x800106B4
[CALL-CHAIN] #1212 f129 addr=0x8001A65C ra=0x8001991C sp=0x801FFED0 a0=0x000000B4
[CALL-CHAIN] #1213 f129 addr=0x8001A65C ra=0x8001991C sp=0x801FFED0 a0=0x000000B4
[CALL-CHAIN] #1214 f129 addr=0x8001A65C ra=0x8001991C sp=0x801FFED0 a0=0x000000B4
[CALL-CHAIN] #1215 f129 addr=0x8001A65C ra=0x8001991C sp=0x801FFED0 a0=0x000000B4
[CALL-CHAIN] #1216 f129 addr=0x8001A664 ra=0x80010EA4 sp=0x801FFF00 a0=0x00000001
[CALL-CHAIN] #1217 f129 addr=0x8001A664 ra=0x80010EA4 sp=0x801FFF00 a0=0x00000002
[CALL-CHAIN] #1218 f129 addr=0x8001A664 ra=0x80010EA4 sp=0x801FFF00 a0=0x000000B4
[CALL-CHAIN] #1219 f130 addr=0x80019844 ra=0x80010EA4 sp=0x801FFF00 a0=0x800106B4
[CALL-CHAIN] #1220 f130 addr=0x8001A65C ra=0x8001991C sp=0x801FFED0 a0=0x000000B4
[CALL-CHAIN] #1221 f130 addr=0x8001A65C ra=0x8001991C sp=0x801FFED0 a0=0x000000B4
[CALL-CHAIN] #1222 f130 addr=0x8001A65C ra=0x8001991C sp=0x801FFED0 a0=0x000000B4
[CALL-CHAIN] #1223 f130 addr=0x8001A65C ra=0x8001991C sp=0x801FFED0 a0=0x000000B4
[CALL-CHAIN] #1224 f130 addr=0x8001A664 ra=0x80010EA4 sp=0x801FFF00 a0=0x00000001
[CALL-CHAIN] #1225 f130 addr=0x8001A664 ra=0x80010EA4 sp=0x801FFF00 a0=0x00000002
[CALL-CHAIN] #1226 f130 addr=0x8001A664 ra=0x80010EA4 sp=0x801FFF00 a0=0x000000B4
[CALL-CHAIN] #1227 f131 addr=0x80019844 ra=0x80010EA4 sp=0x801FFF00 a0=0x800106B4
[CALL-CHAIN] #1228 f131 addr=0x8001A65C ra=0x8001991C sp=0x801FFED0 a0=0x000000B4
[CALL-CHAIN] #1229 f131 addr=0x8001A65C ra=0x8001991C sp=0x801FFED0 a0=0x000000B4
[CALL-CHAIN] #1230 f131 addr=0x8001A65C ra=0x8001991C sp=0x801FFED0 a0=0x000000B4
[CALL-CHAIN] #1231 f131 addr=0x8001A65C ra=0x8001991C sp=0x801FFED0 a0=0x000000B4
[CALL-CHAIN] #1232 f131 addr=0x8001A664 ra=0x80010EA4 sp=0x801FFF00 a0=0x00000001
[CALL-CHAIN] #1233 f131 addr=0x8001A664 ra=0x80010EA4 sp=0x801FFF00 a0=0x00000002
[CALL-CHAIN] #1234 f131 addr=0x8001A664 ra=0x80010EA4 sp=0x801FFF00 a0=0x000000B4
[CALL-CHAIN] #1235 f132 addr=0x80019844 ra=0x80010EA4 sp=0x801FFF00 a0=0x800106B4
[CALL-CHAIN] #1236 f132 addr=0x8001A65C ra=0x8001991C sp=0x801FFED0 a0=0x000000B4
[CALL-CHAIN] #1237 f132 addr=0x8001A65C ra=0x8001991C sp=0x801FFED0 a0=0x000000B4
[CALL-CHAIN] #1238 f132 addr=0x8001A65C ra=0x8001991C sp=0x801FFED0 a0=0x000000B4
[CALL-CHAIN] #1239 f132 addr=0x8001A65C ra=0x8001991C sp=0x801FFED0 a0=0x000000B4
[CALL-CHAIN] #1240 f132 addr=0x8001A664 ra=0x80010EA4 sp=0x801FFF00 a0=0x00000001
[CALL-CHAIN] #1241 f132 addr=0x8001A664 ra=0x80010EA4 sp=0x801FFF00 a0=0x00000002
[CALL-CHAIN] #1242 f132 addr=0x8001A664 ra=0x80010EA4 sp=0x801FFF00 a0=0x000000B4
[CALL-CHAIN] #1243 f133 addr=0x80019844 ra=0x80010EA4 sp=0x801FFF00 a0=0x800106B4
[CALL-CHAIN] #1244 f133 addr=0x8001A65C ra=0x8001991C sp=0x801FFED0 a0=0x000000B4
[CALL-CHAIN] #1245 f133 addr=0x8001A65C ra=0x8001991C sp=0x801FFED0 a0=0x000000B4
[CALL-CHAIN] #1246 f133 addr=0x8001A65C ra=0x8001991C sp=0x801FFED0 a0=0x000000B4
[CALL-CHAIN] #1247 f133 addr=0x8001A65C ra=0x8001991C sp=0x801FFED0 a0=0x000000B4
[CALL-CHAIN] #1248 f133 addr=0x8001A664 ra=0x80010EA4 sp=0x801FFF00 a0=0x00000001
[CALL-CHAIN] #1249 f133 addr=0x8001A664 ra=0x80010EA4 sp=0x801FFF00 a0=0x00000002
[CALL-CHAIN] #1250 f133 addr=0x8001A664 ra=0x80010EA4 sp=0x801FFF00 a0=0x000000B4
[CALL-CHAIN] #1251 f134 addr=0x80019844 ra=0x80010EA4 sp=0x801FFF00 a0=0x800106B4
[CALL-CHAIN] #1252 f134 addr=0x8001A65C ra=0x8001991C sp=0x801FFED0 a0=0x000000B4
[CALL-CHAIN] #1253 f134 addr=0x8001A65C ra=0x8001991C sp=0x801FFED0 a0=0x000000B4
[CALL-CHAIN] #1254 f134 addr=0x8001A65C ra=0x8001991C sp=0x801FFED0 a0=0x000000B4
[CALL-CHAIN] #1255 f134 addr=0x8001A65C ra=0x8001991C sp=0x801FFED0 a0=0x000000B4
[CALL-CHAIN] #1256 f134 addr=0x8001A664 ra=0x80010EA4 sp=0x801FFF00 a0=0x00000001
[CALL-CHAIN] #1257 f134 addr=0x8001A664 ra=0x80010EA4 sp=0x801FFF00 a0=0x00000002
[CALL-CHAIN] #1258 f134 addr=0x8001A664 ra=0x80010EA4 sp=0x801FFF00 a0=0x000000B4
[CALL-CHAIN] #1259 f135 addr=0x80019844 ra=0x80010EA4 sp=0x801FFF00 a0=0x800106B4
[CALL-CHAIN] #1260 f135 addr=0x8001A65C ra=0x8001991C sp=0x801FFED0 a0=0x000000B4
[CALL-CHAIN] #1261 f135 addr=0x8001A65C ra=0x8001991C sp=0x801FFED0 a0=0x000000B4
[CALL-CHAIN] #1262 f135 addr=0x8001A65C ra=0x8001991C sp=0x801FFED0 a0=0x000000B4
[CALL-CHAIN] #1263 f135 addr=0x8001A65C ra=0x8001991C sp=0x801FFED0 a0=0x000000B4
[CALL-CHAIN] #1264 f135 addr=0x8001A664 ra=0x80010EA4 sp=0x801FFF00 a0=0x00000001
[CALL-CHAIN] #1265 f135 addr=0x8001A664 ra=0x80010EA4 sp=0x801FFF00 a0=0x00000002
[CALL-CHAIN] #1266 f135 addr=0x8001A664 ra=0x80010EA4 sp=0x801FFF00 a0=0x000000B4
[CALL-CHAIN] #1267 f136 addr=0x80019844 ra=0x80010EA4 sp=0x801FFF00 a0=0x800106B4
[CALL-CHAIN] #1268 f136 addr=0x8001A65C ra=0x8001991C sp=0x801FFED0 a0=0x000000B4
[CALL-CHAIN] #1269 f136 addr=0x8001A65C ra=0x8001991C sp=0x801FFED0 a0=0x000000B4
[CALL-CHAIN] #1270 f136 addr=0x8001A65C ra=0x8001991C sp=0x801FFED0 a0=0x000000B4
[CALL-CHAIN] #1271 f136 addr=0x8001A65C ra=0x8001991C sp=0x801FFED0 a0=0x000000B4
[CALL-CHAIN] #1272 f136 addr=0x8001A664 ra=0x80010EA4 sp=0x801FFF00 a0=0x00000001
[CALL-CHAIN] #1273 f136 addr=0x8001A664 ra=0x80010EA4 sp=0x801FFF00 a0=0x00000002
[CALL-CHAIN] #1274 f136 addr=0x8001A664 ra=0x80010EA4 sp=0x801FFF00 a0=0x000000B4
[CALL-CHAIN] #1275 f137 addr=0x80019844 ra=0x80010EA4 sp=0x801FFF00 a0=0x800106B4
[CALL-CHAIN] #1276 f137 addr=0x8001A65C ra=0x8001991C sp=0x801FFED0 a0=0x000000B4
[CALL-CHAIN] #1277 f137 addr=0x8001A65C ra=0x8001991C sp=0x801FFED0 a0=0x000000B4
[CALL-CHAIN] #1278 f137 addr=0x8001A65C ra=0x8001991C sp=0x801FFED0 a0=0x000000B4
[CALL-CHAIN] #1279 f137 addr=0x8001A65C ra=0x8001991C sp=0x801FFED0 a0=0x000000B4
[CALL-CHAIN] #1280 f137 addr=0x8001A664 ra=0x80010EA4 sp=0x801FFF00 a0=0x00000001
[CALL-CHAIN] #1281 f137 addr=0x8001A664 ra=0x80010EA4 sp=0x801FFF00 a0=0x00000002
[CALL-CHAIN] #1282 f137 addr=0x8001A664 ra=0x80010EA4 sp=0x801FFF00 a0=0x000000B4
[CALL-CHAIN] #1283 f138 addr=0x80019844 ra=0x80010EA4 sp=0x801FFF00 a0=0x800106B4
[CALL-CHAIN] #1284 f138 addr=0x8001A65C ra=0x8001991C sp=0x801FFED0 a0=0x000000B4
[CALL-CHAIN] #1285 f138 addr=0x8001A65C ra=0x8001991C sp=0x801FFED0 a0=0x000000B4
[CALL-CHAIN] #1286 f138 addr=0x8001A65C ra=0x8001991C sp=0x801FFED0 a0=0x000000B4
[CALL-CHAIN] #1287 f138 addr=0x8001A65C ra=0x8001991C sp=0x801FFED0 a0=0x000000B4
[CALL-CHAIN] #1288 f138 addr=0x8001A664 ra=0x80010EA4 sp=0x801FFF00 a0=0x00000001
[CALL-CHAIN] #1289 f138 addr=0x8001A664 ra=0x80010EA4 sp=0x801FFF00 a0=0x00000002
[CALL-CHAIN] #1290 f138 addr=0x8001A664 ra=0x80010EA4 sp=0x801FFF00 a0=0x000000B4
[CALL-CHAIN] #1291 f139 addr=0x80019844 ra=0x80010EA4 sp=0x801FFF00 a0=0x800106B4
[CALL-CHAIN] #1292 f139 addr=0x8001A65C ra=0x8001991C sp=0x801FFED0 a0=0x000000B4
[CALL-CHAIN] #1293 f139 addr=0x8001A65C ra=0x8001991C sp=0x801FFED0 a0=0x000000B4
[CALL-CHAIN] #1294 f139 addr=0x8001A65C ra=0x8001991C sp=0x801FFED0 a0=0x000000B4
[CALL-CHAIN] #1295 f139 addr=0x8001A65C ra=0x8001991C sp=0x801FFED0 a0=0x000000B4
[CALL-CHAIN] #1296 f139 addr=0x8001A664 ra=0x80010EA4 sp=0x801FFF00 a0=0x00000001
[CALL-CHAIN] #1297 f139 addr=0x8001A664 ra=0x80010EA4 sp=0x801FFF00 a0=0x00000002
[CALL-CHAIN] #1298 f139 addr=0x8001A664 ra=0x80010EA4 sp=0x801FFF00 a0=0x000000B4
[CALL-CHAIN] #1299 f140 addr=0x80019844 ra=0x80010EA4 sp=0x801FFF00 a0=0x800106B4
[CALL-CHAIN] #1300 f140 addr=0x8001A65C ra=0x8001991C sp=0x801FFED0 a0=0x000000B4
[CALL-CHAIN] #1301 f140 addr=0x8001A65C ra=0x8001991C sp=0x801FFED0 a0=0x000000B4
[CALL-CHAIN] #1302 f140 addr=0x8001A65C ra=0x8001991C sp=0x801FFED0 a0=0x000000B4
[CALL-CHAIN] #1303 f140 addr=0x8001A65C ra=0x8001991C sp=0x801FFED0 a0=0x000000B4
[CALL-CHAIN] #1304 f140 addr=0x8001A664 ra=0x80010EA4 sp=0x801FFF00 a0=0x00000001
[CALL-CHAIN] #1305 f140 addr=0x8001A664 ra=0x80010EA4 sp=0x801FFF00 a0=0x00000002
[CALL-CHAIN] #1306 f140 addr=0x8001A664 ra=0x80010EA4 sp=0x801FFF00 a0=0x000000B4
[CALL-CHAIN] #1307 f141 addr=0x80019844 ra=0x80010EA4 sp=0x801FFF00 a0=0x800106B4
[CALL-CHAIN] #1308 f141 addr=0x8001A65C ra=0x8001991C sp=0x801FFED0 a0=0x000000B4
[CALL-CHAIN] #1309 f141 addr=0x8001A65C ra=0x8001991C sp=0x801FFED0 a0=0x000000B4
[CALL-CHAIN] #1310 f141 addr=0x8001A65C ra=0x8001991C sp=0x801FFED0 a0=0x000000B4
[CALL-CHAIN] #1311 f141 addr=0x8001A65C ra=0x8001991C sp=0x801FFED0 a0=0x000000B4
[CALL-CHAIN] #1312 f141 addr=0x8001A664 ra=0x80010EA4 sp=0x801FFF00 a0=0x00000001
[CALL-CHAIN] #1313 f141 addr=0x8001A664 ra=0x80010EA4 sp=0x801FFF00 a0=0x00000002
[CALL-CHAIN] #1314 f141 addr=0x8001A664 ra=0x80010EA4 sp=0x801FFF00 a0=0x000000B4
[CALL-CHAIN] #1315 f142 addr=0x80019844 ra=0x80010EA4 sp=0x801FFF00 a0=0x800106B4
[CALL-CHAIN] #1316 f142 addr=0x8001A65C ra=0x8001991C sp=0x801FFED0 a0=0x000000B4
[CALL-CHAIN] #1317 f142 addr=0x8001A65C ra=0x8001991C sp=0x801FFED0 a0=0x000000B4
[CALL-CHAIN] #1318 f142 addr=0x8001A65C ra=0x8001991C sp=0x801FFED0 a0=0x000000B4
[CALL-CHAIN] #1319 f142 addr=0x8001A65C ra=0x8001991C sp=0x801FFED0 a0=0x000000B4
[CALL-CHAIN] #1320 f142 addr=0x8001A664 ra=0x80010EA4 sp=0x801FFF00 a0=0x00000001
[CALL-CHAIN] #1321 f142 addr=0x8001A664 ra=0x80010EA4 sp=0x801FFF00 a0=0x00000002
[CALL-CHAIN] #1322 f142 addr=0x8001A664 ra=0x80010EA4 sp=0x801FFF00 a0=0x000000B4
[CALL-CHAIN] #1323 f143 addr=0x80019844 ra=0x80010EA4 sp=0x801FFF00 a0=0x800106B4
[CALL-CHAIN] #1324 f143 addr=0x8001A65C ra=0x8001991C sp=0x801FFED0 a0=0x000000B4
[CALL-CHAIN] #1325 f143 addr=0x8001A65C ra=0x8001991C sp=0x801FFED0 a0=0x000000B4
[CALL-CHAIN] #1326 f143 addr=0x8001A65C ra=0x8001991C sp=0x801FFED0 a0=0x000000B4
[CALL-CHAIN] #1327 f143 addr=0x8001A65C ra=0x8001991C sp=0x801FFED0 a0=0x000000B4
[CALL-CHAIN] #1328 f143 addr=0x8001A664 ra=0x80010EA4 sp=0x801FFF00 a0=0x00000001
[CALL-CHAIN] #1329 f143 addr=0x8001A664 ra=0x80010EA4 sp=0x801FFF00 a0=0x00000002
[CALL-CHAIN] #1330 f143 addr=0x8001A664 ra=0x80010EA4 sp=0x801FFF00 a0=0x000000B4
[CALL-CHAIN] #1331 f144 addr=0x80019844 ra=0x80010EA4 sp=0x801FFF00 a0=0x800106B4
[CALL-CHAIN] #1332 f144 addr=0x8001A65C ra=0x8001991C sp=0x801FFED0 a0=0x000000B4
[CALL-CHAIN] #1333 f144 addr=0x8001A65C ra=0x8001991C sp=0x801FFED0 a0=0x000000B4
[CALL-CHAIN] #1334 f144 addr=0x8001A65C ra=0x8001991C sp=0x801FFED0 a0=0x000000B4
[CALL-CHAIN] #1335 f144 addr=0x8001A65C ra=0x8001991C sp=0x801FFED0 a0=0x000000B4
[CALL-CHAIN] #1336 f144 addr=0x8001A664 ra=0x80010EA4 sp=0x801FFF00 a0=0x00000001
[CALL-CHAIN] #1337 f144 addr=0x8001A664 ra=0x80010EA4 sp=0x801FFF00 a0=0x00000002
[CALL-CHAIN] #1338 f144 addr=0x8001A664 ra=0x80010EA4 sp=0x801FFF00 a0=0x000000B4
[CALL-CHAIN] #1339 f145 addr=0x80019844 ra=0x80010EA4 sp=0x801FFF00 a0=0x800106B4
[CALL-CHAIN] #1340 f145 addr=0x8001A65C ra=0x8001991C sp=0x801FFED0 a0=0x000000B4
[CALL-CHAIN] #1341 f145 addr=0x8001A65C ra=0x8001991C sp=0x801FFED0 a0=0x000000B4
[CALL-CHAIN] #1342 f145 addr=0x8001A65C ra=0x8001991C sp=0x801FFED0 a0=0x000000B4
[CALL-CHAIN] #1343 f145 addr=0x8001A65C ra=0x8001991C sp=0x801FFED0 a0=0x000000B4
[CALL-CHAIN] #1344 f145 addr=0x8001A664 ra=0x80010EA4 sp=0x801FFF00 a0=0x00000001
[CALL-CHAIN] #1345 f145 addr=0x8001A664 ra=0x80010EA4 sp=0x801FFF00 a0=0x00000002
[CALL-CHAIN] #1346 f145 addr=0x8001A664 ra=0x80010EA4 sp=0x801FFF00 a0=0x000000B4
[CALL-CHAIN] #1347 f146 addr=0x80019844 ra=0x80010EA4 sp=0x801FFF00 a0=0x800106B4
[CALL-CHAIN] #1348 f146 addr=0x8001A65C ra=0x8001991C sp=0x801FFED0 a0=0x000000B4
[CALL-CHAIN] #1349 f146 addr=0x8001A65C ra=0x8001991C sp=0x801FFED0 a0=0x000000B4
[CALL-CHAIN] #1350 f146 addr=0x8001A65C ra=0x8001991C sp=0x801FFED0 a0=0x000000B4
[CALL-CHAIN] #1351 f146 addr=0x8001A65C ra=0x8001991C sp=0x801FFED0 a0=0x000000B4
[CALL-CHAIN] #1352 f146 addr=0x8001A664 ra=0x80010EA4 sp=0x801FFF00 a0=0x00000001
[CALL-CHAIN] #1353 f146 addr=0x8001A664 ra=0x80010EA4 sp=0x801FFF00 a0=0x00000002
[CALL-CHAIN] #1354 f146 addr=0x8001A664 ra=0x80010EA4 sp=0x801FFF00 a0=0x000000B4
[CALL-CHAIN] #1355 f147 addr=0x80019844 ra=0x80010EA4 sp=0x801FFF00 a0=0x800106B4
[CALL-CHAIN] #1356 f147 addr=0x8001A65C ra=0x8001991C sp=0x801FFED0 a0=0x000000B4
[CALL-CHAIN] #1357 f147 addr=0x8001A65C ra=0x8001991C sp=0x801FFED0 a0=0x000000B4
[CALL-CHAIN] #1358 f147 addr=0x8001A65C ra=0x8001991C sp=0x801FFED0 a0=0x000000B4
[CALL-CHAIN] #1359 f147 addr=0x8001A65C ra=0x8001991C sp=0x801FFED0 a0=0x000000B4
[CALL-CHAIN] #1360 f147 addr=0x8001A664 ra=0x80010EA4 sp=0x801FFF00 a0=0x00000001
[CALL-CHAIN] #1361 f147 addr=0x8001A664 ra=0x80010EA4 sp=0x801FFF00 a0=0x00000002
[CALL-CHAIN] #1362 f147 addr=0x8001A664 ra=0x80010EA4 sp=0x801FFF00 a0=0x000000B4
[CALL-CHAIN] #1363 f148 addr=0x80019844 ra=0x80010EA4 sp=0x801FFF00 a0=0x800106B4
[CALL-CHAIN] #1364 f148 addr=0x8001A65C ra=0x8001991C sp=0x801FFED0 a0=0x000000B4
[CALL-CHAIN] #1365 f148 addr=0x8001A65C ra=0x8001991C sp=0x801FFED0 a0=0x000000B4
[CALL-CHAIN] #1366 f148 addr=0x8001A65C ra=0x8001991C sp=0x801FFED0 a0=0x000000B4
[CALL-CHAIN] #1367 f148 addr=0x8001A65C ra=0x8001991C sp=0x801FFED0 a0=0x000000B4
[CALL-CHAIN] #1368 f148 addr=0x8001A664 ra=0x80010EA4 sp=0x801FFF00 a0=0x00000001
[CALL-CHAIN] #1369 f148 addr=0x8001A664 ra=0x80010EA4 sp=0x801FFF00 a0=0x00000002
[CALL-CHAIN] #1370 f148 addr=0x8001A664 ra=0x80010EA4 sp=0x801FFF00 a0=0x000000B4
[CALL-CHAIN] #1371 f149 addr=0x80019844 ra=0x80010EA4 sp=0x801FFF00 a0=0x800106B4
[CALL-CHAIN] #1372 f149 addr=0x8001A65C ra=0x8001991C sp=0x801FFED0 a0=0x000000B4
[CALL-CHAIN] #1373 f149 addr=0x8001A65C ra=0x8001991C sp=0x801FFED0 a0=0x000000B4
[CALL-CHAIN] #1374 f149 addr=0x8001A65C ra=0x8001991C sp=0x801FFED0 a0=0x000000B4
[CALL-CHAIN] #1375 f149 addr=0x8001A65C ra=0x8001991C sp=0x801FFED0 a0=0x000000B4
[CALL-CHAIN] #1376 f149 addr=0x8001A664 ra=0x80010EA4 sp=0x801FFF00 a0=0x00000001
[CALL-CHAIN] #1377 f149 addr=0x8001A664 ra=0x80010EA4 sp=0x801FFF00 a0=0x00000002
[CALL-CHAIN] #1378 f149 addr=0x8001A664 ra=0x80010EA4 sp=0x801FFF00 a0=0x000000B4
[CALL-CHAIN] #1379 f150 addr=0x80019844 ra=0x80010EA4 sp=0x801FFF00 a0=0x800106B4
[CALL-CHAIN] #1380 f150 addr=0x8001A65C ra=0x8001991C sp=0x801FFED0 a0=0x000000B4
[CALL-CHAIN] #1381 f150 addr=0x8001A65C ra=0x8001991C sp=0x801FFED0 a0=0x000000B4
[CALL-CHAIN] #1382 f150 addr=0x8001A65C ra=0x8001991C sp=0x801FFED0 a0=0x000000B4
[CALL-CHAIN] #1383 f150 addr=0x8001A65C ra=0x8001991C sp=0x801FFED0 a0=0x000000B4
[CALL-CHAIN] #1384 f150 addr=0x8001A664 ra=0x80010EA4 sp=0x801FFF00 a0=0x00000001
[CALL-CHAIN] #1385 f150 addr=0x8001A664 ra=0x80010EA4 sp=0x801FFF00 a0=0x00000002
[CALL-CHAIN] #1386 f150 addr=0x8001A664 ra=0x80010EA4 sp=0x801FFF00 a0=0x000000B4
[CALL-CHAIN] #1387 f151 addr=0x80019844 ra=0x80010EA4 sp=0x801FFF00 a0=0x800106B4
[CALL-CHAIN] #1388 f151 addr=0x8001A65C ra=0x8001991C sp=0x801FFED0 a0=0x000000B4
[CALL-CHAIN] #1389 f151 addr=0x8001A65C ra=0x8001991C sp=0x801FFED0 a0=0x000000B4
[CALL-CHAIN] #1390 f151 addr=0x8001A65C ra=0x8001991C sp=0x801FFED0 a0=0x000000B4
[CALL-CHAIN] #1391 f151 addr=0x8001A65C ra=0x8001991C sp=0x801FFED0 a0=0x000000B4
[CALL-CHAIN] #1392 f151 addr=0x8001A664 ra=0x80010EA4 sp=0x801FFF00 a0=0x00000001
[CALL-CHAIN] #1393 f151 addr=0x8001A664 ra=0x80010EA4 sp=0x801FFF00 a0=0x00000002
[CALL-CHAIN] #1394 f151 addr=0x8001A664 ra=0x80010EA4 sp=0x801FFF00 a0=0x000000B4
[CALL-CHAIN] #1395 f152 addr=0x80019844 ra=0x80010EA4 sp=0x801FFF00 a0=0x800106B4
[CALL-CHAIN] #1396 f152 addr=0x8001A65C ra=0x8001991C sp=0x801FFED0 a0=0x000000B4
[CALL-CHAIN] #1397 f152 addr=0x8001A65C ra=0x8001991C sp=0x801FFED0 a0=0x000000B4
[CALL-CHAIN] #1398 f152 addr=0x8001A65C ra=0x8001991C sp=0x801FFED0 a0=0x000000B4
[CALL-CHAIN] #1399 f152 addr=0x8001A65C ra=0x8001991C sp=0x801FFED0 a0=0x000000B4
[CALL-CHAIN] #1400 f152 addr=0x8001A664 ra=0x80010EA4 sp=0x801FFF00 a0=0x00000001
[CALL-CHAIN] #1401 f152 addr=0x8001A664 ra=0x80010EA4 sp=0x801FFF00 a0=0x00000002
[CALL-CHAIN] #1402 f152 addr=0x8001A664 ra=0x80010EA4 sp=0x801FFF00 a0=0x000000B4
[CALL-CHAIN] #1403 f153 addr=0x80019844 ra=0x80010EA4 sp=0x801FFF00 a0=0x800106B4
[CALL-CHAIN] #1404 f153 addr=0x8001A65C ra=0x8001991C sp=0x801FFED0 a0=0x000000B4
[CALL-CHAIN] #1405 f153 addr=0x8001A65C ra=0x8001991C sp=0x801FFED0 a0=0x000000B4
[CALL-CHAIN] #1406 f153 addr=0x8001A65C ra=0x8001991C sp=0x801FFED0 a0=0x000000B4
[CALL-CHAIN] #1407 f153 addr=0x8001A65C ra=0x8001991C sp=0x801FFED0 a0=0x000000B4
[CALL-CHAIN] #1408 f153 addr=0x8001A664 ra=0x80010EA4 sp=0x801FFF00 a0=0x00000001
[CALL-CHAIN] #1409 f153 addr=0x8001A664 ra=0x80010EA4 sp=0x801FFF00 a0=0x00000002
[CALL-CHAIN] #1410 f153 addr=0x8001A664 ra=0x80010EA4 sp=0x801FFF00 a0=0x000000B4
[CALL-CHAIN] #1411 f154 addr=0x80019844 ra=0x80010EA4 sp=0x801FFF00 a0=0x800106B4
[CALL-CHAIN] #1412 f154 addr=0x8001A65C ra=0x8001991C sp=0x801FFED0 a0=0x000000B4
[CALL-CHAIN] #1413 f154 addr=0x8001A65C ra=0x8001991C sp=0x801FFED0 a0=0x000000B4
[CALL-CHAIN] #1414 f154 addr=0x8001A65C ra=0x8001991C sp=0x801FFED0 a0=0x000000B4
[CALL-CHAIN] #1415 f154 addr=0x8001A65C ra=0x8001991C sp=0x801FFED0 a0=0x000000B4
[CALL-CHAIN] #1416 f154 addr=0x8001A664 ra=0x80010EA4 sp=0x801FFF00 a0=0x00000001
[CALL-CHAIN] #1417 f154 addr=0x8001A664 ra=0x80010EA4 sp=0x801FFF00 a0=0x00000002
[CALL-CHAIN] #1418 f154 addr=0x8001A664 ra=0x80010EA4 sp=0x801FFF00 a0=0x000000B4
[CALL-CHAIN] #1419 f155 addr=0x80019844 ra=0x80010EA4 sp=0x801FFF00 a0=0x800106B4
[CALL-CHAIN] #1420 f155 addr=0x8001A65C ra=0x8001991C sp=0x801FFED0 a0=0x000000B4
[CALL-CHAIN] #1421 f155 addr=0x8001A65C ra=0x8001991C sp=0x801FFED0 a0=0x000000B4
[CALL-CHAIN] #1422 f155 addr=0x8001A65C ra=0x8001991C sp=0x801FFED0 a0=0x000000B4
[CALL-CHAIN] #1423 f155 addr=0x8001A65C ra=0x8001991C sp=0x801FFED0 a0=0x000000B4
[CALL-CHAIN] #1424 f155 addr=0x8001A664 ra=0x80010EA4 sp=0x801FFF00 a0=0x00000001
[CALL-CHAIN] #1425 f155 addr=0x8001A664 ra=0x80010EA4 sp=0x801FFF00 a0=0x00000002
[CALL-CHAIN] #1426 f155 addr=0x8001A664 ra=0x80010EA4 sp=0x801FFF00 a0=0x000000B4
[CALL-CHAIN] #1427 f156 addr=0x80019844 ra=0x80010EA4 sp=0x801FFF00 a0=0x800106B4
[CALL-CHAIN] #1428 f156 addr=0x8001A65C ra=0x8001991C sp=0x801FFED0 a0=0x000000B4
[CALL-CHAIN] #1429 f156 addr=0x8001A65C ra=0x8001991C sp=0x801FFED0 a0=0x000000B4
[CALL-CHAIN] #1430 f156 addr=0x8001A65C ra=0x8001991C sp=0x801FFED0 a0=0x000000B4
[CALL-CHAIN] #1431 f156 addr=0x8001A65C ra=0x8001991C sp=0x801FFED0 a0=0x000000B4
[CALL-CHAIN] #1432 f156 addr=0x8001A664 ra=0x80010EA4 sp=0x801FFF00 a0=0x00000001
[CALL-CHAIN] #1433 f156 addr=0x8001A664 ra=0x80010EA4 sp=0x801FFF00 a0=0x00000002
[CALL-CHAIN] #1434 f156 addr=0x8001A664 ra=0x80010EA4 sp=0x801FFF00 a0=0x000000B4
[CALL-CHAIN] #1435 f157 addr=0x80019844 ra=0x80010EA4 sp=0x801FFF00 a0=0x800106B4
[CALL-CHAIN] #1436 f157 addr=0x8001A65C ra=0x8001991C sp=0x801FFED0 a0=0x000000B4
[CALL-CHAIN] #1437 f157 addr=0x8001A65C ra=0x8001991C sp=0x801FFED0 a0=0x000000B4
[CALL-CHAIN] #1438 f157 addr=0x8001A65C ra=0x8001991C sp=0x801FFED0 a0=0x000000B4
[CALL-CHAIN] #1439 f157 addr=0x8001A65C ra=0x8001991C sp=0x801FFED0 a0=0x000000B4
[CALL-CHAIN] #1440 f157 addr=0x8001A664 ra=0x80010EA4 sp=0x801FFF00 a0=0x00000001
[CALL-CHAIN] #1441 f157 addr=0x8001A664 ra=0x80010EA4 sp=0x801FFF00 a0=0x00000002
[CALL-CHAIN] #1442 f157 addr=0x8001A664 ra=0x80010EA4 sp=0x801FFF00 a0=0x000000B4
[CALL-CHAIN] #1443 f158 addr=0x80019844 ra=0x80010EA4 sp=0x801FFF00 a0=0x800106B4
[CALL-CHAIN] #1444 f158 addr=0x8001A65C ra=0x8001991C sp=0x801FFED0 a0=0x000000B4
[CALL-CHAIN] #1445 f158 addr=0x8001A65C ra=0x8001991C sp=0x801FFED0 a0=0x000000B4
[CALL-CHAIN] #1446 f158 addr=0x8001A65C ra=0x8001991C sp=0x801FFED0 a0=0x000000B4
[CALL-CHAIN] #1447 f158 addr=0x8001A65C ra=0x8001991C sp=0x801FFED0 a0=0x000000B4
[CALL-CHAIN] #1448 f158 addr=0x8001A664 ra=0x80010EA4 sp=0x801FFF00 a0=0x00000001
[CALL-CHAIN] #1449 f158 addr=0x8001A664 ra=0x80010EA4 sp=0x801FFF00 a0=0x00000002
[CALL-CHAIN] #1450 f158 addr=0x8001A664 ra=0x80010EA4 sp=0x801FFF00 a0=0x000000B4
[CALL-CHAIN] #1451 f159 addr=0x80019844 ra=0x80010EA4 sp=0x801FFF00 a0=0x800106B4
[CALL-CHAIN] #1452 f159 addr=0x8001A65C ra=0x8001991C sp=0x801FFED0 a0=0x000000B4
[CALL-CHAIN] #1453 f159 addr=0x8001A65C ra=0x8001991C sp=0x801FFED0 a0=0x000000B4
[CALL-CHAIN] #1454 f159 addr=0x8001A65C ra=0x8001991C sp=0x801FFED0 a0=0x000000B4
[CALL-CHAIN] #1455 f159 addr=0x8001A65C ra=0x8001991C sp=0x801FFED0 a0=0x000000B4
[CALL-CHAIN] #1456 f159 addr=0x8001A664 ra=0x80010EA4 sp=0x801FFF00 a0=0x00000001
[CALL-CHAIN] #1457 f159 addr=0x8001A664 ra=0x80010EA4 sp=0x801FFF00 a0=0x00000002
[CALL-CHAIN] #1458 f159 addr=0x8001A664 ra=0x80010EA4 sp=0x801FFF00 a0=0x000000B4
[CALL-CHAIN] #1459 f160 addr=0x80019844 ra=0x80010EA4 sp=0x801FFF00 a0=0x800106B4
[CALL-CHAIN] #1460 f160 addr=0x8001A65C ra=0x8001991C sp=0x801FFED0 a0=0x000000B4
[CALL-CHAIN] #1461 f160 addr=0x8001A65C ra=0x8001991C sp=0x801FFED0 a0=0x000000B4
[CALL-CHAIN] #1462 f160 addr=0x8001A65C ra=0x8001991C sp=0x801FFED0 a0=0x000000B4
[CALL-CHAIN] #1463 f160 addr=0x8001A65C ra=0x8001991C sp=0x801FFED0 a0=0x000000B4
[CALL-CHAIN] #1464 f160 addr=0x8001A664 ra=0x80010EA4 sp=0x801FFF00 a0=0x00000001
[CALL-CHAIN] #1465 f160 addr=0x8001A664 ra=0x80010EA4 sp=0x801FFF00 a0=0x00000002
[CALL-CHAIN] #1466 f160 addr=0x8001A664 ra=0x80010EA4 sp=0x801FFF00 a0=0x000000B4
[CALL-CHAIN] #1467 f161 addr=0x80019844 ra=0x80010EA4 sp=0x801FFF00 a0=0x800106B4
[CALL-CHAIN] #1468 f161 addr=0x8001A65C ra=0x8001991C sp=0x801FFED0 a0=0x000000B4
[CALL-CHAIN] #1469 f161 addr=0x8001A65C ra=0x8001991C sp=0x801FFED0 a0=0x000000B4
[CALL-CHAIN] #1470 f161 addr=0x8001A65C ra=0x8001991C sp=0x801FFED0 a0=0x000000B4
[CALL-CHAIN] #1471 f161 addr=0x8001A65C ra=0x8001991C sp=0x801FFED0 a0=0x000000B4
[CALL-CHAIN] #1472 f161 addr=0x8001A664 ra=0x80010EA4 sp=0x801FFF00 a0=0x00000001
[CALL-CHAIN] #1473 f161 addr=0x8001A664 ra=0x80010EA4 sp=0x801FFF00 a0=0x00000002
[CALL-CHAIN] #1474 f161 addr=0x8001A664 ra=0x80010EA4 sp=0x801FFF00 a0=0x000000B4
[CALL-CHAIN] #1475 f162 addr=0x80019844 ra=0x80010EA4 sp=0x801FFF00 a0=0x800106B4
[CALL-CHAIN] #1476 f162 addr=0x8001A65C ra=0x8001991C sp=0x801FFED0 a0=0x000000B4
[CALL-CHAIN] #1477 f162 addr=0x8001A65C ra=0x8001991C sp=0x801FFED0 a0=0x000000B4
[CALL-CHAIN] #1478 f162 addr=0x8001A65C ra=0x8001991C sp=0x801FFED0 a0=0x000000B4
[CALL-CHAIN] #1479 f162 addr=0x8001A65C ra=0x8001991C sp=0x801FFED0 a0=0x000000B4
[CALL-CHAIN] #1480 f162 addr=0x8001A664 ra=0x80010EA4 sp=0x801FFF00 a0=0x00000001
[CALL-CHAIN] #1481 f162 addr=0x8001A664 ra=0x80010EA4 sp=0x801FFF00 a0=0x00000002
[CALL-CHAIN] #1482 f162 addr=0x8001A664 ra=0x80010EA4 sp=0x801FFF00 a0=0x000000B4
[CALL-CHAIN] #1483 f163 addr=0x80019844 ra=0x80010EA4 sp=0x801FFF00 a0=0x800106B4
[CALL-CHAIN] #1484 f163 addr=0x8001A65C ra=0x8001991C sp=0x801FFED0 a0=0x000000B4
[CALL-CHAIN] #1485 f163 addr=0x8001A65C ra=0x8001991C sp=0x801FFED0 a0=0x000000B4
[CALL-CHAIN] #1486 f163 addr=0x8001A65C ra=0x8001991C sp=0x801FFED0 a0=0x000000B4
[CALL-CHAIN] #1487 f163 addr=0x8001A65C ra=0x8001991C sp=0x801FFED0 a0=0x000000B4
[CALL-CHAIN] #1488 f163 addr=0x8001A664 ra=0x80010EA4 sp=0x801FFF00 a0=0x00000001
[CALL-CHAIN] #1489 f163 addr=0x8001A664 ra=0x80010EA4 sp=0x801FFF00 a0=0x00000002
[CALL-CHAIN] #1490 f163 addr=0x8001A664 ra=0x80010EA4 sp=0x801FFF00 a0=0x000000B4
[CALL-CHAIN] #1491 f164 addr=0x80019844 ra=0x80010EA4 sp=0x801FFF00 a0=0x800106B4
[CALL-CHAIN] #1492 f164 addr=0x8001A65C ra=0x8001991C sp=0x801FFED0 a0=0x000000B4
[CALL-CHAIN] #1493 f164 addr=0x8001A65C ra=0x8001991C sp=0x801FFED0 a0=0x000000B4
[CALL-CHAIN] #1494 f164 addr=0x8001A65C ra=0x8001991C sp=0x801FFED0 a0=0x000000B4
[CALL-CHAIN] #1495 f164 addr=0x8001A65C ra=0x8001991C sp=0x801FFED0 a0=0x000000B4
[CALL-CHAIN] #1496 f164 addr=0x8001A664 ra=0x80010EA4 sp=0x801FFF00 a0=0x00000001
[CALL-CHAIN] #1497 f164 addr=0x8001A664 ra=0x80010EA4 sp=0x801FFF00 a0=0x00000002
[CALL-CHAIN] #1498 f164 addr=0x8001A664 ra=0x80010EA4 sp=0x801FFF00 a0=0x000000B4
[CALL-CHAIN] #1499 f165 addr=0x80019844 ra=0x80010EA4 sp=0x801FFF00 a0=0x800106B4
[CALL-CHAIN] #1500 f165 addr=0x8001A65C ra=0x8001991C sp=0x801FFED0 a0=0x000000B4
[CALL-CHAIN] #1501 f165 addr=0x8001A65C ra=0x8001991C sp=0x801FFED0 a0=0x000000B4
[CALL-CHAIN] #1502 f165 addr=0x8001A65C ra=0x8001991C sp=0x801FFED0 a0=0x000000B4
[CALL-CHAIN] #1503 f165 addr=0x8001A65C ra=0x8001991C sp=0x801FFED0 a0=0x000000B4
[CALL-CHAIN] #1504 f165 addr=0x8001A664 ra=0x80010EA4 sp=0x801FFF00 a0=0x00000001
[CALL-CHAIN] #1505 f165 addr=0x8001A664 ra=0x80010EA4 sp=0x801FFF00 a0=0x00000002
[CALL-CHAIN] #1506 f165 addr=0x8001A664 ra=0x80010EA4 sp=0x801FFF00 a0=0x000000B4
[CALL-CHAIN] #1507 f166 addr=0x80019844 ra=0x80010EA4 sp=0x801FFF00 a0=0x800106B4
[CALL-CHAIN] #1508 f166 addr=0x8001A65C ra=0x8001991C sp=0x801FFED0 a0=0x000000B4
[CALL-CHAIN] #1509 f166 addr=0x8001A65C ra=0x8001991C sp=0x801FFED0 a0=0x000000B4
[CALL-CHAIN] #1510 f166 addr=0x8001A65C ra=0x8001991C sp=0x801FFED0 a0=0x000000B4
[CALL-CHAIN] #1511 f166 addr=0x8001A65C ra=0x8001991C sp=0x801FFED0 a0=0x000000B4
[CALL-CHAIN] #1512 f166 addr=0x8001A664 ra=0x80010EA4 sp=0x801FFF00 a0=0x00000001
[CALL-CHAIN] #1513 f166 addr=0x8001A664 ra=0x80010EA4 sp=0x801FFF00 a0=0x00000002
[CALL-CHAIN] #1514 f166 addr=0x8001A664 ra=0x80010EA4 sp=0x801FFF00 a0=0x000000B4
[CALL-CHAIN] #1515 f167 addr=0x80019844 ra=0x80010EA4 sp=0x801FFF00 a0=0x800106B4
[CALL-CHAIN] #1516 f167 addr=0x8001A65C ra=0x8001991C sp=0x801FFED0 a0=0x000000B4
[CALL-CHAIN] #1517 f167 addr=0x8001A65C ra=0x8001991C sp=0x801FFED0 a0=0x000000B4
[CALL-CHAIN] #1518 f167 addr=0x8001A65C ra=0x8001991C sp=0x801FFED0 a0=0x000000B4
[CALL-CHAIN] #1519 f167 addr=0x8001A65C ra=0x8001991C sp=0x801FFED0 a0=0x000000B4
[CALL-CHAIN] #1520 f167 addr=0x8001A664 ra=0x80010EA4 sp=0x801FFF00 a0=0x00000001
[CALL-CHAIN] #1521 f167 addr=0x8001A664 ra=0x80010EA4 sp=0x801FFF00 a0=0x00000002
[CALL-CHAIN] #1522 f167 addr=0x8001A664 ra=0x80010EA4 sp=0x801FFF00 a0=0x000000B4
[CALL-CHAIN] #1523 f168 addr=0x80019844 ra=0x80010EA4 sp=0x801FFF00 a0=0x800106B4
[CALL-CHAIN] #1524 f168 addr=0x8001A65C ra=0x8001991C sp=0x801FFED0 a0=0x000000B4
[CALL-CHAIN] #1525 f168 addr=0x8001A65C ra=0x8001991C sp=0x801FFED0 a0=0x000000B4
[CALL-CHAIN] #1526 f168 addr=0x8001A65C ra=0x8001991C sp=0x801FFED0 a0=0x000000B4
[CALL-CHAIN] #1527 f168 addr=0x8001A65C ra=0x8001991C sp=0x801FFED0 a0=0x000000B4
[CALL-CHAIN] #1528 f168 addr=0x8001A664 ra=0x80010EA4 sp=0x801FFF00 a0=0x00000001
[CALL-CHAIN] #1529 f168 addr=0x8001A664 ra=0x80010EA4 sp=0x801FFF00 a0=0x00000002
[CALL-CHAIN] #1530 f168 addr=0x8001A664 ra=0x80010EA4 sp=0x801FFF00 a0=0x000000B4
[CALL-CHAIN] #1531 f169 addr=0x80019844 ra=0x80010EA4 sp=0x801FFF00 a0=0x800106B4
[CALL-CHAIN] #1532 f169 addr=0x8001A65C ra=0x8001991C sp=0x801FFED0 a0=0x000000B4
[CALL-CHAIN] #1533 f169 addr=0x8001A65C ra=0x8001991C sp=0x801FFED0 a0=0x000000B4
[CALL-CHAIN] #1534 f169 addr=0x8001A65C ra=0x8001991C sp=0x801FFED0 a0=0x000000B4
[CALL-CHAIN] #1535 f169 addr=0x8001A65C ra=0x8001991C sp=0x801FFED0 a0=0x000000B4
[CALL-CHAIN] #1536 f169 addr=0x8001A664 ra=0x80010EA4 sp=0x801FFF00 a0=0x00000001
[CALL-CHAIN] #1537 f169 addr=0x8001A664 ra=0x80010EA4 sp=0x801FFF00 a0=0x00000002
[CALL-CHAIN] #1538 f169 addr=0x8001A664 ra=0x80010EA4 sp=0x801FFF00 a0=0x000000B4
[CALL-CHAIN] #1539 f170 addr=0x80019844 ra=0x80010EA4 sp=0x801FFF00 a0=0x800106B4
[CALL-CHAIN] #1540 f170 addr=0x8001A65C ra=0x8001991C sp=0x801FFED0 a0=0x000000B4
[CALL-CHAIN] #1541 f170 addr=0x8001A65C ra=0x8001991C sp=0x801FFED0 a0=0x000000B4
[CALL-CHAIN] #1542 f170 addr=0x8001A65C ra=0x8001991C sp=0x801FFED0 a0=0x000000B4
[CALL-CHAIN] #1543 f170 addr=0x8001A65C ra=0x8001991C sp=0x801FFED0 a0=0x000000B4
[CALL-CHAIN] #1544 f170 addr=0x8001A664 ra=0x80010EA4 sp=0x801FFF00 a0=0x00000001
[CALL-CHAIN] #1545 f170 addr=0x8001A664 ra=0x80010EA4 sp=0x801FFF00 a0=0x00000002
[CALL-CHAIN] #1546 f170 addr=0x8001A664 ra=0x80010EA4 sp=0x801FFF00 a0=0x000000B4
[CALL-CHAIN] #1547 f171 addr=0x80019844 ra=0x80010EA4 sp=0x801FFF00 a0=0x800106B4
[CALL-CHAIN] #1548 f171 addr=0x8001A65C ra=0x8001991C sp=0x801FFED0 a0=0x000000B4
[CALL-CHAIN] #1549 f171 addr=0x8001A65C ra=0x8001991C sp=0x801FFED0 a0=0x000000B4
[CALL-CHAIN] #1550 f171 addr=0x8001A65C ra=0x8001991C sp=0x801FFED0 a0=0x000000B4
[CALL-CHAIN] #1551 f171 addr=0x8001A65C ra=0x8001991C sp=0x801FFED0 a0=0x000000B4
[CALL-CHAIN] #1552 f171 addr=0x8001A664 ra=0x80010EA4 sp=0x801FFF00 a0=0x00000001
[CALL-CHAIN] #1553 f171 addr=0x8001A664 ra=0x80010EA4 sp=0x801FFF00 a0=0x00000002
[CALL-CHAIN] #1554 f171 addr=0x8001A664 ra=0x80010EA4 sp=0x801FFF00 a0=0x000000B4
[CALL-CHAIN] #1555 f172 addr=0x80019844 ra=0x80010EA4 sp=0x801FFF00 a0=0x800106B4
[CALL-CHAIN] #1556 f172 addr=0x8001A65C ra=0x8001991C sp=0x801FFED0 a0=0x000000B4
[CALL-CHAIN] #1557 f172 addr=0x8001A65C ra=0x8001991C sp=0x801FFED0 a0=0x000000B4
[CALL-CHAIN] #1558 f172 addr=0x8001A65C ra=0x8001991C sp=0x801FFED0 a0=0x000000B4
[CALL-CHAIN] #1559 f172 addr=0x8001A65C ra=0x8001991C sp=0x801FFED0 a0=0x000000B4
[CALL-CHAIN] #1560 f172 addr=0x8001A664 ra=0x80010EA4 sp=0x801FFF00 a0=0x00000001
[CALL-CHAIN] #1561 f172 addr=0x8001A664 ra=0x80010EA4 sp=0x801FFF00 a0=0x00000002
[CALL-CHAIN] #1562 f172 addr=0x8001A664 ra=0x80010EA4 sp=0x801FFF00 a0=0x000000B4
[CALL-CHAIN] #1563 f173 addr=0x80019844 ra=0x80010EA4 sp=0x801FFF00 a0=0x800106B4
[CALL-CHAIN] #1564 f173 addr=0x8001A65C ra=0x8001991C sp=0x801FFED0 a0=0x000000B4
[CALL-CHAIN] #1565 f173 addr=0x8001A65C ra=0x8001991C sp=0x801FFED0 a0=0x000000B4
[CALL-CHAIN] #1566 f173 addr=0x8001A65C ra=0x8001991C sp=0x801FFED0 a0=0x000000B4
[CALL-CHAIN] #1567 f173 addr=0x8001A65C ra=0x8001991C sp=0x801FFED0 a0=0x000000B4
[CALL-CHAIN] #1568 f173 addr=0x8001A664 ra=0x80010EA4 sp=0x801FFF00 a0=0x00000001
[CALL-CHAIN] #1569 f173 addr=0x8001A664 ra=0x80010EA4 sp=0x801FFF00 a0=0x00000002
[CALL-CHAIN] #1570 f173 addr=0x8001A664 ra=0x80010EA4 sp=0x801FFF00 a0=0x000000B4
[CALL-CHAIN] #1571 f174 addr=0x80019844 ra=0x80010EA4 sp=0x801FFF00 a0=0x800106B4
[CALL-CHAIN] #1572 f174 addr=0x8001A65C ra=0x8001991C sp=0x801FFED0 a0=0x000000B4
[CALL-CHAIN] #1573 f174 addr=0x8001A65C ra=0x8001991C sp=0x801FFED0 a0=0x000000B4
[CALL-CHAIN] #1574 f174 addr=0x8001A65C ra=0x8001991C sp=0x801FFED0 a0=0x000000B4
[CALL-CHAIN] #1575 f174 addr=0x8001A65C ra=0x8001991C sp=0x801FFED0 a0=0x000000B4
[CALL-CHAIN] #1576 f174 addr=0x8001A664 ra=0x80010EA4 sp=0x801FFF00 a0=0x00000001
[CALL-CHAIN] #1577 f174 addr=0x8001A664 ra=0x80010EA4 sp=0x801FFF00 a0=0x00000002
[CALL-CHAIN] #1578 f174 addr=0x8001A664 ra=0x80010EA4 sp=0x801FFF00 a0=0x000000B4
[CALL-CHAIN] #1579 f175 addr=0x80019844 ra=0x80010EA4 sp=0x801FFF00 a0=0x800106B4
[CALL-CHAIN] #1580 f175 addr=0x8001A65C ra=0x8001991C sp=0x801FFED0 a0=0x000000B4
[CALL-CHAIN] #1581 f175 addr=0x8001A65C ra=0x8001991C sp=0x801FFED0 a0=0x000000B4
[CALL-CHAIN] #1582 f175 addr=0x8001A65C ra=0x8001991C sp=0x801FFED0 a0=0x000000B4
[CALL-CHAIN] #1583 f175 addr=0x8001A65C ra=0x8001991C sp=0x801FFED0 a0=0x000000B4
[CALL-CHAIN] #1584 f175 addr=0x8001A664 ra=0x80010EA4 sp=0x801FFF00 a0=0x00000001
[CALL-CHAIN] #1585 f175 addr=0x8001A664 ra=0x80010EA4 sp=0x801FFF00 a0=0x00000002
[CALL-CHAIN] #1586 f175 addr=0x8001A664 ra=0x80010EA4 sp=0x801FFF00 a0=0x000000B4
[CALL-CHAIN] #1587 f176 addr=0x80019844 ra=0x80010EA4 sp=0x801FFF00 a0=0x800106B4
[CALL-CHAIN] #1588 f176 addr=0x8001A65C ra=0x8001991C sp=0x801FFED0 a0=0x000000B4
[CALL-CHAIN] #1589 f176 addr=0x8001A65C ra=0x8001991C sp=0x801FFED0 a0=0x000000B4
[CALL-CHAIN] #1590 f176 addr=0x8001A65C ra=0x8001991C sp=0x801FFED0 a0=0x000000B4
[CALL-CHAIN] #1591 f176 addr=0x8001A65C ra=0x8001991C sp=0x801FFED0 a0=0x000000B4
[CALL-CHAIN] #1592 f176 addr=0x8001A664 ra=0x80010EA4 sp=0x801FFF00 a0=0x00000001
[CALL-CHAIN] #1593 f176 addr=0x8001A664 ra=0x80010EA4 sp=0x801FFF00 a0=0x00000002
[CALL-CHAIN] #1594 f176 addr=0x8001A664 ra=0x80010EA4 sp=0x801FFF00 a0=0x000000B4
[CALL-CHAIN] #1595 f177 addr=0x80019844 ra=0x80010EA4 sp=0x801FFF00 a0=0x800106B4
[CALL-CHAIN] #1596 f177 addr=0x8001A65C ra=0x8001991C sp=0x801FFED0 a0=0x000000B4
[CALL-CHAIN] #1597 f177 addr=0x8001A65C ra=0x8001991C sp=0x801FFED0 a0=0x000000B4
[CALL-CHAIN] #1598 f177 addr=0x8001A65C ra=0x8001991C sp=0x801FFED0 a0=0x000000B4
[CALL-CHAIN] #1599 f177 addr=0x8001A65C ra=0x8001991C sp=0x801FFED0 a0=0x000000B4
[CALL-CHAIN] #1600 f177 addr=0x8001A664 ra=0x80010EA4 sp=0x801FFF00 a0=0x00000001
[CALL-CHAIN] #1601 f177 addr=0x8001A664 ra=0x80010EA4 sp=0x801FFF00 a0=0x00000002
[CALL-CHAIN] #1602 f177 addr=0x8001A664 ra=0x80010EA4 sp=0x801FFF00 a0=0x000000B4
[CALL-CHAIN] #1603 f178 addr=0x80019844 ra=0x80010EA4 sp=0x801FFF00 a0=0x800106B4
[CALL-CHAIN] #1604 f178 addr=0x8001A65C ra=0x8001991C sp=0x801FFED0 a0=0x000000B4
[CALL-CHAIN] #1605 f178 addr=0x8001A65C ra=0x8001991C sp=0x801FFED0 a0=0x000000B4
[CALL-CHAIN] #1606 f178 addr=0x8001A65C ra=0x8001991C sp=0x801FFED0 a0=0x000000B4
[CALL-CHAIN] #1607 f178 addr=0x8001A65C ra=0x8001991C sp=0x801FFED0 a0=0x000000B4
[CALL-CHAIN] #1608 f178 addr=0x8001A664 ra=0x80010EA4 sp=0x801FFF00 a0=0x00000001
[CALL-CHAIN] #1609 f178 addr=0x8001A664 ra=0x80010EA4 sp=0x801FFF00 a0=0x00000002
[CALL-CHAIN] #1610 f178 addr=0x8001A664 ra=0x80010EA4 sp=0x801FFF00 a0=0x000000B4
[CALL-CHAIN] #1611 f179 addr=0x80019844 ra=0x80010EA4 sp=0x801FFF00 a0=0x800106B4
[CALL-CHAIN] #1612 f179 addr=0x8001A65C ra=0x8001991C sp=0x801FFED0 a0=0x000000B4
[CALL-CHAIN] #1613 f179 addr=0x8001A65C ra=0x8001991C sp=0x801FFED0 a0=0x000000B4
[CALL-CHAIN] #1614 f179 addr=0x8001A65C ra=0x8001991C sp=0x801FFED0 a0=0x000000B4
[CALL-CHAIN] #1615 f179 addr=0x8001A65C ra=0x8001991C sp=0x801FFED0 a0=0x000000B4
[CALL-CHAIN] #1616 f179 addr=0x8001A664 ra=0x80010EA4 sp=0x801FFF00 a0=0x00000001
[CALL-CHAIN] #1617 f179 addr=0x8001A664 ra=0x80010EA4 sp=0x801FFF00 a0=0x00000002
[CALL-CHAIN] #1618 f179 addr=0x8001A664 ra=0x80010EA4 sp=0x801FFF00 a0=0x000000B4
[frame 180]
[CALL-CHAIN] #1619 f180 addr=0x80019844 ra=0x80010EA4 sp=0x801FFF00 a0=0x800106B4
[CALL-CHAIN] #1620 f180 addr=0x8001A65C ra=0x8001991C sp=0x801FFED0 a0=0x000000B4
[CALL-CHAIN] #1621 f180 addr=0x8001A65C ra=0x8001991C sp=0x801FFED0 a0=0x000000B4
[CALL-CHAIN] #1622 f180 addr=0x8001A65C ra=0x8001991C sp=0x801FFED0 a0=0x000000B4
[CALL-CHAIN] #1623 f180 addr=0x8001A65C ra=0x8001991C sp=0x801FFED0 a0=0x000000B4
[CALL-CHAIN] #1624 f180 addr=0x8001A664 ra=0x80010EA4 sp=0x801FFF00 a0=0x00000001
[CALL-CHAIN] #1625 f180 addr=0x8001A664 ra=0x80010EA4 sp=0x801FFF00 a0=0x00000002
[CALL-CHAIN] #1626 f180 addr=0x8001A664 ra=0x80010EA4 sp=0x801FFF00 a0=0x000000B4
[CALL-CHAIN] #1627 f181 addr=0x80019844 ra=0x80010EA4 sp=0x801FFF00 a0=0x800106B4
[CALL-CHAIN] #1628 f181 addr=0x8001A65C ra=0x8001991C sp=0x801FFED0 a0=0x000000B4
[CALL-CHAIN] #1629 f181 addr=0x8001A65C ra=0x8001991C sp=0x801FFED0 a0=0x000000B4
[CALL-CHAIN] #1630