[Launcher] Disc: C:\Users\Leona\Documents\GitHub\psxrecomp\CastlevaniaRecomp\isos\Castlevania - Symphony of the Night (USA).cue
=== PSXRecomp v2 ===
EXE: C:\Users\Leona\Documents\GitHub\psxrecomp\CastlevaniaRecomp\isos\SLUS_000.67
CUE: C:\Users\Leona\Documents\GitHub\psxrecomp\CastlevaniaRecomp\isos\Castlevania - Symphony of the Night (USA).cue

[KeyConfig] Loading from C:/Users/Leona/Documents/GitHub/psxrecomp/CastlevaniaRecomp/build/keyconfig.ini
[XA] Volume set to 50%
[KeyConfig] UP=265 DOWN=264 CROSS=83 START=257
[XA] Opened C:\Users\Leona\Documents\GitHub\psxrecomp\CastlevaniaRecomp\isos\Castlevania - Symphony of the Night (USA) (Track 1).bin
[XA] WAV capture: C:/temp/xa_capture.wav (up to 30s)
[XA] Audio ready (decode 37800 Hz → waveOut 44100 Hz)
[FMV] Opened C:\Users\Leona\Documents\GitHub\psxrecomp\CastlevaniaRecomp\isos\Castlevania - Symphony of the Night (USA) (Track 1).bin
[SPU] Initialised — 24 voices, 44100 Hz stereo
Detected PS-X header, skipping 2048 bytes
Loaded 561152 bytes
[RUNTIME] PSX_FORCE_INTERP_8006=1 (force interp for 0x80060000-0x80097FFF)
[RUNTIME] PSX_FORCE_INTERP_DISPLAY_LOOP=1 (interp for 0x80019844/0x8001A110)
[RUNTIME] PSX_FORCE_CV_DISP_CB=1 (seed RAM[0x80032AB0]=0x8001A664 when null)
[RUNTIME] PSX_TRACE_CALL_CHAIN=1
[RUNTIME] PSX_TRACE_GPU_PATH=1
Loaded into PS1 RAM at 0x80010000
[OpenGLRenderer] Initialize() called
[OpenGLRenderer] InitializeWindow() - Creating GLFW window...
[OpenGLRenderer] GLFW window created successfully (960x720)
[OpenGLRenderer] InitializeOpenGL() - Loading OpenGL functions...
[OpenGLRenderer] OpenGL initialized successfully!
[OpenGLRenderer]   Version:  3.3.0 - Build 31.0.101.5522
[OpenGLRenderer]   Renderer: Intel(R) Iris(R) Xe Graphics
[OpenGLRenderer]   Vendor:   Intel
[OpenGLRenderer] OpenGL 3.3 Core Profile ready
[OpenGLRenderer] InitializeShaders() - Compiling shaders...
[OpenGLRenderer]   - Primitive shader compiled (program ID: 3)
[OpenGLRenderer]   - Textured shader compiled (program ID: 4)
[OpenGLRenderer]   - Fill shader compiled (program ID: 5)
[OpenGLRenderer]   - Copy shader compiled (program ID: 6)
[OpenGLRenderer] All 4 shaders compiled successfully!
[OpenGLRenderer] InitializeBuffers() - Creating VAO and VBO...
[OpenGLRenderer] VAO and VBO created (max 4096 vertices per batch)
[OpenGLRenderer] InitializeVRAM() - Creating VRAM texture and FBO...
[OpenGLRenderer] VRAM texture created (1024x512, RGB5A1, 1024 KB)
[OpenGLRenderer] VRAM FBO created and verified (complete)
[OpenGLRenderer] Initialization complete!
Renderer ready

Calling entry point 0x80010DF4...
[CALL-CHAIN] #1 f0 addr=0x80010DF4 ra=0x00000000 sp=0x801FFF00 a0=0x00000000
[CALLEE-FIX] #1 f0 call_by_address(0x80010DF4) sp:801FFF00->80200000 s0:00000000->00000000 s1:00000000->00000000 — restoring
Entry point returned.
[BLACKSCREEN] Manual display bootstrap disabled by env PSX_BLACKSCREEN_MANUAL_DISPLAY_ENTRY=off
[BLACKSCREEN] Skipping bootstrap entry 0x80010DFC (set PSX_TRY_REAL_ENTRY=1 to enable)
[BLACKSCREEN] Enabling display pump fallback at 0x80019844
[CALL-CHAIN] #2 f0 addr=0x80019844 ra=0x80010EA4 sp=0x801FFF00 a0=0x800988A4
[FORCE-INTERP-DISPLAY] #1 f0 addr=0x80019844 w0=0x27BDFFD0 ra=0x80010EA4 a0=0x800988A4 cb=0x00000000
[CALL-CHAIN] #3 f0 addr=0x800198D0 ra=0x80010EA4 sp=0x801FFED0 a0=0x00000001
[CALL-CHAIN] #4 f0 addr=0x8001A65C ra=0x800198F8 sp=0x801FFED0 a0=0x00000002
[CALL-CHAIN] #5 f0 addr=0x8001A65C ra=0x8001991C sp=0x801FFED0 a0=0x000000A4
[CALL-CHAIN] #6 f0 addr=0x8001993C ra=0x8001991C sp=0x801FFED0 a0=0x000000A4
[CALL-CHAIN] #7 f0 addr=0x8001A110 ra=0x8001994C sp=0x801FFED0 a0=0x00000000
[FORCE-CV-DISP-CB] f0 seeded cb=0x8001A664
[FORCE-INTERP-DISPLAY] #2 f0 addr=0x8001A110 w0=0x27BDFFC8 ra=0x8001994C a0=0x00000000 cb=0x8001A664
[CALL-CHAIN] #8 f0 addr=0x80015308 ra=0x8001A144 sp=0x801FFE98 a0=0xFFFFFFFF
[CALL-CHAIN] #9 f0 addr=0x80015308 ra=0x8001A184 sp=0x801FFE98 a0=0xFFFFFFFF
[CALL-CHAIN] #10 f0 addr=0x8001A238 ra=0x8001A184 sp=0x801FFE98 a0=0xFFFFFFFF
[SKIP-A110-RECURSE] #1 f0 addr=0x8001A238 ra=0x8001A184 a0=0xFFFFFFFF
[CALLEE-FIX] #2 f0 call_by_address(0x8001A110) sp:801FFED0->801FFE98 s0:00000003->00000003 s1:0015F760->0015F760 — restoring
[CALL-CHAIN] #11 f0 addr=0x8001995C ra=0x8001A184 sp=0x801FFED0 a0=0xFFFFFFFF
[BLACKSCREEN][RendererPresent] present=1 f=1 disp=(0,0 320x240) vis=320x240 uv=(0.000,0.000)-(1.000,1.000)
[frame 1]
[CALL-CHAIN] #12 f1 addr=0x80019844 ra=0x80010EA4 sp=0x801FFF00 a0=0xFFFFFFFF
[FORCE-INTERP-DISPLAY] #3 f1 addr=0x80019844 w0=0x27BDFFD0 ra=0x80010EA4 a0=0xFFFFFFFF cb=0x8001A664
[CALL-CHAIN] #13 f1 addr=0x800198D0 ra=0x80010EA4 sp=0x801FFED0 a0=0x00000001
[CALL-CHAIN] #14 f1 addr=0x80019900 ra=0x80010EA4 sp=0x801FFED0 a0=0x00000001
[CALL-CHAIN] #15 f1 addr=0x8001A65C ra=0x8001991C sp=0x801FFED0 a0=0x000000FF
[CALL-CHAIN] #16 f1 addr=0x80019894 ra=0x8001991C sp=0x801FFED0 a0=0x000000FF
[CALL-CHAIN] #17 f1 addr=0x800198D0 ra=0x8001991C sp=0x801FFED0 a0=0x00000001
[CALL-CHAIN] #18 f1 addr=0x80019900 ra=0x8001991C sp=0x801FFED0 a0=0x00000001
[CALL-CHAIN] #19 f1 addr=0x8001A65C ra=0x8001991C sp=0x801FFED0 a0=0x000000FF
[CALL-CHAIN] #20 f1 addr=0x80019894 ra=0x8001991C sp=0x801FFED0 a0=0x000000FF
[CALL-CHAIN] #21 f1 addr=0x800198D0 ra=0x8001991C sp=0x801FFED0 a0=0x00000001
[CALL-CHAIN] #22 f1 addr=0x80019900 ra=0x8001991C sp=0x801FFED0 a0=0x00000001
[CALL-CHAIN] #23 f1 addr=0x8001A65C ra=0x8001991C sp=0x801FFED0 a0=0x000000FF
[CALL-CHAIN] #24 f1 addr=0x80019894 ra=0x8001991C sp=0x801FFED0 a0=0x000000FF
[CALL-CHAIN] #25 f1 addr=0x800198D0 ra=0x8001991C sp=0x801FFED0 a0=0x00000001
[CALL-CHAIN] #26 f1 addr=0x80019900 ra=0x8001991C sp=0x801FFED0 a0=0x00000001
[CALL-CHAIN] #27 f1 addr=0x8001A65C ra=0x8001991C sp=0x801FFED0 a0=0x000000FF
[CALL-CHAIN] #28 f1 addr=0x80019958 ra=0x8001991C sp=0x801FFED0 a0=0x00000000
[BLACKSCREEN][RendererPresent] present=2 f=2 disp=(0,0 320x240) vis=320x240 uv=(0.000,0.000)-(1.000,1.000)
[frame 2]
[CALL-CHAIN] #29 f2 addr=0x80019844 ra=0x80010EA4 sp=0x801FFF00 a0=0x00000000
[FORCE-INTERP-DISPLAY] #4 f2 addr=0x80019844 w0=0x27BDFFD0 ra=0x80010EA4 a0=0x00000000 cb=0x8001A664
[CALL-CHAIN] #30 f2 addr=0x800198D0 ra=0x80010EA4 sp=0x801FFED0 a0=0x00000001
[CALL-CHAIN] #31 f2 addr=0x80019900 ra=0x80010EA4 sp=0x801FFED0 a0=0x00000001
[CALL-CHAIN] #32 f2 addr=0x8001A65C ra=0x8001991C sp=0x801FFED0 a0=0x00000000
[CALL-CHAIN] #33 f2 addr=0x80019894 ra=0x8001991C sp=0x801FFED0 a0=0x00000000
[CALL-CHAIN] #34 f2 addr=0x800198D0 ra=0x8001991C sp=0x801FFED0 a0=0x00000001
[CALL-CHAIN] #35 f2 addr=0x80019900 ra=0x8001991C sp=0x801FFED0 a0=0x00000001
[CALL-CHAIN] #36 f2 addr=0x8001A65C ra=0x8001991C sp=0x801FFED0 a0=0x00000000
[CALL-CHAIN] #37 f2 addr=0x80019894 ra=0x8001991C sp=0x801FFED0 a0=0x00000000
[CALL-CHAIN] #38 f2 addr=0x800198D0 ra=0x8001991C sp=0x801FFED0 a0=0x00000001
[CALL-CHAIN] #39 f2 addr=0x80019900 ra=0x8001991C sp=0x801FFED0 a0=0x00000001
[CALL-CHAIN] #40 f2 addr=0x8001A65C ra=0x8001991C sp=0x801FFED0 a0=0x00000000
[CALL-CHAIN] #41 f2 addr=0x80019894 ra=0x8001991C sp=0x801FFED0 a0=0x00000000
[CALL-CHAIN] #42 f2 addr=0x800198D0 ra=0x8001991C sp=0x801FFED0 a0=0x00000001
[CALL-CHAIN] #43 f2 addr=0x80019900 ra=0x8001991C sp=0x801FFED0 a0=0x00000001
[CALL-CHAIN] #44 f2 addr=0x8001A65C ra=0x8001991C sp=0x801FFED0 a0=0x00000000
[CALL-CHAIN] #45 f2 addr=0x80019958 ra=0x8001991C sp=0x801FFED0 a0=0x00000000
[BLACKSCREEN][RendererPresent] present=3 f=3 disp=(0,0 320x240) vis=320x240 uv=(0.000,0.000)-(1.000,1.000)
[frame 3]
[CALL-CHAIN] #46 f3 addr=0x80019844 ra=0x80010EA4 sp=0x801FFF00 a0=0x00000000
[FORCE-INTERP-DISPLAY] #5 f3 addr=0x80019844 w0=0x27BDFFD0 ra=0x80010EA4 a0=0x00000000 cb=0x8001A664
[CALL-CHAIN] #47 f3 addr=0x800198D0 ra=0x80010EA4 sp=0x801FFED0 a0=0x00000001
[CALL-CHAIN] #48 f3 addr=0x80019900 ra=0x80010EA4 sp=0x801FFED0 a0=0x00000001
[CALL-CHAIN] #49 f3 addr=0x8001A65C ra=0x8001991C sp=0x801FFED0 a0=0x00000000
[CALL-CHAIN] #50 f3 addr=0x80019894 ra=0x8001991C sp=0x801FFED0 a0=0x00000000
[CALL-CHAIN] #51 f3 addr=0x800198D0 ra=0x8001991C sp=0x801FFED0 a0=0x00000001
[CALL-CHAIN] #52 f3 addr=0x80019900 ra=0x8001991C sp=0x801FFED0 a0=0x00000001
[CALL-CHAIN] #53 f3 addr=0x8001A65C ra=0x8001991C sp=0x801FFED0 a0=0x00000000
[CALL-CHAIN] #54 f3 addr=0x80019894 ra=0x8001991C sp=0x801FFED0 a0=0x00000000
[CALL-CHAIN] #55 f3 addr=0x800198D0 ra=0x8001991C sp=0x801FFED0 a0=0x00000001
[CALL-CHAIN] #56 f3 addr=0x80019900 ra=0x8001991C sp=0x801FFED0 a0=0x00000001
[CALL-CHAIN] #57 f3 addr=0x8001A65C ra=0x8001991C sp=0x801FFED0 a0=0x00000000
[CALL-CHAIN] #58 f3 addr=0x80019894 ra=0x8001991C sp=0x801FFED0 a0=0x00000000
[CALL-CHAIN] #59 f3 addr=0x800198D0 ra=0x8001991C sp=0x801FFED0 a0=0x00000001
[CALL-CHAIN] #60 f3 addr=0x80019900 ra=0x8001991C sp=0x801FFED0 a0=0x00000001
[CALL-CHAIN] #61 f3 addr=0x8001A65C ra=0x8001991C sp=0x801FFED0 a0=0x00000000
[CALL-CHAIN] #62 f3 addr=0x80019958 ra=0x8001991C sp=0x801FFED0 a0=0x00000000
[BLACKSCREEN][RendererPresent] present=4 f=4 disp=(0,0 320x240) vis=320x240 uv=(0.000,0.000)-(1.000,1.000)
[frame 4]
[CALL-CHAIN] #63 f4 addr=0x80019844 ra=0x80010EA4 sp=0x801FFF00 a0=0x00000000
[FORCE-INTERP-DISPLAY] #6 f4 addr=0x80019844 w0=0x27BDFFD0 ra=0x80010EA4 a0=0x00000000 cb=0x8001A664
[CALL-CHAIN] #64 f4 addr=0x800198D0 ra=0x80010EA4 sp=0x801FFED0 a0=0x00000001
[CALL-CHAIN] #65 f4 addr=0x80019900 ra=0x80010EA4 sp=0x801FFED0 a0=0x00000001
[CALL-CHAIN] #66 f4 addr=0x8001A65C ra=0x8001991C sp=0x801FFED0 a0=0x00000000
[CALL-CHAIN] #67 f4 addr=0x80019894 ra=0x8001991C sp=0x801FFED0 a0=0x00000000
[CALL-CHAIN] #68 f4 addr=0x800198D0 ra=0x8001991C sp=0x801FFED0 a0=0x00000001
[CALL-CHAIN] #69 f4 addr=0x80019900 ra=0x8001991C sp=0x801FFED0 a0=0x00000001
[CALL-CHAIN] #70 f4 addr=0x8001A65C ra=0x8001991C sp=0x801FFED0 a0=0x00000000
[CALL-CHAIN] #71 f4 addr=0x80019894 ra=0x8001991C sp=0x801FFED0 a0=0x00000000
[CALL-CHAIN] #72 f4 addr=0x800198D0 ra=0x8001991C sp=0x801FFED0 a0=0x00000001
[CALL-CHAIN] #73 f4 addr=0x80019900 ra=0x8001991C sp=0x801FFED0 a0=0x00000001
[CALL-CHAIN] #74 f4 addr=0x8001A65C ra=0x8001991C sp=0x801FFED0 a0=0x00000000
[CALL-CHAIN] #75 f4 addr=0x80019894 ra=0x8001991C sp=0x801FFED0 a0=0x00000000
[CALL-CHAIN] #76 f4 addr=0x800198D0 ra=0x8001991C sp=0x801FFED0 a0=0x00000001
[CALL-CHAIN] #77 f4 addr=0x80019900 ra=0x8001991C sp=0x801FFED0 a0=0x00000001
[CALL-CHAIN] #78 f4 addr=0x8001A65C ra=0x8001991C sp=0x801FFED0 a0=0x00000000
[CALL-CHAIN] #79 f4 addr=0x80019958 ra=0x8001991C sp=0x801FFED0 a0=0x00000000
[BLACKSCREEN][RendererPresent] present=5 f=5 disp=(0,0 320x240) vis=320x240 uv=(0.000,0.000)-(1.000,1.000)
[frame 5]
[CALL-CHAIN] #80 f5 addr=0x80019844 ra=0x80010EA4 sp=0x801FFF00 a0=0x00000000
[FORCE-INTERP-DISPLAY] #7 f5 addr=0x80019844 w0=0x27BDFFD0 ra=0x80010EA4 a0=0x00000000 cb=0x8001A664
[CALL-CHAIN] #81 f5 addr=0x800198D0 ra=0x80010EA4 sp=0x801FFED0 a0=0x00000001
[CALL-CHAIN] #82 f5 addr=0x80019900 ra=0x80010EA4 sp=0x801FFED0 a0=0x00000001
[CALL-CHAIN] #83 f5 addr=0x8001A65C ra=0x8001991C sp=0x801FFED0 a0=0x00000000
[CALL-CHAIN] #84 f5 addr=0x80019894 ra=0x8001991C sp=0x801FFED0 a0=0x00000000
[CALL-CHAIN] #85 f5 addr=0x800198D0 ra=0x8001991C sp=0x801FFED0 a0=0x00000001
[CALL-CHAIN] #86 f5 addr=0x80019900 ra=0x8001991C sp=0x801FFED0 a0=0x00000001
[CALL-CHAIN] #87 f5 addr=0x8001A65C ra=0x8001991C sp=0x801FFED0 a0=0x00000000
[CALL-CHAIN] #88 f5 addr=0x80019894 ra=0x8001991C sp=0x801FFED0 a0=0x00000000
[CALL-CHAIN] #89 f5 addr=0x800198D0 ra=0x8001991C sp=0x801FFED0 a0=0x00000001
[CALL-CHAIN] #90 f5 addr=0x80019900 ra=0x8001991C sp=0x801FFED0 a0=0x00000001
[CALL-CHAIN] #91 f5 addr=0x8001A65C ra=0x8001991C sp=0x801FFED0 a0=0x00000000
[CALL-CHAIN] #92 f5 addr=0x80019894 ra=0x8001991C sp=0x801FFED0 a0=0x00000000
[CALL-CHAIN] #93 f5 addr=0x800198D0 ra=0x8001991C sp=0x801FFED0 a0=0x00000001
[CALL-CHAIN] #94 f5 addr=0x80019900 ra=0x8001991C sp=0x801FFED0 a0=0x00000001
[CALL-CHAIN] #95 f5 addr=0x8001A65C ra=0x8001991C sp=0x801FFED0 a0=0x00000000
[CALL-CHAIN] #96 f5 addr=0x80019958 ra=0x8001991C sp=0x801FFED0 a0=0x00000000
[BLACKSCREEN][RendererPresent] present=6 f=6 disp=(0,0 320x240) vis=320x240 uv=(0.000,0.000)-(1.000,1.000)
[CALL-CHAIN] #97 f6 addr=0x80019844 ra=0x80010EA4 sp=0x801FFF00 a0=0x00000000
[FORCE-INTERP-DISPLAY] #8 f6 addr=0x80019844 w0=0x27BDFFD0 ra=0x80010EA4 a0=0x00000000 cb=0x8001A664
[CALL-CHAIN] #98 f6 addr=0x800198D0 ra=0x80010EA4 sp=0x801FFED0 a0=0x00000001
[CALL-CHAIN] #99 f6 addr=0x80019900 ra=0x80010EA4 sp=0x801FFED0 a0=0x00000001
[CALL-CHAIN] #100 f6 addr=0x8001A65C ra=0x8001991C sp=0x801FFED0 a0=0x00000000
[CALL-CHAIN] #101 f6 addr=0x80019894 ra=0x8001991C sp=0x801FFED0 a0=0x00000000
[CALL-CHAIN] #102 f6 addr=0x800198D0 ra=0x8001991C sp=0x801FFED0 a0=0x00000001
[CALL-CHAIN] #103 f6 addr=0x80019900 ra=0x8001991C sp=0x801FFED0 a0=0x00000001
[CALL-CHAIN] #104 f6 addr=0x8001A65C ra=0x8001991C sp=0x801FFED0 a0=0x00000000
[CALL-CHAIN] #105 f6 addr=0x80019894 ra=0x8001991C sp=0x801FFED0 a0=0x00000000
[CALL-CHAIN] #106 f6 addr=0x800198D0 ra=0x8001991C sp=0x801FFED0 a0=0x00000001
[CALL-CHAIN] #107 f6 addr=0x80019900 ra=0x8001991C sp=0x801FFED0 a0=0x00000001
[CALL-CHAIN] #108 f6 addr=0x8001A65C ra=0x8001991C sp=0x801FFED0 a0=0x00000000
[CALL-CHAIN] #109 f6 addr=0x80019894 ra=0x8001991C sp=0x801FFED0 a0=0x00000000
[CALL-CHAIN] #110 f6 addr=0x800198D0 ra=0x8001991C sp=0x801FFED0 a0=0x00000001
[CALL-CHAIN] #111 f6 addr=0x80019900 ra=0x8001991C sp=0x801FFED0 a0=0x00000001
[CALL-CHAIN] #112 f6 addr=0x8001A65C ra=0x8001991C sp=0x801FFED0 a0=0x00000000
[CALL-CHAIN] #113 f6 addr=0x80019958 ra=0x8001991C sp=0x801FFED0 a0=0x00000000
[BLACKSCREEN][RendererPresent] present=7 f=7 disp=(0,0 320x240) vis=320x240 uv=(0.000,0.000)-(1.000,1.000)
[CALL-CHAIN] #114 f7 addr=0x80019844 ra=0x80010EA4 sp=0x801FFF00 a0=0x00000000
[FORCE-INTERP-DISPLAY] #9 f7 addr=0x80019844 w0=0x27BDFFD0 ra=0x80010EA4 a0=0x00000000 cb=0x8001A664
[CALL-CHAIN] #115 f7 addr=0x800198D0 ra=0x80010EA4 sp=0x801FFED0 a0=0x00000001
[CALL-CHAIN] #116 f7 addr=0x80019900 ra=0x80010EA4 sp=0x801FFED0 a0=0x00000001
[CALL-CHAIN] #117 f7 addr=0x8001A65C ra=0x8001991C sp=0x801FFED0 a0=0x00000000
[CALL-CHAIN] #118 f7 addr=0x80019894 ra=0x8001991C sp=0x801FFED0 a0=0x00000000
[CALL-CHAIN] #119 f7 addr=0x800198D0 ra=0x8001991C sp=0x801FFED0 a0=0x00000001
[CALL-CHAIN] #120 f7 addr=0x80019900 ra=0x8001991C sp=0x801FFED0 a0=0x00000001
[CALL-CHAIN] #121 f7 addr=0x8001A65C ra=0x8001991C sp=0x801FFED0 a0=0x00000000
[CALL-CHAIN] #122 f7 addr=0x80019894 ra=0x8001991C sp=0x801FFED0 a0=0x00000000
[CALL-CHAIN] #123 f7 addr=0x800198D0 ra=0x8001991C sp=0x801FFED0 a0=0x00000001
[CALL-CHAIN] #124 f7 addr=0x80019900 ra=0x8001991C sp=0x801FFED0 a0=0x00000001
[CALL-CHAIN] #125 f7 addr=0x8001A65C ra=0x8001991C sp=0x801FFED0 a0=0x00000000
[CALL-CHAIN] #126 f7 addr=0x80019894 ra=0x8001991C sp=0x801FFED0 a0=0x00000000
[CALL-CHAIN] #127 f7 addr=0x800198D0 ra=0x8001991C sp=0x801FFED0 a0=0x00000001
[CALL-CHAIN] #128 f7 addr=0x80019900 ra=0x8001991C sp=0x801FFED0 a0=0x00000001
[CALL-CHAIN] #129 f7 addr=0x8001A65C ra=0x8001991C sp=0x801FFED0 a0=0x00000000
[CALL-CHAIN] #130 f7 addr=0x80019958 ra=0x8001991C sp=0x801FFED0 a0=0x00000000
[BLACKSCREEN][RendererPresent] present=8 f=8 disp=(0,0 320x240) vis=320x240 uv=(0.000,0.000)-(1.000,1.000)
[CALL-CHAIN] #131 f8 addr=0x80019844 ra=0x80010EA4 sp=0x801FFF00 a0=0x00000000
[FORCE-INTERP-DISPLAY] #10 f8 addr=0x80019844 w0=0x27BDFFD0 ra=0x80010EA4 a0=0x00000000 cb=0x8001A664
[CALL-CHAIN] #132 f8 addr=0x800198D0 ra=0x80010EA4 sp=0x801FFED0 a0=0x00000001
[CALL-CHAIN] #133 f8 addr=0x80019900 ra=0x80010EA4 sp=0x801FFED0 a0=0x00000001
[CALL-CHAIN] #134 f8 addr=0x8001A65C ra=0x8001991C sp=0x801FFED0 a0=0x00000000
[CALL-CHAIN] #135 f8 addr=0x80019894 ra=0x8001991C sp=0x801FFED0 a0=0x00000000
[CALL-CHAIN] #136 f8 addr=0x800198D0 ra=0x8001991C sp=0x801FFED0 a0=0x00000001
[CALL-CHAIN] #137 f8 addr=0x80019900 ra=0x8001991C sp=0x801FFED0 a0=0x00000001
[CALL-CHAIN] #138 f8 addr=0x8001A65C ra=0x8001991C sp=0x801FFED0 a0=0x00000000
[CALL-CHAIN] #139 f8 addr=0x80019894 ra=0x8001991C sp=0x801FFED0 a0=0x00000000
[CALL-CHAIN] #140 f8 addr=0x800198D0 ra=0x8001991C sp=0x801FFED0 a0=0x00000001
[CALL-CHAIN] #141 f8 addr=0x80019900 ra=0x8001991C sp=0x801FFED0 a0=0x00000001
[CALL-CHAIN] #142 f8 addr=0x8001A65C ra=0x8001991C sp=0x801FFED0 a0=0x00000000
[CALL-CHAIN] #143 f8 addr=0x80019894 ra=0x8001991C sp=0x801FFED0 a0=0x00000000
[CALL-CHAIN] #144 f8 addr=0x800198D0 ra=0x8001991C sp=0x801FFED0 a0=0x00000001
[CALL-CHAIN] #145 f8 addr=0x80019900 ra=0x8001991C sp=0x801FFED0 a0=0x00000001
[CALL-CHAIN] #146 f8 addr=0x8001A65C ra=0x8001991C sp=0x801FFED0 a0=0x00000000
[CALL-CHAIN] #147 f8 addr=0x80019958 ra=0x8001991C sp=0x801FFED0 a0=0x00000000
[BLACKSCREEN][RendererPresent] present=9 f=9 disp=(0,0 320x240) vis=320x240 uv=(0.000,0.000)-(1.000,1.000)
[CALL-CHAIN] #148 f9 addr=0x80019844 ra=0x80010EA4 sp=0x801FFF00 a0=0x00000000
[FORCE-INTERP-DISPLAY] #11 f9 addr=0x80019844 w0=0x27BDFFD0 ra=0x80010EA4 a0=0x00000000 cb=0x8001A664
[CALL-CHAIN] #149 f9 addr=0x800198D0 ra=0x80010EA4 sp=0x801FFED0 a0=0x00000001
[CALL-CHAIN] #150 f9 addr=0x80019900 ra=0x80010EA4 sp=0x801FFED0 a0=0x00000001
[CALL-CHAIN] #151 f9 addr=0x8001A65C ra=0x8001991C sp=0x801FFED0 a0=0x00000000
[CALL-CHAIN] #152 f9 addr=0x80019894 ra=0x8001991C sp=0x801FFED0 a0=0x00000000
[CALL-CHAIN] #153 f9 addr=0x800198D0 ra=0x8001991C sp=0x801FFED0 a0=0x00000001
[CALL-CHAIN] #154 f9 addr=0x80019900 ra=0x8001991C sp=0x801FFED0 a0=0x00000001
[CALL-CHAIN] #155 f9 addr=0x8001A65C ra=0x8001991C sp=0x801FFED0 a0=0x00000000
[CALL-CHAIN] #156 f9 addr=0x80019894 ra=0x8001991C sp=0x801FFED0 a0=0x00000000
[CALL-CHAIN] #157 f9 addr=0x800198D0 ra=0x8001991C sp=0x801FFED0 a0=0x00000001
[CALL-CHAIN] #158 f9 addr=0x80019900 ra=0x8001991C sp=0x801FFED0 a0=0x00000001
[CALL-CHAIN] #159 f9 addr=0x8001A65C ra=0x8001991C sp=0x801FFED0 a0=0x00000000
[CALL-CHAIN] #160 f9 addr=0x80019894 ra=0x8001991C sp=0x801FFED0 a0=0x00000000
[CALL-CHAIN] #161 f9 addr=0x800198D0 ra=0x8001991C sp=0x801FFED0 a0=0x00000001
[CALL-CHAIN] #162 f9 addr=0x80019900 ra=0x8001991C sp=0x801FFED0 a0=0x00000001
[CALL-CHAIN] #163 f9 addr=0x8001A65C ra=0x8001991C sp=0x801FFED0 a0=0x00000000
[CALL-CHAIN] #164 f9 addr=0x80019958 ra=0x8001991C sp=0x801FFED0 a0=0x00000000
[BLACKSCREEN][RendererPresent] present=10 f=10 disp=(0,0 320x240) vis=320x240 uv=(0.000,0.000)-(1.000,1.000)
[CALL-CHAIN] #165 f10 addr=0x80019844 ra=0x80010EA4 sp=0x801FFF00 a0=0x00000000
[FORCE-INTERP-DISPLAY] #12 f10 addr=0x80019844 w0=0x27BDFFD0 ra=0x80010EA4 a0=0x00000000 cb=0x8001A664
[CALL-CHAIN] #166 f10 addr=0x800198D0 ra=0x80010EA4 sp=0x801FFED0 a0=0x00000001
[CALL-CHAIN] #167 f10 addr=0x80019900 ra=0x80010EA4 sp=0x801FFED0 a0=0x00000001
[CALL-CHAIN] #168 f10 addr=0x8001A65C ra=0x8001991C sp=0x801FFED0 a0=0x00000000
[CALL-CHAIN] #169 f10 addr=0x80019894 ra=0x8001991C sp=0x801FFED0 a0=0x00000000
[CALL-CHAIN] #170 f10 addr=0x800198D0 ra=0x8001991C sp=0x801FFED0 a0=0x00000001
[CALL-CHAIN] #171 f10 addr=0x80019900 ra=0x8001991C sp=0x801FFED0 a0=0x00000001
[CALL-CHAIN] #172 f10 addr=0x8001A65C ra=0x8001991C sp=0x801FFED0 a0=0x00000000
[CALL-CHAIN] #173 f10 addr=0x80019894 ra=0x8001991C sp=0x801FFED0 a0=0x00000000
[CALL-CHAIN] #174 f10 addr=0x800198D0 ra=0x8001991C sp=0x801FFED0 a0=0x00000001
[CALL-CHAIN] #175 f10 addr=0x80019900 ra=0x8001991C sp=0x801FFED0 a0=0x00000001
[CALL-CHAIN] #176 f10 addr=0x8001A65C ra=0x8001991C sp=0x801FFED0 a0=0x00000000
[CALL-CHAIN] #177 f10 addr=0x80019894 ra=0x8001991C sp=0x801FFED0 a0=0x00000000
[CALL-CHAIN] #178 f10 addr=0x800198D0 ra=0x8001991C sp=0x801FFED0 a0=0x00000001
[CALL-CHAIN] #179 f10 addr=0x80019900 ra=0x8001991C sp=0x801FFED0 a0=0x00000001
[CALL-CHAIN] #180 f10 addr=0x8001A65C ra=0x8001991C sp=0x801FFED0 a0=0x00000000
[CALL-CHAIN] #181 f10 addr=0x80019958 ra=0x8001991C sp=0x801FFED0 a0=0x00000000
[BLACKSCREEN][RendererPresent] present=11 f=11 disp=(0,0 320x240) vis=320x240 uv=(0.000,0.000)-(1.000,1.000)
[CALL-CHAIN] #182 f11 addr=0x80019844 ra=0x80010EA4 sp=0x801FFF00 a0=0x00000000
[FORCE-INTERP-DISPLAY] #13 f11 addr=0x80019844 w0=0x27BDFFD0 ra=0x80010EA4 a0=0x00000000 cb=0x8001A664
[CALL-CHAIN] #183 f11 addr=0x800198D0 ra=0x80010EA4 sp=0x801FFED0 a0=0x00000001
[CALL-CHAIN] #184 f11 addr=0x80019900 ra=0x80010EA4 sp=0x801FFED0 a0=0x00000001
[CALL-CHAIN] #185 f11 addr=0x8001A65C ra=0x8001991C sp=0x801FFED0 a0=0x00000000
[CALL-CHAIN] #186 f11 addr=0x80019894 ra=0x8001991C sp=0x801FFED0 a0=0x00000000
[CALL-CHAIN] #187 f11 addr=0x800198D0 ra=0x8001991C sp=0x801FFED0 a0=0x00000001
[CALL-CHAIN] #188 f11 addr=0x80019900 ra=0x8001991C sp=0x801FFED0 a0=0x00000001
[CALL-CHAIN] #189 f11 addr=0x8001A65C ra=0x8001991C sp=0x801FFED0 a0=0x00000000
[CALL-CHAIN] #190 f11 addr=0x80019894 ra=0x8001991C sp=0x801FFED0 a0=0x00000000
[CALL-CHAIN] #191 f11 addr=0x800198D0 ra=0x8001991C sp=0x801FFED0 a0=0x00000001
[CALL-CHAIN] #192 f11 addr=0x80019900 ra=0x8001991C sp=0x801FFED0 a0=0x00000001
[CALL-CHAIN] #193 f11 addr=0x8001A65C ra=0x8001991C sp=0x801FFED0 a0=0x00000000
[CALL-CHAIN] #194 f11 addr=0x80019894 ra=0x8001991C sp=0x801FFED0 a0=0x00000000
[CALL-CHAIN] #195 f11 addr=0x800198D0 ra=0x8001991C sp=0x801FFED0 a0=0x00000001
[CALL-CHAIN] #196 f11 addr=0x80019900 ra=0x8001991C sp=0x801FFED0 a0=0x00000001
[CALL-CHAIN] #197 f11 addr=0x8001A65C ra=0x8001991C sp=0x801FFED0 a0=0x00000000
[CALL-CHAIN] #198 f11 addr=0x80019958 ra=0x8001991C sp=0x801FFED0 a0=0x00000000
[BLACKSCREEN][RendererPresent] present=12 f=12 disp=(0,0 320x240) vis=320x240 uv=(0.000,0.000)-(1.000,1.000)
[CALL-CHAIN] #199 f12 addr=0x80019844 ra=0x80010EA4 sp=0x801FFF00 a0=0x00000000
[FORCE-INTERP-DISPLAY] #14 f12 addr=0x80019844 w0=0x27BDFFD0 ra=0x80010EA4 a0=0x00000000 cb=0x8001A664
[CALL-CHAIN] #200 f12 addr=0x800198D0 ra=0x80010EA4 sp=0x801FFED0 a0=0x00000001
[CALL-CHAIN] #201 f12 addr=0x80019900 ra=0x80010EA4 sp=0x801FFED0 a0=0x00000001
[CALL-CHAIN] #202 f12 addr=0x8001A65C ra=0x8001991C sp=0x801FFED0 a0=0x00000000
[CALL-CHAIN] #203 f12 addr=0x80019894 ra=0x8001991C sp=0x801FFED0 a0=0x00000000
[CALL-CHAIN] #204 f12 addr=0x800198D0 ra=0x8001991C sp=0x801FFED0 a0=0x00000001
[CALL-CHAIN] #205 f12 addr=0x80019900 ra=0x8001991C sp=0x801FFED0 a0=0x00000001
[CALL-CHAIN] #206 f12 addr=0x8001A65C ra=0x8001991C sp=0x801FFED0 a0=0x00000000
[CALL-CHAIN] #207 f12 addr=0x80019894 ra=0x8001991C sp=0x801FFED0 a0=0x00000000
[CALL-CHAIN] #208 f12 addr=0x800198D0 ra=0x8001991C sp=0x801FFED0 a0=0x00000001
[CALL-CHAIN] #209 f12 addr=0x80019900 ra=0x8001991C sp=0x801FFED0 a0=0x00000001
[CALL-CHAIN] #210 f12 addr=0x8001A65C ra=0x8001991C sp=0x801FFED0 a0=0x00000000
[CALL-CHAIN] #211 f12 addr=0x80019894 ra=0x8001991C sp=0x801FFED0 a0=0x00000000
[CALL-CHAIN] #212 f12 addr=0x800198D0 ra=0x8001991C sp=0x801FFED0 a0=0x00000001
[CALL-CHAIN] #213 f12 addr=0x80019900 ra=0x8001991C sp=0x801FFED0 a0=0x00000001
[CALL-CHAIN] #214 f12 addr=0x8001A65C ra=0x8001991C sp=0x801FFED0 a0=0x00000000
[CALL-CHAIN] #215 f12 addr=0x80019958 ra=0x8001991C sp=0x801FFED0 a0=0x00000000
[BLACKSCREEN][RendererPresent] present=13 f=13 disp=(0,0 320x240) vis=320x240 uv=(0.000,0.000)-(1.000,1.000)
[CALL-CHAIN] #216 f13 addr=0x80019844 ra=0x80010EA4 sp=0x801FFF00 a0=0x00000000
[FORCE-INTERP-DISPLAY] #15 f13 addr=0x80019844 w0=0x27BDFFD0 ra=0x80010EA4 a0=0x00000000 cb=0x8001A664
[CALL-CHAIN] #217 f13 addr=0x800198D0 ra=0x80010EA4 sp=0x801FFED0 a0=0x00000001
[CALL-CHAIN] #218 f13 addr=0x80019900 ra=0x80010EA4 sp=0x801FFED0 a0=0x00000001
[CALL-CHAIN] #219 f13 addr=0x8001A65C ra=0x8001991C sp=0x801FFED0 a0=0x00000000
[CALL-CHAIN] #220 f13 addr=0x80019894 ra=0x8001991C sp=0x801FFED0 a0=0x00000000
[CALL-CHAIN] #221 f13 addr=0x800198D0 ra=0x8001991C sp=0x801FFED0 a0=0x00000001
[CALL-CHAIN] #222 f13 addr=0x80019900 ra=0x8001991C sp=0x801FFED0 a0=0x00000001
[CALL-CHAIN] #223 f13 addr=0x8001A65C ra=0x8001991C sp=0x801FFED0 a0=0x00000000
[CALL-CHAIN] #224 f13 addr=0x80019894 ra=0x8001991C sp=0x801FFED0 a0=0x00000000
[CALL-CHAIN] #225 f13 addr=0x800198D0 ra=0x8001991C sp=0x801FFED0 a0=0x00000001
[CALL-CHAIN] #226 f13 addr=0x80019900 ra=0x8001991C sp=0x801FFED0 a0=0x00000001
[CALL-CHAIN] #227 f13 addr=0x8001A65C ra=0x8001991C sp=0x801FFED0 a0=0x00000000
[CALL-CHAIN] #228 f13 addr=0x80019894 ra=0x8001991C sp=0x801FFED0 a0=0x00000000
[CALL-CHAIN] #229 f13 addr=0x800198D0 ra=0x8001991C sp=0x801FFED0 a0=0x00000001
[CALL-CHAIN] #230 f13 addr=0x80019900 ra=0x8001991C sp=0x801FFED0 a0=0x00000001
[CALL-CHAIN] #231 f13 addr=0x8001A65C ra=0x8001991C sp=0x801FFED0 a0=0x00000000
[CALL-CHAIN] #232 f13 addr=0x80019958 ra=0x8001991C sp=0x801FFED0 a0=0x00000000
[BLACKSCREEN][RendererPresent] present=14 f=14 disp=(0,0 320x240) vis=320x240 uv=(0.000,0.000)-(1.000,1.000)
[CALL-CHAIN] #233 f14 addr=0x80019844 ra=0x80010EA4 sp=0x801FFF00 a0=0x00000000
[FORCE-INTERP-DISPLAY] #16 f14 addr=0x80019844 w0=0x27BDFFD0 ra=0x80010EA4 a0=0x00000000 cb=0x8001A664
[CALL-CHAIN] #234 f14 addr=0x800198D0 ra=0x80010EA4 sp=0x801FFED0 a0=0x00000001
[CALL-CHAIN] #235 f14 addr=0x80019900 ra=0x80010EA4 sp=0x801FFED0 a0=0x00000001
[CALL-CHAIN] #236 f14 addr=0x8001A65C ra=0x8001991C sp=0x801FFED0 a0=0x00000000
[CALL-CHAIN] #237 f14 addr=0x80019894 ra=0x8001991C sp=0x801FFED0 a0=0x00000000
[CALL-CHAIN] #238 f14 addr=0x800198D0 ra=0x8001991C sp=0x801FFED0 a0=0x00000001
[CALL-CHAIN] #239 f14 addr=0x80019900 ra=0x8001991C sp=0x801FFED0 a0=0x00000001
[CALL-CHAIN] #240 f14 addr=0x8001A65C ra=0x8001991C sp=0x801FFED0 a0=0x00000000
[CALL-CHAIN] #241 f14 addr=0x80019894 ra=0x8001991C sp=0x801FFED0 a0=0x00000000
[CALL-CHAIN] #242 f14 addr=0x800198D0 ra=0x8001991C sp=0x801FFED0 a0=0x00000001
[CALL-CHAIN] #243 f14 addr=0x80019900 ra=0x8001991C sp=0x801FFED0 a0=0x00000001
[CALL-CHAIN] #244 f14 addr=0x8001A65C ra=0x8001991C sp=0x801FFED0 a0=0x00000000
[CALL-CHAIN] #245 f14 addr=0x80019894 ra=0x8001991C sp=0x801FFED0 a0=0x00000000
[CALL-CHAIN] #246 f14 addr=0x800198D0 ra=0x8001991C sp=0x801FFED0 a0=0x00000001
[CALL-CHAIN] #247 f14 addr=0x80019900 ra=0x8001991C sp=0x801FFED0 a0=0x00000001
[CALL-CHAIN] #248 f14 addr=0x8001A65C ra=0x8001991C sp=0x801FFED0 a0=0x00000000
[CALL-CHAIN] #249 f14 addr=0x80019958 ra=0x8001991C sp=0x801FFED0 a0=0x00000000
[BLACKSCREEN][RendererPresent] present=15 f=15 disp=(0,0 320x240) vis=320x240 uv=(0.000,0.000)-(1.000,1.000)
[CALL-CHAIN] #250 f15 addr=0x80019844 ra=0x80010EA4 sp=0x801FFF00 a0=0x00000000
[FORCE-INTERP-DISPLAY] #17 f15 addr=0x80019844 w0=0x27BDFFD0 ra=0x80010EA4 a0=0x00000000 cb=0x8001A664
[CALL-CHAIN] #251 f15 addr=0x800198D0 ra=0x80010EA4 sp=0x801FFED0 a0=0x00000001
[CALL-CHAIN] #252 f15 addr=0x80019900 ra=0x80010EA4 sp=0x801FFED0 a0=0x00000001
[CALL-CHAIN] #253 f15 addr=0x8001A65C ra=0x8001991C sp=0x801FFED0 a0=0x00000000
[CALL-CHAIN] #254 f15 addr=0x80019894 ra=0x8001991C sp=0x801FFED0 a0=0x00000000
[CALL-CHAIN] #255 f15 addr=0x800198D0 ra=0x8001991C sp=0x801FFED0 a0=0x00000001
[CALL-CHAIN] #256 f15 addr=0x80019900 ra=0x8001991C sp=0x801FFED0 a0=0x00000001
[CALL-CHAIN] #257 f15 addr=0x8001A65C ra=0x8001991C sp=0x801FFED0 a0=0x00000000
[CALL-CHAIN] #258 f15 addr=0x80019894 ra=0x8001991C sp=0x801FFED0 a0=0x00000000
[CALL-CHAIN] #259 f15 addr=0x800198D0 ra=0x8001991C sp=0x801FFED0 a0=0x00000001
[CALL-CHAIN] #260 f15 addr=0x80019900 ra=0x8001991C sp=0x801FFED0 a0=0x00000001
[CALL-CHAIN] #261 f15 addr=0x8001A65C ra=0x8001991C sp=0x801FFED0 a0=0x00000000
[CALL-CHAIN] #262 f15 addr=0x80019894 ra=0x8001991C sp=0x801FFED0 a0=0x00000000
[CALL-CHAIN] #263 f15 addr=0x800198D0 ra=0x8001991C sp=0x801FFED0 a0=0x00000001
[CALL-CHAIN] #264 f15 addr=0x80019900 ra=0x8001991C sp=0x801FFED0 a0=0x00000001
[CALL-CHAIN] #265 f15 addr=0x8001A65C ra=0x8001991C sp=0x801FFED0 a0=0x00000000
[CALL-CHAIN] #266 f15 addr=0x80019958 ra=0x8001991C sp=0x801FFED0 a0=0x00000000
[BLACKSCREEN][RendererPresent] present=16 f=16 disp=(0,0 320x240) vis=320x240 uv=(0.000,0.000)-(1.000,1.000)
[CALL-CHAIN] #267 f16 addr=0x80019844 ra=0x80010EA4 sp=0x801FFF00 a0=0x00000000
[FORCE-INTERP-DISPLAY] #18 f16 addr=0x80019844 w0=0x27BDFFD0 ra=0x80010EA4 a0=0x00000000 cb=0x8001A664
[CALL-CHAIN] #268 f16 addr=0x800198D0 ra=0x80010EA4 sp=0x801FFED0 a0=0x00000001
[CALL-CHAIN] #269 f16 addr=0x80019900 ra=0x80010EA4 sp=0x801FFED0 a0=0x00000001
[CALL-CHAIN] #270 f16 addr=0x8001A65C ra=0x8001991C sp=0x801FFED0 a0=0x00000000
[CALL-CHAIN] #271 f16 addr=0x80019894 ra=0x8001991C sp=0x801FFED0 a0=0x00000000
[CALL-CHAIN] #272 f16 addr=0x800198D0 ra=0x8001991C sp=0x801FFED0 a0=0x00000001
[CALL-CHAIN] #273 f16 addr=0x80019900 ra=0x8001991C sp=0x801FFED0 a0=0x00000001
[CALL-CHAIN] #274 f16 addr=0x8001A65C ra=0x8001991C sp=0x801FFED0 a0=0x00000000
[CALL-CHAIN] #275 f16 addr=0x80019894 ra=0x8001991C sp=0x801FFED0 a0=0x00000000
[CALL-CHAIN] #276 f16 addr=0x800198D0 ra=0x8001991C sp=0x801FFED0 a0=0x00000001
[CALL-CHAIN] #277 f16 addr=0x80019900 ra=0x8001991C sp=0x801FFED0 a0=0x00000001
[CALL-CHAIN] #278 f16 addr=0x8001A65C ra=0x8001991C sp=0x801FFED0 a0=0x00000000
[CALL-CHAIN] #279 f16 addr=0x80019894 ra=0x8001991C sp=0x801FFED0 a0=0x00000000
[CALL-CHAIN] #280 f16 addr=0x800198D0 ra=0x8001991C sp=0x801FFED0 a0=0x00000001
[CALL-CHAIN] #281 f16 addr=0x80019900 ra=0x8001991C sp=0x801FFED0 a0=0x00000001
[CALL-CHAIN] #282 f16 addr=0x8001A65C ra=0x8001991C sp=0x801FFED0 a0=0x00000000
[CALL-CHAIN] #283 f16 addr=0x80019958 ra=0x8001991C sp=0x801FFED0 a0=0x00000000
[BLACKSCREEN][RendererPresent] present=17 f=17 disp=(0,0 320x240) vis=320x240 uv=(0.000,0.000)-(1.000,1.000)
[CALL-CHAIN] #284 f17 addr=0x80019844 ra=0x80010EA4 sp=0x801FFF00 a0=0x00000000
[FORCE-INTERP-DISPLAY] #19 f17 addr=0x80019844 w0=0x27BDFFD0 ra=0x80010EA4 a0=0x00000000 cb=0x8001A664
[CALL-CHAIN] #285 f17 addr=0x800198D0 ra=0x80010EA4 sp=0x801FFED0 a0=0x00000001
[CALL-CHAIN] #286 f17 addr=0x80019900 ra=0x80010EA4 sp=0x801FFED0 a0=0x00000001
[CALL-CHAIN] #287 f17 addr=0x8001A65C ra=0x8001991C sp=0x801FFED0 a0=0x00000000
[CALL-CHAIN] #288 f17 addr=0x80019894 ra=0x8001991C sp=0x801FFED0 a0=0x00000000
[CALL-CHAIN] #289 f17 addr=0x800198D0 ra=0x8001991C sp=0x801FFED0 a0=0x00000001
[CALL-CHAIN] #290 f17 addr=0x80019900 ra=0x8001991C sp=0x801FFED0 a0=0x00000001
[CALL-CHAIN] #291 f17 addr=0x8001A65C ra=0x8001991C sp=0x801FFED0 a0=0x00000000
[CALL-CHAIN] #292 f17 addr=0x80019894 ra=0x8001991C sp=0x801FFED0 a0=0x00000000
[CALL-CHAIN] #293 f17 addr=0x800198D0 ra=0x8001991C sp=0x801FFED0 a0=0x00000001
[CALL-CHAIN] #294 f17 addr=0x80019900 ra=0x8001991C sp=0x801FFED0 a0=0x00000001
[CALL-CHAIN] #295 f17 addr=0x8001A65C ra=0x8001991C sp=0x801FFED0 a0=0x00000000
[CALL-CHAIN] #296 f17 addr=0x80019894 ra=0x8001991C sp=0x801FFED0 a0=0x00000000
[CALL-CHAIN] #297 f17 addr=0x800198D0 ra=0x8001991C sp=0x801FFED0 a0=0x00000001
[CALL-CHAIN] #298 f17 addr=0x80019900 ra=0x8001991C sp=0x801FFED0 a0=0x00000001
[CALL-CHAIN] #299 f17 addr=0x8001A65C ra=0x8001991C sp=0x801FFED0 a0=0x00000000
[CALL-CHAIN] #300 f17 addr=0x80019958 ra=0x8001991C sp=0x801FFED0 a0=0x00000000
[BLACKSCREEN][RendererPresent] present=18 f=18 disp=(0,0 320x240) vis=320x240 uv=(0.000,0.000)-(1.000,1.000)
[CALL-CHAIN] #301 f18 addr=0x80019844 ra=0x80010EA4 sp=0x801FFF00 a0=0x00000000
[FORCE-INTERP-DISPLAY] #20 f18 addr=0x80019844 w0=0x27BDFFD0 ra=0x80010EA4 a0=0x00000000 cb=0x8001A664
[CALL-CHAIN] #302 f18 addr=0x8001A65C ra=0x8001991C sp=0x801FFED0 a0=0x00000000
[CALL-CHAIN] #303 f18 addr=0x8001A65C ra=0x8001991C sp=0x801FFED0 a0=0x00000000
[CALL-CHAIN] #304 f18 addr=0x8001A65C ra=0x8001991C sp=0x801FFED0 a0=0x00000000
[CALL-CHAIN] #305 f18 addr=0x8001A65C ra=0x8001991C sp=0x801FFED0 a0=0x00000000
[BLACKSCREEN][RendererPresent] present=19 f=19 disp=(0,0 320x240) vis=320x240 uv=(0.000,0.000)-(1.000,1.000)
[CALL-CHAIN] #306 f19 addr=0x80019844 ra=0x80010EA4 sp=0x801FFF00 a0=0x00000000
[CALL-CHAIN] #307 f19 addr=0x8001A65C ra=0x8001991C sp=0x801FFED0 a0=0x00000000
[CALL-CHAIN] #308 f19 addr=0x8001A65C ra=0x8001991C sp=0x801FFED0 a0=0x00000000
[CALL-CHAIN] #309 f19 addr=0x8001A65C ra=0x8001991C sp=0x801FFED0 a0=0x00000000
[CALL-CHAIN] #310 f19 addr=0x8001A65C ra=0x8001991C sp=0x801FFED0 a0=0x00000000
[BLACKSCREEN][RendererPresent] present=20 f=20 disp=(0,0 320x240) vis=320x240 uv=(0.000,0.000)-(1.000,1.000)
[CALL-CHAIN] #311 f20 addr=0x80019844 ra=0x80010EA4 sp=0x801FFF00 a0=0x00000000
[CALL-CHAIN] #312 f20 addr=0x8001A65C ra=0x8001991C sp=0x801FFED0 a0=0x00000000
[CALL-CHAIN] #313 f20 addr=0x8001A65C ra=0x8001991C sp=0x801FFED0 a0=0x00000000
[CALL-CHAIN] #314 f20 addr=0x8001A65C ra=0x8001991C sp=0x801FFED0 a0=0x00000000
[CALL-CHAIN] #315 f20 addr=0x8001A65C ra=0x8001991C sp=0x801FFED0 a0=0x00000000
[CALL-CHAIN] #316 f21 addr=0x80019844 ra=0x80010EA4 sp=0x801FFF00 a0=0x00000000
[CALL-CHAIN] #317 f21 addr=0x8001A65C ra=0x8001991C sp=0x801FFED0 a0=0x00000000
[CALL-CHAIN] #318 f21 addr=0x8001A65C ra=0x8001991C sp=0x801FFED0 a0=0x00000000
[CALL-CHAIN] #319 f21 addr=0x8001A65C ra=0x8001991C sp=0x801FFED0 a0=0x00000000
[CALL-CHAIN] #320 f21 addr=0x8001A65C ra=0x8001991C sp=0x801FFED0 a0=0x00000000
[CALL-CHAIN] #321 f22 addr=0x80019844 ra=0x80010EA4 sp=0x801FFF00 a0=0x00000000
[CALL-CHAIN] #322 f22 addr=0x8001A65C ra=0x8001991C sp=0x801FFED0 a0=0x00000000
[CALL-CHAIN] #323 f22 addr=0x8001A65C ra=0x8001991C sp=0x801FFED0 a0=0x00000000
[CALL-CHAIN] #324 f22 addr=0x8001A65C ra=0x8001991C sp=0x801FFED0 a0=0x00000000
[CALL-CHAIN] #325 f22 addr=0x8001A65C ra=0x8001991C sp=0x801FFED0 a0=0x00000000
[CALL-CHAIN] #326 f23 addr=0x80019844 ra=0x80010EA4 sp=0x801FFF00 a0=0x00000000
[CALL-CHAIN] #327 f23 addr=0x8001A65C ra=0x8001991C sp=0x801FFED0 a0=0x00000000
[CALL-CHAIN] #328 f23 addr=0x8001A65C ra=0x8001991C sp=0x801FFED0 a0=0x00000000
[CALL-CHAIN] #329 f23 addr=0x8001A65C ra=0x8001991C sp=0x801FFED0 a0=0x00000000
[CALL-CHAIN] #330 f23 addr=0x8001A65C ra=0x8001991C sp=0x801FFED0 a0=0x00000000
[CALL-CHAIN] #331 f24 addr=0x80019844 ra=0x80010EA4 sp=0x801FFF00 a0=0x00000000
[CALL-CHAIN] #332 f24 addr=0x8001A65C ra=0x8001991C sp=0x801FFED0 a0=0x00000000
[CALL-CHAIN] #333 f24 addr=0x8001A65C ra=0x8001991C sp=0x801FFED0 a0=0x00000000
[CALL-CHAIN] #334 f24 addr=0x8001A65C ra=0x8001991C sp=0x801FFED0 a0=0x00000000
[CALL-CHAIN] #335 f24 addr=0x8001A65C ra=0x8001991C sp=0x801FFED0 a0=0x00000000
[CALL-CHAIN] #336 f25 addr=0x80019844 ra=0x80010EA4 sp=0x801FFF00 a0=0x00000000
[CALL-CHAIN] #337 f25 addr=0x8001A65C ra=0x8001991C sp=0x801FFED0 a0=0x00000000
[CALL-CHAIN] #338 f25 addr=0x8001A65C ra=0x8001991C sp=0x801FFED0 a0=0x00000000
[CALL-CHAIN] #339 f25 addr=0x8001A65C ra=0x8001991C sp=0x801FFED0 a0=0x00000000
[CALL-CHAIN] #340 f25 addr=0x8001A65C ra=0x8001991C sp=0x801FFED0 a0=0x00000000
[CALL-CHAIN] #341 f26 addr=0x80019844 ra=0x80010EA4 sp=0x801FFF00 a0=0x00000000
[CALL-CHAIN] #342 f26 addr=0x8001A65C ra=0x8001991C sp=0x801FFED0 a0=0x00000000
[CALL-CHAIN] #343 f26 addr=0x8001A65C ra=0x8001991C sp=0x801FFED0 a0=0x00000000
[CALL-CHAIN] #344 f26 addr=0x8001A65C ra=0x8001991C sp=0x801FFED0 a0=0x00000000
[CALL-CHAIN] #345 f26 addr=0x8001A65C ra=0x8001991C sp=0x801FFED0 a0=0x00000000
[CALL-CHAIN] #346 f27 addr=0x80019844 ra=0x80010EA4 sp=0x801FFF00 a0=0x00000000
[CALL-CHAIN] #347 f27 addr=0x8001A65C ra=0x8001991C sp=0x801FFED0 a0=0x00000000
[CALL-CHAIN] #348 f27 addr=0x8001A65C ra=0x8001991C sp=0x801FFED0 a0=0x00000000
[CALL-CHAIN] #349 f27 addr=0x8001A65C ra=0x8001991C sp=0x801FFED0 a0=0x00000000
[CALL-CHAIN] #350 f27 addr=0x8001A65C ra=0x8001991C sp=0x801FFED0 a0=0x00000000
[CALL-CHAIN] #351 f28 addr=0x80019844 ra=0x80010EA4 sp=0x801FFF00 a0=0x00000000
[CALL-CHAIN] #352 f28 addr=0x8001A65C ra=0x8001991C sp=0x801FFED0 a0=0x00000000
[CALL-CHAIN] #353 f28 addr=0x8001A65C ra=0x8001991C sp=0x801FFED0 a0=0x00000000
[CALL-CHAIN] #354 f28 addr=0x8001A65C ra=0x8001991C sp=0x801FFED0 a0=0x00000000
[CALL-CHAIN] #355 f28 addr=0x8001A65C ra=0x8001991C sp=0x801FFED0 a0=0x00000000
[CALL-CHAIN] #356 f29 addr=0x80019844 ra=0x80010EA4 sp=0x801FFF00 a0=0x00000000
[CALL-CHAIN] #357 f29 addr=0x8001A65C ra=0x8001991C sp=0x801FFED0 a0=0x00000000
[CALL-CHAIN] #358 f29 addr=0x8001A65C ra=0x8001991C sp=0x801FFED0 a0=0x00000000
[CALL-CHAIN] #359 f29 addr=0x8001A65C ra=0x8001991C sp=0x801FFED0 a0=0x00000000
[CALL-CHAIN] #360 f29 addr=0x8001A65C ra=0x8001991C sp=0x801FFED0 a0=0x00000000
[CALL-CHAIN] #361 f30 addr=0x80019844 ra=0x80010EA4 sp=0x801FFF00 a0=0x00000000
[CALL-CHAIN] #362 f30 addr=0x8001A65C ra=0x8001991C sp=0x801FFED0 a0=0x00000000
[CALL-CHAIN] #363 f30 addr=0x8001A65C ra=0x8001991C sp=0x801FFED0 a0=0x00000000
[CALL-CHAIN] #364 f30 addr=0x8001A65C ra=0x8001991C sp=0x801FFED0 a0=0x00000000
[CALL-CHAIN] #365 f30 addr=0x8001A65C ra=0x8001991C sp=0x801FFED0 a0=0x00000000
[CALL-CHAIN] #366 f31 addr=0x80019844 ra=0x80010EA4 sp=0x801FFF00 a0=0x00000000
[CALL-CHAIN] #367 f31 addr=0x8001A65C ra=0x8001991C sp=0x801FFED0 a0=0x00000000
[CALL-CHAIN] #368 f31 addr=0x8001A65C ra=0x8001991C sp=0x801FFED0 a0=0x00000000
[CALL-CHAIN] #369 f31 addr=0x8001A65C ra=0x8001991C sp=0x801FFED0 a0=0x00000000
[CALL-CHAIN] #370 f31 addr=0x8001A65C ra=0x8001991C sp=0x801FFED0 a0=0x00000000
[CALL-CHAIN] #371 f32 addr=0x80019844 ra=0x80010EA4 sp=0x801FFF00 a0=0x00000000
[CALL-CHAIN] #372 f32 addr=0x8001A65C ra=0x8001991C sp=0x801FFED0 a0=0x00000000
[CALL-CHAIN] #373 f32 addr=0x8001A65C ra=0x8001991C sp=0x801FFED0 a0=0x00000000
[CALL-CHAIN] #374 f32 addr=0x8001A65C ra=0x8001991C sp=0x801FFED0 a0=0x00000000
[CALL-CHAIN] #375 f32 addr=0x8001A65C ra=0x8001991C sp=0x801FFED0 a0=0x00000000
[CALL-CHAIN] #376 f33 addr=0x80019844 ra=0x80010EA4 sp=0x801FFF00 a0=0x00000000
[CALL-CHAIN] #377 f33 addr=0x8001A65C ra=0x8001991C sp=0x801FFED0 a0=0x00000000
[CALL-CHAIN] #378 f33 addr=0x8001A65C ra=0x8001991C sp=0x801FFED0 a0=0x00000000
[CALL-CHAIN] #379 f33 addr=0x8001A65C ra=0x8001991C sp=0x801FFED0 a0=0x00000000
[CALL-CHAIN] #380 f33 addr=0x8001A65C ra=0x8001991C sp=0x801FFED0 a0=0x00000000
[CALL-CHAIN] #381 f34 addr=0x80019844 ra=0x80010EA4 sp=0x801FFF00 a0=0x00000000
[CALL-CHAIN] #382 f34 addr=0x8001A65C ra=0x8001991C sp=0x801FFED0 a0=0x00000000
[CALL-CHAIN] #383 f34 addr=0x8001A65C ra=0x8001991C sp=0x801FFED0 a0=0x00000000
[CALL-CHAIN] #384 f34 addr=0x8001A65C ra=0x8001991C sp=0x801FFED0 a0=0x00000000
[CALL-CHAIN] #385 f34 addr=0x8001A65C ra=0x8001991C sp=0x801FFED0 a0=0x00000000
[CALL-CHAIN] #386 f35 addr=0x80019844 ra=0x80010EA4 sp=0x801FFF00 a0=0x00000000
[CALL-CHAIN] #387 f35 addr=0x8001A65C ra=0x8001991C sp=0x801FFED0 a0=0x00000000
[CALL-CHAIN] #388 f35 addr=0x8001A65C ra=0x8001991C sp=0x801FFED0 a0=0x00000000
[CALL-CHAIN] #389 f35 addr=0x8001A65C ra=0x8001991C sp=0x801FFED0 a0=0x00000000
[CALL-CHAIN] #390 f35 addr=0x8001A65C ra=0x8001991C sp=0x801FFED0 a0=0x00000000
[CALL-CHAIN] #391 f36 addr=0x80019844 ra=0x80010EA4 sp=0x801FFF00 a0=0x00000000
[CALL-CHAIN] #392 f36 addr=0x8001A65C ra=0x8001991C sp=0x801FFED0 a0=0x00000000
[CALL-CHAIN] #393 f36 addr=0x8001A65C ra=0x8001991C sp=0x801FFED0 a0=0x00000000
[CALL-CHAIN] #394 f36 addr=0x8001A65C ra=0x8001991C sp=0x801FFED0 a0=0x00000000
[CALL-CHAIN] #395 f36 addr=0x8001A65C ra=0x8001991C sp=0x801FFED0 a0=0x00000000
[CALL-CHAIN] #396 f37 addr=0x80019844 ra=0x80010EA4 sp=0x801FFF00 a0=0x00000000
[CALL-CHAIN] #397 f37 addr=0x8001A65C ra=0x8001991C sp=0x801FFED0 a0=0x00000000
[CALL-CHAIN] #398 f37 addr=0x8001A65C ra=0x8001991C sp=0x801FFED0 a0=0x00000000
[CALL-CHAIN] #399 f37 addr=0x8001A65C ra=0x8001991C sp=0x801FFED0 a0=0x00000000
[CALL-CHAIN] #400 f37 addr=0x8001A65C ra=0x8001991C sp=0x801FFED0 a0=0x00000000
[CALL-CHAIN] #401 f38 addr=0x80019844 ra=0x80010EA4 sp=0x801FFF00 a0=0x00000000
[CALL-CHAIN] #402 f38 addr=0x8001A65C ra=0x8001991C sp=0x801FFED0 a0=0x00000000
[CALL-CHAIN] #403 f38 addr=0x8001A65C ra=0x8001991C sp=0x801FFED0 a0=0x00000000
[CALL-CHAIN] #404 f38 addr=0x8001A65C ra=0x8001991C sp=0x801FFED0 a0=0x00000000
[CALL-CHAIN] #405 f38 addr=0x8001A65C ra=0x8001991C sp=0x801FFED0 a0=0x00000000
[CALL-CHAIN] #406 f39 addr=0x80019844 ra=0x80010EA4 sp=0x801FFF00 a0=0x00000000
[CALL-CHAIN] #407 f39 addr=0x8001A65C ra=0x8001991C sp=0x801FFED0 a0=0x00000000
[CALL-CHAIN] #408 f39 addr=0x8001A65C ra=0x8001991C sp=0x801FFED0 a0=0x00000000
[CALL-CHAIN] #409 f39 addr=0x8001A65C ra=0x8001991C sp=0x801FFED0 a0=0x00000000
[CALL-CHAIN] #410 f39 addr=0x8001A65C ra=0x8001991C sp=0x801FFED0 a0=0x00000000
[CALL-CHAIN] #411 f40 addr=0x80019844 ra=0x80010EA4 sp=0x801FFF00 a0=0x00000000
[CALL-CHAIN] #412 f40 addr=0x8001A65C ra=0x8001991C sp=0x801FFED0 a0=0x00000000
[CALL-CHAIN] #413 f40 addr=0x8001A65C ra=0x8001991C sp=0x801FFED0 a0=0x00000000
[CALL-CHAIN] #414 f40 addr=0x8001A65C ra=0x8001991C sp=0x801FFED0 a0=0x00000000
[CALL-CHAIN] #415 f40 addr=0x8001A65C ra=0x8001991C sp=0x801FFED0 a0=0x00000000
[CALL-CHAIN] #416 f41 addr=0x80019844 ra=0x80010EA4 sp=0x801FFF00 a0=0x00000000
[CALL-CHAIN] #417 f41 addr=0x8001A65C ra=0x8001991C sp=0x801FFED0 a0=0x00000000
[CALL-CHAIN] #418 f41 addr=0x8001A65C ra=0x8001991C sp=0x801FFED0 a0=0x00000000
[CALL-CHAIN] #419 f41 addr=0x8001A65C ra=0x8001991C sp=0x801FFED0 a0=0x00000000
[CALL-CHAIN] #420 f41 addr=0x8001A65C ra=0x8001991C sp=0x801FFED0 a0=0x00000000
[CALL-CHAIN] #421 f42 addr=0x80019844 ra=0x80010EA4 sp=0x801FFF00 a0=0x00000000
[CALL-CHAIN] #422 f42 addr=0x8001A65C ra=0x8001991C sp=0x801FFED0 a0=0x00000000
[CALL-CHAIN] #423 f42 addr=0x8001A65C ra=0x8001991C sp=0x801FFED0 a0=0x00000000
[CALL-CHAIN] #424 f42 addr=0x8001A65C ra=0x8001991C sp=0x801FFED0 a0=0x00000000
[CALL-CHAIN] #425 f42 addr=0x8001A65C ra=0x8001991C sp=0x801FFED0 a0=0x00000000
[CALL-CHAIN] #426 f43 addr=0x80019844 ra=0x80010EA4 sp=0x801FFF00 a0=0x00000000
[CALL-CHAIN] #427 f43 addr=0x8001A65C ra=0x8001991C sp=0x801FFED0 a0=0x00000000
[CALL-CHAIN] #428 f43 addr=0x8001A65C ra=0x8001991C sp=0x801FFED0 a0=0x00000000
[CALL-CHAIN] #429 f43 addr=0x8001A65C ra=0x8001991C sp=0x801FFED0 a0=0x00000000
[CALL-CHAIN] #430 f43 addr=0x8001A65C ra=0x8001991C sp=0x801FFED0 a0=0x00000000
[CALL-CHAIN] #431 f44 addr=0x80019844 ra=0x80010EA4 sp=0x801FFF00 a0=0x00000000
[CALL-CHAIN] #432 f44 addr=0x8001A65C ra=0x8001991C sp=0x801FFED0 a0=0x00000000
[CALL-CHAIN] #433 f44 addr=0x8001A65C ra=0x8001991C sp=0x801FFED0 a0=0x00000000
[CALL-CHAIN] #434 f44 addr=0x8001A65C ra=0x8001991C sp=0x801FFED0 a0=0x00000000
[CALL-CHAIN] #435 f44 addr=0x8001A65C ra=0x8001991C sp=0x801FFED0 a0=0x00000000
[CALL-CHAIN] #436 f45 addr=0x80019844 ra=0x80010EA4 sp=0x801FFF00 a0=0x00000000
[CALL-CHAIN] #437 f45 addr=0x8001A65C ra=0x8001991C sp=0x801FFED0 a0=0x00000000
[CALL-CHAIN] #438 f45 addr=0x8001A65C ra=0x8001991C sp=0x801FFED0 a0=0x00000000
[CALL-CHAIN] #439 f45 addr=0x8001A65C ra=0x8001991C sp=0x801FFED0 a0=0x00000000
[CALL-CHAIN] #440 f45 addr=0x8001A65C ra=0x8001991C sp=0x801FFED0 a0=0x00000000
[CALL-CHAIN] #441 f46 addr=0x80019844 ra=0x80010EA4 sp=0x801FFF00 a0=0x00000000
[CALL-CHAIN] #442 f46 addr=0x8001A65C ra=0x8001991C sp=0x801FFED0 a0=0x00000000
[CALL-CHAIN] #443 f46 addr=0x8001A65C ra=0x8001991C sp=0x801FFED0 a0=0x00000000
[CALL-CHAIN] #444 f46 addr=0x8001A65C ra=0x8001991C sp=0x801FFED0 a0=0x00000000
[CALL-CHAIN] #445 f46 addr=0x8001A65C ra=0x8001991C sp=0x801FFED0 a0=0x00000000
[CALL-CHAIN] #446 f47 addr=0x80019844 ra=0x80010EA4 sp=0x801FFF00 a0=0x00000000
[CALL-CHAIN] #447 f47 addr=0x8001A65C ra=0x8001991C sp=0x801FFED0 a0=0x00000000
[CALL-CHAIN] #448 f47 addr=0x8001A65C ra=0x8001991C sp=0x801FFED0 a0=0x00000000
[CALL-CHAIN] #449 f47 addr=0x8001A65C ra=0x8001991C sp=0x801FFED0 a0=0x00000000
[CALL-CHAIN] #450 f47 addr=0x8001A65C ra=0x8001991C sp=0x801FFED0 a0=0x00000000
[CALL-CHAIN] #451 f48 addr=0x80019844 ra=0x80010EA4 sp=0x801FFF00 a0=0x00000000
[CALL-CHAIN] #452 f48 addr=0x8001A65C ra=0x8001991C sp=0x801FFED0 a0=0x00000000
[CALL-CHAIN] #453 f48 addr=0x8001A65C ra=0x8001991C sp=0x801FFED0 a0=0x00000000
[CALL-CHAIN] #454 f48 addr=0x8001A65C ra=0x8001991C sp=0x801FFED0 a0=0x00000000
[CALL-CHAIN] #455 f48 addr=0x8001A65C ra=0x8001991C sp=0x801FFED0 a0=0x00000000
[CALL-CHAIN] #456 f49 addr=0x80019844 ra=0x80010EA4 sp=0x801FFF00 a0=0x00000000
[CALL-CHAIN] #457 f49 addr=0x8001A65C ra=0x8001991C sp=0x801FFED0 a0=0x00000000
[CALL-CHAIN] #458 f49 addr=0x8001A65C ra=0x8001991C sp=0x801FFED0 a0=0x00000000
[CALL-CHAIN] #459 f49 addr=0x8001A65C ra=0x8001991C sp=0x801FFED0 a0=0x00000000
[CALL-CHAIN] #460 f49 addr=0x8001A65C ra=0x8001991C sp=0x801FFED0 a0=0x00000000
[CALL-CHAIN] #461 f50 addr=0x80019844 ra=0x80010EA4 sp=0x801FFF00 a0=0x00000000
[CALL-CHAIN] #462 f50 addr=0x8001A65C ra=0x8001991C sp=0x801FFED0 a0=0x00000000
[CALL-CHAIN] #463 f50 addr=0x8001A65C ra=0x8001991C sp=0x801FFED0 a0=0x00000000
[CALL-CHAIN] #464 f50 addr=0x8001A65C ra=0x8001991C sp=0x801FFED0 a0=0x00000000
[CALL-CHAIN] #465 f50 addr=0x8001A65C ra=0x8001991C sp=0x801FFED0 a0=0x00000000
[CALL-CHAIN] #466 f51 addr=0x80019844 ra=0x80010EA4 sp=0x801FFF00 a0=0x00000000
[CALL-CHAIN] #467 f51 addr=0x8001A65C ra=0x8001991C sp=0x801FFED0 a0=0x00000000
[CALL-CHAIN] #468 f51 addr=0x8001A65C ra=0x8001991C sp=0x801FFED0 a0=0x00000000
[CALL-CHAIN] #469 f51 addr=0x8001A65C ra=0x8001991C sp=0x801FFED0 a0=0x00000000
[CALL-CHAIN] #470 f51 addr=0x8001A65C ra=0x8001991C sp=0x801FFED0 a0=0x00000000
[CALL-CHAIN] #471 f52 addr=0x80019844 ra=0x80010EA4 sp=0x801FFF00 a0=0x00000000
[CALL-CHAIN] #472 f52 addr=0x8001A65C ra=0x8001991C sp=0x801FFED0 a0=0x00000000
[CALL-CHAIN] #473 f52 addr=0x8001A65C ra=0x8001991C sp=0x801FFED0 a0=0x00000000
[CALL-CHAIN] #474 f52 addr=0x8001A65C ra=0x8001991C sp=0x801FFED0 a0=0x00000000
[CALL-CHAIN] #475 f52 addr=0x8001A65C ra=0x8001991C sp=0x801FFED0 a0=0x00000000
[CALL-CHAIN] #476 f53 addr=0x80019844 ra=0x80010EA4 sp=0x801FFF00 a0=0x00000000
[CALL-CHAIN] #477 f53 addr=0x8001A65C ra=0x8001991C sp=0x801FFED0 a0=0x00000000
[CALL-CHAIN] #478 f53 addr=0x8001A65C ra=0x8001991C sp=0x801FFED0 a0=0x00000000
[CALL-CHAIN] #479 f53 addr=0x8001A65C ra=0x8001991C sp=0x801FFED0 a0=0x00000000
[CALL-CHAIN] #480 f53 addr=0x8001A65C ra=0x8001991C sp=0x801FFED0 a0=0x00000000
[CALL-CHAIN] #481 f54 addr=0x80019844 ra=0x80010EA4 sp=0x801FFF00 a0=0x00000000
[CALL-CHAIN] #482 f54 addr=0x8001A65C ra=0x8001991C sp=0x801FFED0 a0=0x00000000
[CALL-CHAIN] #483 f54 addr=0x8001A65C ra=0x8001991C sp=0x801FFED0 a0=0x00000000
[CALL-CHAIN] #484 f54 addr=0x8001A65C ra=0x8001991C sp=0x801FFED0 a0=0x00000000
[CALL-CHAIN] #485 f54 addr=0x8001A65C ra=0x8001991C sp=0x801FFED0 a0=0x00000000
[CALL-CHAIN] #486 f55 addr=0x80019844 ra=0x80010EA4 sp=0x801FFF00 a0=0x00000000
[CALL-CHAIN] #487 f55 addr=0x8001A65C ra=0x8001991C sp=0x801FFED0 a0=0x00000000
[CALL-CHAIN] #488 f55 addr=0x8001A65C ra=0x8001991C sp=0x801FFED0 a0=0x00000000
[CALL-CHAIN] #489 f55 addr=0x8001A65C ra=0x8001991C sp=0x801FFED0 a0=0x00000000
[CALL-CHAIN] #490 f55 addr=0x8001A65C ra=0x8001991C sp=0x801FFED0 a0=0x00000000
[CALL-CHAIN] #491 f56 addr=0x80019844 ra=0x80010EA4 sp=0x801FFF00 a0=0x00000000
[CALL-CHAIN] #492 f56 addr=0x8001A65C ra=0x8001991C sp=0x801FFED0 a0=0x00000000
[CALL-CHAIN] #493 f56 addr=0x8001A65C ra=0x8001991C sp=0x801FFED0 a0=0x00000000
[CALL-CHAIN] #494 f56 addr=0x8001A65C ra=0x8001991C sp=0x801FFED0 a0=0x00000000
[CALL-CHAIN] #495 f56 addr=0x8001A65C ra=0x8001991C sp=0x801FFED0 a0=0x00000000
[CALL-CHAIN] #496 f57 addr=0x80019844 ra=0x80010EA4 sp=0x801FFF00 a0=0x00000000
[CALL-CHAIN] #497 f57 addr=0x8001A65C ra=0x8001991C sp=0x801FFED0 a0=0x00000000
[CALL-CHAIN] #498 f57 addr=0x8001A65C ra=0x8001991C sp=0x801FFED0 a0=0x00000000
[CALL-CHAIN] #499 f57 addr=0x8001A65C ra=0x8001991C sp=0x801FFED0 a0=0x00000000
[CALL-CHAIN] #500 f57 addr=0x8001A65C ra=0x8001991C sp=0x801FFED0 a0=0x00000000
[CALL-CHAIN] #501 f58 addr=0x80019844 ra=0x80010EA4 sp=0x801FFF00 a0=0x00000000
[CALL-CHAIN] #502 f58 addr=0x8001A65C ra=0x8001991C sp=0x801FFED0 a0=0x00000000
[CALL-CHAIN] #503 f58 addr=0x8001A65C ra=0x8001991C sp=0x801FFED0 a0=0x00000000
[CALL-CHAIN] #504 f58 addr=0x8001A65C ra=0x8001991C sp=0x801FFED0 a0=0x00000000
[CALL-CHAIN] #505 f58 addr=0x8001A65C ra=0x8001991C sp=0x801FFED0 a0=0x00000000
[CALL-CHAIN] #506 f59 addr=0x80019844 ra=0x80010EA4 sp=0x801FFF00 a0=0x00000000
[CALL-CHAIN] #507 f59 addr=0x8001A65C ra=0x8001991C sp=0x801FFED0 a0=0x00000000
[CALL-CHAIN] #508 f59 addr=0x8001A65C ra=0x8001991C sp=0x801FFED0 a0=0x00000000
[CALL-CHAIN] #509 f59 addr=0x8001A65C ra=0x8001991C sp=0x801FFED0 a0=0x00000000
[CALL-CHAIN] #510 f59 addr=0x8001A65C ra=0x8001991C sp=0x801FFED0 a0=0x00000000
[frame 60]
[CALL-CHAIN] #511 f60 addr=0x80019844 ra=0x80010EA4 sp=0x801FFF00 a0=0x00000000
[CALL-CHAIN] #512 f60 addr=0x8001A65C ra=0x8001991C sp=0x801FFED0 a0=0x00000000
[CALL-CHAIN] #513 f60 addr=0x8001A65C ra=0x8001991C sp=0x801FFED0 a0=0x00000000
[CALL-CHAIN] #514 f60 addr=0x8001A65C ra=0x8001991C sp=0x801FFED0 a0=0x00000000
[CALL-CHAIN] #515 f60 addr=0x8001A65C ra=0x8001991C sp=0x801FFED0 a0=0x00000000
[CALL-CHAIN] #516 f61 addr=0x80019844 ra=0x80010EA4 sp=0x801FFF00 a0=0x00000000
[CALL-CHAIN] #517 f61 addr=0x8001A65C ra=0x8001991C sp=0x801FFED0 a0=0x00000000
[CALL-CHAIN] #518 f61 addr=0x8001A65C ra=0x8001991C sp=0x801FFED0 a0=0x00000000
[CALL-CHAIN] #519 f61 addr=0x8001A65C ra=0x8001991C sp=0x801FFED0 a0=0x00000000
[CALL-CHAIN] #520 f61 addr=0x8001A65C ra=0x8001991C sp=0x801FFED0 a0=0x00000000
[CALL-CHAIN] #521 f62 addr=0x80019844 ra=0x80010EA4 sp=0x801FFF00 a0=0x00000000
[CALL-CHAIN] #522 f62 addr=0x8001A65C ra=0x8001991C sp=0x801FFED0 a0=0x00000000
[CALL-CHAIN] #523 f62 addr=0x8001A65C ra=0x8001991C sp=0x801FFED0 a0=0x00000000
[CALL-CHAIN] #524 f62 addr=0x8001A65C ra=0x8001991C sp=0x801FFED0 a0=0x00000000
[CALL-CHAIN] #525 f62 addr=0x8001A65C ra=0x8001991C sp=0x801FFED0 a0=0x00000000
[CALL-CHAIN] #526 f63 addr=0x80019844 ra=0x80010EA4 sp=0x801FFF00 a0=0x00000000
[CALL-CHAIN] #527 f63 addr=0x8001A65C ra=0x8001991C sp=0x801FFED0 a0=0x00000000
[CALL-CHAIN] #528 f63 addr=0x8001A65C ra=0x8001991C sp=0x801FFED0 a0=0x00000000
[CALL-CHAIN] #529 f63 addr=0x8001A65C ra=0x8001991C sp=0x801FFED0 a0=0x00000000
[CALL-CHAIN] #530 f63 addr=0x8001A65C ra=0x8001991C sp=0x801FFED0 a0=0x00000000
[CALL-CHAIN] #531 f64 addr=0x80019844 ra=0x80010EA4 sp=0x801FFF00 a0=0x00000000
[CALL-CHAIN] #532 f64 addr=0x8001A65C ra=0x8001991C sp=0x801FFED0 a0=0x00000000
[CALL-CHAIN] #533 f64 addr=0x8001A65C ra=0x8001991C sp=0x801FFED0 a0=0x00000000
[CALL-CHAIN] #534 f64 addr=0x8001A65C ra=0x8001991C sp=0x801FFED0 a0=0x00000000
[CALL-CHAIN] #535 f64 addr=0x8001A65C ra=0x8001991C sp=0x801FFED0 a0=0x00000000
[CALL-CHAIN] #536 f65 addr=0x80019844 ra=0x80010EA4 sp=0x801FFF00 a0=0x00000000
[CALL-CHAIN] #537 f65 addr=0x8001A65C ra=0x8001991C sp=0x801FFED0 a0=0x00000000
[CALL-CHAIN] #538 f65 addr=0x8001A65C ra=0x8001991C sp=0x801FFED0 a0=0x00000000
[CALL-CHAIN] #539 f65 addr=0x8001A65C ra=0x8001991C sp=0x801FFED0 a0=0x00000000
[CALL-CHAIN] #540 f65 addr=0x8001A65C ra=0x8001991C sp=0x801FFED0 a0=0x00000000
[CALL-CHAIN] #541 f66 addr=0x80019844 ra=0x80010EA4 sp=0x801FFF00 a0=0x00000000
[CALL-CHAIN] #542 f66 addr=0x8001A65C ra=0x8001991C sp=0x801FFED0 a0=0x00000000
[CALL-CHAIN] #543 f66 addr=0x8001A65C ra=0x8001991C sp=0x801FFED0 a0=0x00000000
[CALL-CHAIN] #544 f66 addr=0x8001A65C ra=0x8001991C sp=0x801FFED0 a0=0x00000000
[CALL-CHAIN] #545 f66 addr=0x8001A65C ra=0x8001991C sp=0x801FFED0 a0=0x00000000
[CALL-CHAIN] #546 f67 addr=0x80019844 ra=0x80010EA4 sp=0x801FFF00 a0=0x00000000
[CALL-CHAIN] #547 f67 addr=0x8001A65C ra=0x8001991C sp=0x801FFED0 a0=0x00000000
[CALL-CHAIN] #548 f67 addr=0x8001A65C ra=0x8001991C sp=0x801FFED0 a0=0x00000000
[CALL-CHAIN] #549 f67 addr=0x8001A65C ra=0x8001991C sp=0x801FFED0 a0=0x00000000
[CALL-CHAIN] #550 f67 addr=0x8001A65C ra=0x8001991C sp=0x801FFED0 a0=0x00000000
[CALL-CHAIN] #551 f68 addr=0x80019844 ra=0x80010EA4 sp=0x801FFF00 a0=0x00000000
[CALL-CHAIN] #552 f68 addr=0x8001A65C ra=0x8001991C sp=0x801FFED0 a0=0x00000000
[CALL-CHAIN] #553 f68 addr=0x8001A65C ra=0x8001991C sp=0x801FFED0 a0=0x00000000
[CALL-CHAIN] #554 f68 addr=0x8001A65C ra=0x8001991C sp=0x801FFED0 a0=0x00000000
[CALL-CHAIN] #555 f68 addr=0x8001A65C ra=0x8001991C sp=0x801FFED0 a0=0x00000000
[CALL-CHAIN] #556 f69 addr=0x80019844 ra=0x80010EA4 sp=0x801FFF00 a0=0x00000000
[CALL-CHAIN] #557 f69 addr=0x8001A65C ra=0x8001991C sp=0x801FFED0 a0=0x00000000
[CALL-CHAIN] #558 f69 addr=0x8001A65C ra=0x8001991C sp=0x801FFED0 a0=0x00000000
[CALL-CHAIN] #559 f69 addr=0x8001A65C ra=0x8001991C sp=0x801FFED0 a0=0x00000000
[CALL-CHAIN] #560 f69 addr=0x8001A65C ra=0x8001991C sp=0x801FFED0 a0=0x00000000
[CALL-CHAIN] #561 f70 addr=0x80019844 ra=0x80010EA4 sp=0x801FFF00 a0=0x00000000
[CALL-CHAIN] #562 f70 addr=0x8001A65C ra=0x8001991C sp=0x801FFED0 a0=0x00000000
[CALL-CHAIN] #563 f70 addr=0x8001A65C ra=0x8001991C sp=0x801FFED0 a0=0x00000000
[CALL-CHAIN] #564 f70 addr=0x8001A65C ra=0x8001991C sp=0x801FFED0 a0=0x00000000
[CALL-CHAIN] #565 f70 addr=0x8001A65C ra=0x8001991C sp=0x801FFED0 a0=0x00000000
[CALL-CHAIN] #566 f71 addr=0x80019844 ra=0x80010EA4 sp=0x801FFF00 a0=0x00000000
[CALL-CHAIN] #567 f71 addr=0x8001A65C ra=0x8001991C sp=0x801FFED0 a0=0x00000000
[CALL-CHAIN] #568 f71 addr=0x8001A65C ra=0x8001991C sp=0x801FFED0 a0=0x00000000
[CALL-CHAIN] #569 f71 addr=0x8001A65C ra=0x8001991C sp=0x801FFED0 a0=0x00000000
[CALL-CHAIN] #570 f71 addr=0x8001A65C ra=0x8001991C sp=0x801FFED0 a0=0x00000000
[CALL-CHAIN] #571 f72 addr=0x80019844 ra=0x80010EA4 sp=0x801FFF00 a0=0x00000000
[CALL-CHAIN] #572 f72 addr=0x8001A65C ra=0x8001991C sp=0x801FFED0 a0=0x00000000
[CALL-CHAIN] #573 f72 addr=0x8001A65C ra=0x8001991C sp=0x801FFED0 a0=0x00000000
[CALL-CHAIN] #574 f72 addr=0x8001A65C ra=0x8001991C sp=0x801FFED0 a0=0x00000000
[CALL-CHAIN] #575 f72 addr=0x8001A65C ra=0x8001991C sp=0x801FFED0 a0=0x00000000
[CALL-CHAIN] #576 f73 addr=0x80019844 ra=0x80010EA4 sp=0x801FFF00 a0=0x00000000
[CALL-CHAIN] #577 f73 addr=0x8001A65C ra=0x8001991C sp=0x801FFED0 a0=0x00000000
[CALL-CHAIN] #578 f73 addr=0x8001A65C ra=0x8001991C sp=0x801FFED0 a0=0x00000000
[CALL-CHAIN] #579 f73 addr=0x8001A65C ra=0x8001991C sp=0x801FFED0 a0=0x00000000
[CALL-CHAIN] #580 f73 addr=0x8001A65C ra=0x8001991C sp=0x801FFED0 a0=0x00000000
[CALL-CHAIN] #581 f74 addr=0x80019844 ra=0x80010EA4 sp=0x801FFF00 a0=0x00000000
[CALL-CHAIN] #582 f74 addr=0x8001A65C ra=0x8001991C sp=0x801FFED0 a0=0x00000000
[CALL-CHAIN] #583 f74 addr=0x8001A65C ra=0x8001991C sp=0x801FFED0 a0=0x00000000
[CALL-CHAIN] #584 f74 addr=0x8001A65C ra=0x8001991C sp=0x801FFED0 a0=0x00000000
[CALL-CHAIN] #585 f74 addr=0x8001A65C ra=0x8001991C sp=0x801FFED0 a0=0x00000000
[CALL-CHAIN] #586 f75 addr=0x80019844 ra=0x80010EA4 sp=0x801FFF00 a0=0x00000000
[CALL-CHAIN] #587 f75 addr=0x8001A65C ra=0x8001991C sp=0x801FFED0 a0=0x00000000
[CALL-CHAIN] #588 f75 addr=0x8001A65C ra=0x8001991C sp=0x801FFED0 a0=0x00000000
[CALL-CHAIN] #589 f75 addr=0x8001A65C ra=0x8001991C sp=0x801FFED0 a0=0x00000000
[CALL-CHAIN] #590 f75 addr=0x8001A65C ra=0x8001991C sp=0x801FFED0 a0=0x00000000
[CALL-CHAIN] #591 f76 addr=0x80019844 ra=0x80010EA4 sp=0x801FFF00 a0=0x00000000
[CALL-CHAIN] #592 f76 addr=0x8001A65C ra=0x8001991C sp=0x801FFED0 a0=0x00000000
[CALL-CHAIN] #593 f76 addr=0x8001A65C ra=0x8001991C sp=0x801FFED0 a0=0x00000000
[CALL-CHAIN] #594 f76 addr=0x8001A65C ra=0x8001991C sp=0x801FFED0 a0=0x00000000
[CALL-CHAIN] #595 f76 addr=0x8001A65C ra=0x8001991C sp=0x801FFED0 a0=0x00000000
[CALL-CHAIN] #596 f77 addr=0x80019844 ra=0x80010EA4 sp=0x801FFF00 a0=0x00000000
[CALL-CHAIN] #597 f77 addr=0x8001A65C ra=0x8001991C sp=0x801FFED0 a0=0x00000000
[CALL-CHAIN] #598 f77 addr=0x8001A65C ra=0x8001991C sp=0x801FFED0 a0=0x00000000
[CALL-CHAIN] #599 f77 addr=0x8001A65C ra=0x8001991C sp=0x801FFED0 a0=0x00000000
[CALL-CHAIN] #600 f77 addr=0x8001A65C ra=0x8001991C sp=0x801FFED0 a0=0x00000000
[CALL-CHAIN] #601 f78 addr=0x80019844 ra=0x80010EA4 sp=0x801FFF00 a0=0x00000000
[CALL-CHAIN] #602 f78 addr=0x8001A65C ra=0x8001991C sp=0x801FFED0 a0=0x00000000
[CALL-CHAIN] #603 f78 addr=0x8001A65C ra=0x8001991C sp=0x801FFED0 a0=0x00000000
[CALL-CHAIN] #604 f78 addr=0x8001A65C ra=0x8001991C sp=0x801FFED0 a0=0x00000000
[CALL-CHAIN] #605 f78 addr=0x8001A65C ra=0x8001991C sp=0x801FFED0 a0=0x00000000
[CALL-CHAIN] #606 f79 addr=0x80019844 ra=0x80010EA4 sp=0x801FFF00 a0=0x00000000
[CALL-CHAIN] #607 f79 addr=0x8001A65C ra=0x8001991C sp=0x801FFED0 a0=0x00000000
[CALL-CHAIN] #608 f79 addr=0x8001A65C ra=0x8001991C sp=0x801FFED0 a0=0x00000000
[CALL-CHAIN] #609 f79 addr=0x8001A65C ra=0x8001991C sp=0x801FFED0 a0=0x00000000
[CALL-CHAIN] #610 f79 addr=0x8001A65C ra=0x8001991C sp=0x801FFED0 a0=0x00000000
[CALL-CHAIN] #611 f80 addr=0x80019844 ra=0x80010EA4 sp=0x801FFF00 a0=0x00000000
[CALL-CHAIN] #612 f80 addr=0x8001A65C ra=0x8001991C sp=0x801FFED0 a0=0x00000000
[CALL-CHAIN] #613 f80 addr=0x8001A65C ra=0x8001991C sp=0x801FFED0 a0=0x00000000
[CALL-CHAIN] #614 f80 addr=0x8001A65C ra=0x8001991C sp=0x801FFED0 a0=0x00000000
[CALL-CHAIN] #615 f80 addr=0x8001A65C ra=0x8001991C sp=0x801FFED0 a0=0x00000000
[CALL-CHAIN] #616 f81 addr=0x80019844 ra=0x80010EA4 sp=0x801FFF00 a0=0x00000000
[CALL-CHAIN] #617 f81 addr=0x8001A65C ra=0x8001991C sp=0x801FFED0 a0=0x00000000
[CALL-CHAIN] #618 f81 addr=0x8001A65C ra=0x8001991C sp=0x801FFED0 a0=0x00000000
[CALL-CHAIN] #619 f81 addr=0x8001A65C ra=0x8001991C sp=0x801FFED0 a0=0x00000000
[CALL-CHAIN] #620 f81 addr=0x8001A65C ra=0x8001991C sp=0x801FFED0 a0=0x00000000
[CALL-CHAIN] #621 f82 addr=0x80019844 ra=0x80010EA4 sp=0x801FFF00 a0=0x00000000
[CALL-CHAIN] #622 f82 addr=0x8001A65C ra=0x8001991C sp=0x801FFED0 a0=0x00000000
[CALL-CHAIN] #623 f82 addr=0x8001A65C ra=0x8001991C sp=0x801FFED0 a0=0x00000000
[CALL-CHAIN] #624 f82 addr=0x8001A65C ra=0x8001991C sp=0x801FFED0 a0=0x00000000
[CALL-CHAIN] #625 f82 addr=0x8001A65C ra=0x8001991C sp=0x801FFED0 a0=0x00000000
[CALL-CHAIN] #626 f83 addr=0x80019844 ra=0x80010EA4 sp=0x801FFF00 a0=0x00000000
[CALL-CHAIN] #627 f83 addr=0x8001A65C ra=0x8001991C sp=0x801FFED0 a0=0x00000000
[CALL-CHAIN] #628 f83 addr=0x8001A65C ra=0x8001991C sp=0x801FFED0 a0=0x00000000
[CALL-CHAIN] #629 f83 addr=0x8001A65C ra=0x8001991C sp=0x801FFED0 a0=0x00000000
[CALL-CHAIN] #630 f83 addr=0x8001A65C ra=0x8001991C sp=0x801FFED0 a0=0x00000000
[CALL-CHAIN] #631 f84 addr=0x80019844 ra=0x80010EA4 sp=0x801FFF00 a0=0x00000000
[CALL-CHAIN] #632 f84 addr=0x8001A65C ra=0x8001991C sp=0x801FFED0 a0=0x00000000
[CALL-CHAIN] #633 f84 addr=0x8001A65C ra=0x8001991C sp=0x801FFED0 a0=0x00000000
[CALL-CHAIN] #634 f84 addr=0x8001A65C ra=0x8001991C sp=0x801FFED0 a0=0x00000000
[CALL-CHAIN] #635 f84 addr=0x8001A65C ra=0x8001991C sp=0x801FFED0 a0=0x00000000
[CALL-CHAIN] #636 f85 addr=0x80019844 ra=0x80010EA4 sp=0x801FFF00 a0=0x00000000
[CALL-CHAIN] #637 f85 addr=0x8001A65C ra=0x8001991C sp=0x801FFED0 a0=0x00000000
[CALL-CHAIN] #638 f85 addr=0x8001A65C ra=0x8001991C sp=0x801FFED0 a0=0x00000000
[CALL-CHAIN] #639 f85 addr=0x8001A65C ra=0x8001991C sp=0x801FFED0 a0=0x00000000
[CALL-CHAIN] #640 f85 addr=0x8001A65C ra=0x8001991C sp=0x801FFED0 a0=0x00000000
[CALL-CHAIN] #641 f86 addr=0x80019844 ra=0x80010EA4 sp=0x801FFF00 a0=0x00000000
[CALL-CHAIN] #642 f86 addr=0x8001A65C ra=0x8001991C sp=0x801FFED0 a0=0x00000000
[CALL-CHAIN] #643 f86 addr=0x8001A65C ra=0x8001991C sp=0x801FFED0 a0=0x00000000
[CALL-CHAIN] #644 f86 addr=0x8001A65C ra=0x8001991C sp=0x801FFED0 a0=0x00000000
[CALL-CHAIN] #645 f86 addr=0x8001A65C ra=0x8001991C sp=0x801FFED0 a0=0x00000000
[CALL-CHAIN] #646 f87 addr=0x80019844 ra=0x80010EA4 sp=0x801FFF00 a0=0x00000000
[CALL-CHAIN] #647 f87 addr=0x8001A65C ra=0x8001991C sp=0x801FFED0 a0=0x00000000
[CALL-CHAIN] #648 f87 addr=0x8001A65C ra=0x8001991C sp=0x801FFED0 a0=0x00000000
[CALL-CHAIN] #649 f87 addr=0x8001A65C ra=0x8001991C sp=0x801FFED0 a0=0x00000000
[CALL-CHAIN] #650 f87 addr=0x8001A65C ra=0x8001991C sp=0x801FFED0 a0=0x00000000
[CALL-CHAIN] #651 f88 addr=0x80019844 ra=0x80010EA4 sp=0x801FFF00 a0=0x00000000
[CALL-CHAIN] #652 f88 addr=0x8001A65C ra=0x8001991C sp=0x801FFED0 a0=0x00000000
[CALL-CHAIN] #653 f88 addr=0x8001A65C ra=0x8001991C sp=0x801FFED0 a0=0x00000000
[CALL-CHAIN] #654 f88 addr=0x8001A65C ra=0x8001991C sp=0x801FFED0 a0=0x00000000
[CALL-CHAIN] #655 f88 addr=0x8001A65C ra=0x8001991C sp=0x801FFED0 a0=0x00000000
[CALL-CHAIN] #656 f89 addr=0x80019844 ra=0x80010EA4 sp=0x801FFF00 a0=0x00000000
[CALL-CHAIN] #657 f89 addr=0x8001A65C ra=0x8001991C sp=0x801FFED0 a0=0x00000000
[CALL-CHAIN] #658 f89 addr=0x8001A65C ra=0x8001991C sp=0x801FFED0 a0=0x00000000
[CALL-CHAIN] #659 f89 addr=0x8001A65C ra=0x8001991C sp=0x801FFED0 a0=0x00000000
[CALL-CHAIN] #660 f89 addr=0x8001A65C ra=0x8001991C sp=0x801FFED0 a0=0x00000000
[CALL-CHAIN] #661 f90 addr=0x80019844 ra=0x80010EA4 sp=0x801FFF00 a0=0x00000000
[CALL-CHAIN] #662 f90 addr=0x8001A65C ra=0x8001991C sp=0x801FFED0 a0=0x00000000
[CALL-CHAIN] #663 f90 addr=0x8001A65C ra=0x8001991C sp=0x801FFED0 a0=0x00000000
[CALL-CHAIN] #664 f90 addr=0x8001A65C ra=0x8001991C sp=0x801FFED0 a0=0x00000000
[CALL-CHAIN] #665 f90 addr=0x8001A65C ra=0x8001991C sp=0x801FFED0 a0=0x00000000
[CALL-CHAIN] #666 f91 addr=0x80019844 ra=0x80010EA4 sp=0x801FFF00 a0=0x00000000
[CALL-CHAIN] #667 f91 addr=0x8001A65C ra=0x8001991C sp=0x801FFED0 a0=0x00000000
[CALL-CHAIN] #668 f91 addr=0x8001A65C ra=0x8001991C sp=0x801FFED0 a0=0x00000000
[CALL-CHAIN] #669 f91 addr=0x8001A65C ra=0x8001991C sp=0x801FFED0 a0=0x00000000
[CALL-CHAIN] #670 f91 addr=0x8001A65C ra=0x8001991C sp=0x801FFED0 a0=0x00000000
[CALL-CHAIN] #671 f92 addr=0x80019844 ra=0x80010EA4 sp=0x801FFF00 a0=0x00000000
[CALL-CHAIN] #672 f92 addr=0x8001A65C ra=0x8001991C sp=0x801FFED0 a0=0x00000000
[CALL-CHAIN] #673 f92 addr=0x8001A65C ra=0x8001991C sp=0x801FFED0 a0=0x00000000
[CALL-CHAIN] #674 f92 addr=0x8001A65C ra=0x8001991C sp=0x801FFED0 a0=0x00000000
[CALL-CHAIN] #675 f92 addr=0x8001A65C ra=0x8001991C sp=0x801FFED0 a0=0x00000000
[CALL-CHAIN] #676 f93 addr=0x80019844 ra=0x80010EA4 sp=0x801FFF00 a0=0x00000000
[CALL-CHAIN] #677 f93 addr=0x8001A65C ra=0x8001991C sp=0x801FFED0 a0=0x00000000
[CALL-CHAIN] #678 f93 addr=0x8001A65C ra=0x8001991C sp=0x801FFED0 a0=0x00000000
[CALL-CHAIN] #679 f93 addr=0x8001A65C ra=0x8001991C sp=0x801FFED0 a0=0x00000000
[CALL-CHAIN] #680 f93 addr=0x8001A65C ra=0x8001991C sp=0x801FFED0 a0=0x00000000
[CALL-CHAIN] #681 f94 addr=0x80019844 ra=0x80010EA4 sp=0x801FFF00 a0=0x00000000
[CALL-CHAIN] #682 f94 addr=0x8001A65C ra=0x8001991C sp=0x801FFED0 a0=0x00000000
[CALL-CHAIN] #683 f94 addr=0x8001A65C ra=0x8001991C sp=0x801FFED0 a0=0x00000000
[CALL-CHAIN] #684 f94 addr=0x8001A65C ra=0x8001991C sp=0x801FFED0 a0=0x00000000
[CALL-CHAIN] #685 f94 addr=0x8001A65C ra=0x8001991C sp=0x801FFED0 a0=0x00000000
[CALL-CHAIN] #686 f95 addr=0x80019844 ra=0x80010EA4 sp=0x801FFF00 a0=0x00000000
[CALL-CHAIN] #687 f95 addr=0x8001A65C ra=0x8001991C sp=0x801FFED0 a0=0x00000000
[CALL-CHAIN] #688 f95 addr=0x8001A65C ra=0x8001991C sp=0x801FFED0 a0=0x00000000
[CALL-CHAIN] #689 f95 addr=0x8001A65C ra=0x8001991C sp=0x801FFED0 a0=0x00000000
[CALL-CHAIN] #690 f95 addr=0x8001A65C ra=0x8001991C sp=0x801FFED0 a0=0x00000000
[CALL-CHAIN] #691 f96 addr=0x80019844 ra=0x80010EA4 sp=0x801FFF00 a0=0x00000000
[CALL-CHAIN] #692 f96 addr=0x8001A65C ra=0x8001991C sp=0x801FFED0 a0=0x00000000
[CALL-CHAIN] #693 f96 addr=0x8001A65C ra=0x8001991C sp=0x801FFED0 a0=0x00000000
[CALL-CHAIN] #694 f96 addr=0x8001A65C ra=0x8001991C sp=0x801FFED0 a0=0x00000000
[CALL-CHAIN] #695 f96 addr=0x8001A65C ra=0x8001991C sp=0x801FFED0 a0=0x00000000
[CALL-CHAIN] #696 f97 addr=0x80019844 ra=0x80010EA4 sp=0x801FFF00 a0=0x00000000
[CALL-CHAIN] #697 f97 addr=0x8001A65C ra=0x8001991C sp=0x801FFED0 a0=0x00000000
[CALL-CHAIN] #698 f97 addr=0x8001A65C ra=0x8001991C sp=0x801FFED0 a0=0x00000000
[CALL-CHAIN] #699 f97 addr=0x8001A65C ra=0x8001991C sp=0x801FFED0 a0=0x00000000
[CALL-CHAIN] #700 f97 addr=0x8001A65C ra=0x8001991C sp=0x801FFED0 a0=0x00000000
[CALL-CHAIN] #701 f98 addr=0x80019844 ra=0x80010EA4 sp=0x801FFF00 a0=0x00000000
[CALL-CHAIN] #702 f98 addr=0x8001A65C ra=0x8001991C sp=0x801FFED0 a0=0x00000000
[CALL-CHAIN] #703 f98 addr=0x8001A65C ra=0x8001991C sp=0x801FFED0 a0=0x00000000
[CALL-CHAIN] #704 f98 addr=0x8001A65C ra=0x8001991C sp=0x801FFED0 a0=0x00000000
[CALL-CHAIN] #705 f98 addr=0x8001A65C ra=0x8001991C sp=0x801FFED0 a0=0x00000000
[CALL-CHAIN] #706 f99 addr=0x80019844 ra=0x80010EA4 sp=0x801FFF00 a0=0x00000000
[CALL-CHAIN] #707 f99 addr=0x8001A65C ra=0x8001991C sp=0x801FFED0 a0=0x00000000
[CALL-CHAIN] #708 f99 addr=0x8001A65C ra=0x8001991C sp=0x801FFED0 a0=0x00000000
[CALL-CHAIN] #709 f99 addr=0x8001A65C ra=0x8001991C sp=0x801FFED0 a0=0x00000000
[CALL-CHAIN] #710 f99 addr=0x8001A65C ra=0x8001991C sp=0x801FFED0 a0=0x00000000
[CALL-CHAIN] #711 f100 addr=0x80019844 ra=0x80010EA4 sp=0x801FFF00 a0=0x00000000
[CALL-CHAIN] #712 f100 addr=0x8001A65C ra=0x8001991C sp=0x801FFED0 a0=0x00000000
[CALL-CHAIN] #713 f100 addr=0x8001A65C ra=0x8001991C sp=0x801FFED0 a0=0x00000000
[CALL-CHAIN] #714 f100 addr=0x8001A65C ra=0x8001991C sp=0x801FFED0 a0=0x00000000
[CALL-CHAIN] #715 f100 addr=0x8001A65C ra=0x8001991C sp=0x801FFED0 a0=0x00000000
[CALL-CHAIN] #716 f101 addr=0x80019844 ra=0x80010EA4 sp=0x801FFF00 a0=0x00000000
[CALL-CHAIN] #717 f101 addr=0x8001A65C ra=0x8001991C sp=0x801FFED0 a0=0x00000000
[CALL-CHAIN] #718 f101 addr=0x8001A65C ra=0x8001991C sp=0x801FFED0 a0=0x00000000
[CALL-CHAIN] #719 f101 addr=0x8001A65C ra=0x8001991C sp=0x801FFED0 a0=0x00000000
[CALL-CHAIN] #720 f101 addr=0x8001A65C ra=0x8001991C sp=0x801FFED0 a0=0x00000000
[CALL-CHAIN] #721 f102 addr=0x80019844 ra=0x80010EA4 sp=0x801FFF00 a0=0x00000000
[CALL-CHAIN] #722 f102 addr=0x8001A65C ra=0x8001991C sp=0x801FFED0 a0=0x00000000
[CALL-CHAIN] #723 f102 addr=0x8001A65C ra=0x8001991C sp=0x801FFED0 a0=0x00000000
[CALL-CHAIN] #724 f102 addr=0x8001A65C ra=0x8001991C sp=0x801FFED0 a0=0x00000000
[CALL-CHAIN] #725 f102 addr=0x8001A65C ra=0x8001991C sp=0x801FFED0 a0=0x00000000
[CALL-CHAIN] #726 f103 addr=0x80019844 ra=0x80010EA4 sp=0x801FFF00 a0=0x00000000
[CALL-CHAIN] #727 f103 addr=0x8001A65C ra=0x8001991C sp=0x801FFED0 a0=0x00000000
[CALL-CHAIN] #728 f103 addr=0x8001A65C ra=0x8001991C sp=0x801FFED0 a0=0x00000000
[CALL-CHAIN] #729 f103 addr=0x8001A65C ra=0x8001991C sp=0x801FFED0 a0=0x00000000
[CALL-CHAIN] #730 f103 addr=0x8001A65C ra=0x8001991C sp=0x801FFED0 a0=0x00000000
[CALL-CHAIN] #731 f104 addr=0x80019844 ra=0x80010EA4 sp=0x801FFF00 a0=0x00000000
[CALL-CHAIN] #732 f104 addr=0x8001A65C ra=0x8001991C sp=0x801FFED0 a0=0x00000000
[CALL-CHAIN] #733 f104 addr=0x8001A65C ra=0x8001991C sp=0x801FFED0 a0=0x00000000
[CALL-CHAIN] #734 f104 addr=0x8001A65C ra=0x8001991C sp=0x801FFED0 a0=0x00000000
[CALL-CHAIN] #735 f104 addr=0x8001A65C ra=0x8001991C sp=0x801FFED0 a0=0x00000000
[CALL-CHAIN] #736 f105 addr=0x80019844 ra=0x80010EA4 sp=0x801FFF00 a0=0x00000000
[CALL-CHAIN] #737 f105 addr=0x8001A65C ra=0x8001991C sp=0x801FFED0 a0=0x00000000
[CALL-CHAIN] #738 f105 addr=0x8001A65C ra=0x8001991C sp=0x801FFED0 a0=0x00000000
[CALL-CHAIN] #739 f105 addr=0x8001A65C ra=0x8001991C sp=0x801FFED0 a0=0x00000000
[CALL-CHAIN] #740 f105 addr=0x8001A65C ra=0x8001991C sp=0x801FFED0 a0=0x00000000
[CALL-CHAIN] #741 f106 addr=0x80019844 ra=0x80010EA4 sp=0x801FFF00 a0=0x00000000
[CALL-CHAIN] #742 f106 addr=0x8001A65C ra=0x8001991C sp=0x801FFED0 a0=0x00000000
[CALL-CHAIN] #743 f106 addr=0x8001A65C ra=0x8001991C sp=0x801FFED0 a0=0x00000000
[CALL-CHAIN] #744 f106 addr=0x8001A65C ra=0x8001991C sp=0x801FFED0 a0=0x00000000
[CALL-CHAIN] #745 f106 addr=0x8001A65C ra=0x8001991C sp=0x801FFED0 a0=0x00000000
[CALL-CHAIN] #746 f107 addr=0x80019844 ra=0x80010EA4 sp=0x801FFF00 a0=0x00000000
[CALL-CHAIN] #747 f107 addr=0x8001A65C ra=0x8001991C sp=0x801FFED0 a0=0x00000000
[CALL-CHAIN] #748 f107 addr=0x8001A65C ra=0x8001991C sp=0x801FFED0 a0=0x00000000
[CALL-CHAIN] #749 f107 addr=0x8001A65C ra=0x8001991C sp=0x801FFED0 a0=0x00000000
[CALL-CHAIN] #750 f107 addr=0x8001A65C ra=0x8001991C sp=0x801FFED0 a0=0x00000000
[CALL-CHAIN] #751 f108 addr=0x80019844 ra=0x80010EA4 sp=0x801FFF00 a0=0x00000000
[CALL-CHAIN] #752 f108 addr=0x8001A65C ra=0x8001991C sp=0x801FFED0 a0=0x00000000
[CALL-CHAIN] #753 f108 addr=0x8001A65C ra=0x8001991C sp=0x801FFED0 a0=0x00000000
[CALL-CHAIN] #754 f108 addr=0x8001A65C ra=0x8001991C sp=0x801FFED0 a0=0x00000000
[CALL-CHAIN] #755 f108 addr=0x8001A65C ra=0x8001991C sp=0x801FFED0 a0=0x00000000
[CALL-CHAIN] #756 f109 addr=0x80019844 ra=0x80010EA4 sp=0x801FFF00 a0=0x00000000
[CALL-CHAIN] #757 f109 addr=0x8001A65C ra=0x8001991C sp=0x801FFED0 a0=0x00000000
[CALL-CHAIN] #758 f109 addr=0x8001A65C ra=0x8001991C sp=0x801FFED0 a0=0x00000000
[CALL-CHAIN] #759 f109 addr=0x8001A65C ra=0x8001991C sp=0x801FFED0 a0=0x00000000
[CALL-CHAIN] #760 f109 addr=0x8001A65C ra=0x8001991C sp=0x801FFED0 a0=0x00000000
[CALL-CHAIN] #761 f110 addr=0x80019844 ra=0x80010EA4 sp=0x801FFF00 a0=0x00000000
[CALL-CHAIN] #762 f110 addr=0x8001A65C ra=0x8001991C sp=0x801FFED0 a0=0x00000000
[CALL-CHAIN] #763 f110 addr=0x8001A65C ra=0x8001991C sp=0x801FFED0 a0=0x00000000
[CALL-CHAIN] #764 f110 addr=0x8001A65C ra=0x8001991C sp=0x801FFED0 a0=0x00000000
[CALL-CHAIN] #765 f110 addr=0x8001A65C ra=0x8001991C sp=0x801FFED0 a0=0x00000000
[CALL-CHAIN] #766 f111 addr=0x80019844 ra=0x80010EA4 sp=0x801FFF00 a0=0x00000000
[CALL-CHAIN] #767 f111 addr=0x8001A65C ra=0x8001991C sp=0x801FFED0 a0=0x00000000
[CALL-CHAIN] #768 f111 addr=0x8001A65C ra=0x8001991C sp=0x801FFED0 a0=0x00000000
[CALL-CHAIN] #769 f111 addr=0x8001A65C ra=0x8001991C sp=0x801FFED0 a0=0x00000000
[CALL-CHAIN] #770 f111 addr=0x8001A65C ra=0x8001991C sp=0x801FFED0 a0=0x00000000
[CALL-CHAIN] #771 f112 addr=0x80019844 ra=0x80010EA4 sp=0x801FFF00 a0=0x00000000
[CALL-CHAIN] #772 f112 addr=0x8001A65C ra=0x8001991C sp=0x801FFED0 a0=0x00000000
[CALL-CHAIN] #773 f112 addr=0x8001A65C ra=0x8001991C sp=0x801FFED0 a0=0x00000000
[CALL-CHAIN] #774 f112 addr=0x8001A65C ra=0x8001991C sp=0x801FFED0 a0=0x00000000
[CALL-CHAIN] #775 f112 addr=0x8001A65C ra=0x8001991C sp=0x801FFED0 a0=0x00000000
[CALL-CHAIN] #776 f113 addr=0x80019844 ra=0x80010EA4 sp=0x801FFF00 a0=0x00000000
[CALL-CHAIN] #777 f113 addr=0x8001A65C ra=0x8001991C sp=0x801FFED0 a0=0x00000000
[CALL-CHAIN] #778 f113 addr=0x8001A65C ra=0x8001991C sp=0x801FFED0 a0=0x00000000
[CALL-CHAIN] #779 f113 addr=0x8001A65C ra=0x8001991C sp=0x801FFED0 a0=0x00000000
[CALL-CHAIN] #780 f113 addr=0x8001A65C ra=0x8001991C sp=0x801FFED0 a0=0x00000000
[CALL-CHAIN] #781 f114 addr=0x80019844 ra=0x80010EA4 sp=0x801FFF00 a0=0x00000000
[CALL-CHAIN] #782 f114 addr=0x8001A65C ra=0x8001991C sp=0x801FFED0 a0=0x00000000
[CALL-CHAIN] #783 f114 addr=0x8001A65C ra=0x8001991C sp=0x801FFED0 a0=0x00000000
[CALL-CHAIN] #784 f114 addr=0x8001A65C ra=0x8001991C sp=0x801FFED0 a0=0x00000000
[CALL-CHAIN] #785 f114 addr=0x8001A65C ra=0x8001991C sp=0x801FFED0 a0=0x00000000
[CALL-CHAIN] #786 f115 addr=0x80019844 ra=0x80010EA4 sp=0x801FFF00 a0=0x00000000
[CALL-CHAIN] #787 f115 addr=0x8001A65C ra=0x8001991C sp=0x801FFED0 a0=0x00000000
[CALL-CHAIN] #788 f115 addr=0x8001A65C ra=0x8001991C sp=0x801FFED0 a0=0x00000000
[CALL-CHAIN] #789 f115 addr=0x8001A65C ra=0x8001991C sp=0x801FFED0 a0=0x00000000
[CALL-CHAIN] #790 f115 addr=0x8001A65C ra=0x8001991C sp=0x801FFED0 a0=0x00000000
[CALL-CHAIN] #791 f116 addr=0x80019844 ra=0x80010EA4 sp=0x801FFF00 a0=0x00000000
[CALL-CHAIN] #792 f116 addr=0x8001A65C ra=0x8001991C sp=0x801FFED0 a0=0x00000000
[CALL-CHAIN] #793 f116 addr=0x8001A65C ra=0x8001991C sp=0x801FFED0 a0=0x00000000
[CALL-CHAIN] #794 f116 addr=0x8001A65C ra=0x8001991C sp=0x801FFED0 a0=0x00000000
[CALL-CHAIN] #795 f116 addr=0x8001A65C ra=0x8001991C sp=0x801FFED0 a0=0x00000000
[CALL-CHAIN] #796 f117 addr=0x80019844 ra=0x80010EA4 sp=0x801FFF00 a0=0x00000000
[CALL-CHAIN] #797 f117 addr=0x8001A65C ra=0x8001991C sp=0x801FFED0 a0=0x00000000
[CALL-CHAIN] #798 f117 addr=0x8001A65C ra=0x8001991C sp=0x801FFED0 a0=0x00000000
[CALL-CHAIN] #799 f117 addr=0x8001A65C ra=0x8001991C sp=0x801FFED0 a0=0x00000000
[CALL-CHAIN] #800 f117 addr=0x8001A65C ra=0x8001991C sp=0x801FFED0 a0=0x00000000
[CALL-CHAIN] #801 f118 addr=0x80019844 ra=0x80010EA4 sp=0x801FFF00 a0=0x00000000
[CALL-CHAIN] #802 f118 addr=0x8001A65C ra=0x8001991C sp=0x801FFED0 a0=0x00000000
[CALL-CHAIN] #803 f118 addr=0x8001A65C ra=0x8001991C sp=0x801FFED0 a0=0x00000000
[CALL-CHAIN] #804 f118 addr=0x8001A65C ra=0x8001991C sp=0x801FFED0 a0=0x00000000
[CALL-CHAIN] #805 f118 addr=0x8001A65C ra=0x8001991C sp=0x801FFED0 a0=0x00000000
[CALL-CHAIN] #806 f119 addr=0x80019844 ra=0x80010EA4 sp=0x801FFF00 a0=0x00000000
[CALL-CHAIN] #807 f119 addr=0x8001A65C ra=0x8001991C sp=0x801FFED0 a0=0x00000000
[CALL-CHAIN] #808 f119 addr=0x8001A65C ra=0x8001991C sp=0x801FFED0 a0=0x00000000
[CALL-CHAIN] #809 f119 addr=0x8001A65C ra=0x8001991C sp=0x801FFED0 a0=0x00000000
[CALL-CHAIN] #810 f119 addr=0x8001A65C ra=0x8001991C sp=0x801FFED0 a0=0x00000000
[frame 120]
[CALL-CHAIN] #811 f120 addr=0x80019844 ra=0x80010EA4 sp=0x801FFF00 a0=0x00000000
[CALL-CHAIN] #812 f120 addr=0x8001A65C ra=0x8001991C sp=0x801FFED0 a0=0x00000000
[CALL-CHAIN] #813 f120 addr=0x8001A65C ra=0x8001991C sp=0x801FFED0 a0=0x00000000
[CALL-CHAIN] #814 f120 addr=0x8001A65C ra=0x8001991C sp=0x801FFED0 a0=0x00000000
[CALL-CHAIN] #815 f120 addr=0x8001A65C ra=0x8001991C sp=0x801FFED0 a0=0x00000000
[CALL-CHAIN] #816 f121 addr=0x80019844 ra=0x80010EA4 sp=0x801FFF00 a0=0x00000000
[CALL-CHAIN] #817 f121 addr=0x8001A65C ra=0x8001991C sp=0x801FFED0 a0=0x00000000
[CALL-CHAIN] #818 f121 addr=0x8001A65C ra=0x8001991C sp=0x801FFED0 a0=0x00000000
[CALL-CHAIN] #819 f121 addr=0x8001A65C ra=0x8001991C sp=0x801FFED0 a0=0x00000000
[CALL-CHAIN] #820 f121 addr=0x8001A65C ra=0x8001991C sp=0x801FFED0 a0=0x00000000
[CALL-CHAIN] #821 f122 addr=0x80019844 ra=0x80010EA4 sp=0x801FFF00 a0=0x00000000
[CALL-CHAIN] #822 f122 addr=0x8001A65C ra=0x8001991C sp=0x801FFED0 a0=0x00000000
[CALL-CHAIN] #823 f122 addr=0x8001A65C ra=0x8001991C sp=0x801FFED0 a0=0x00000000
[CALL-CHAIN] #824 f122 addr=0x8001A65C ra=0x8001991C sp=0x801FFED0 a0=0x00000000
[CALL-CHAIN] #825 f122 addr=0x8001A65C ra=0x8001991C sp=0x801FFED0 a0=0x00000000
[CALL-CHAIN] #826 f123 addr=0x80019844 ra=0x80010EA4 sp=0x801FFF00 a0=0x00000000
[CALL-CHAIN] #827 f123 addr=0x8001A65C ra=0x8001991C sp=0x801FFED0 a0=0x00000000
[CALL-CHAIN] #828 f123 addr=0x8001A65C ra=0x8001991C sp=0x801FFED0 a0=0x00000000
[CALL-CHAIN] #829 f123 addr=0x8001A65C ra=0x8001991C sp=0x801FFED0 a0=0x00000000
[CALL-CHAIN] #830 f123 addr=0x8001A65C ra=0x8001991C sp=0x801FFED0 a0=0x00000000
[CALL-CHAIN] #831 f124 addr=0x80019844 ra=0x80010EA4 sp=0x801FFF00 a0=0x00000000
[CALL-CHAIN] #832 f124 addr=0x8001A65C ra=0x8001991C sp=0x801FFED0 a0=0x00000000
[CALL-CHAIN] #833 f124 addr=0x8001A65C ra=0x8001991C sp=0x801FFED0 a0=0x00000000
[CALL-CHAIN] #834 f124 addr=0x8001A65C ra=0x8001991C sp=0x801FFED0 a0=0x00000000
[CALL-CHAIN] #835 f124 addr=0x8001A65C ra=0x8001991C sp=0x801FFED0 a0=0x00000000
[CALL-CHAIN] #836 f125 addr=0x80019844 ra=0x80010EA4 sp=0x801FFF00 a0=0x00000000
[CALL-CHAIN] #837 f125 addr=0x8001A65C ra=0x8001991C sp=0x801FFED0 a0=0x00000000
[CALL-CHAIN] #838 f125 addr=0x8001A65C ra=0x8001991C sp=0x801FFED0 a0=0x00000000
[CALL-CHAIN] #839 f125 addr=0x8001A65C ra=0x8001991C sp=0x801FFED0 a0=0x00000000
[CALL-CHAIN] #840 f125 addr=0x8001A65C ra=0x8001991C sp=0x801FFED0 a0=0x00000000
[CALL-CHAIN] #841 f126 addr=0x80019844 ra=0x80010EA4 sp=0x801FFF00 a0=0x00000000
[CALL-CHAIN] #842 f126 addr=0x8001A65C ra=0x8001991C sp=0x801FFED0 a0=0x00000000
[CALL-CHAIN] #843 f126 addr=0x8001A65C ra=0x8001991C sp=0x801FFED0 a0=0x00000000
[CALL-CHAIN] #844 f126 addr=0x8001A65C ra=0x8001991C sp=0x801FFED0 a0=0x00000000
[CALL-CHAIN] #845 f126 addr=0x8001A65C ra=0x8001991C sp=0x801FFED0 a0=0x00000000
[CALL-CHAIN] #846 f127 addr=0x80019844 ra=0x80010EA4 sp=0x801FFF00 a0=0x00000000
[CALL-CHAIN] #847 f127 addr=0x8001A65C ra=0x8001991C sp=0x801FFED0 a0=0x00000000
[CALL-CHAIN] #848 f127 addr=0x8001A65C ra=0x8001991C sp=0x801FFED0 a0=0x00000000
[CALL-CHAIN] #849 f127 addr=0x8001A65C ra=0x8001991C sp=0x801FFED0 a0=0x00000000
[CALL-CHAIN] #850 f127 addr=0x8001A65C ra=0x8001991C sp=0x801FFED0 a0=0x00000000
[CALL-CHAIN] #851 f128 addr=0x80019844 ra=0x80010EA4 sp=0x801FFF00 a0=0x00000000
[CALL-CHAIN] #852 f128 addr=0x8001A65C ra=0x8001991C sp=0x801FFED0 a0=0x00000000
[CALL-CHAIN] #853 f128 addr=0x8001A65C ra=0x8001991C sp=0x801FFED0 a0=0x00000000
[CALL-CHAIN] #854 f128 addr=0x8001A65C ra=0x8001991C sp=0x801FFED0 a0=0x00000000
[CALL-CHAIN] #855 f128 addr=0x8001A65C ra=0x8001991C sp=0x801FFED0 a0=0x00000000
[CALL-CHAIN] #856 f129 addr=0x80019844 ra=0x80010EA4 sp=0x801FFF00 a0=0x00000000
[CALL-CHAIN] #857 f129 addr=0x8001A65C ra=0x8001991C sp=0x801FFED0 a0=0x00000000
[CALL-CHAIN] #858 f129 addr=0x8001A65C ra=0x8001991C sp=0x801FFED0 a0=0x00000000
[CALL-CHAIN] #859 f129 addr=0x8001A65C ra=0x8001991C sp=0x801FFED0 a0=0x00000000
[CALL-CHAIN] #860 f129 addr=0x8001A65C ra=0x8001991C sp=0x801FFED0 a0=0x00000000
[CALL-CHAIN] #861 f130 addr=0x80019844 ra=0x80010EA4 sp=0x801FFF00 a0=0x00000000
[CALL-CHAIN] #862 f130 addr=0x8001A65C ra=0x8001991C sp=0x801FFED0 a0=0x00000000
[CALL-CHAIN] #863 f130 addr=0x8001A65C ra=0x8001991C sp=0x801FFED0 a0=0x00000000
[CALL-CHAIN] #864 f130 addr=0x8001A65C ra=0x8001991C sp=0x801FFED0 a0=0x00000000
[CALL-CHAIN] #865 f130 addr=0x8001A65C ra=0x8001991C sp=0x801FFED0 a0=0x00000000
[CALL-CHAIN] #866 f131 addr=0x80019844 ra=0x80010EA4 sp=0x801FFF00 a0=0x00000000
[CALL-CHAIN] #867 f131 addr=0x8001A65C ra=0x8001991C sp=0x801FFED0 a0=0x00000000
[CALL-CHAIN] #868 f131 addr=0x8001A65C ra=0x8001991C sp=0x801FFED0 a0=0x00000000
[CALL-CHAIN] #869 f131 addr=0x8001A65C ra=0x8001991C sp=0x801FFED0 a0=0x00000000
[CALL-CHAIN] #870 f131 addr=0x8001A65C ra=0x8001991C sp=0x801FFED0 a0=0x00000000
[CALL-CHAIN] #871 f132 addr=0x80019844 ra=0x80010EA4 sp=0x801FFF00 a0=0x00000000
[CALL-CHAIN] #872 f132 addr=0x8001A65C ra=0x8001991C sp=0x801FFED0 a0=0x00000000
[CALL-CHAIN] #873 f132 addr=0x8001A65C ra=0x8001991C sp=0x801FFED0 a0=0x00000000
[CALL-CHAIN] #874 f132 addr=0x8001A65C ra=0x8001991C sp=0x801FFED0 a0=0x00000000
[CALL-CHAIN] #875 f132 addr=0x8001A65C ra=0x8001991C sp=0x801FFED0 a0=0x00000000
[CALL-CHAIN] #876 f133 addr=0x80019844 ra=0x80010EA4 sp=0x801FFF00 a0=0x00000000
[CALL-CHAIN] #877 f133 addr=0x8001A65C ra=0x8001991C sp=0x801FFED0 a0=0x00000000
[CALL-CHAIN] #878 f133 addr=0x8001A65C ra=0x8001991C sp=0x801FFED0 a0=0x00000000
[CALL-CHAIN] #879 f133 addr=0x8001A65C ra=0x8001991C sp=0x801FFED0 a0=0x00000000
[CALL-CHAIN] #880 f133 addr=0x8001A65C ra=0x8001991C sp=0x801FFED0 a0=0x00000000
[CALL-CHAIN] #881 f134 addr=0x80019844 ra=0x80010EA4 sp=0x801FFF00 a0=0x00000000
[CALL-CHAIN] #882 f134 addr=0x8001A65C ra=0x8001991C sp=0x801FFED0 a0=0x00000000
[CALL-CHAIN] #883 f134 addr=0x8001A65C ra=0x8001991C sp=0x801FFED0 a0=0x00000000
[CALL-CHAIN] #884 f134 addr=0x8001A65C ra=0x8001991C sp=0x801FFED0 a0=0x00000000
[CALL-CHAIN] #885 f134 addr=0x8001A65C ra=0x8001991C sp=0x801FFED0 a0=0x00000000
[CALL-CHAIN] #886 f135 addr=0x80019844 ra=0x80010EA4 sp=0x801FFF00 a0=0x00000000
[CALL-CHAIN] #887 f135 addr=0x8001A65C ra=0x8001991C sp=0x801FFED0 a0=0x00000000
[CALL-CHAIN] #888 f135 addr=0x8001A65C ra=0x8001991C sp=0x801FFED0 a0=0x00000000
[CALL-CHAIN] #889 f135 addr=0x8001A65C ra=0x8001991C sp=0x801FFED0 a0=0x00000000
[CALL-CHAIN] #890 f135 addr=0x8001A65C ra=0x8001991C sp=0x801FFED0 a0=0x00000000
[CALL-CHAIN] #891 f136 addr=0x80019844 ra=0x80010EA4 sp=0x801FFF00 a0=0x00000000
[CALL-CHAIN] #892 f136 addr=0x8001A65C ra=0x8001991C sp=0x801FFED0 a0=0x00000000
[CALL-CHAIN] #893 f136 addr=0x8001A65C ra=0x8001991C sp=0x801FFED0 a0=0x00000000
[CALL-CHAIN] #894 f136 addr=0x8001A65C ra=0x8001991C sp=0x801FFED0 a0=0x00000000
[CALL-CHAIN] #895 f136 addr=0x8001A65C ra=0x8001991C sp=0x801FFED0 a0=0x00000000
[CALL-CHAIN] #896 f137 addr=0x80019844 ra=0x80010EA4 sp=0x801FFF00 a0=0x00000000
[CALL-CHAIN] #897 f137 addr=0x8001A65C ra=0x8001991C sp=0x801FFED0 a0=0x00000000
[CALL-CHAIN] #898 f137 addr=0x8001A65C ra=0x8001991C sp=0x801FFED0 a0=0x00000000
[CALL-CHAIN] #899 f137 addr=0x8001A65C ra=0x8001991C sp=0x801FFED0 a0=0x00000000
[CALL-CHAIN] #900 f137 addr=0x8001A65C ra=0x8001991C sp=0x801FFED0 a0=0x00000000
[CALL-CHAIN] #901 f138 addr=0x80019844 ra=0x80010EA4 sp=0x801FFF00 a0=0x00000000
[CALL-CHAIN] #902 f138 addr=0x8001A65C ra=0x8001991C sp=0x801FFED0 a0=0x00000000
[CALL-CHAIN] #903 f138 addr=0x8001A65C ra=0x8001991C sp=0x801FFED0 a0=0x00000000
[CALL-CHAIN] #904 f138 addr=0x8001A65C ra=0x8001991C sp=0x801FFED0 a0=0x00000000
[CALL-CHAIN] #905 f138 addr=0x8001A65C ra=0x8001991C sp=0x801FFED0 a0=0x00000000
[CALL-CHAIN] #906 f139 addr=0x80019844 ra=0x80010EA4 sp=0x801FFF00 a0=0x00000000
[CALL-CHAIN] #907 f139 addr=0x8001A65C ra=0x8001991C sp=0x801FFED0 a0=0x00000000
[CALL-CHAIN] #908 f139 addr=0x8001A65C ra=0x8001991C sp=0x801FFED0 a0=0x00000000
[CALL-CHAIN] #909 f139 addr=0x8001A65C ra=0x8001991C sp=0x801FFED0 a0=0x00000000
[CALL-CHAIN] #910 f139 addr=0x8001A65C ra=0x8001991C sp=0x801FFED0 a0=0x00000000
[CALL-CHAIN] #911 f140 addr=0x80019844 ra=0x80010EA4 sp=0x801FFF00 a0=0x00000000
[CALL-CHAIN] #912 f140 addr=0x8001A65C ra=0x8001991C sp=0x801FFED0 a0=0x00000000
[CALL-CHAIN] #913 f140 addr=0x8001A65C ra=0x8001991C sp=0x801FFED0 a0=0x00000000
[CALL-CHAIN] #914 f140 addr=0x8001A65C ra=0x8001991C sp=0x801FFED0 a0=0x00000000
[CALL-CHAIN] #915 f140 addr=0x8001A65C ra=0x8001991C sp=0x801FFED0 a0=0x00000000
[CALL-CHAIN] #916 f141 addr=0x80019844 ra=0x80010EA4 sp=0x801FFF00 a0=0x00000000
[CALL-CHAIN] #917 f141 addr=0x8001A65C ra=0x8001991C sp=0x801FFED0 a0=0x00000000
[CALL-CHAIN] #918 f141 addr=0x8001A65C ra=0x8001991C sp=0x801FFED0 a0=0x00000000
[CALL-CHAIN] #919 f141 addr=0x8001A65C ra=0x8001991C sp=0x801FFED0 a0=0x00000000
[CALL-CHAIN] #920 f141 addr=0x8001A65C ra=0x8001991C sp=0x801FFED0 a0=0x00000000
[CALL-CHAIN] #921 f142 addr=0x80019844 ra=0x80010EA4 sp=0x801FFF00 a0=0x00000000
[CALL-CHAIN] #922 f142 addr=0x8001A65C ra=0x8001991C sp=0x801FFED0 a0=0x00000000
[CALL-CHAIN] #923 f142 addr=0x8001A65C ra=0x8001991C sp=0x801FFED0 a0=0x00000000
[CALL-CHAIN] #924 f142 addr=0x8001A65C ra=0x8001991C sp=0x801FFED0 a0=0x00000000
[CALL-CHAIN] #925 f142 addr=0x8001A65C ra=0x8001991C sp=0x801FFED0 a0=0x00000000
[CALL-CHAIN] #926 f143 addr=0x80019844 ra=0x80010EA4 sp=0x801FFF00 a0=0x00000000
[CALL-CHAIN] #927 f143 addr=0x8001A65C ra=0x8001991C sp=0x801FFED0 a0=0x00000000
[CALL-CHAIN] #928 f143 addr=0x8001A65C ra=0x8001991C sp=0x801FFED0 a0=0x00000000
[CALL-CHAIN] #929 f143 addr=0x8001A65C ra=0x8001991C sp=0x801FFED0 a0=0x00000000
[CALL-CHAIN] #930 f143 addr=0x8001A65C ra=0x8001991C sp=0x801FFED0 a0=0x00000000
[CALL-CHAIN] #931 f144 addr=0x80019844 ra=0x80010EA4 sp=0x801FFF00 a0=0x00000000
[CALL-CHAIN] #932 f144 addr=0x8001A65C ra=0x8001991C sp=0x801FFED0 a0=0x00000000
[CALL-CHAIN] #933 f144 addr=0x8001A65C ra=0x8001991C sp=0x801FFED0 a0=0x00000000
[CALL-CHAIN] #934 f144 addr=0x8001A65C ra=0x8001991C sp=0x801FFED0 a0=0x00000000
[CALL-CHAIN] #935 f144 addr=0x8001A65C ra=0x8001991C sp=0x801FFED0 a0=0x00000000
[CALL-CHAIN] #936 f145 addr=0x80019844 ra=0x80010EA4 sp=0x801FFF00 a0=0x00000000
[CALL-CHAIN] #937 f145 addr=0x8001A65C ra=0x8001991C sp=0x801FFED0 a0=0x00000000
[CALL-CHAIN] #938 f145 addr=0x8001A65C ra=0x8001991C sp=0x801FFED0 a0=0x00000000
[CALL-CHAIN] #939 f145 addr=0x8001A65C ra=0x8001991C sp=0x801FFED0 a0=0x00000000
[CALL-CHAIN] #940 f145 addr=0x8001A65C ra=0x8001991C sp=0x801FFED0 a0=0x00000000
[CALL-CHAIN] #941 f146 addr=0x80019844 ra=0x80010EA4 sp=0x801FFF00 a0=0x00000000
[CALL-CHAIN] #942 f146 addr=0x8001A65C ra=0x8001991C sp=0x801FFED0 a0=0x00000000
[CALL-CHAIN] #943 f146 addr=0x8001A65C ra=0x8001991C sp=0x801FFED0 a0=0x00000000
[CALL-CHAIN] #944 f146 addr=0x8001A65C ra=0x8001991C sp=0x801FFED0 a0=0x00000000
[CALL-CHAIN] #945 f146 addr=0x8001A65C ra=0x8001991C sp=0x801FFED0 a0=0x00000000
[CALL-CHAIN] #946 f147 addr=0x80019844 ra=0x80010EA4 sp=0x801FFF00 a0=0x00000000
[CALL-CHAIN] #947 f147 addr=0x8001A65C ra=0x8001991C sp=0x801FFED0 a0=0x00000000
[CALL-CHAIN] #948 f147 addr=0x8001A65C ra=0x8001991C sp=0x801FFED0 a0=0x00000000
[CALL-CHAIN] #949 f147 addr=0x8001A65C ra=0x8001991C sp=0x801FFED0 a0=0x00000000
[CALL-CHAIN] #950 f147 addr=0x8001A65C ra=0x8001991C sp=0x801FFED0 a0=0x00000000
[CALL-CHAIN] #951 f148 addr=0x80019844 ra=0x80010EA4 sp=0x801FFF00 a0=0x00000000
[CALL-CHAIN] #952 f148 addr=0x8001A65C ra=0x8001991C sp=0x801FFED0 a0=0x00000000
[CALL-CHAIN] #953 f148 addr=0x8001A65C ra=0x8001991C sp=0x801FFED0 a0=0x00000000
[CALL-CHAIN] #954 f148 addr=0x8001A65C ra=0x8001991C sp=0x801FFED0 a0=0x00000000
[CALL-CHAIN] #955 f148 addr=0x8001A65C ra=0x8001991C sp=0x801FFED0 a0=0x00000000
[CALL-CHAIN] #956 f149 addr=0x80019844 ra=0x80010EA4 sp=0x801FFF00 a0=0x00000000
[CALL-CHAIN] #957 f149 addr=0x8001A65C ra=0x8001991C sp=0x801FFED0 a0=0x00000000
[CALL-CHAIN] #958 f149 addr=0x8001A65C ra=0x8001991C sp=0x801FFED0 a0=0x00000000
[CALL-CHAIN] #959 f149 addr=0x8001A65C ra=0x8001991C sp=0x801FFED0 a0=0x00000000
[CALL-CHAIN] #960 f149 addr=0x8001A65C ra=0x8001991C sp=0x801FFED0 a0=0x00000000
[CALL-CHAIN] #961 f150 addr=0x80019844 ra=0x80010EA4 sp=0x801FFF00 a0=0x00000000
[CALL-CHAIN] #962 f150 addr=0x8001A65C ra=0x8001991C sp=0x801FFED0 a0=0x00000000
[CALL-CHAIN] #963 f150 addr=0x8001A65C ra=0x8001991C sp=0x801FFED0 a0=0x00000000
[CALL-CHAIN] #964 f150 addr=0x8001A65C ra=0x8001991C sp=0x801FFED0 a0=0x00000000
[CALL-CHAIN] #965 f150 addr=0x8001A65C ra=0x8001991C sp=0x801FFED0 a0=0x00000000
[CALL-CHAIN] #966 f151 addr=0x80019844 ra=0x80010EA4 sp=0x801FFF00 a0=0x00000000
[CALL-CHAIN] #967 f151 addr=0x8001A65C ra=0x8001991C sp=0x801FFED0 a0=0x00000000
[CALL-CHAIN] #968 f151 addr=0x8001A65C ra=0x8001991C sp=0x801FFED0 a0=0x00000000
[CALL-CHAIN] #969 f151 addr=0x8001A65C ra=0x8001991C sp=0x801FFED0 a0=0x00000000
[CALL-CHAIN] #970 f151 addr=0x8001A65C ra=0x8001991C sp=0x801FFED0 a0=0x00000000
[CALL-CHAIN] #971 f152 addr=0x80019844 ra=0x80010EA4 sp=0x801FFF00 a0=0x00000000
[CALL-CHAIN] #972 f152 addr=0x8001A65C ra=0x8001991C sp=0x801FFED0 a0=0x00000000
[CALL-CHAIN] #973 f152 addr=0x8001A65C ra=0x8001991C sp=0x801FFED0 a0=0x00000000
[CALL-CHAIN] #974 f152 addr=0x8001A65C ra=0x8001991C sp=0x801FFED0 a0=0x00000000
[CALL-CHAIN] #975 f152 addr=0x8001A65C ra=0x8001991C sp=0x801FFED0 a0=0x00000000
[CALL-CHAIN] #976 f153 addr=0x80019844 ra=0x80010EA4 sp=0x801FFF00 a0=0x00000000
[CALL-CHAIN] #977 f153 addr=0x8001A65C ra=0x8001991C sp=0x801FFED0 a0=0x00000000
[CALL-CHAIN] #978 f153 addr=0x8001A65C ra=0x8001991C sp=0x801FFED0 a0=0x00000000
[CALL-CHAIN] #979 f153 addr=0x8001A65C ra=0x8001991C sp=0x801FFED0 a0=0x00000000
[CALL-CHAIN] #980 f153 addr=0x8001A65C ra=0x8001991C sp=0x801FFED0 a0=0x00000000
[CALL-CHAIN] #981 f154 addr=0x80019844 ra=0x80010EA4 sp=0x801FFF00 a0=0x00000000
[CALL-CHAIN] #982 f154 addr=0x8001A65C ra=0x8001991C sp=0x801FFED0 a0=0x00000000
[CALL-CHAIN] #983 f154 addr=0x8001A65C ra=0x8001991C sp=0x801FFED0 a0=0x00000000
[CALL-CHAIN] #984 f154 addr=0x8001A65C ra=0x8001991C sp=0x801FFED0 a0=0x00000000
[CALL-CHAIN] #985 f154 addr=0x8001A65C ra=0x8001991C sp=0x801FFED0 a0=0x00000000
[CALL-CHAIN] #986 f155 addr=0x80019844 ra=0x80010EA4 sp=0x801FFF00 a0=0x00000000
[CALL-CHAIN] #987 f155 addr=0x8001A65C ra=0x8001991C sp=0x801FFED0 a0=0x00000000
[CALL-CHAIN] #988 f155 addr=0x8001A65C ra=0x8001991C sp=0x801FFED0 a0=0x00000000
[CALL-CHAIN] #989 f155 addr=0x8001A65C ra=0x8001991C sp=0x801FFED0 a0=0x00000000
[CALL-CHAIN] #990 f155 addr=0x8001A65C ra=0x8001991C sp=0x801FFED0 a0=0x00000000
[CALL-CHAIN] #991 f156 addr=0x80019844 ra=0x80010EA4 sp=0x801FFF00 a0=0x00000000
[CALL-CHAIN] #992 f156 addr=0x8001A65C ra=0x8001991C sp=0x801FFED0 a0=0x00000000
[CALL-CHAIN] #993 f156 addr=0x8001A65C ra=0x8001991C sp=0x801FFED0 a0=0x00000000
[CALL-CHAIN] #994 f156 addr=0x8001A65C ra=0x8001991C sp=0x801FFED0 a0=0x00000000
[CALL-CHAIN] #995 f156 addr=0x8001A65C ra=0x8001991C sp=0x801FFED0 a0=0x00000000
[CALL-CHAIN] #996 f157 addr=0x80019844 ra=0x80010EA4 sp=0x801FFF00 a0=0x00000000
[CALL-CHAIN] #997 f157 addr=0x8001A65C ra=0x8001991C sp=0x801FFED0 a0=0x00000000
[CALL-CHAIN] #998 f157 addr=0x8001A65C ra=0x8001991C sp=0x801FFED0 a0=0x00000000
[CALL-CHAIN] #999 f157 addr=0x8001A65C ra=0x8001991C sp=0x801FFED0 a0=0x00000000
[CALL-CHAIN] #1000 f157 addr=0x8001A65C ra=0x8001991C sp=0x801FFED0 a0=0x00000000
[CALL-CHAIN] #1001 f158 addr=0x80019844 ra=0x80010EA4 sp=0x801FFF00 a0=0x00000000
[CALL-CHAIN] #1002 f158 addr=0x8001A65C ra=0x8001991C sp=0x801FFED0 a0=0x00000000
[CALL-CHAIN] #1003 f158 addr=0x8001A65C ra=0x8001991C sp=0x801FFED0 a0=0x00000000
[CALL-CHAIN] #1004 f158 addr=0x8001A65C ra=0x8001991C sp=0x801FFED0 a0=0x00000000
[CALL-CHAIN] #1005 f158 addr=0x8001A65C ra=0x8001991C sp=0x801FFED0 a0=0x00000000
[CALL-CHAIN] #1006 f159 addr=0x80019844 ra=0x80010EA4 sp=0x801FFF00 a0=0x00000000
[CALL-CHAIN] #1007 f159 addr=0x8001A65C ra=0x8001991C sp=0x801FFED0 a0=0x00000000
[CALL-CHAIN] #1008 f159 addr=0x8001A65C ra=0x8001991C sp=0x801FFED0 a0=0x00000000
[CALL-CHAIN] #1009 f159 addr=0x8001A65C ra=0x8001991C sp=0x801FFED0 a0=0x00000000
[CALL-CHAIN] #1010 f159 addr=0x8001A65C ra=0x8001991C sp=0x801FFED0 a0=0x00000000
[CALL-CHAIN] #1011 f160 addr=0x80019844 ra=0x80010EA4 sp=0x801FFF00 a0=0x00000000
[CALL-CHAIN] #1012 f160 addr=0x8001A65C ra=0x8001991C sp=0x801FFED0 a0=0x00000000
[CALL-CHAIN] #1013 f160 addr=0x8001A65C ra=0x8001991C sp=0x801FFED0 a0=0x00000000
[CALL-CHAIN] #1014 f160 addr=0x8001A65C ra=0x8001991C sp=0x801FFED0 a0=0x00000000
[CALL-CHAIN] #1015 f160 addr=0x8001A65C ra=0x8001991C sp=0x801FFED0 a0=0x00000000
[CALL-CHAIN] #1016 f161 addr=0x80019844 ra=0x80010EA4 sp=0x801FFF00 a0=0x00000000
[CALL-CHAIN] #1017 f161 addr=0x8001A65C ra=0x8001991C sp=0x801FFED0 a0=0x00000000
[CALL-CHAIN] #1018 f161 addr=0x8001A65C ra=0x8001991C sp=0x801FFED0 a0=0x00000000
[CALL-CHAIN] #1019 f161 addr=0x8001A65C ra=0x8001991C sp=0x801FFED0 a0=0x00000000
[CALL-CHAIN] #1020 f161 addr=0x8001A65C ra=0x8001991C sp=0x801FFED0 a0=0x00000000
[CALL-CHAIN] #1021 f162 addr=0x80019844 ra=0x80010EA4 sp=0x801FFF00 a0=0x00000000
[CALL-CHAIN] #1022 f162 addr=0x8001A65C ra=0x8001991C sp=0x801FFED0 a0=0x00000000
[CALL-CHAIN] #1023 f162 addr=0x8001A65C ra=0x8001991C sp=0x801FFED0 a0=0x00000000
[CALL-CHAIN] #1024 f162 addr=0x8001A65C ra=0x8001991C sp=0x801FFED0 a0=0x00000000
[CALL-CHAIN] #1025 f162 addr=0x8001A65C ra=0x8001991C sp=0x801FFED0 a0=0x00000000
[CALL-CHAIN] #1026 f163 addr=0x80019844 ra=0x80010EA4 sp=0x801FFF00 a0=0x00000000
[CALL-CHAIN] #1027 f163 addr=0x8001A65C ra=0x8001991C sp=0x801FFED0 a0=0x00000000
[CALL-CHAIN] #1028 f163 addr=0x8001A65C ra=0x8001991C sp=0x801FFED0 a0=0x00000000
[CALL-CHAIN] #1029 f163 addr=0x8001A65C ra=0x8001991C sp=0x801FFED0 a0=0x00000000
[CALL-CHAIN] #1030 f163 addr=0x8001A65C ra=0x8001991C sp=0x801FFED0 a0=0x00000000
[CALL-CHAIN] #1031 f164 addr=0x80019844 ra=0x80010EA4 sp=0x801FFF00 a0=0x00000000
[CALL-CHAIN] #1032 f164 addr=0x8001A65C ra=0x8001991C sp=0x801FFED0 a0=0x00000000
[CALL-CHAIN] #1033 f164 addr=0x8001A65C ra=0x8001991C sp=0x801FFED0 a0=0x00000000
[CALL-CHAIN] #1034 f164 addr=0x8001A65C ra=0x8001991C sp=0x801FFED0 a0=0x00000000
[CALL-CHAIN] #1035 f164 addr=0x8001A65C ra=0x8001991C sp=0x801FFED0 a0=0x00000000
[CALL-CHAIN] #1036 f165 addr=0x80019844 ra=0x80010EA4 sp=0x801FFF00 a0=0x00000000
[CALL-CHAIN] #1037 f165 addr=0x8001A65C ra=0x8001991C sp=0x801FFED0 a0=0x00000000
[CALL-CHAIN] #1038 f165 addr=0x8001A65C ra=0x8001991C sp=0x801FFED0 a0=0x00000000
[CALL-CHAIN] #1039 f165 addr=0x8001A65C ra=0x8001991C sp=0x801FFED0 a0=0x00000000
[CALL-CHAIN] #1040 f165 addr=0x8001A65C ra=0x8001991C sp=0x801FFED0 a0=0x00000000
[CALL-CHAIN] #1041 f166 addr=0x80019844 ra=0x80010EA4 sp=0x801FFF00 a0=0x00000000
[CALL-CHAIN] #1042 f166 addr=0x8001A65C ra=0x8001991C sp=0x801FFED0 a0=0x00000000
[CALL-CHAIN] #1043 f166 addr=0x8001A65C ra=0x8001991C sp=0x801FFED0 a0=0x00000000
[CALL-CHAIN] #1044 f166 addr=0x8001A65C ra=0x8001991C sp=0x801FFED0 a0=0x00000000
[CALL-CHAIN] #1045 f166 addr=0x8001A65C ra=0x8001991C sp=0x801FFED0 a0=0x00000000
[CALL-CHAIN] #1046 f167 addr=0x80019844 ra=0x80010EA4 sp=0x801FFF00 a0=0x00000000
[CALL-CHAIN] #1047 f167 addr=0x8001A65C ra=0x8001991C sp=0x801FFED0 a0=0x00000000
[CALL-CHAIN] #1048 f167 addr=0x8001A65C ra=0x8001991C sp=0x801FFED0 a0=0x00000000
[CALL-CHAIN] #1049 f167 addr=0x8001A65C ra=0x8001991C sp=0x801FFED0 a0=0x00000000
[CALL-CHAIN] #1050 f167 addr=0x8001A65C ra=0x8001991C sp=0x801FFED0 a0=0x00000000
[CALL-CHAIN] #1051 f168 addr=0x80019844 ra=0x80010EA4 sp=0x801FFF00 a0=0x00000000
[CALL-CHAIN] #1052 f168 addr=0x8001A65C ra=0x8001991C sp=0x801FFED0 a0=0x00000000
[CALL-CHAIN] #1053 f168 addr=0x8001A65C ra=0x8001991C sp=0x801FFED0 a0=0x00000000
[CALL-CHAIN] #1054 f168 addr=0x8001A65C ra=0x8001991C sp=0x801FFED0 a0=0x00000000
[CALL-CHAIN] #1055 f168 addr=0x8001A65C ra=0x8001991C sp=0x801FFED0 a0=0x00000000
[CALL-CHAIN] #1056 f169 addr=0x80019844 ra=0x80010EA4 sp=0x801FFF00 a0=0x00000000
[CALL-CHAIN] #1057 f169 addr=0x8001A65C ra=0x8001991C sp=0x801FFED0 a0=0x00000000
[CALL-CHAIN] #1058 f169 addr=0x8001A65C ra=0x8001991C sp=0x801FFED0 a0=0x00000000
[CALL-CHAIN] #1059 f169 addr=0x8001A65C ra=0x8001991C sp=0x801FFED0 a0=0x00000000
[CALL-CHAIN] #1060 f169 addr=0x8001A65C ra=0x8001991C sp=0x801FFED0 a0=0x00000000
[CALL-CHAIN] #1061 f170 addr=0x80019844 ra=0x80010EA4 sp=0x801FFF00 a0=0x00000000
[CALL-CHAIN] #1062 f170 addr=0x8001A65C ra=0x8001991C sp=0x801FFED0 a0=0x00000000
[CALL-CHAIN] #1063 f170 addr=0x8001A65C ra=0x8001991C sp=0x801FFED0 a0=0x00000000
[CALL-CHAIN] #1064 f170 addr=0x8001A65C ra=0x8001991C sp=0x801FFED0 a0=0x00000000
[CALL-CHAIN] #1065 f170 addr=0x8001A65C ra=0x8001991C sp=0x801FFED0 a0=0x00000000
[CALL-CHAIN] #1066 f171 addr=0x80019844 ra=0x80010EA4 sp=0x801FFF00 a0=0x00000000
[CALL-CHAIN] #1067 f171 addr=0x8001A65C ra=0x8001991C sp=0x801FFED0 a0=0x00000000
[CALL-CHAIN] #1068 f171 addr=0x8001A65C ra=0x8001991C sp=0x801FFED0 a0=0x00000000
[CALL-CHAIN] #1069 f171 addr=0x8001A65C ra=0x8001991C sp=0x801FFED0 a0=0x00000000
[CALL-CHAIN] #1070 f171 addr=0x8001A65C ra=0x8001991C sp=0x801FFED0 a0=0x00000000
[CALL-CHAIN] #1071 f172 addr=0x80019844 ra=0x80010EA4 sp=0x801FFF00 a0=0x00000000
[CALL-CHAIN] #1072 f172 addr=0x8001A65C ra=0x8001991C sp=0x801FFED0 a0=0x00000000
[CALL-CHAIN] #1073 f172 addr=0x8001A65C ra=0x8001991C sp=0x801FFED0 a0=0x00000000
[CALL-CHAIN] #1074 f172 addr=0x8001A65C ra=0x8001991C sp=0x801FFED0 a0=0x00000000
[CALL-CHAIN] #1075 f172 addr=0x8001A65C ra=0x8001991C sp=0x801FFED0 a0=0x00000000
[CALL-CHAIN] #1076 f173 addr=0x80019844 ra=0x80010EA4 sp=0x801FFF00 a0=0x00000000
[CALL-CHAIN] #1077 f173 addr=0x8001A65C ra=0x8001991C sp=0x801FFED0 a0=0x00000000
[CALL-CHAIN] #1078 f173 addr=0x8001A65C ra=0x8001991C sp=0x801FFED0 a0=0x00000000
[CALL-CHAIN] #1079 f173 addr=0x8001A65C ra=0x8001991C sp=0x801FFED0 a0=0x00000000
[CALL-CHAIN] #1080 f173 addr=0x8001A65C ra=0x8001991C sp=0x801FFED0 a0=0x00000000
[CALL-CHAIN] #1081 f174 addr=0x80019844 ra=0x80010EA4 sp=0x801FFF00 a0=0x00000000
[CALL-CHAIN] #1082 f174 addr=0x8001A65C ra=0x8001991C sp=0x801FFED0 a0=0x00000000
[CALL-CHAIN] #1083 f174 addr=0x8001A65C ra=0x8001991C sp=0x801FFED0 a0=0x00000000
[CALL-CHAIN] #1084 f174 addr=0x8001A65C ra=0x8001991C sp=0x801FFED0 a0=0x00000000
[CALL-CHAIN] #1085 f174 addr=0x8001A65C ra=0x8001991C sp=0x801FFED0 a0=0x00000000
[CALL-CHAIN] #1086 f175 addr=0x80019844 ra=0x80010EA4 sp=0x801FFF00 a0=0x00000000
[CALL-CHAIN] #1087 f175 addr=0x8001A65C ra=0x8001991C sp=0x801FFED0 a0=0x00000000
[CALL-CHAIN] #1088 f175 addr=0x8001A65C ra=0x8001991C sp=0x801FFED0 a0=0x00000000
[CALL-CHAIN] #1089 f175 addr=0x8001A65C ra=0x8001991C sp=0x801FFED0 a0=0x00000000
[CALL-CHAIN] #1090 f175 addr=0x8001A65C ra=0x8001991C sp=0x801FFED0 a0=0x00000000
[CALL-CHAIN] #1091 f176 addr=0x80019844 ra=0x80010EA4 sp=0x801FFF00 a0=0x00000000
[CALL-CHAIN] #1092 f176 addr=0x8001A65C ra=0x8001991C sp=0x801FFED0 a0=0x00000000
[CALL-CHAIN] #1093 f176 addr=0x8001A65C ra=0x8001991C sp=0x801FFED0 a0=0x00000000
[CALL-CHAIN] #1094 f176 addr=0x8001A65C ra=0x8001991C sp=0x801FFED0 a0=0x00000000
[CALL-CHAIN] #1095 f176 addr=0x8001A65C ra=0x8001991C sp=0x801FFED0 a0=0x00000000
[CALL-CHAIN] #1096 f177 addr=0x80019844 ra=0x80010EA4 sp=0x801FFF00 a0=0x00000000
[CALL-CHAIN] #1097 f177 addr=0x8001A65C ra=0x8001991C sp=0x801FFED0 a0=0x00000000
[CALL-CHAIN] #1098 f177 addr=0x8001A65C ra=0x8001991C sp=0x801FFED0 a0=0x00000000
[CALL-CHAIN] #1099 f177 addr=0x8001A65C ra=0x8001991C sp=0x801FFED0 a0=0x00000000
[CALL-CHAIN] #1100 f177 addr=0x8001A65C ra=0x8001991C sp=0x801FFED0 a0=0x00000000
[CALL-CHAIN] #1101 f178 addr=0x80019844 ra=0x80010EA4 sp=0x801FFF00 a0=0x00000000
[CALL-CHAIN] #1102 f178 addr=0x8001A65C ra=0x8001991C sp=0x801FFED0 a0=0x00000000
[CALL-CHAIN] #1103 f178 addr=0x8001A65C ra=0x8001991C sp=0x801FFED0 a0=0x00000000
[CALL-CHAIN] #1104 f178 addr=0x8001A65C ra=0x8001991C sp=0x801FFED0 a0=0x00000000
[CALL-CHAIN] #1105 f178 addr=0x8001A65C ra=0x8001991C sp=0x801FFED0 a0=0x00000000
[CALL-CHAIN] #1106 f179 addr=0x80019844 ra=0x80010EA4 sp=0x801FFF00 a0=0x00000000
[CALL-CHAIN] #1107 f179 addr=0x8001A65C ra=0x8001991C sp=0x801FFED0 a0=0x00000000
[CALL-CHAIN] #1108 f179 addr=0x8001A65C ra=0x8001991C sp=0x801FFED0 a0=0x00000000
[CALL-CHAIN] #1109 f179 addr=0x8001A65C ra=0x8001991C sp=0x801FFED0 a0=0x00000000
[CALL-CHAIN] #1110 f179 addr=0x8001A65C ra=0x8001991C sp=0x801FFED0 a0=0x00000000
[frame 180]
[CALL-CHAIN] #1111 f180 addr=0x80019844 ra=0x80010EA4 sp=0x801FFF00 a0=0x00000000
[CALL-CHAIN] #1112 f180 addr=0x8001A65C ra=0x8001991C sp=0x801FFED0 a0=0x00000000
[CALL-CHAIN] #1113 f180 addr=0x8001A65C ra=0x8001991C sp=0x801FFED0 a0=0x00000000
[CALL-CHAIN] #1114 f180 addr=0x8001A65C ra=0x8001991C sp=0x801FFED0 a0=0x00000000
[CALL-CHAIN] #1115 f180 addr=0x8001A65C ra=0x8001991C sp=0x801FFED0 a0=0x00000000
[CALL-CHAIN] #1116 f181 addr=0x80019844 ra=0x80010EA4 sp=0x801FFF00 a0=0x00000000
[CALL-CHAIN] #1117 f181 addr=0x8001A65C ra=0x8001991C sp=0x801FFED0 a0=0x00000000
[CALL-CHAIN] #1118 f181 addr=0x8001A65C ra=0x8001991C sp=0x801FFED0 a0=0x00000000
[CALL-CHAIN] #1119 f181 addr=0x8001A65C ra=0x8001991C sp=0x801FFED0 a0=0x00000000
[CALL-CHAIN] #1120 f181 addr=0x8001A65C ra=0x8001991C sp=0x801FFED0 a0=0x00000000
[CALL-CHAIN] #1121 f182 addr=0x80019844 ra=0x80010EA4 sp=0x801FFF00 a0=0x00000000
[CALL-CHAIN] #1122 f182 addr=0x8001A65C ra=0x8001991C sp=0x801FFED0 a0=0x00000000
[CALL-CHAIN] #1123 f182 addr=0x8001A65C ra=0x8001991C sp=0x801FFED0 a0=0x00000000
[CALL-CHAIN] #1124 f182 addr=0x8001A65C ra=0x8001991C sp=0x801FFED0 a0=0x00000000
[CALL-CHAIN] #1125 f182 addr=0x8001A65C ra=0x8001991C sp=0x801FFED0 a0=0x00000000
[CALL-CHAIN] #1126 f183 addr=0x80019844 ra=0x80010EA4 sp=0x801FFF00 a0=0x00000000
[CALL-CHAIN] #1127 f183 addr=0x8001A65C ra=0x8001991C sp=0x801FFED0 a0=0x00000000
[CALL-CHAIN] #1128 f183 addr=0x8001A65C ra=0x8001991C sp=0x801FFED0 a0=0x00000000
[CALL-CHAIN] #1129 f183 addr=0x8001A65C ra=0x8001991C sp=0x801FFED0 a0=0x00000000
[CALL-CHAIN] #1130 f183 addr=0x8001A65C ra=0x8001991C sp=0x801FFED0 a0=0x00000000
[CALL-CHAIN] #1131 f184 addr=0x80019844 ra=0x80010EA4 sp=0x801FFF00 a0=0x00000000
[CALL-CHAIN] #1132 f184 addr=0x8001A65C ra=0x8001991C sp=0x801FFED0 a0=0x00000000
[CALL-CHAIN] #1133 f184 addr=0x8001A65C ra=0x8001991C sp=0x801FFED0 a0=0x00000000
[CALL-CHAIN] #1134 f184 addr=0x8001A65C ra=0x8001991C sp=0x801FFED0 a0=0x00000000
[CALL-CHAIN] #1135 f184 addr=0x8001A65C ra=0x8001991C sp=0x801FFED0 a0=0x00000000
[CALL-CHAIN] #1136 f185 addr=0x80019844 ra=0x80010EA4 sp=0x801FFF00 a0=0x00000000
[CALL-CHAIN] #1137 f185 addr=0x8001A65C ra=0x8001991C sp=0x801FFED0 a0=0x00000000
[CALL-CHAIN] #1138 f185 addr=0x8001A65C ra=0x8001991C sp=0x801FFED0 a0=0x00000000
[CALL-CHAIN] #1139 f185 addr=0x8001A65C ra=0x8001991C sp=0x801FFED0 a0=0x00000000
[CALL-CHAIN] #1140 f185 addr=0x8001A65C ra=0x8001991C sp=0x801FFED0 a0=0x00000000
[CALL-CHAIN] #1141 f186 addr=0x80019844 ra=0x80010EA4 sp=0x801FFF00 a0=0x00000000
[CALL-CHAIN] #1142 f186 addr=0x8001A65C ra=0x8001991C sp=0x801FFED0 a0=0x00000000
[CALL-CHAIN] #1143 f186 addr=0x8001A65C ra=0x8001991C sp=0x801FFED0 a0=0x00000000
[CALL-CHAIN] #1144 f186 addr=0x8001A65C ra=0x8001991C sp=0x801FFED0 a0=0x00000000
[CALL-CHAIN] #1145 f186 addr=0x8001A65C ra=0x8001991C sp=0x801FFED0 a0=0x00000000
[CALL-CHAIN] #1146 f187 addr=0x80019844 ra=0x80010EA4 sp=0x801FFF00 a0=0x00000000
[CALL-CHAIN] #1147 f187 addr=0x8001A65C ra=0x8001991C sp=0x801FFED0 a0=0x00000000
[CALL-CHAIN] #1148 f187 addr=0x8001A65C ra=0x8001991C sp=0x801FFED0 a0=0x00000000
[CALL-CHAIN] #1149 f187 addr=0x8001A65C ra=0x8001991C sp=0x801FFED0 a0=0x00000000
[CALL-CHAIN] #1150 f187 addr=0x8001A65C ra=0x8001991C sp=0x801FFED0 a0=0x00000000
[CALL-CHAIN] #1151 f188 addr=0x80019844 ra=0x80010EA4 sp=0x801FFF00 a0=0x00000000
[CALL-CHAIN] #1152 f188 addr=0x8001A65C ra=0x8001991C sp=0x801FFED0 a0=0x00000000
[CALL-CHAIN] #1153 f188 addr=0x8001A65C ra=0x8001991C sp=0x801FFED0 a0=0x00000000
[CALL-CHAIN] #1154 f188 addr=0x8001A65C ra=0x8001991C sp=0x801FFED0 a0=0x00000000
[CALL-CHAIN] #1155 f188 addr=0x8001A65C ra=0x8001991C sp=0x801FFED0 a0=0x00000000
[CALL-CHAIN] #1156 f189 addr=0x80019844 ra=0x80010EA4 sp=0x801FFF00 a0=0x00000000
[CALL-CHAIN] #1157 f189 addr=0x8001A65C ra=0x8001991C sp=0x801FFED0 a0=0x00000000
[CALL-CHAIN] #1158 f189 addr=0x8001A65C ra=0x8001991C sp=0x801FFED0 a0=0x00000000
[CALL-CHAIN] #1159 f189 addr=0x8001A65C ra=0x8001991C sp=0x801FFED0 a0=0x00000000
[CALL-CHAIN] #1160 f189 addr=0x8001A65C ra=0x8001991C sp=0x801FFED0 a0=0x00000000
[CALL-CHAIN] #1161 f190 addr=0x80019844 ra=0x80010EA4 sp=0x801FFF00 a0=0x00000000
[CALL-CHAIN] #1162 f190 addr=0x8001A65C ra=0x8001991C sp=0x801FFED0 a0=0x00000000
[CALL-CHAIN] #1163 f190 addr=0x8001A65C ra=0x8001991C sp=0x801FFED0 a0=0x00000000
[CALL-CHAIN] #1164 f190 addr=0x8001A65C ra=0x8001991C sp=0x801FFED0 a0=0x00000000
[CALL-CHAIN] #1165 f190 addr=0x8001A65C ra=0x8001991C sp=0x801FFED0 a0=0x00000000
[CALL-CHAIN] #1166 f191 addr=0x80019844 ra=0x80010EA4 sp=0x801FFF00 a0=0x00000000
[CALL-CHAIN] #1167 f191 addr=0x8001A65C ra=0x8001991C sp=0x801FFED0 a0=0x00000000
[CALL-CHAIN] #1168 f191 addr=0x8001A65C ra=0x8001991C sp=0x801FFED0 a0=0x00000000
[CALL-CHAIN] #1169 f191 addr=0x8001A65C ra=0x8001991C sp=0x801FFED0 a0=0x00000000
[CALL-CHAIN] #1170 f191 addr=0x8001A65C ra=0x8001991C sp=0x801FFED0 a0=0x00000000
[CALL-CHAIN] #1171 f192 addr=0x80019844 ra=0x80010EA4 sp=0x801FFF00 a0=0x00000000
[CALL-CHAIN] #1172 f192 addr=0x8001A65C ra=0x8001991C sp=0x801FFED0 a0=0x00000000
[CALL-CHAIN] #1173 f192 addr=0x8001A65C ra=0x8001991C sp=0x801FFED0 a0=0x00000000
[CALL-CHAIN] #1174 f192 addr=0x8001A65C ra=0x8001991C sp=0x801FFED0 a0=0x00000000
[CALL-CHAIN] #1175 f192 addr=0x8001A65C ra=0x8001991C sp=0x801FFED0 a0=0x00000000
[CALL-CHAIN] #1176 f193 addr=0x80019844 ra=0x80010EA4 sp=0x801FFF00 a0=0x00000000
[CALL-CHAIN] #1177 f193 addr=0x8001A65C ra=0x8001991C sp=0x801FFED0 a0=0x00000000
[CALL-CHAIN] #1178 f193 addr=0x8001A65C ra=0x8001991C sp=0x801FFED0 a0=0x00000000
[CALL-CHAIN] #1179 f193 addr=0x8001A65C ra=0x8001991C sp=0x801FFED0 a0=0x00000000
[CALL-CHAIN] #1180 f193 addr=0x8001A65C ra=0x8001991C sp=0x801FFED0 a0=0x00000000
[CALL-CHAIN] #1181 f194 addr=0x80019844 ra=0x80010EA4 sp=0x801FFF00 a0=0x00000000
[CALL-CHAIN] #1182 f194 addr=0x8001A65C ra=0x8001991C sp=0x801FFED0 a0=0x00000000
[CALL-CHAIN] #1183 f194 addr=0x8001A65C ra=0x8001991C sp=0x801FFED0 a0=0x00000000
[CALL-CHAIN] #1184 f194 addr=0x8001A65C ra=0x8001991C sp=0x801FFED0 a0=0x00000000
[CALL-CHAIN] #1185 f194 addr=0x8001A65C ra=0x8001991C sp=0x801FFED0 a0=0x00000000
[CALL-CHAIN] #1186 f195 addr=0x80019844 ra=0x80010EA4 sp=0x801FFF00 a0=0x00000000
[CALL-CHAIN] #1187 f195 addr=0x8001A65C ra=0x8001991C sp=0x801FFED0 a0=0x00000000
[CALL-CHAIN] #1188 f195 addr=0x8001A65C ra=0x8001991C sp=0x801FFED0 a0=0x00000000
[CALL-CHAIN] #1189 f195 addr=0x8001A65C ra=0x8001991C sp=0x801FFED0 a0=0x00000000
[CALL-CHAIN] #1190 f195 addr=0x8001A65C ra=0x8001991C sp=0x801FFED0 a0=0x00000000
[CALL-CHAIN] #1191 f196 addr=0x80019844 ra=0x80010EA4 sp=0x801FFF00 a0=0x00000000
[CALL-CHAIN] #1192 f196 addr=0x8001A65C ra=0x8001991C sp=0x801FFED0 a0=0x00000000
[CALL-CHAIN] #1193 f196 addr=0x8001A65C ra=0x8001991C sp=0x801FFED0 a0=0x00000000
[CALL-CHAIN] #1194 f196 addr=0x8001A65C ra=0x8001991C sp=0x801FFED0 a0=0x00000000
[CALL-CHAIN] #1195 f196 addr=0x8001A65C ra=0x8001991C sp=0x801FFED0 a0=0x00000000
[CALL-CHAIN] #1196 f197 addr=0x80019844 ra=0x80010EA4 sp=0x801FFF00 a0=0x00000000
[CALL-CHAIN] #1197 f197 addr=0x8001A65C ra=0x8001991C sp=0x801FFED0 a0=0x00000000
[CALL-CHAIN] #1198 f197 addr=0x8001A65C ra=0x8001991C sp=0x801FFED0 a0=0x00000000
[CALL-CHAIN] #1199 f197 addr=0x8001A65C ra=0x8001991C sp=0x801FFED0 a0=0x00000000
[CALL-CHAIN] #1200 f197 addr=0x8001A65C ra=0x8001991C sp=0x801FFED0 a0=0x00000000
[CALL-CHAIN] #1201 f198 addr=0x80019844 ra=0x80010EA4 sp=0x801FFF00 a0=0x00000000
[CALL-CHAIN] #1202 f198 addr=0x8001A65C ra=0x8001991C sp=0x801FFED0 a0=0x00000000
[CALL-CHAIN] #1203 f198 addr=0x8001A65C ra=0x8001991C sp=0x801FFED0 a0=0x00000000
[CALL-CHAIN] #1204 f198 addr=0x8001A65C ra=0x8001991C sp=0x801FFED0 a0=0x00000000
[CALL-CHAIN] #1205 f198 addr=0x8001A65C ra=0x8001991C sp=0x801FFED0 a0=0x00000000
[CALL-CHAIN] #1206 f199 addr=0x80019844 ra=0x80010EA4 sp=0x801FFF00 a0=0x00000000
[CALL-CHAIN] #1207 f199 addr=0x8001A65C ra=0x8001991C sp=0x801FFED0 a0=0x00000000
[CALL-CHAIN] #1208 f199 addr=0x8001A65C ra=0x8001991C sp=0x801FFED0 a0=0x00000000
[CALL-CHAIN] #1209 f199 addr=0x8001A65C ra=0x8001991C sp=0x801FFED0 a0=0x00000000
[CALL-CHAIN] #1210 f199 addr=0x8001A65C ra=0x8001991C sp=0x801FFED0 a0=0x00000000
[CALL-CHAIN] #1211 f200 addr=0x80019844 ra=0x80010EA4 sp=0x801FFF00 a0=0x00000000
[CALL-CHAIN] #1212 f200 addr=0x8001A65C ra=0x8001991C sp=0x801FFED0 a0=0x00000000
[CALL-CHAIN] #1213 f200 addr=0x8001A65C ra=0x8001991C sp=0x801FFED0 a0=0x00000000
[CALL-CHAIN] #1214 f200 addr=0x8001A65C ra=0x8001991C sp=0x801FFED0 a0=0x00000000
[CALL-CHAIN] #1215 f200 addr=0x8001A65C ra=0x8001991C sp=0x801FFED0 a0=0x00000000
[CALL-CHAIN] #1216 f201 addr=0x80019844 ra=0x80010EA4 sp=0x801FFF00 a0=0x00000000
[CALL-CHAIN] #1217 f201 addr=0x8001A65C ra=0x8001991C sp=0x801FFED0 a0=0x00000000
[CALL-CHAIN] #1218 f201 addr=0x8001A65C ra=0x8001991C sp=0x801FFED0 a0=0x00000000
[CALL-CHAIN] #1219 f201 addr=0x8001A65C ra=0x8001991C sp=0x801FFED0 a0=0x00000000
[CALL-CHAIN] #1220 f201 addr=0x8001A65C ra=0x8001991C sp=0x801FFED0 a0=0x00000000
[CALL-CHAIN] #1221 f202 addr=0x80019844 ra=0x80010EA4 sp=0x801FFF00 a0=0x00000000
[CALL-CHAIN] #1222 f202 addr=0x8001A65C ra=0x8001991C sp=0x801FFED0 a0=0x00000000
[CALL-CHAIN] #1223 f202 addr=0x8001A65C ra=0x8001991C sp=0x801FFED0 a0=0x00000000
[CALL-CHAIN] #1224 f202 addr=0x8001A65C ra=0x8001991C sp=0x801FFED0 a0=0x00000000
[CALL-CHAIN] #1225 f202 addr=0x8001A65C ra=0x8001991C sp=0x801FFED0 a0=0x00000000
[CALL-CHAIN] #1226 f203 addr=0x80019844 ra=0x80010EA4 sp=0x801FFF00 a0=0x00000000
[CALL-CHAIN] #1227 f203 addr=0x8001A65C ra=0x8001991C sp=0x801FFED0 a0=0x00000000
[CALL-CHAIN] #1228 f203 addr=0x8001A65C ra=0x8001991C sp=0x801FFED0 a0=0x00000000
[CALL-CHAIN] #1229 f203 addr=0x8001A65C ra=0x8001991C sp=0x801FFED0 a0=0x00000000
[CALL-CHAIN] #1230 f203 addr=0x8001A65C ra=0x8001991C sp=0x801FFED0 a0=0x00000000
[CALL-CHAIN] #1231 f204 addr=0x80019844 ra=0x80010EA4 sp=0x801FFF00 a0=0x00000000
[CALL-CHAIN] #1232 f204 addr=0x8001A65C ra=0x8001991C sp=0x801FFED0 a0=0x00000000
[CALL-CHAIN] #1233 f204 addr=0x8001A65C ra=0x8001991C sp=0x801FFED0 a0=0x00000000
[CALL-CHAIN] #1234 f204 addr=0x8001A65C ra=0x8001991C sp=0x801FFED0 a0=0x00000000
[CALL-CHAIN] #1235 f204 addr=0x8001A65C ra=0x8001991C sp=0x801FFED0 a0=0x00000000
[CALL-CHAIN] #1236 f205 addr=0x80019844 ra=0x80010EA4 sp=0x801FFF00 a0=0x00000000
[CALL-CHAIN] #1237 f205 addr=0x8001A65C ra=0x8001991C sp=0x801FFED0 a0=0x00000000
[CALL-CHAIN] #1238 f205 addr=0x8001A65C ra=0x8001991C sp=0x801FFED0 a0=0x00000000
[CALL-CHAIN] #1239 f205 addr=0x8001A65C ra=0x8001991C sp=0x801FFED0 a0=0x00000000
[CALL-CHAIN] #1240 f205 addr=0x8001A65C ra=0x8001991C sp=0x801FFED0 a0=0x00000000
[CALL-CHAIN] #1241 f206 addr=0x80019844 ra=0x80010EA4 sp=0x801FFF00 a0=0x00000000
[CALL-CHAIN] #1242 f206 addr=0x8001A65C ra=0x8001991C sp=0x801FFED0 a0=0x00000000
[CALL-CHAIN] #1243 f206 addr=0x8001A65C ra=0x8001991C sp=0x801FFED0 a0=0x00000000
[CALL-CHAIN] #1244 f206 addr=0x8001A65C ra=0x8001991C sp=0x801FFED0 a0=0x00000000
[CALL-CHAIN] #1245 f206 addr=0x8001A65C ra=0x8001991C sp=0x801FFED0 a0=0x00000000
[CALL-CHAIN] #1246 f207 addr=0x80019844 ra=0x80010EA4 sp=0x801FFF00 a0=0x00000000
[CALL-CHAIN] #1247 f207 addr=0x8001A65C ra=0x8001991C sp=0x801FFED0 a0=0x00000000
[CALL-CHAIN] #1248 f207 addr=0x8001A65C ra=0x8001991C sp=0x801FFED0 a0=0x00000000
[CALL-CHAIN] #1249 f207 addr=0x8001A65C ra=0x8001991C sp=0x801FFED0 a0=0x00000000
[CALL-CHAIN] #1250 f207 addr=0x8001A65C ra=0x8001991C sp=0x801FFED0 a0=0x00000000
[CALL-CHAIN] #1251 f208 addr=0x80019844 ra=0x80010EA4 sp=0x801FFF00 a0=0x00000000
[CALL-CHAIN] #1252 f208 addr=0x8001A65C ra=0x8001991C sp=0x801FFED0 a0=0x00000000
[CALL-CHAIN] #1253 f208 addr=0x8001A65C ra=0x8001991C sp=0x801FFED0 a0=0x00000000
[CALL-CHAIN] #1254 f208 addr=0x8001A65C ra=0x8001991C sp=0x801FFED0 a0=0x00000000
[CALL-CHAIN] #1255 f208 addr=0x8001A65C ra=0x8001991C sp=0x801FFED0 a0=0x00000000
[CALL-CHAIN] #1256 f209 addr=0x80019844 ra=0x80010EA4 sp=0x801FFF00 a0=0x00000000
[CALL-CHAIN] #1257 f209 addr=0x8001A65C ra=0x8001991C sp=0x801FFED0 a0=0x00000000
[CALL-CHAIN] #1258 f209 addr=0x8001A65C ra=0x8001991C sp=0x801FFED0 a0=0x00000000
[CALL-CHAIN] #1259 f209 addr=0x8001A65C ra=0x8001991C sp=0x801FFED0 a0=0x00000000
[CALL-CHAIN] #1260 f209 addr=0x8001A65C ra=0x8001991C sp=0x801FFED0 a0=0x00000000
[CALL-CHAIN] #1261 f210 addr=0x80019844 ra=0x80010EA4 sp=0x801FFF00 a0=0x00000000
[CALL-CHAIN] #1262 f210 addr=0x8001A65C ra=0x8001991C sp=0x801FFED0 a0=0x00000000
[CALL-CHAIN] #1263 f210 addr=0x8001A65C ra=0x8001991C sp=0x801FFED0 a0=0x00000000
[CALL-CHAIN] #1264 f210 addr=0x8001A65C ra=0x8001991C sp=0x801FFED0 a0=0x00000000
[CALL-CHAIN] #1265 f210 addr=0x8001A65C ra=0x8001991C sp=0x801FFED0 a0=0x00000000
[CALL-CHAIN] #1266 f211 addr=0x80019844 ra=0x80010EA4 sp=0x801FFF00 a0=0x00000000
[CALL-CHAIN] #1267 f211 addr=0x8001A65C ra=0x8001991C sp=0x801FFED0 a0=0x00000000
[CALL-CHAIN] #1268 f211 addr=0x8001A65C ra=0x8001991C sp=0x801FFED0 a0=0x00000000
[CALL-CHAIN] #1269 f211 addr=0x8001A65C ra=0x8001991C sp=0x801FFED0 a0=0x00000000
[CALL-CHAIN] #1270 f211 addr=0x8001A65C ra=0x8001991C sp=0x801FFED0 a0=0x00000000
[CALL-CHAIN] #1271 f212 addr=0x80019844 ra=0x80010EA4 sp=0x801FFF00 a0=0x00000000
[CALL-CHAIN] #1272 f212 addr=0x8001A65C ra=0x8001991C sp=0x801FFED0 a0=0x00000000
[CALL-CHAIN] #1273 f212 addr=0x8001A65C ra=0x8001991C sp=0x801FFED0 a0=0x00000000
[CALL-CHAIN] #1274 f212 addr=0x8001A65C ra=0x8001991C sp=0x801FFED0 a0=0x00000000
[CALL-CHAIN] #1275 f212 addr=0x8001A65C ra=0x8001991C sp=0x801FFED0 a0=0x00000000
[CALL-CHAIN] #1276 f213 addr=0x80019844 ra=0x80010EA4 sp=0x801FFF00 a0=0x00000000
[CALL-CHAIN] #1277 f213 addr=0x8001A65C ra=0x8001991C sp=0x801FFED0 a0=0x00000000
[CALL-CHAIN] #1278 f213 addr=0x8001A65C ra=0x8001991C sp=0x801FFED0 a0=0x00000000
[CALL-CHAIN] #1279 f213 addr=0x8001A65C ra=0x8001991C sp=0x801FFED0 a0=0x00000000
[CALL-CHAIN] #1280 f213 addr=0x8001A65C ra=0x8001991C sp=0x801FFED0 a0=0x00000000
[CALL-CHAIN] #1281 f214 addr=0x80019844 ra=0x80010EA4 sp=0x801FFF00 a0=0x00000000
[CALL-CHAIN] #1282 f214 addr=0x8001A65C ra=0x8001991C sp=0x801FFED0 a0=0x00000000
[CALL-CHAIN] #1283 f214 addr=0x8001A65C ra=0x8001991C sp=0x801FFED0 a0=0x00000000
[CALL-CHAIN] #1284 f214 addr=0x8001A65C ra=0x8001991C sp=0x801FFED0 a0=0x00000000
[CALL-CHAIN] #1285 f214 addr=0x8001A65C ra=0x8001991C sp=0x801FFED0 a0=0x00000000
[CALL-CHAIN] #1286 f215 addr=0x80019844 ra=0x80010EA4 sp=0x801FFF00 a0=0x00000000
[CALL-CHAIN] #1287 f215 addr=0x8001A65C ra=0x8001991C sp=0x801FFED0 a0=0x00000000
[CALL-CHAIN] #1288 f215 addr=0x8001A65C ra=0x8001991C sp=0x801FFED0 a0=0x00000000
[CALL-CHAIN] #1289 f215 addr=0x8001A65C ra=0x8001991C sp=0x801FFED0 a0=0x00000000
[CALL-CHAIN] #1290 f215 addr=0x8001A65C ra=0x8001991C sp=0x801FFED0 a0=0x00000000
[CALL-CHAIN] #1291 f216 addr=0x80019844 ra=0x80010EA4 sp=0x801FFF00 a0=0x00000000
[CALL-CHAIN] #1292 f216 addr=0x8001A65C ra=0x8001991C sp=0x801FFED0 a0=0x00000000
[CALL-CHAIN] #1293 f216 addr=0x8001A65C ra=0x8001991C sp=0x801FFED0 a0=0x00000000
[CALL-CHAIN] #1294 f216 addr=0x8001A65C ra=0x8001991C sp=0x801FFED0 a0=0x00000000
[CALL-CHAIN] #1295 f216 addr=0x8001A65C ra=0x8001991C sp=0x801FFED0 a0=0x00000000
[CALL-CHAIN] #1296 f217 addr=0x80019844 ra=0x80010EA4 sp=0x801FFF00 a0=0x00000000
[CALL-CHAIN] #1297 f217 addr=0x8001A65C ra=0x8001991C sp=0x801FFED0 a0=0x00000000
[CALL-CHAIN] #1298 f217 addr=0x8001A65C ra=0x8001991C sp=0x801FFED0 a0=0x00000000
[CALL-CHAIN] #1299 f217 addr=0x8001A65C ra=0x8001991C sp=0x801FFED0 a0=0x00000000
[CALL-CHAIN] #1300 f217 addr=0x8001A65C ra=0x8001991C sp=0x801FFED0 a0=0x00000000
[CALL-CHAIN] #1301 f218 addr=0x80019844 ra=0x80010EA4 sp=0x801FFF00 a0=0x00000000
[CALL-CHAIN] #1302 f218 addr=0x8001A65C ra=0x8001991C sp=0x801FFED0 a0=0x00000000
[CALL-CHAIN] #1303 f218 addr=0x8001A65C ra=0x8001991C sp=0x801FFED0 a0=0x00000000
[CALL-CHAIN] #1304 f218 addr=0x8001A65C ra=0x8001991C sp=0x801FFED0 a0=0x00000000
[CALL-CHAIN] #1305 f218 addr=0x8001A65C ra=0x8001991C sp=0x801FFED0 a0=0x00000000
[CALL-CHAIN] #1306 f219 addr=0x80019844 ra=0x80010EA4 sp=0x801FFF00 a0=0x00000000
[CALL-CHAIN] #1307 f219 addr=0x8001A65C ra=0x8001991C sp=0x801FFED0 a0=0x00000000
[CALL-CHAIN] #1308 f219 addr=0x8001A65C ra=0x8001991C sp=0x801FFED0 a0=0x00000000
[CALL-CHAIN] #1309 f219 addr=0x8001A65C ra=0x8001991C sp=0x801FFED0 a0=0x00000000
[CALL-CHAIN] #1310 f219 addr=0x8001A65C ra=0x8001991C sp=0x801FFED0 a0=0x00000000
[CALL-CHAIN] #1311 f220 addr=0x80019844 ra=0x80010EA4 sp=0x801FFF00 a0=0x00000000
[CALL-CHAIN] #1312 f220 addr=0x8001A65C ra=0x8001991C sp=0x801FFED0 a0=0x00000000
[CALL-CHAIN] #1313 f220 addr=0x8001A65C ra=0x8001991C sp=0x801FFED0 a0=0x00000000
[CALL-CHAIN] #1314 f220 addr=0x8001A65C ra=0x8001991C sp=0x801FFED0 a0=0x00000000
[CALL-CHAIN] #1315 f220 addr=0x8001A65C ra=0x8001991C sp=0x801FFED0 a0=0x00000000
[CALL-CHAIN] #1316 f221 addr=0x80019844 ra=0x80010EA4 sp=0x801FFF00 a0=0x00000000
[CALL-CHAIN] #1317 f221 addr=0x8001A65C ra=0x8001991C sp=0x801FFED0 a0=0x00000000
[CALL-CHAIN] #1318 f221 addr=0x8001A65C ra=0x8001991C sp=0x801FFED0 a0=0x00000000
[CALL-CHAIN] #1319 f221 addr=0x8001A65C ra=0x8001991C sp=0x801FFED0 a0=0x00000000
[CALL-CHAIN] #1320 f221 addr=0x8001A65C ra=0x8001991C sp=0x801FFED0 a0=0x00000000
[CALL-CHAIN] #1321 f222 addr=0x80019844 ra=0x80010EA4 sp=0x801FFF00 a0=0x00000000
[CALL-CHAIN] #1322 f222 addr=0x8001A65C ra=0x8001991C sp=0x801FFED0 a0=0x00000000
[CALL-CHAIN] #1323 f222 addr=0x8001A65C ra=0x8001991C sp=0x801FFED0 a0=0x00000000
[CALL-CHAIN] #1324 f222 addr=0x8001A65C ra=0x8001991C sp=0x801FFED0 a0=0x00000000
[CALL-CHAIN] #1325 f222 addr=0x8001A65C ra=0x8001991C sp=0x801FFED0 a0=0x00000000
[CALL-CHAIN] #1326 f223 addr=0x80019844 ra=0x80010EA4 sp=0x801FFF00 a0=0x00000000
[CALL-CHAIN] #1327 f223 addr=0x8001A65C ra=0x8001991C sp=0x801FFED0 a0=0x00000000
[CALL-CHAIN] #1328 f223 addr=0x8001A65C ra=0x8001991C sp=0x801FFED0 a0=0x00000000
[CALL-CHAIN] #1329 f223 addr=0x8001A65C ra=0x8001991C sp=0x801FFED0 a0=0x00000000
[CALL-CHAIN] #1330 f223 addr=0x8001A65C ra=0x8001991C sp=0x801FFED0 a0=0x00000000
[CALL-CHAIN] #1331 f224 addr=0x80019844 ra=0x80010EA4 sp=0x801FFF00 a0=0x00000000
[CALL-CHAIN] #1332 f224 addr=0x8001A65C ra=0x8001991C sp=0x801FFED0 a0=0x00000000
[CALL-CHAIN] #1333 f224 addr=0x8001A65C ra=0x8001991C sp=0x801FFED0 a0=0x00000000
[CALL-CHAIN] #1334 f224 addr=0x8001A65C ra=0x8001991C sp=0x801FFED0 a0=0x00000000
[CALL-CHAIN] #1335 f224 addr=0x8001A65C ra=0x8001991C sp=0x801FFED0 a0=0x00000000
[CALL-CHAIN] #1336 f225 addr=0x80019844 ra=0x80010EA4 sp=0x801FFF00 a0=0x00000000
[CALL-CHAIN] #1337 f225 addr=0x8001A65C ra=0x8001991C sp=0x801FFED0 a0=0x00000000
[CALL-CHAIN] #1338 f225 addr=0x8001A65C ra=0x8001991C sp=0x801FFED0 a0=0x00000000
[CALL-CHAIN] #1339 f225 addr=0x8001A65C ra=0x8001991C sp=0x801FFED0 a0=0x00000000
[CALL-CHAIN] #1340 f225 addr=0x8001A65C ra=0x8001991C sp=0x801FFED0 a0=0x00000000
[CALL-CHAIN] #1341 f226 addr=0x80019844 ra=0x80010EA4 sp=0x801FFF00 a0=0x00000000
[CALL-CHAIN] #1342 f226 addr=0x8001A65C ra=0x8001991C sp=0x801FFED0 a0=0x00000000
[CALL-CHAIN] #1343 f226 addr=0x8001A65C ra=0x8001991C sp=0x801FFED0 a0=0x00000000
[CALL-CHAIN] #1344 f226 addr=0x8001A65C ra=0x8001991C sp=0x801FFED0 a0=0x00000000
[CALL-CHAIN] #1345 f226 addr=0x8001A65C ra=0x8001991C sp=0x801FFED0 a0=0x00000000
[CALL-CHAIN] #1346 f227 addr=0x80019844 ra=0x80010EA4 sp=0x801FFF00 a0=0x00000000
[CALL-CHAIN] #1347 f227 addr=0x8001A65C ra=0x8001991C sp=0x801FFED0 a0=0x00000000
[CALL-CHAIN] #1348 f227 addr=0x8001A65C ra=0x8001991C sp=0x801FFED0 a0=0x00000000
[CALL-CHAIN] #1349 f227 addr=0x8001A65C ra=0x8001991C sp=0x801FFED0 a0=0x00000000
[CALL-CHAIN] #1350 f227 addr=0x8001A65C ra=0x8001991C sp=0x801FFED0 a0=0x00000000
[CALL-CHAIN] #1351 f228 addr=0x80019844 ra=0x80010EA4 sp=0x801FFF00 a0=0x00000000
[CALL-CHAIN] #1352 f228 addr=0x8001A65C ra=0x8001991C sp=0x801FFED0 a0=0x00000000
[CALL-CHAIN] #1353 f228 addr=0x8001A65C ra=0x8001991C sp=0x801FFED0 a0=0x00000000
[CALL-CHAIN] #1354 f228 addr=0x8001A65C ra=0x8001991C sp=0x801FFED0 a0=0x00000000
[CALL-CHAIN] #1355 f228 addr=0x8001A65C ra=0x8001991C sp=0x801FFED0 a0=0x00000000
[CALL-CHAIN] #1356 f229 addr=0x80019844 ra=0x80010EA4 sp=0x801FFF00 a0=0x00000000
[CALL-CHAIN] #1357 f229 addr=0x8001A65C ra=0x8001991C sp=0x801FFED0 a0=0x00000000
[CALL-CHAIN] #1358 f229 addr=0x8001A65C ra=0x8001991C sp=0x801FFED0 a0=0x00000000
[CALL-CHAIN] #1359 f229 addr=0x8001A65C ra=0x8001991C sp=0x801FFED0 a0=0x00000000
[CALL-CHAIN] #1360 f229 addr=0x8001A65C ra=0x8001991C sp=0x801FFED0 a0=0x00000000
[CALL-CHAIN] #1361 f230 addr=0x80019844 ra=0x80010EA4 sp=0x801FFF00 a0=0x00000000
[CALL-CHAIN] #1362 f230 addr=0x8001A65C ra=0x8001991C sp=0x801FFED0 a0=0x00000000
[CALL-CHAIN] #1363 f230 addr=0x8001A65C ra=0x8001991C sp=0x801FFED0 a0=0x00000000
[CALL-CHAIN] #1364 f230 addr=0x8001A65C ra=0x8001991C sp=0x801FFED0 a0=0x00000000
[CALL-CHAIN] #1365 f230 addr=0x8001A65C ra=0x8001991C sp=0x801FFED0 a0=0x00000000
[CALL-CHAIN] #1366 f231 addr=0x80019844 ra=0x80010EA4 sp=0x801FFF00 a0=0x00000000
[CALL-CHAIN] #1367 f231 addr=0x8001A65C ra=0x8001991C sp=0x801FFED0 a0=0x00000000
[CALL-CHAIN] #1368 f231 addr=0x8001A65C ra=0x8001991C sp=0x801FFED0 a0=0x00000000
[CALL-CHAIN] #1369 f231 addr=0x8001A65C ra=0x8001991C sp=0x801FFED0 a0=0x00000000
[CALL-CHAIN] #1370 f231 addr=0x8001A65C ra=0x8001991C sp=0x801FFED0 a0=0x00000000
[CALL-CHAIN] #1371 f232 addr=0x80019844 ra=0x80010EA4 sp=0x801FFF00 a0=0x00000000
[CALL-CHAIN] #1372 f232 addr=0x8001A65C ra=0x8001991C sp=0x801FFED0 a0=0x00000000
[CALL-CHAIN] #1373 f232 addr=0x8001A65C ra=0x8001991C sp=0x801FFED0 a0=0x00000000
[CALL-CHAIN] #1374 f232 addr=0x8001A65C ra=0x8001991C sp=0x801FFED0 a0=0x00000000
[CALL-CHAIN] #1375 f232 addr=0x8001A65C ra=0x8001991C sp=0x801FFED0 a0=0x00000000
[CALL-CHAIN] #1376 f233 addr=0x80019844 ra=0x80010EA4 sp=0x801FFF00 a0=0x00000000
[CALL-CHAIN] #1377 f233 addr=0x8001A65C ra=0x8001991C sp=0x801FFED0 a0=0x00000000
[CALL-CHAIN] #1378 f233 addr=0x8001A65C ra=0x8001991C sp=0x801FFED0 a0=0x00000000
[CALL-CHAIN] #1379 f233 addr=0x8001A65C ra=0x8001991C sp=0x801FFED0 a0=0x00000000
[CALL-CHAIN] #1380 f233 addr=0x8001A65C ra=0x8001991C sp=0x801FFED0 a0=0x00000000
[CALL-CHAIN] #1381 f234 addr=0x80019844 ra=0x80010EA4 sp=0x801FFF00 a0=0x00000000
[CALL-CHAIN] #1382 f234 addr=0x8001A65C ra=0x8001991C sp=0x801FFED0 a0=0x00000000
[CALL-CHAIN] #1383 f234 addr=0x8001A65C ra=0x8001991C sp=0x801FFED0 a0=0x00000000
[CALL-CHAIN] #1384 f234 addr=0x8001A65C ra=0x8001991C sp=0x801FFED0 a0=0x00000000
[CALL-CHAIN] #1385 f234 addr=0x8001A65C ra=0x8001991C sp=0x801FFED0 a0=0x00000000
[CALL-CHAIN] #1386 f235 addr=0x80019844 ra=0x80010EA4 sp=0x801FFF00 a0=0x00000000
[CALL-CHAIN] #1387 f235 addr=0x8001A65C ra=0x8001991C sp=0x801FFED0 a0=0x00000000
[CALL-CHAIN] #1388 f235 addr=0x8001A65C ra=0x8001991C sp=0x801FFED0 a0=0x00000000
[CALL-CHAIN] #1389 f235 addr=0x8001A65C ra=0x8001991C sp=0x801FFED0 a0=0x00000000
[CALL-CHAIN] #1390 f235 addr=0x8001A65C ra=0x8001991C sp=0x801FFED0 a0=0x00000000
[CALL-CHAIN] #1391 f236 addr=0x80019844 ra=0x80010EA4 sp=0x801FFF00 a0=0x00000000
[CALL-CHAIN] #1392 f236 addr=0x8001A65C ra=0x8001991C sp=0x801FFED0 a0=0x00000000
[CALL-CHAIN] #1393 f236 addr=0x8001A65C ra=0x8001991C sp=0x801FFED0 a0=0x00000000
[CALL-CHAIN] #1394 f236 addr=0x8001A65C ra=0x8001991C sp=0x801FFED0 a0=0x00000000
[CALL-CHAIN] #1395 f236 addr=0x8001A65C ra=0x8001991C sp=0x801FFED0 a0=0x00000000
[CALL-CHAIN] #1396 f237 addr=0x80019844 ra=0x80010EA4 sp=0x801FFF00 a0=0x00000000
[CALL-CHAIN] #1397 f237 addr=0x8001A65C ra=0x8001991C sp=0x801FFED0 a0=0x00000000
[CALL-CHAIN] #1398 f237 addr=0x8001A65C ra=0x8001991C sp=0x801FFED0 a0=0x00000000
[CALL-CHAIN] #1399 f237 addr=0x8001A65C ra=0x8001991C sp=0x801FFED0 a0=0x00000000
[CALL-CHAIN] #1400 f237 addr=0x8001A65C ra=0x8001991C sp=0x801FFED0 a0=0x00000000
[CALL-CHAIN] #1401 f238 addr=0x80019844 ra=0x80010EA4 sp=0x801FFF00 a0=0x00000000
[CALL-CHAIN] #1402 f238 addr=0x8001A65C ra=0x8001991C sp=0x801FFED0 a0=0x00000000
[CALL-CHAIN] #1403 f238 addr=0x8001A65C ra=0x8001991C sp=0x801FFED0 a0=0x00000000
[CALL-CHAIN] #1404 f238 addr=0x8001A65C ra=0x8001991C sp=0x801FFED0 a0=0x00000000
[CALL-CHAIN] #1405 f238 addr=0x8001A65C ra=0x8001991C sp=0x801FFED0 a0=0x00000000
[CALL-CHAIN] #1406 f239 addr=0x80019844 ra=0x80010EA4 sp=0x801FFF00 a0=0x00000000
[CALL-CHAIN] #1407 f239 addr=0x8001A65C ra=0x8001991C sp=0x801FFED0 a0=0x00000000
[CALL-CHAIN] #1408 f239 addr=0x8001A65C ra=0x8001991C sp=0x801FFED0 a0=0x00000000
[CALL-CHAIN] #1409 f239 addr=0x8001A65C ra=0x8001991C sp=0x801FFED0 a0=0x00000000
[CALL-CHAIN] #1410 f239 addr=0x8001A65C ra=0x8001991C sp=0x801FFED0 a0=0x00000000
[frame 240]
[CALL-CHAIN] #1411 f240 addr=0x80019844 ra=0x80010EA4 sp=0x801FFF00 a0=0x00000000
[CALL-CHAIN] #1412 f240 addr=0x8001A65C ra=0x8001991C sp=0x801FFED0 a0=0x00000000
[CALL-CHAIN] #1413 f240 addr=0x8001A65C ra=0x8001991C sp=0x801FFED0 a0=0x00000000
[CALL-CHAIN] #1414 f240 addr=0x8001A65C ra=0x8001991C sp=0x801FFED0 a0=0x00000000
[CALL-CHAIN] #1415 f240 addr=0x8001A65C ra=0x8001991C sp=0x801FFED0 a0=0x00000000
[CALL-CHAIN] #1416 f241 addr=0x80019844 ra=0x80010EA4 sp=0x801FFF00 a0=0x00000000
[CALL-CHAIN] #1417 f241 addr=0x8001A65C ra=0x8001991C sp=0x801FFED0 a0=0x00000000
[CALL-CHAIN] #1418 f241 addr=0x8001A65C ra=0x8001991C sp=0x801FFED0 a0=0x00000000
[CALL-CHAIN] #1419 f241 addr=0x8001A65C ra=0x8001991C sp=0x801FFED0 a0=0x00000000
[CALL-CHAIN] #1420 f241 addr=0x8001A65C ra=0x8001991C sp=0x801FFED0 a0=0x00000000
[CALL-CHAIN] #1421 f242 addr=0x80019844 ra=0x80010EA4 sp=0x801FFF00 a0=0x00000000
[CALL-CHAIN] #1422 f242 addr=0x8001A65C ra=0x8001991C sp=0x801FFED0 a0=0x00000000
[CALL-CHAIN] #1423 f242 addr=0x8001A65C ra=0x8001991C sp=0x801FFED0 a0=0x00000000
[CALL-CHAIN] #1424 f242 addr=0x8001A65C ra=0x8001991C sp=0x801FFED0 a0=0x00000000
[CALL-CHAIN] #1425 f242 addr=0x8001A65C ra=0x8001991C sp=0x801FFED0 a0=0x00000000
[CALL-CHAIN] #1426 f243 addr=0x80019844 ra=0x80010EA4 sp=0x801FFF00 a0=0x00000000
[CALL-CHAIN] #1427 f243 addr=0x8001A65C ra=0x8001991C sp=0x801FFED0 a0=0x00000000
[CALL-CHAIN] #1428 f243 addr=0x8001A65C ra=0x8001991C sp=0x801FFED0 a0=0x00000000
[CALL-CHAIN] #1429 f243 addr=0x8001A65C ra=0x8001991C sp=0x801FFED0 a0=0x00000000
[CALL-CHAIN] #1430 f243 addr=0x8001A65C ra=0x8001991C sp=0x801FFED0 a0=0x00000000
[CALL-CHAIN] #1431 f244 addr=0x80019844 ra=0x80010EA4 sp=0x801FFF00 a0=0x00000000
[CALL-CHAIN] #1432 f244 addr=0x8001A65C ra=0x8001991C sp=0x801FFED0 a0=0x00000000
[CALL-CHAIN] #1433 f244 addr=0x8001A65C ra=0x8001991C sp=0x801FFED0 a0=0x00000000
[CALL-CHAIN] #1434 f244 addr=0x8001A65C ra=0x8001991C sp=0x801FFED0 a0=0x00000000
[CALL-CHAIN] #1435 f244 addr=0x8001A65C ra=0x8001991C sp=0x801FFED0 a0=0x00000000
[CALL-CHAIN] #1436 f245 addr=0x80019844 ra=0x80010EA4 sp=0x801FFF00 a0=0x00000000
[CALL-CHAIN] #1437 f245 addr=0x8001A65C ra=0x8001991C sp=0x801FFED0 a0=0x00000000
[CALL-CHAIN] #1438 f245 addr=0x8001A65C ra=0x8001991C sp=0x801FFED0 a0=0x00000000
[CALL-CHAIN] #1439 f245 addr=0x8001A65C ra=0x8001991C sp=0x801FFED0 a0=0x00000000
[CALL-CHAIN] #1440 f245 addr=0x8001A65C ra=0x8001991C sp=0x801FFED0 a0=0x00000000
[CALL-CHAIN] #1441 f246 addr=0x80019844 ra=0x80010EA4 sp=0x801FFF00 a0=0x00000000
[CALL-CHAIN] #1442 f246 addr=0x8001A65C ra=0x8001991C sp=0x801FFED0 a0=0x00000000
[CALL-CHAIN] #1443 f246 addr=0x8001A65C ra=0x8001991C sp=0x801FFED0 a0=0x00000000
[CALL-CHAIN] #1444 f246 addr=0x8001A65C ra=0x8001991C sp=0x801FFED0 a0=0x00000000
[CALL-CHAIN] #1445 f246 addr=0x8001A65C ra=0x8001991C sp=0x801FFED0 a0=0x00000000
[CALL-CHAIN] #1446 f247 addr=0x80019844 ra=0x80010EA4 sp=0x801FFF00 a0=0x00000000
[CALL-CHAIN] #1447 f247 addr=0x8001A65C ra=0x8001991C sp=0x801FFED0 a0=0x00000000
[CALL-CHAIN] #1448 f247 addr=0x8001A65C ra=0x8001991C sp=0x801FFED0 a0=0x00000000
[CALL-CHAIN] #1449 f247 addr=0x8001A65C ra=0x8001991C sp=0x801FFED0 a0=0x00000000
[CALL-CHAIN] #1450 f247 addr=0x8001A65C ra=0x8001991C sp=0x801FFED0 a0=0x00000000
[CALL-CHAIN] #1451 f248 addr=0x80019844 ra=0x80010EA4 sp=0x801FFF00 a0=0x00000000
[CALL-CHAIN] #1452 f248 addr=0x8001A65C ra=0x8001991C sp=0x801FFED0 a0=0x00000000
[CALL-CHAIN] #1453 f248 addr=0x8001A65C ra=0x8001991C sp=0x801FFED0 a0=0x00000000
[CALL-CHAIN] #1454 f248 addr=0x8001A65C ra=0x8001991C sp=0x801FFED0 a0=0x00000000
[CALL-CHAIN] #1455 f248 addr=0x8001A65C ra=0x8001991C sp=0x801FFED0 a0=0x00000000
[CALL-CHAIN] #1456 f249 addr=0x80019844 ra=0x80010EA4 sp=0x801FFF00 a0=0x00000000
[CALL-CHAIN] #1457 f249 addr=0x8001A65C ra=0x8001991C sp=0x801FFED0 a0=0x00000000
[CALL-CHAIN] #1458 f249 addr=0x8001A65C ra=0x8001991C sp=0x801FFED0 a0=0x00000000
[CALL-CHAIN] #1459 f249 addr=0x8001A65C ra=0x8001991C sp=0x801FFED0 a0=0x00000000
[CALL-CHAIN] #1460 f249 addr=0x8001A65C ra=0x8001991C sp=0x801FFED0 a0=0x00000000
[CALL-CHAIN] #1461 f250 addr=0x80019844 ra=0x80010EA4 sp=0x801FFF00 a0=0x00000000
[CALL-CHAIN] #1462 f250 addr=0x8001A65C ra=0x8001991C sp=0x801FFED0 a0=0x00000000
[CALL-CHAIN] #1463 f250 addr=0x8001A65C ra=0x8001991C sp=0x801FFED0 a0=0x00000000
[CALL-CHAIN] #1464 f250 addr=0x8001A65C ra=0x8001991C sp=0x801FFED0 a0=0x00000000
[CALL-CHAIN] #1465 f250 addr=0x8001A65C ra=0x8001991C sp=0x801FFED0 a0=0x00000000
[CALL-CHAIN] #1466 f251 addr=0x80019844 ra=0x80010EA4 sp=0x801FFF00 a0=0x00000000
[CALL-CHAIN] #1467 f251 addr=0x8001A65C ra=0x8001991C sp=0x801FFED0 a0=0x00000000
[CALL-CHAIN] #1468 f251 addr=0x8001A65C ra=0x8001991C sp=0x801FFED0 a0=0x00000000
[CALL-CHAIN] #1469 f251 addr=0x8001A65C ra=0x8001991C sp=0x801FFED0 a0=0x00000000
[CALL-CHAIN] #1470 f251 addr=0x8001A65C ra=0x8001991C sp=0x801FFED0 a0=0x00000000
[CALL-CHAIN] #1471 f252 addr=0x80019844 ra=0x80010EA4 sp=0x801FFF00 a0=0x00000000
[CALL-CHAIN] #1472 f252 addr=0x8001A65C ra=0x8001991C sp=0x801FFED0 a0=0x00000000
[CALL-CHAIN] #1473 f252 addr=0x8001A65C ra=0x8001991C sp=0x801FFED0 a0=0x00000000
[CALL-CHAIN] #1474 f252 addr=0x8001A65C ra=0x8001991C sp=0x801FFED0 a0=0x00000000
[CALL-CHAIN] #1475 f252 addr=0x8001A65C ra=0x8001991C sp=0x801FFED0 a0=0x00000000
[CALL-CHAIN] #1476 f253 addr=0x80019844 ra=0x80010EA4 sp=0x801FFF00 a0=0x00000000
[CALL-CHAIN] #1477 f253 addr=0x8001A65C ra=0x8001991C sp=0x801FFED0 a0=0x00000000
[CALL-CHAIN] #1478 f253 addr=0x8001A65C ra=0x8001991C sp=0x801FFED0 a0=0x00000000
[CALL-CHAIN] #1479 f253 addr=0x8001A65C ra=0x8001991C sp=0x801FFED0 a0=0x00000000
[CALL-CHAIN] #1480 f253 addr=0x8001A65C ra=0x8001991C sp=0x801FFED0 a0=0x00000000
[CALL-CHAIN] #1481 f254 addr=0x80019844 ra=0x80010EA4 sp=0x801FFF00 a0=0x00000000
[CALL-CHAIN] #1482 f254 addr=0x8001A65C ra=0x8001991C sp=0x801FFED0 a0=0x00000000
[CALL-CHAIN] #1483 f254 addr=0x8001A65C ra=0x8001991C sp=0x801FFED0 a0=0x00000000
[CALL-CHAIN] #1484 f254 addr=0x8001A65C ra=0x8001991C sp=0x801FFED0 a0=0x00000000
[CALL-CHAIN] #1485 f254 addr=0x8001A65C ra=0x8001991C sp=0x801FFED0 a0=0x00000000
[CALL-CHAIN] #1486 f255 addr=0x80019844 ra=0x80010EA4 sp=0x801FFF00 a0=0x00000000
[CALL-CHAIN] #1487 f255 addr=0x8001A65C ra=0x8001991C sp=0x801FFED0 a0=0x00000000
[CALL-CHAIN] #1488 f255 addr=0x8001A65C ra=0x8001991C sp=0x801FFED0 a0=0x00000000
[CALL-CHAIN] #1489 f255 addr=0x8001A65C ra=0x8001991C sp=0x801FFED0 a0=0x00000000
[CALL-CHAIN] #1490 f255 addr=0x8001A65C ra=0x8001991C sp=0x801FFED0 a0=0x00000000
[CALL-CHAIN] #1491 f256 addr=0x80019844 ra=0x80010EA4 sp=0x801FFF00 a0=0x00000000
[CALL-CHAIN] #1492 f256 addr=0x8001A65C ra=0x8001991C sp=0x801FFED0 a0=0x00000000
[CALL-CHAIN] #1493 f256 addr=0x8001A65C ra=0x8001991C sp=0x801FFED0 a0=0x00000000
[CALL-CHAIN] #1494 f256 addr=0x8001A65C ra=0x8001991C sp=0x801FFED0 a0=0x00000000
[CALL-CHAIN] #1495 f256 addr=0x8001A65C ra=0x8001991C sp=0x801FFED0 a0=0x00000000
[CALL-CHAIN] #1496 f257 addr=0x80019844 ra=0x80010EA4 sp=0x801FFF00 a0=0x00000000
[CALL-CHAIN] #1497 f257 addr=0x8001A65C ra=0x8001991C sp=0x801FFED0 a0=0x00000000
[CALL-CHAIN] #1498 f257 addr=0x8001A65C ra=0x8001991C sp=0x801FFED0 a0=0x00000000
[CALL-CHAIN] #1499 f257 addr=0x8001A65C ra=0x8001991C sp=0x801FFED0 a0=0x00000000
[CALL-CHAIN] #1500 f257 addr=0x8001A65C ra=0x8001991C sp=0x801FFED0 a0=0x00000000
[CALL-CHAIN] #1501 f258 addr=0x80019844 ra=0x80010EA4 sp=0x801FFF00 a0=0x00000000
[CALL-CHAIN] #1502 f258 addr=0x8001A65C ra=0x8001991C sp=0x801FFED0 a0=0x00000000
[CALL-CHAIN] #1503 f258 addr=0x8001A65C ra=0x8001991C sp=0x801FFED0 a0=0x00000000
[CALL-CHAIN] #1504 f258 addr=0x8001A65C ra=0x8001991C sp=0x801FFED0 a0=0x00000000
[CALL-CHAIN] #1505 f258 addr=0x8001A65C ra=0x8001991C sp=0x801FFED0 a0=0x00000000
[CALL-CHAIN] #1506 f259 addr=0x80019844 ra=0x80010EA4 sp=0x801FFF00 a0=0x00000000
[CALL-CHAIN] #1507 f259 addr=0x8001A65C ra=0x8001991C sp=0x801FFED0 a0=0x00000000
[CALL-CHAIN] #1508 f259 addr=0x8001A65C ra=0x8001991C sp=0x801FFED0 a0=0x00000000
[CALL-CHAIN] #1509 f259 addr=0x8001A65C ra=0x8001991C sp=0x801FFED0 a0=0x00000000
[CALL-CHAIN] #1510 f259 addr=0x8001A65C ra=0x8001991C sp=0x801FFED0 a0=0x00000000
[CALL-CHAIN] #1511 f260 addr=0x80019844 ra=0x80010EA4 sp=0x801FFF00 a0=0x00000000
[CALL-CHAIN] #1512 f260 addr=0x8001A65C ra=0x8001991C sp=0x801FFED0 a0=0x00000000
[CALL-CHAIN] #1513 f260 addr=0x8001A65C ra=0x8001991C sp=0x801FFED0 a0=0x00000000
[CALL-CHAIN] #1514 f260 addr=0x8001A65C ra=0x8001991C sp=0x801FFED0 a0=0x00000000
[CALL-CHAIN] #1515 f260 addr=0x8001A65C ra=0x8001991C sp=0x801FFED0 a0=0x00000000
[CALL-CHAIN] #1516 f261 addr=0x80019844 ra=0x80010EA4 sp=0x801FFF00 a0=0x00000000
[CALL-CHAIN] #1517 f261 addr=0x8001A65C ra=0x8001991C sp=0x801FFED0 a0=0x00000000
[CALL-CHAIN] #1518 f261 addr=0x8001A65C ra=0x8001991C sp=0x801FFED0 a0=0x00000000
[CALL-CHAIN] #1519 f261 addr=0x8001A65C ra=0x8001991C sp=0x801FFED0 a0=0x00000000
[CALL-CHAIN] #1520 f261 addr=0x8001A65C ra=0x8001991C sp=0x801FFED0 a0=0x00000000
[CALL-CHAIN] #1521 f262 addr=0x80019844 ra=0x80010EA4 sp=0x801FFF00 a0=0x00000000
[CALL-CHAIN] #1522 f262 addr=0x8001A65C ra=0x8001991C sp=0x801FFED0 a0=0x00000000
[CALL-CHAIN] #1523 f262 addr=0x8001A65C ra=0x8001991C sp=0x801FFED0 a0=0x00000000
[CALL-CHAIN] #1524 f262 addr=0x8001A65C ra=0x8001991C sp=0x801FFED0 a0=0x00000000
[CALL-CHAIN] #1525 f262 addr=0x8001A65C ra=0x8001991C sp=0x801FFED0 a0=0x00000000
[CALL-CHAIN] #1526 f263 addr=0x80019844 ra=0x80010EA4 sp=0x801FFF00 a0=0x00000000
[CALL-CHAIN] #1527 f263 addr=0x8001A65C ra=0x8001991C sp=0x801FFED0 a0=0x00000000
[CALL-CHAIN] #1528 f263 addr=0x8001A65C ra=0x8001991C sp=0x801FFED0 a0=0x00000000
[CALL-CHAIN] #1529 f263 addr=0x8001A65C ra=0x8001991C sp=0x801FFED0 a0=0x00000000
[CALL-CHAIN] #1530 f263 addr=0x8001A65C ra=0x8001991C sp=0x801FFED0 a0=0x00000000
[CALL-CHAIN] #1531 f264 addr=0x80019844 ra=0x80010EA4 sp=0x801FFF00 a0=0x00000000
[CALL-CHAIN] #1532 f264 addr=0x8001A65C ra=0x8001991C sp=0x801FFED0 a0=0x00000000
[CALL-CHAIN] #1533 f264 addr=0x8001A65C ra=0x8001991C sp=0x801FFED0 a0=0x00000000
[CALL-CHAIN] #1534 f264 addr=0x8001A65C ra=0x8001991C sp=0x801FFED0 a0=0x00000000
[CALL-CHAIN] #1535 f264 addr=0x8001A65C ra=0x8001991C sp=0x801FFED0 a0=0x00000000
[CALL-CHAIN] #1536 f265 addr=0x80019844 ra=0x80010EA4 sp=0x801FFF00 a0=0x00000000
[CALL-CHAIN] #1537 f265 addr=0x8001A65C ra=0x8001991C sp=0x801FFED0 a0=0x00000000
[CALL-CHAIN] #1538 f265 addr=0x8001A65C ra=0x8001991C sp=0x801FFED0 a0=0x00000000
[CALL-CHAIN] #1539 f265 addr=0x8001A65C ra=0x8001991C sp=0x801FFED0 a0=0x00000000
[CALL-CHAIN] #1540 f265 addr=0x8001A65C ra=0x8001991C sp=0x801FFED0 a0=0x00000000
[CALL-CHAIN] #1541 f266 addr=0x80019844 ra=0x80010EA4 sp=0x801FFF00 a0=0x00000000
[CALL-CHAIN] #1542 f266 addr=0x8001A65C ra=0x8001991C sp=0x801FFED0 a0=0x00000000
[CALL-CHAIN] #1543 f266 addr=0x8001A65C ra=0x8001991C sp=0x801FFED0 a0=0x00000000
[CALL-CHAIN] #1544 f266 addr=0x8001A65C ra=0x8001991C sp=0x801FFED0 a0=0x00000000
[CALL-CHAIN] #1545 f266 addr=0x8001A65C ra=0x8001991C sp=0x801FFED0 a0=0x00000000
[CALL-CHAIN] #1546 f267 addr=0x80019844 ra=0x80010EA4 sp=0x801FFF00 a0=0x00000000
[CALL-CHAIN] #1547 f267 addr=0x8001A65C ra=0x8001991C sp=0x801FFED0 a0=0x00000000
[CALL-CHAIN] #1548 f267 addr=0x8001A65C ra=0x8001991C sp=0x801FFED0 a0=0x00000000
[CALL-CHAIN] #1549 f267 addr=0x8001A65C ra=0x8001991C sp=0x801FFED0 a0=0x00000000
[CALL-CHAIN] #1550 f267 addr=0x8001A65C ra=0x8001991C sp=0x801FFED0 a0=0x00000000
[CALL-CHAIN] #1551 f268 addr=0x80019844 ra=0x80010EA4 sp=0x801FFF00 a0=0x00000000
[CALL-CHAIN] #1552 f268 addr=0x8001A65C ra=0x8001991C sp=0x801FFED0 a0=0x00000000
[CALL-CHAIN] #1553 f268 addr=0x8001A65C ra=0x8001991C sp=0x801FFED0 a0=0x00000000
[CALL-CHAIN] #1554 f268 addr=0x8001A65C ra=0x8001991C sp=0x801FFED0 a0=0x00000000
[CALL-CHAIN] #1555 f268 addr=0x8001A65C ra=0x8001991C sp=0x801FFED0 a0=0x00000000
[CALL-CHAIN] #1556 f269 addr=0x80019844 ra=0x80010EA4 sp=0x801FFF00 a0=0x00000000
[CALL-CHAIN] #1557 f269 addr=0x8001A65C ra=0x8001991C sp=0x801FFED0 a0=0x00000000
[CALL-CHAIN] #1558 f269 addr=0x8001A65C ra=0x8001991C sp=0x801FFED0 a0=0x00000000
[CALL-CHAIN] #1559 f269 addr=0x8001A65C ra=0x8001991C sp=0x801FFED0 a0=0x00000000
[CALL-CHAIN] #1560 f269 addr=0x8001A65C ra=0x8001991C sp=0x801FFED0 a0=0x00000000
[CALL-CHAIN] #1561 f270 addr=0x80019844 ra=0x80010EA4 sp=0x801FFF00 a0=0x00000000
[CALL-CHAIN] #1562 f270 addr=0x8001A65C ra=0x8001991C sp=0x801FFED0 a0=0x00000000
[CALL-CHAIN] #1563 f270 addr=0x8001A65C ra=0x8001991C sp=0x801FFED0 a0=0x00000000
[CALL-CHAIN] #1564 f270 addr=0x8001A65C ra=0x8001991C sp=0x801FFED0 a0=0x00000000
[CALL-CHAIN] #1565 f270 addr=0x8001A65C ra=0x8001991C sp=0x801FFED0 a0=0x00000000
[CALL-CHAIN] #1566 f271 addr=0x80019844 ra=0x80010EA4 sp=0x801FFF00 a0=0x00000000
[CALL-CHAIN] #1567 f271 addr=0x8001A65C ra=0x8001991C sp=0x801FFED0 a0=0x00000000
[CALL-CHAIN] #1568 f271 addr=0x8001A65C ra=0x8001991C sp=0x801FFED0 a0=0x00000000
[CALL-CHAIN] #1569 f271 addr=0x8001A65C ra=0x8001991C sp=0x801FFED0 a0=0x00000000
[CALL-CHAIN] #1570 f271 addr=0x8001A65C ra=0x8001991C sp=0x801FFED0 a0=0x00000000
[CALL-CHAIN] #1571 f272 addr=0x80019844 ra=0x80010EA4 sp=0x801FFF00 a0=0x00000000
[CALL-CHAIN] #1572 f272 addr=0x8001A65C ra=0x8001991C sp=0x801FFED0 a0=0x00000000
[CALL-CHAIN] #1573 f272 addr=0x8001A65C ra=0x8001991C sp=0x801FFED0 a0=0x00000000
[CALL-CHAIN] #1574 f272 addr=0x8001A65C ra=0x8001991C sp=0x801FFED0 a0=0x00000000
[CALL-CHAIN] #1575 f272 addr=0x8001A65C ra=0x8001991C sp=0x801FFED0 a0=0x00000000
[CALL-CHAIN] #1576 f273 addr=0x80019844 ra=0x80010EA4 sp=0x801FFF00 a0=0x00000000
[CALL-CHAIN] #1577 f273 addr=0x8001A65C ra=0x8001991C sp=0x801FFED0 a0=0x00000000
[CALL-CHAIN] #1578 f273 addr=0x8001A65C ra=0x8001991C sp=0x801FFED0 a0=0x00000000
[CALL-CHAIN] #1579 f273 addr=0x8001A65C ra=0x8001991C sp=0x801FFED0 a0=0x00000000
[CALL-CHAIN] #1580 f273 addr=0x8001A65C ra=0x8001991C sp=0x801FFED0 a0=0x00000000
[CALL-CHAIN] #1581 f274 addr=0x80019844 ra=0x80010EA4 sp=0x801FFF00 a0=0x00000000
[CALL-CHAIN] #1582 f274 addr=0x8001A65C ra=0x8001991C sp=0x801FFED0 a0=0x00000000
[CALL-CHAIN] #1583 f274 addr=0x8001A65C ra=0x8001991C sp=0x801FFED0 a0=0x00000000
[CALL-CHAIN] #1584 f274 addr=0x8001A65C ra=0x8001991C sp=0x801FFED0 a0=0x00000000
[CALL-CHAIN] #1585 f274 addr=0x8001A65C ra=0x8001991C sp=0x801FFED0 a0=0x00000000
[CALL-CHAIN] #1586 f275 addr=0x80019844 ra=0x80010EA4 sp=0x801FFF00 a0=0x00000000
[CALL-CHAIN] #1587 f275 addr=0x8001A65C ra=0x8001991C sp=0x801FFED0 a0=0x00000000
[CALL-CHAIN] #1588 f275 addr=0x8001A65C ra=0x8001991C sp=0x801FFED0 a0=0x00000000
[CALL-CHAIN] #1589 f275 addr=0x8001A65C ra=0x8001991C sp=0x801FFED0 a0=0x00000000
[CALL-CHAIN] #1590 f275 addr=0x8001A65C ra=0x8001991C sp=0x801FFED0 a0=0x00000000
[CALL-CHAIN] #1591 f276 addr=0x80019844 ra=0x80010EA4 sp=0x801FFF00 a0=0x00000000
[CALL-CHAIN] #1592 f276 addr=0x8001A65C ra=0x8001991C sp=0x801FFED0 a0=0x00000000
[CALL-CHAIN] #1593 f276 addr=0x8001A65C ra=0x8001991C sp=0x801FFED0 a0=0x00000000
[CALL-CHAIN] #1594 f276 addr=0x8001A65C ra=0x8001991C sp=0x801FFED0 a0=0x00000000
[CALL-CHAIN] #1595 f276 addr=0x8001A65C ra=0x8001991C sp=0x801FFED0 a0=0x00000000
[CALL-CHAIN] #1596 f277 addr=0x80019844 ra=0x80010EA4 sp=0x801FFF00 a0=0x00000000
[CALL-CHAIN] #1597 f277 addr=0x8001A65C ra=0x8001991C sp=0x801FFED0 a0=0x00000000
[CALL-CHAIN] #1598 f277 addr=0x8001A65C ra=0x8001991C sp=0x801FFED0 a0=0x00000000
[CALL-CHAIN] #1599 f277 addr=0x8001A65C ra=0x8001991C sp=0x801FFED0 a0=0x00000000
[CALL-CHAIN] #1600 f277 addr=0x8001A65C ra=0x8001991C sp=0x801FFED0 a0=0x00000000
[CALL-CHAIN] #1601 f278 addr=0x80019844 ra=0x80010EA4 sp=0x801FFF00 a0=0x00000000
[CALL-CHAIN] #1602 f278 addr=0x8001A65C ra=0x8001991C sp=0x801FFED0 a0=0x00000000
[CALL-CHAIN] #1603 f278 addr=0x8001A65C ra=0x8001991C sp=0x801FFED0 a0=0x00000000
[CALL-CHAIN] #1604 f278 addr=0x8001A65C ra=0x8001991C sp=0x801FFED0 a0=0x00000000
[CALL-CHAIN] #1605 f278 addr=0x8001A65C ra=0x8001991C sp=0x801FFED0 a0=0x00000000
[CALL-CHAIN] #1606 f279 addr=0x80019844 ra=0x80010EA4 sp=0x801FFF00 a0=0x00000000
[CALL-CHAIN] #1607 f279 addr=0x8001A65C ra=0x8001991C sp=0x801FFED0 a0=0x00000000
[CALL-CHAIN] #1608 f279 addr=0x8001A65C ra=0x8001991C sp=0x801FFED0 a0=0x00000000
[CALL-CHAIN] #1609 f279 addr=0x8001A65C ra=0x8001991C sp=0x801FFED0 a0=0x00000000
[CALL-CHAIN] #1610 f279 addr=0x8001A65C ra=0x8001991C sp=0x801FFED0 a0=0x00000000
[CALL-CHAIN] #1611 f280 addr=0x80019844 ra=0x80010EA4 sp=0x801FFF00 a0=0x00000000
[CALL-CHAIN] #1612 f280 addr=0x8001A65C ra=0x8001991C sp=0x801FFED0 a0=0x00000000
[CALL-CHAIN] #1613 f280 addr=0x8001A65C ra=0x8001991C sp=0x801FFED0 a0=0x00000000
[CALL-CHAIN] #1614 f280 addr=0x8001A65C ra=0x8001991C sp=0x801FFED0 a0=0x00000000
[CALL-CHAIN] #1615 f280 addr=0x8001A65C ra=0x8001991C sp=0x801FFED0 a0=0x00000000
[CALL-CHAIN] #1616 f281 addr=0x80019844 ra=0x80010EA4 sp=0x801FFF00 a0=0x00000000
[CALL-CHAIN] #1617 f281 addr=0x8001A65C ra=0x8001991C sp=0x801FFED0 a0=0x00000000
[CALL-CHAIN] #1618 f281 addr=0x8001A65C ra=0x8001991C sp=0x801FFED0 a0=0x00000000
[CALL-CHAIN] #1619 f281 addr=0x8001A65C ra=0x8001991C sp=0x801FFED0 a0=0x00000000
[CALL-CHAIN] #1620 f281 addr=0x8001A65C ra=0x8001991C sp=0x801FFED0 a0=0x00000000
[CALL-CHAIN] #1621 f282 addr=0x80019844 ra=0x80010EA4 sp=0x801FFF00 a0=0x00000000
[CALL-CHAIN] #1622 f282 addr=0x8001A65C ra=0x8001991C sp=0x801FFED0 a0=0x00000000
[CALL-CHAIN] #1623 f282 addr=0x8001A65C ra=0x8001991C sp=0x801FFED0 a0=0x00000000
[CALL-CHAIN] #1624 f282 addr=0x8001A65C ra=0x8001991C sp=0x801FFED0 a0=0x00000000
[CALL-CHAIN] #1625 f282 addr=0x8001A65C ra=0x8001991C sp=0x801FFED0 a0=0x00000000
[CALL-CHAIN] #1626 f283 addr=0x80019844 ra=0x80010EA4 sp=0x801FFF00 a0=0x00000000
[CALL-CHAIN] #1627 f283 addr=0x8001A65C ra=0x8001991C sp=0x801FFED0 a0=0x00000000
[CALL-CHAIN] #1628 f283 addr=0x8001A65C ra=0x8001991C sp=0x801FFED0 a0=0x00000000
[CALL-CHAIN] #1629 f283 addr=0x8001A65C ra=0x8001991C sp=0x801FFED0 a0=0x00000000
[CALL-CHAIN] #1630 f283 addr=0x8001A65C ra=0x8001991C sp=0x801FFED0 a0=0x00000000
[CALL-CHAIN] #1631 f284 addr=0x80019844 ra=0x80010EA4 sp=0x801FFF00 a0=0x00000000
[CALL-CHAIN] #1632 f284 addr=0x8001A65C ra=0x8001991C sp=0x801FFED0 a0=0x00000000
[CALL-CHAIN] #1633 f284 addr=0x8001A65C ra=0x8001991C sp=0x801FFED0 a0=0x00000000
[CALL-CHAIN] #1634 f284 addr=0x8001A65C ra=0x8001991C sp=0x801FFED0 a0=0x00000000
[CALL-CHAIN] #1635 f284 addr=0x8001A65C ra=0x8001991C sp=0x801FFED0 a0=0x00000000
[CALL-CHAIN] #1636 f285 addr=0x80019844 ra=0x80010EA4 sp=0x801FFF00 a0=0x00000000
[CALL-CHAIN] #1637 f285 addr=0x8001A65C ra=0x8001991C sp=0x801FFED0 a0=0x00000000
[CALL-CHAIN] #1638 f285 addr=0x8001A65C ra=0x8001991C sp=0x801FFED0 a0=0x00000000
[CALL-CHAIN] #1639 f285 addr=0x8001A65C ra=0x8001991C sp=0x801FFED0 a0=0x00000000
[CALL-CHAIN] #1640 f285 addr=0x8001A65C ra=0x8001991C sp=0x801FFED0 a0=0x00000000
[CALL-CHAIN] #1641 f286 addr=0x80019844 ra=0x80010EA4 sp=0x801FFF00 a0=0x00000000
[CALL-CHAIN] #1642 f286 addr=0x8001A65C ra=0x8001991C sp=0x801FFED0 a0=0x00000000
[CALL-CHAIN] #1643 f286 addr=0x8001A65C ra=0x8001991C sp=0x801FFED0 a0=0x00000000
[CALL-CHAIN] #1644 f286 addr=0x8001A65C ra=0x8001991C sp=0x801FFED0 a0=0x00000000
[CALL-CHAIN] #1645 f286 addr=0x8001A65C ra=0x8001991C sp=0x801FFED0 a0=0x00000000
[CALL-CHAIN] #1646 f287 addr=0x80019844 ra=0x80010EA4 sp=0x801FFF00 a0=0x00000000
[CALL-CHAIN] #1647 f287 addr=0x8001A65C ra=0x8001991C sp=0x801FFED0 a0=0x00000000
[CALL-CHAIN] #1648 f287 addr=0x8001A65C ra=0x8001991C sp=0x801FFED0 a0=0x00000000
[CALL-CHAIN] #1649 f287 addr=0x8001A65C ra=0x8001991C sp=0x801FFED0 a0=0x00000000
[CALL-CHAIN] #1650 f287 addr=0x8001A65C ra=0x8001991C sp=0x801FFED0 a0=0x00000000
[CALL-CHAIN] #1651 f288 addr=0x80019844 ra=0x80010EA4 sp=0x801FFF00 a0=0x00000000
[CALL-CHAIN] #1652 f288 addr=0x8001A65C ra=0x8001991C sp=0x801FFED0 a0=0x00000000
[CALL-CHAIN] #1653 f288 addr=0x8001A65C ra=0x8001991C sp=0x801FFED0 a0=0x00000000
[CALL-CHAIN] #1654 f288 addr=0x8001A65C ra=0x8001991C sp=0x801FFED0 a0=0x00000000
[CALL-CHAIN] #1655 f288 addr=0x8001A65C ra=0x8001991C sp=0x801FFED0 a0=0x00000000
[CALL-CHAIN] #1656 f289 addr=0x80019844 ra=0x80010EA4 sp=0x801FFF00 a0=0x00000000
[CALL-CHAIN] #1657 f289 addr=0x8001A65C ra=0x8001991C sp=0x801FFED0 a0=0x00000000
[CALL-CHAIN] #1658 f289 addr=0x8001A65C ra=0x8001991C sp=0x801FFED0 a0=0x00000000
[CALL-CHAIN] #1659 f289 addr=0x8001A65C ra=0x8001991C sp=0x801FFED0 a0=0x00000000
[CALL-CHAIN] #1660 f289 addr=0x8001A65C ra=0x8001991C sp=0x801FFED0 a0=0x00000000
[CALL-CHAIN] #1661 f290 addr=0x80019844 ra=0x80010EA4 sp=0x801FFF00 a0=0x00000000
[CALL-CHAIN] #1662 f290 addr=0x8001A65C ra=0x8001991C sp=0x801FFED0 a0=0x00000000
[CALL-CHAIN] #1663 f290 addr=0x8001A65C ra=0x8001991C sp=0x801FFED0 a0=0x00000000
[CALL-CHAIN] #1664 f290 addr=0x8001A65C ra=0x8001991C sp=0x801FFED0 a0=0x00000000
[CALL-CHAIN] #1665 f290 addr=0x8001A65C ra=0x8001991C sp=0x801FFED0 a0=0x00000000
[CALL-CHAIN] #1666 f291 addr=0x80019844 ra=0x80010EA4 sp=0x801FFF00 a0=0x00000000
[CALL-CHAIN] #1667 f291 addr=0x8001A65C ra=0x8001991C sp=0x801FFED0 a0=0x00000000
[CALL-CHAIN] #1668 f291 addr=0x8001A65C ra=0x8001991C sp=0x801FFED0 a0=0x00000000
[CALL-CHAIN] #1669 f291 addr=0x8001A65C ra=0x8001991C sp=0x801FFED0 a0=0x00000000
[CALL-CHAIN] #1670 f291 addr=0x8001A65C ra=0x8001991C sp=0x801FFED0 a0=0x00000000
[CALL-CHAIN] #1671 f292 addr=0x80019844 ra=0x80010EA4 sp=0x801FFF00 a0=0x00000000
[CALL-CHAIN] #1672 f292 addr=0x8001A65C ra=0x8001991C sp=0x801FFED0 a0=0x00000000
[CALL-CHAIN] #1673 f292 addr=0x8001A65C ra=0x8001991C sp=0x801FFED0 a0=0x00000000
[CALL-CHAIN] #1674 f292 addr=0x8001A65C ra=0x8001991C sp=0x801FFED0 a0=0x00000000
[CALL-CHAIN] #1675 f292 addr=0x8001A65C ra=0x8001991C sp=0x801FFED0 a0=0x00000000
[CALL-CHAIN] #1676 f293 addr=0x80019844 ra=0x80010EA4 sp=0x801FFF00 a0=0x00000000
[CALL-CHAIN] #1677 f293 addr=0x8001A65C ra=0x8001991C sp=0x801FFED0 a0=0x00000000
[CALL-CHAIN] #1678 f293 addr=0x8001A65C ra=0x8001991C sp=0x801FFED0 a0=0x00000000
[CALL-CHAIN] #1679 f293 addr=0x8001A65C ra=0x8001991C sp=0x801FFED0 a0=0x00000000
[CALL-CHAIN] #1680 f293 addr=0x8001A65C ra=0x8001991C sp=0x801FFED0 a0=0x00000000
[CALL-CHAIN] #1681 f294 addr=0x80019844 ra=0x80010EA4 sp=0x801FFF00 a0=0x00000000
[CALL-CHAIN] #1682 f294 addr=0x8001A65C ra=0x8001991C sp=0x801FFED0 a0=0x00000000
[CALL-CHAIN] #1683 f294 addr=0x8001A65C ra=0x8001991C sp=0x801FFED0 a0=0x00000000
[CALL-CHAIN] #1684 f294 addr=0x8001A65C ra=0x8001991C sp=0x801FFED0 a0=0x00000000
[CALL-CHAIN] #1685 f294 addr=0x8001A65C ra=0x8001991C sp=0x801FFED0 a0=0x00000000
[CALL-CHAIN] #1686 f295 addr=0x80019844 ra=0x80010EA4 sp=0x801FFF00 a0=0x00000000
[CALL-CHAIN] #1687 f295 addr=0x8001A65C ra=0x8001991C sp=0x801FFED0 a0=0x00000000
[CALL-CHAIN] #1688 f295 addr=0x8001A65C ra=0x8001991C sp=0x801FFED0 a0=0x00000000
[CALL-CHAIN] #1689 f295 addr=0x8001A65C ra=0x8001991C sp=0x801FFED0 a0=0x00000000
[CALL-CHAIN] #1690 f295 addr=0x8001A65C ra=0x8001991C sp=0x801FFED0 a0=0x00000000
[CALL-CHAIN] #1691 f296 addr=0x80019844 ra=0x80010EA4 sp=0x801FFF00 a0=0x00000000
[CALL-CHAIN] #1692 f296 addr=0x8001A65C ra=0x8001991C sp=0x801FFED0 a0=0x00000000
[CALL-CHAIN] #1693 f296 addr=0x8001A65C ra=0x8001991C sp=0x801FFED0 a0=0x00000000
[CALL-CHAIN] #1694 f296 addr=0x8001A65C ra=0x8001991C sp=0x801FFED0 a0=0x00000000
[CALL-CHAIN] #1695 f296 addr=0x8001A65C ra=0x8001991C sp=0x801FFED0 a0=0x00000000
[CALL-CHAIN] #1696 f297 addr=0x80019844 ra=0x80010EA4 sp=0x801FFF00 a0=0x00000000
[CALL-CHAIN] #1697 f297 addr=0x8001A65C ra=0x8001991C sp=0x801FFED0 a0=0x00000000
[CALL-CHAIN] #1698 f297 addr=0x8001A65C ra=0x8001991C sp=0x801FFED0 a0=0x00000000
[CALL-CHAIN] #1699 f297 addr=0x8001A65C ra=0x8001991C sp=0x801FFED0 a0=0x00000000
[CALL-CHAIN] #1700 f297 addr=0x8001A65C ra=0x8001991C sp=0x801FFED0 a0=0x00000000
[CALL-CHAIN] #1701 f298 addr=0x80019844 ra=0x80010EA4 sp=0x801FFF00 a0=0x00000000
[CALL-CHAIN] #1702 f298 addr=0x8001A65C ra=0x8001991C sp=0x801FFED0 a0=0x00000000
[CALL-CHAIN] #1703 f298 addr=0x8001A65C ra=0x8001991C sp=0x801FFED0 a0=0x00000000
[CALL-CHAIN] #1704 f298 addr=0x8001A65C ra=0x8001991C sp=0x801FFED0 a0=0x00000000
[CALL-CHAIN] #1705 f298 addr=0x8001A65C ra=0x8001991C sp=0x801FFED0 a0=0x00000000
[CALL-CHAIN] #1706 f299 addr=0x80019844 ra=0x80010EA4 sp=0x801FFF00 a0=0x00000000
[CALL-CHAIN] #1707 f299 addr=0x8001A65C ra=0x8001991C sp=0x801FFED0 a0=0x00000000
[CALL-CHAIN] #1708 f299 addr=0x8001A65C ra=0x8001991C sp=0x801FFED0 a0=0x00000000
[CALL-CHAIN] #1709 f299 addr=0x8001A65C ra=0x8001991C sp=0x801FFED0 a0=0x00000000
[CALL-CHAIN] #1710 f299 addr=0x8001A65C ra=0x8001991C sp=0x801FFED0 a0=0x00000000
[BLACKSCREEN][RendererPresent] present=300 f=300 disp=(0,0 320x240) vis=320x240 uv=(0.000,0.000)-(1.000,1.000)
[frame 300]
[CALL-CHAIN] #1711 f300 addr=0x80019844 ra=0x80010EA4 sp=0x801FFF00 a0=0x00000000
[CALL-CHAIN] #1712 f300 addr=0x8001A65C ra=0x8001991C sp=0x801FFED0 a0=0x00000000
[CALL-CHAIN] #1713 f300 addr=0x8001A65C ra=0x8001991C sp=0x801FFED0 a0=0x00000000
[CALL-CHAIN] #1714 f300 addr=0x8001A65C ra=0x8001991C sp=0x801FFED0 a0=0x00000000
[AutoShot] saved C:/temp/game_shot_01.png
[CALL-CHAIN] #1715 f300 addr=0x8001A65C ra=0x8001991C sp=0x801FFED0 a0=0x00000000
[CALL-CHAIN] #1716 f301 addr=0x80019844 ra=0x80010EA4 sp=0x801FFF00 a0=0x00000000
[CALL-CHAIN] #1717 f301 addr=0x8001A65C ra=0x8001991C sp=0x801FFED0 a0=0x00000000
[CALL-CHAIN] #1718 f301 addr=0x8001A65C ra=0x8001991C sp=0x801FFED0 a0=0x00000000
[CALL-CHAIN] #1719 f301 addr=0x8001A65C ra=0x8001991C sp=0x801FFED0 a0=0x00000000
[CALL-CHAIN] #1720 f301 addr=0x8001A65C ra=0x8001991C sp=0x801FFED0 a0=0x00000000
[CALL-CHAIN] #1721 f302 addr=0x80019844 ra=0x80010EA4 sp=0x801FFF00 a0=0x00000000
[CALL-CHAIN] #1722 f302 addr=0x8001A65C ra=0x8001991C sp=0x801FFED0 a0=0x00000000
[CALL-CHAIN] #1723 f302 addr=0x8001A65C ra=0x8001991C sp=0x801FFED0 a0=0x00000000
[AutoVRAM] saved C:/temp/game_vram.png
[CALL-CHAIN] #1724 f302 addr=0x8001A65C ra=0x8001991C sp=0x801FFED0 a0=0x00000000
[CALL-CHAIN] #1725 f302 addr=0x8001A65C ra=0x8001991C sp=0x801FFED0 a0=0x00000000
[CALL-CHAIN] #1726 f303 addr=0x80019844 ra=0x80010EA4 sp=0x801FFF00 a0=0x00000000
[CALL-CHAIN] #1727 f303 addr=0x8001A65C ra=0x8001991C sp=0x801FFED0 a0=0x00000000
[CALL-CHAIN] #1728 f303 addr=0x8001A65C ra=0x8001991C sp=0x801FFED0 a0=0x00000000
[CALL-CHAIN] #1729 f303 addr=0x8001A65C ra=0x8001991C sp=0x801FFED0 a0=0x00000000
[CALL-CHAIN] #1730 f303 addr=0x8001A65C ra=0x8001991C sp=0x801FFED0 a0=0x00000000
[CALL-CHAIN] #1731 f304 addr=0x80019844 ra=0x80010EA4 sp=0x801FFF00 a0=0x00000000
[CALL-CHAIN] #1732 f304 addr=0x8001A65C ra=0x8001991C sp=0x801FFED0 a0=0x00000000
[CALL-CHAIN] #1733 f304 addr=0x8001A65C ra=0x8001991C sp=0x801FFED0 a0=0x00000000
[CALL-CHAIN] #1734 f304 addr=0x8001A65C ra=0x8001991C sp=0x801FFED0 a0=0x00000000
[CALL-CHAIN] #1735 f304 addr=0x8001A65C ra=0x8001991C sp=0x801FFED0 a0=0x00000000
[CALL-CHAIN] #1736 f305 addr=0x80019844 ra=0x80010EA4 sp=0x801FFF00 a0=0x00000000
[CALL-CHAIN] #1737 f305 addr=0x8001A65C ra=0x8001991C sp=0x801FFED0 a0=0x00000000
[CALL-CHAIN] #1738 f305 addr=0x8001A65C ra=0x8001991C sp=0x801FFED0 a0=0x00000000
[CALL-CHAIN] #1739 f305 addr=0x8001A65C ra=0x8001991C sp=0x801FFED0 a0=0x00000000
[CALL-CHAIN] #1740 f305 addr=0x8001A65C ra=0x8001991C sp=0x801FFED0 a0=0x00000000
[CALL-CHAIN] #1741 f306 addr=0x80019844 ra=0x80010EA4 sp=0x801FFF00 a0=0x00000000
[CALL-CHAIN] #1742 f306 addr=0x8001A65C ra=0x8001991C sp=0x801FFED0 a0=0x00000000
[CALL-CHAIN] #1743 f306 addr=0x8001A65C ra=0x8001991C sp=0x801FFED0 a0=0x00000000
[CALL-CHAIN] #1744 f306 addr=0x8001A65C ra=0x8001991C sp=0x801FFED0 a0=0x00000000
[CALL-CHAIN] #1745 f306 addr=0x8001A65C ra=0x8001991C sp=0x801FFED0 a0=0x00000000
[CALL-CHAIN] #1746 f307 addr=0x80019844 ra=0x80010EA4 sp=0x801FFF00 a0=0x00000000
[CALL-CHAIN] #1747 f307 addr=0x8001A65C ra=0x8001991C sp=0x801FFED0 a0=0x00000000
[CALL-CHAIN] #1748 f307 addr=0x8001A65C ra=0x8001991C sp=0x801FFED0 a0=0x00000000
[CALL-CHAIN] #1749 f307 addr=0x8001A65C ra=0x8001991C sp=0x801FFED0 a0=0x00000000
[CALL-CHAIN] #1750 f307 addr=0x8001A65C ra=0x8001991C sp=0x801FFED0 a0=0x00000000
[CALL-CHAIN] #1751 f308 addr=0x80019844 ra=0x80010EA4 sp=0x801FFF00 a0=0x00000000
[CALL-CHAIN] #1752 f308 addr=0x8001A65C ra=0x8001991C sp=0x801FFED0 a0=0x00000000
[CALL-CHAIN] #1753 f308 addr=0x8001A65C ra=0x8001991C sp=0x801FFED0 a0=0x00000000
[CALL-CHAIN] #1754 f308 addr=0x8001A65C ra=0x8001991C sp=0x801FFED0 a0=0x00000000
[CALL-CHAIN] #1755 f308 addr=0x8001A65C ra=0x8001991C sp=0x801FFED0 a0=0x00000000
[CALL-CHAIN] #1756 f309 addr=0x80019844 ra=0x80010EA4 sp=0x801FFF00 a0=0x00000000
[CALL-CHAIN] #1757 f309 addr=0x8001A65C ra=0x8001991C sp=0x801FFED0 a0=0x00000000
[CALL-CHAIN] #1758 f309 addr=0x8001A65C ra=0x8001991C sp=0x801FFED0 a0=0x00000000
[CALL-CHAIN] #1759 f309 addr=0x8001A65C ra=0x8001991C sp=0x801FFED0 a0=0x00000000
[CALL-CHAIN] #1760 f309 addr=0x8001A65C ra=0x8001991C sp=0x801FFED0 a0=0x00000000
[CALL-CHAIN] #1761 f310 addr=0x80019844 ra=0x80010EA4 sp=0x801FFF00 a0=0x00000000
[CALL-CHAIN] #1762 f310 addr=0x8001A65C ra=0x8001991C sp=0x801FFED0 a0=0x00000000
[CALL-CHAIN] #1763 f310 addr=0x8001A65C ra=0x8001991C sp=0x801FFED0 a0=0x00000000
[CALL-CHAIN] #1764 f310 addr=0x8001A65C ra=0x8001991C sp=0x801FFED0 a0=0x00000000
[CALL-CHAIN] #1765 f310 addr=0x8001A65C ra=0x8001991C sp=0x801FFED0 a0=0x00000000
[CALL-CHAIN] #1766 f311 addr=0x80019844 ra=0x80010EA4 sp=0x801FFF00 a0=0x00000000
[CALL-CHAIN] #1767 f311 addr=0x8001A65C ra=0x8001991C sp=0x801FFED0 a0=0x00000000
[CALL-CHAIN] #1768 f311 addr=0x8001A65C ra=0x8001991C sp=0x801FFED0 a0=0x00000000
[CALL-CHAIN] #1769 f311 addr=0x8001A65C ra=0x8001991C sp=0x801FFED0 a0=0x00000000
[CALL-CHAIN] #1770 f311 addr=0x8001A65C ra=0x8001991C sp=0x801FFED0 a0=0x00000000
[CALL-CHAIN] #1771 f312 addr=0x80019844 ra=0x80010EA4 sp=0x801FFF00 a0=0x00000000
[CALL-CHAIN] #1772 f312 addr=0x8001A65C ra=0x8001991C sp=0x801FFED0 a0=0x00000000
[CALL-CHAIN] #1773 f312 addr=0x8001A65C ra=0x8001991C sp=0x801FFED0 a0=0x00000000
[CALL-CHAIN] #1774 f312 addr=0x8001A65C ra=0x8001991C sp=0x801FFED0 a0=0x00000000
[CALL-CHAIN] #1775 f312 addr=0x8001A65C ra=0x8001991C sp=0x801FFED0 a0=0x00000000
[CALL-CHAIN] #1776 f313 addr=0x80019844 ra=0x80010EA4 sp=0x801FFF00 a0=0x00000000
[CALL-CHAIN] #1777 f313 addr=0x8001A65C ra=0x8001991C sp=0x801FFED0 a0=0x00000000
[CALL-CHAIN] #1778 f313 addr=0x8001A65C ra=0x8001991C sp=0x801FFED0 a0=0x00000000
[CALL-CHAIN] #1779 f313 addr=0x8001A65C ra=0x8001991C sp=0x801FFED0 a0=0x00000000
[CALL-CHAIN] #1780 f313 addr=0x8001A65C ra=0x8001991C sp=0x801FFED0 a0=0x00000000
[CALL-CHAIN] #1781 f314 addr=0x80019844 ra=0x80010EA4 sp=0x801FFF00 a0=0x00000000
[CALL-CHAIN] #1782 f314 addr=0x8001A65C ra=0x8001991C sp=0x801FFED0 a0=0x00000000
[CALL-CHAIN] #1783 f314 addr=0x8001A65C ra=0x8001991C sp=0x801FFED0 a0=0x00000000
[CALL-CHAIN] #1784 f314 addr=0x8001A65C ra=0x8001991C sp=0x801FFED0 a0=0x00000000
[CALL-CHAIN] #1785 f314 addr=0x8001A65C ra=0x8001991C sp=0x801FFED0 a0=0x00000000
[CALL-CHAIN] #1786 f315 addr=0x80019844 ra=0x80010EA4 sp=0x801FFF00 a0=0x00000000
[CALL-CHAIN] #1787 f315 addr=0x8001A65C ra=0x8001991C sp=0x801FFED0 a0=0x00000000
[CALL-CHAIN] #1788 f315 addr=0x8001A65C ra=0x8001991C sp=0x801FFED0 a0=0x00000000
[CALL-CHAIN] #1789 f315 addr=0x8001A65C ra=0x8001991C sp=0x801FFED0 a0=0x00000000
[CALL-CHAIN] #1790 f315 addr=0x8001A65C ra=0x8001991C sp=0x801FFED0 a0=0x00000000
[CALL-CHAIN] #1791 f316 addr=0x80019844 ra=0x80010EA4 sp=0x801FFF00 a0=0x00000000
[CALL-CHAIN] #1792 f316 addr=0x8001A65C ra=0x8001991C sp=0x801FFED0 a0=0x00000000
[CALL-CHAIN] #1793 f316 addr=0x8001A65C ra=0x8001991C sp=0x801FFED0 a0=0x00000000
[CALL-CHAIN] #1794 f316 addr=0x8001A65C ra=0x8001991C sp=0x801FFED0 a0=0x00000000
[CALL-CHAIN] #1795 f316 addr=0x8001A65C ra=0x8001991C sp=0x801FFED0 a0=0x00000000
[CALL-CHAIN] #1796 f317 addr=0x80019844 ra=0x80010EA4 sp=0x801FFF00 a0=0x00000000
[CALL-CHAIN] #1797 f317 addr=0x8001A65C ra=0x8001991C sp=0x801FFED0 a0=0x00000000
[CALL-CHAIN] #1798 f317 addr=0x8001A65C ra=0x8001991C sp=0x801FFED0 a0=0x00000000
[CALL-CHAIN] #1799 f317 addr=0x8001A65C ra=0x8001991C sp=0x801FFED0 a0=0x00000000
[CALL-CHAIN] #1800 f317 addr=0x8001A65C ra=0x8001991C sp=0x801FFED0 a0=0x00000000
[CALL-CHAIN] #1801 f318 addr=0x80019844 ra=0x80010EA4 sp=0x801FFF00 a0=0x00000000
[CALL-CHAIN] #1802 f318 addr=0x8001A65C ra=0x8001991C sp=0x801FFED0 a0=0x00000000
[CALL-CHAIN] #1803 f318 addr=0x8001A65C ra=0x8001991C sp=0x801FFED0 a0=0x00000000
[CALL-CHAIN] #1804 f318 addr=0x8001A65C ra=0x8001991C sp=0x801FFED0 a0=0x00000000
[CALL-CHAIN] #1805 f318 addr=0x8001A65C ra=0x8001991C sp=0x801FFED0 a0=0x00000000
[CALL-CHAIN] #1806 f319 addr=0x80019844 ra=0x80010EA4 sp=0x801FFF00 a0=0x00000000
[CALL-CHAIN] #1807 f319 addr=0x8001A65C ra=0x8001991C sp=0x801FFED0 a0=0x00000000
[CALL-CHAIN] #1808 f319 addr=0x8001A65C ra=0x8001991C sp=0x801FFED0 a0=0x00000000
[CALL-CHAIN] #1809 f319 addr=0x8001A65C ra=0x8001991C sp=0x801FFED0 a0=0x00000000
[CALL-CHAIN] #1810 f319 addr=0x8001A65C ra=0x8001991C sp=0x801FFED0 a0=0x00000000
[CALL-CHAIN] #1811 f320 addr=0x80019844 ra=0x80010EA4 sp=0x801FFF00 a0=0x00000000
[CALL-CHAIN] #1812 f320 addr=0x8001A65C ra=0x8001991C sp=0x801FFED0 a0=0x00000000
[CALL-CHAIN] #1813 f320 addr=0x8001A65C ra=0x8001991C sp=0x801FFED0 a0=0x00000000
[CALL-CHAIN] #1814 f320 addr=0x8001A65C ra=0x8001991C sp=0x801FFED0 a0=0x00000000
[CALL-CHAIN] #1815 f320 addr=0x8001A65C ra=0x8001991C sp=0x801FFED0 a0=0x00000000
[CALL-CHAIN] #1816 f321 addr=0x80019844 ra=0x80010EA4 sp=0x801FFF00 a0=0x00000000
[CALL-CHAIN] #1817 f321 addr=0x8001A65C ra=0x8001991C sp=0x801FFED0 a0=0x00000000
[CALL-CHAIN] #1818 f321 addr=0x8001A65C ra=0x8001991C sp=0x801FFED0 a0=0x00000000
[CALL-CHAIN] #1819 f321 addr=0x8001A65C ra=0x8001991C sp=0x801FFED0 a0=0x00000000
[CALL-CHAIN] #1820 f321 addr=0x8001A65C ra=0x8001991C sp=0x801FFED0 a0=0x00000000
[CALL-CHAIN] #1821 f322 addr=0x80019844 ra=0x80010EA4 sp=0x801FFF00 a0=0x00000000
[CALL-CHAIN] #1822 f322 addr=0x8001A65C ra=0x8001991C sp=0x801FFED0 a0=0x00000000
[CALL-CHAIN] #1823 f322 addr=0x8001A65C ra=0x8001991C sp=0x801FFED0 a0=0x00000000
[CALL-CHAIN] #1824 f322 addr=0x8001A65C ra=0x8001991C sp=0x801FFED0 a0=0x00000000
[CALL-CHAIN] #1825 f322 addr=0x8001A65C ra=0x8001991C sp=0x801FFED0 a0=0x00000000
[CALL-CHAIN] #1826 f323 addr=0x80019844 ra=0x80010EA4 sp=0x801FFF00 a0=0x00000000
[CALL-CHAIN] #1827 f323 addr=0x8001A65C ra=0x8001991C sp=0x801FFED0 a0=0x00000000
[CALL-CHAIN] #1828 f323 addr=0x8001A65C ra=0x8001991C sp=0x801FFED0 a0=0x00000000
[CALL-CHAIN] #1829 f323 addr=0x8001A65C ra=0x8001991C sp=0x801FFED0 a0=0x00000000
[CALL-CHAIN] #1830 f323 addr=0x8001A65C ra=0x8001991C sp=0x801FFED0 a0=0x00000000
[CALL-CHAIN] #1831 f324 addr=0x80019844 ra=0x80010EA4 sp=0x801FFF00 a0=0x00000000
[CALL-CHAIN] #1832 f324 addr=0x8001A65C ra=0x8001991C sp=0x801FFED0 a0=0x00000000
[CALL-CHAIN] #1833 f324 addr=0x8001A65C ra=0x8001991C sp=0x801FFED0 a0=0x00000000
[CALL-CHAIN] #1834 f324 addr=0x8001A65C ra=0x8001991C sp=0x801FFED0 a0=0x00000000
[CALL-CHAIN] #1835 f324 addr=0x8001A65C ra=0x8001991C sp=0x801FFED0 a0=0x00000000
[CALL-CHAIN] #1836 f325 addr=0x80019844 ra=0x80010EA4 sp=0x801FFF00 a0=0x00000000
[CALL-CHAIN] #1837 f325 addr=0x8001A65C ra=0x8001991C sp=0x801FFED0 a0=0x00000000
[CALL-CHAIN] #1838 f325 addr=0x8001A65C ra=0x8001991C sp=0x801FFED0 a0=0x00000000
[CALL-CHAIN] #1839 f325 addr=0x8001A65C ra=0x8001991C sp=0x801FFED0 a0=0x00000000
[CALL-CHAIN] #1840 f325 addr=0x8001A65C ra=0x8001991C sp=0x801FFED0 a0=0x00000000
[CALL-CHAIN] #1841 f326 addr=0x80019844 ra=0x80010EA4 sp=0x801FFF00 a0=0x00000000
[CALL-CHAIN] #1842 f326 addr=0x8001A65C ra=0x8001991C sp=0x801FFED0 a0=0x00000000
[CALL-CHAIN] #1843 f326 addr=0x8001A65C ra=0x8001991C sp=0x801FFED0 a0=0x00000000
[CALL-CHAIN] #1844 f326 addr=0x8001A65C ra=0x8001991C sp=0x801FFED0 a0=0x00000000
[CALL-CHAIN] #1845 f326 addr=0x8001A65C ra=0x8001991C sp=0x801FFED0 a0=0x00000000
[CALL-CHAIN] #1846 f327 addr=0x80019844 ra=0x80010EA4 sp=0x801FFF00 a0=0x00000000
[CALL-CHAIN] #1847 f327 addr=0x8001A65C ra=0x8001991C sp=0x801FFED0 a0=0x00000000
[CALL-CHAIN] #1848 f327 addr=0x8001A65C ra=0x8001991C sp=0x801FFED0 a0=0x00000000
[CALL-CHAIN] #1849 f327 addr=0x8001A65C ra=0x8001991C sp=0x801FFED0 a0=0x00000000
[CALL-CHAIN] #1850 f327 addr=0x8001A65C ra=0x8001991C sp=0x801FFED0 a0=0x00000000
[CALL-CHAIN] #1851 f328 addr=0x80019844 ra=0x80010EA4 sp=0x801FFF00 a0=0x00000000
[CALL-CHAIN] #1852 f328 addr=0x8001A65C ra=0x8001991C sp=0x801FFED0 a0=0x00000000
[CALL-CHAIN] #1853 f328 addr=0x8001A65C ra=0x8001991C sp=0x801FFED0 a0=0x00000000
[CALL-CHAIN] #1854 f328 addr=0x8001A65C ra=0x8001991C sp=0x801FFED0 a0=0x00000000
[CALL-CHAIN] #1855 f328 addr=0x8001A65C ra=0x8001991C sp=0x801FFED0 a0=0x00000000
[CALL-CHAIN] #1856 f329 addr=0x80019844 ra=0x80010EA4 sp=0x801FFF00 a0=0x00000000
[CALL-CHAIN] #1857 f329 addr=0x8001A65C ra=0x8001991C sp=0x801FFED0 a0=0x00000000
[CALL-CHAIN] #1858 f329 addr=0x8001A65C ra=0x8001991C sp=0x801FFED0 a0=0x00000000
[CALL-CHAIN] #1859 f329 addr=0x8001A65C ra=0x8001991C sp=0x801FFED0 a0=0x00000000
[CALL-CHAIN] #1860 f329 addr=0x8001A65C ra=0x8001991C sp=0x801FFED0 a0=0x00000000
[CALL-CHAIN] #1861 f330 addr=0x80019844 ra=0x80010EA4 sp=0x801FFF00 a0=0x00000000
[CALL-CHAIN] #1862 f330 addr=0x8001A65C ra=0x8001991C sp=0x801FFED0 a0=0x00000000
[CALL-CHAIN] #1863 f330 addr=0x8001A65C ra=0x8001991C sp=0x801FFED0 a0=0x00000000
[CALL-CHAIN] #1864 f330 addr=0x8001A65C ra=0x8001991C sp=0x801FFED0 a0=0x00000000
[CALL-CHAIN] #1865 f330 addr=0x8001A65C ra=0x8001991C sp=0x801FFED0 a0=0x00000000
[CALL-CHAIN] #1866 f331 addr=0x80019844 ra=0x80010EA4 sp=0x801FFF00 a0=0x00000000
[CALL-CHAIN] #1867 f331 addr=0x8001A65C ra=0x8001991C sp=0x801FFED0 a0=0x00000000
[CALL-CHAIN] #1868 f331 addr=0x8001A65C ra=0x8001991C sp=0x801FFED0 a0=0x00000000
[CALL-CHAIN] #1869 f331 addr=0x8001A65C ra=0x8001991C sp=0x801FFED0 a0=0x00000000
[CALL-CHAIN] #1870 f331 addr=0x8001A65C ra=0x8001991C sp=0x801FFED0 a0=0x00000000
[CALL-CHAIN] #1871 f332 addr=0x80019844 ra=0x80010EA4 sp=0x801FFF00 a0=0x00000000
[CALL-CHAIN] #1872 f332 addr=0x8001A65C ra=0x8001991C sp=0x801FFED0 a0=0x00000000
[CALL-CHAIN] #1873 f332 addr=0x8001A65C ra=0x8001991C sp=0x801FFED0 a0=0x00000000
[CALL-CHAIN] #1874 f332 addr=0x8001A65C ra=0x8001991C sp=0x801FFED0 a0=0x00000000
[CALL-CHAIN] #1875 f332 addr=0x8001A65C ra=0x8001991C sp=0x801FFED0 a0=0x00000000
[CALL-CHAIN] #1876 f333 addr=0x80019844 ra=0x80010EA4 sp=0x801FFF00 a0=0x00000000
[CALL-CHAIN] #1877 f333 addr=0x8001A65C ra=0x8001991C sp=0x801FFED0 a0=0x00000000
[CALL-CHAIN] #1878 f333 addr=0x8001A65C ra=0x8001991C sp=0x801FFED0 a0=0x00000000
[CALL-CHAIN] #1879 f333 addr=0x8001A65C ra=0x8001991C sp=0x801FFED0 a0=0x00000000
[CALL-CHAIN] #1880 f333 addr=0x8001A65C ra=0x8001991C sp=0x801FFED0 a0=0x00000000
[CALL-CHAIN] #1881 f334 addr=0x80019844 ra=0x80010EA4 sp=0x801FFF00 a0=0x00000000
[CALL-CHAIN] #1882 f334 addr=0x8001A65C ra=0x8001991C sp=0x801FFED0 a0=0x00000000
[CALL-CHAIN] #1883 f334 addr=0x8001A65C ra=0x8001991C sp=0x801FFED0 a0=0x00000000
[CALL-CHAIN] #1884 f334 addr=0x8001A65C ra=0x8001991C sp=0x801FFED0 a0=0x00000000
[CALL-CHAIN] #1885 f334 addr=0x8001A65C ra=0x8001991C sp=0x801FFED0 a0=0x00000000
[CALL-CHAIN] #1886 f335 addr=0x80019844 ra=0x80010EA4 sp=0x801FFF00 a0=0x00000000
[CALL-CHAIN] #1887 f335 addr=0x8001A65C ra=0x8001991C sp=0x801FFED0 a0=0x00000000
[CALL-CHAIN] #1888 f335 addr=0x8001A65C ra=0x8001991C sp=0x801FFED0 a0=0x00000000
[CALL-CHAIN] #1889 f335 addr=0x8001A65C ra=0x8001991C sp=0x801FFED0 a0=0x00000000
[CALL-CHAIN] #1890 f335 addr=0x8001A65C ra=0x8001991C sp=0x801FFED0 a0=0x00000000
[CALL-CHAIN] #1891 f336 addr=0x80019844 ra=0x80010EA4 sp=0x801FFF00 a0=0x00000000
[CALL-CHAIN] #1892 f336 addr=0x8001A65C ra=0x8001991C sp=0x801FFED0 a0=0x00000000
[CALL-CHAIN] #1893 f336 addr=0x8001A65C ra=0x8001991C sp=0x801FFED0 a0=0x00000000
[CALL-CHAIN] #1894 f336 addr=0x8001A65C ra=0x8001991C sp=0x801FFED0 a0=0x00000000
[CALL-CHAIN] #1895 f336 addr=0x8001A65C ra=0x8001991C sp=0x801FFED0 a0=0x00000000
[CALL-CHAIN] #1896 f337 addr=0x80019844 ra=0x80010EA4 sp=0x801FFF00 a0=0x00000000
[CALL-CHAIN] #1897 f337 addr=0x8001A65C ra=0x8001991C sp=0x801FFED0 a0=0x00000000
[CALL-CHAIN] #1898 f337 addr=0x8001A65C ra=0x8001991C sp=0x801FFED0 a0=0x00000000
[CALL-CHAIN] #1899 f337 addr=0x8001A65C ra=0x8001991C sp=0x801FFED0 a0=0x00000000
[CALL-CHAIN] #1900 f337 addr=0x8001A65C ra=0x8001991C sp=0x801FFED0 a0=0x00000000
[CALL-CHAIN] #1901 f338 addr=0x80019844 ra=0x80010EA4 sp=0x801FFF00 a0=0x00000000
[CALL-CHAIN] #1902 f338 addr=0x8001A65C ra=0x8001991C sp=0x801FFED0 a0=0x00000000
[CALL-CHAIN] #1903 f338 addr=0x8001A65C ra=0x8001991C sp=0x801FFED0 a0=0x00000000
[CALL-CHAIN] #1904 f338 addr=0x8001A65C ra=0x8001991C sp=0x801FFED0 a0=0x00000000
[CALL-CHAIN] #1905 f338 addr=0x8001A65C ra=0x8001991C sp=0x801FFED0 a0=0x00000000
[CALL-CHAIN] #1906 f339 addr=0x80019844 ra=0x80010EA4 sp=0x801FFF00 a0=0x00000000
[CALL-CHAIN] #1907 f339 addr=0x8001A65C ra=0x8001991C sp=0x801FFED0 a0=0x00000000
[CALL-CHAIN] #1908 f339 addr=0x8001A65C ra=0x8001991C sp=0x801FFED0 a0=0x00000000
[CALL-CHAIN] #1909 f339 addr=0x8001A65C ra=0x8001991C sp=0x801FFED0 a0=0x00000000
[CALL-CHAIN] #1910 f339 addr=0x8001A65C ra=0x8001991C sp=0x801FFED0 a0=0x00000000
[CALL-CHAIN] #1911 f340 addr=0x80019844 ra=0x80010EA4 sp=0x801FFF00 a0=0x00000000
[CALL-CHAIN] #1912 f340 addr=0x8001A65C ra=0x8001991C sp=0x801FFED0 a0=0x00000000
[CALL-CHAIN] #1913 f340 addr=0x8001A65C ra=0x8001991C sp=0x801FFED0 a0=0x00000000
[CALL-CHAIN] #1914 f340 addr=0x8001A65C ra=0x8001991C sp=0x801FFED0 a0=0x00000000
[CALL-CHAIN] #1915 f340 addr=0x8001A65C ra=0x8001991C sp=0x801FFED0 a0=0x00000000
[CALL-CHAIN] #1916 f341 addr=0x80019844 ra=0x80010EA4 sp=0x801FFF00 a0=0x00000000
[CALL-CHAIN] #1917 f341 addr=0x8001A65C ra=0x8001991C sp=0x801FFED0 a0=0x00000000
[CALL-CHAIN] #1918 f341 addr=0x8001A65C ra=0x8001991C sp=0x801FFED0 a0=0x00000000
[CALL-CHAIN] #1919 f341 addr=0x8001A65C ra=0x8001991C sp=0x801FFED0 a0=0x00000000
[CALL-CHAIN] #1920 f341 addr=0x8001A65C ra=0x8001991C sp=0x801FFED0 a0=0x00000000
[CALL-CHAIN] #1921 f342 addr=0x80019844 ra=0x80010EA4 sp=0x801FFF00 a0=0x00000000
[CALL-CHAIN] #1922 f342 addr=0x8001A65C ra=0x8001991C sp=0x801FFED0 a0=0x00000000
[CALL-CHAIN] #1923 f342 addr=0x8001A65C ra=0x8001991C sp=0x801FFED0 a0=0x00000000
[CALL-CHAIN] #1924 f342 addr=0x8001A65C ra=0x8001991C sp=0x801FFED0 a0=0x00000000
[CALL-CHAIN] #1925 f342 addr=0x8001A65C ra=0x8001991C sp=0x801FFED0 a0=0x00000000
[CALL-CHAIN] #1926 f343 addr=0x80019844 ra=0x80010EA4 sp=0x801FFF00 a0=0x00000000
[CALL-CHAIN] #1927 f343 addr=0x8001A65C ra=0x8001991C sp=0x801FFED0 a0=0x00000000
[CALL-CHAIN] #1928 f343 addr=0x8001A65C ra=0x8001991C sp=0x801FFED0 a0=0x00000000
[CALL-CHAIN] #1929 f343 addr=0x8001A65C ra=0x8001991C sp=0x801FFED0 a0=0x00000000
[CALL-CHAIN] #1930 f343 addr=0x8001A65C ra=0x8001991C sp=0x801FFED0 a0=0x00000000
[CALL-CHAIN] #1931 f344 addr=0x80019844 ra=0x80010EA4 sp=0x801FFF00 a0=0x00000000
[CALL-CHAIN] #1932 f344 addr=0x8001A65C ra=0x8001991C sp=0x801FFED0 a0=0x00000000
[CALL-CHAIN] #1933 f344 addr=0x8001A65C ra=0x8001991C sp=0x801FFED0 a0=0x00000000
[CALL-CHAIN] #1934 f344 addr=0x8001A65C ra=0x8001991C sp=0x801FFED0 a0=0x00000000
[CALL-CHAIN] #1935 f344 addr=0x8001A65C ra=0x8001991C sp=0x801FFED0 a0=0x00000000
[CALL-CHAIN] #1936 f345 addr=0x80019844 ra=0x80010EA4 sp=0x801FFF00 a0=0x00000000
[CALL-CHAIN] #1937 f345 addr=0x8001A65C ra=0x8001991C sp=0x801FFED0 a0=0x00000000
[CALL-CHAIN] #1938 f345 addr=0x8001A65C ra=0x8001991C sp=0x801FFED0 a0=0x00000000
[CALL-CHAIN] #1939 f345 addr=0x8001A65C ra=0x8001991C sp=0x801FFED0 a0=0x00000000
[CALL-CHAIN] #1940 f345 addr=0x8001A65C ra=0x8001991C sp=0x801FFED0 a0=0x00000000
[CALL-CHAIN] #1941 f346 addr=0x80019844 ra=0x80010EA4 sp=0x801FFF00 a0=0x00000000
[CALL-CHAIN] #1942 f346 addr=0x8001A65C ra=0x8001991C sp=0x801FFED0 a0=0x00000000
[CALL-CHAIN] #1943 f346 addr=0x8001A65C ra=0x8001991C sp=0x801FFED0 a0=0x00000000
[CALL-CHAIN] #1944 f346 addr=0x8001A65C ra=0x8001991C sp=0x801FFED0 a0=0x00000000
[CALL-CHAIN] #1945 f346 addr=0x8001A65C ra=0x8001991C sp=0x801FFED0 a0=0x00000000
[CALL-CHAIN] #1946 f347 addr=0x80019844 ra=0x80010EA4 sp=0x801FFF00 a0=0x00000000
[CALL-CHAIN] #1947 f347 addr=0x8001A65C ra=0x8001991C sp=0x801FFED0 a0=0x00000000
[CALL-CHAIN] #1948 f347 addr=0x8001A65C ra=0x8001991C sp=0x801FFED0 a0=0x00000000
[CALL-CHAIN] #1949 f347 addr=0x8001A65C ra=0x8001991C sp=0x801FFED0 a0=0x00000000
[CALL-CHAIN] #1950 f347 addr=0x8001A65C ra=0x8001991C sp=0x801FFED0 a0=0x00000000
[CALL-CHAIN] #1951 f348 addr=0x80019844 ra=0x80010EA4 sp=0x801FFF00 a0=0x00000000
[CALL-CHAIN] #1952 f348 addr=0x8001A65C ra=0x8001991C sp=0x801FFED0 a0=0x00000000
[CALL-CHAIN] #1953 f348 addr=0x8001A65C ra=0x8001991C sp=0x801FFED0 a0=0x00000000
[CALL-CHAIN] #1954 f348 addr=0x8001A65C ra=0x8001991C sp=0x801FFED0 a0=0x00000000
[CALL-CHAIN] #1955 f348 addr=0x8001A65C ra=0x8001991C sp=0x801FFED0 a0=0x00000000
[CALL-CHAIN] #1956 f349 addr=0x80019844 ra=0x80010EA4 sp=0x801FFF00 a0=0x00000000
[CALL-CHAIN] #1957 f349 addr=0x8001A65C ra=0x8001991C sp=0x801FFED0 a0=0x00000000
[CALL-CHAIN] #1958 f349 addr=0x8001A65C ra=0x8001991C sp=0x801FFED0 a0=0x00000000
[CALL-CHAIN] #1959 f349 addr=0x8001A65C ra=0x8001991C sp=0x801FFED0 a0=0x00000000
[CALL-CHAIN] #1960 f349 addr=0x8001A65C ra=0x8001991C sp=0x801FFED0 a0=0x00000000
[CALL-CHAIN] #1961 f350 addr=0x80019844 ra=0x80010EA4 sp=0x801FFF00 a0=0x00000000
[CALL-CHAIN] #1962 f350 addr=0x8001A65C ra=0x8001991C sp=0x801FFED0 a0=0x00000000
[CALL-CHAIN] #1963 f350 addr=0x8001A65C ra=0x8001991C sp=0x801FFED0 a0=0x00000000
[CALL-CHAIN] #1964 f350 addr=0x8001A65C ra=0x8001991C sp=0x801FFED0 a0=0x00000000
[CALL-CHAIN] #1965 f350 addr=0x8001A65C ra=0x8001991C sp=0x801FFED0 a0=0x00000000
[CALL-CHAIN] #1966 f351 addr=0x80019844 ra=0x80010EA4 sp=0x801FFF00 a0=0x00000000
[CALL-CHAIN] #1967 f351 addr=0x8001A65C ra=0x8001991C sp=0x801FFED0 a0=0x00000000
[CALL-CHAIN] #1968 f351 addr=0x8001A65C ra=0x8001991C sp=0x801FFED0 a0=0x00000000
[CALL-CHAIN] #1969 f351 addr=0x8001A65C ra=0x8001991C sp=0x801FFED0 a0=0x00000000
[CALL-CHAIN] #1970 f351 addr=0x8001A65C ra=0x8001991C sp=0x801FFED0 a0=0x00000000
[CALL-CHAIN] #1971 f352 addr=0x80019844 ra=0x80010EA4 sp=0x801FFF00 a0=0x00000000
[CALL-CHAIN] #1972 f352 addr=0x8001A65C ra=0x8001991C sp=0x801FFED0 a0=0x00000000
[CALL-CHAIN] #1973 f352 addr=0x8001A65C ra=0x8001991C sp=0x801FFED0 a0=0x00000000
[CALL-CHAIN] #1974 f352 addr=0x8001A65C ra=0x8001991C sp=0x801FFED0 a0=0x00000000
[CALL-CHAIN] #1975 f352 addr=0x8001A65C ra=0x8001991C sp=0x801FFED0 a0=0x00000000
[CALL-CHAIN] #1976 f353 addr=0x80019844 ra=0x80010EA4 sp=0x801FFF00 a0=0x00000000
[CALL-CHAIN] #1977 f353 addr=0x8001A65C ra=0x8001991C sp=0x801FFED0 a0=0x00000000
[CALL-CHAIN] #1978 f353 addr=0x8001A65C ra=0x8001991C sp=0x801FFED0 a0=0x00000000
[CALL-CHAIN] #1979 f353 addr=0x8001A65C ra=0x8001991C sp=0x801FFED0 a0=0x00000000
[CALL-CHAIN] #1980 f353 addr=0x8001A65C ra=0x8001991C sp=0x801FFED0 a0=0x00000000
[CALL-CHAIN] #1981 f354 addr=0x80019844 ra=0x80010EA4 sp=0x801FFF00 a0=0x00000000
[CALL-CHAIN] #1982 f354 addr=0x8001A65C ra=0x8001991C sp=0x801FFED0 a0=0x00000000
[CALL-CHAIN] #1983 f354 addr=0x8001A65C ra=0x8001991C sp=0x801FFED0 a0=0x00000000
[CALL-CHAIN] #1984 f354 addr=0x8001A65C ra=0x8001991C sp=0x801FFED0 a0=0x00000000
[CALL-CHAIN] #1985 f354 addr=0x8001A65C ra=0x8001991C sp=0x801FFED0 a0=0x00000000
[CALL-CHAIN] #1986 f355 addr=0x80019844 ra=0x80010EA4 sp=0x801FFF00 a0=0x00000000
[CALL-CHAIN] #1987 f355 addr=0x8001A65C ra=0x8001991C sp=0x801FFED0 a0=0x00000000
[CALL-CHAIN] #1988 f355 addr=0x8001A65C ra=0x8001991C sp=0x801FFED0 a0=0x00000000
[CALL-CHAIN] #1989 f355 addr=0x8001A65C ra=0x8001991C sp=0x801FFED0 a0=0x00000000
[CALL-CHAIN] #1990 f355 addr=0x8001A65C ra=0x8001991C sp=0x801FFED0 a0=0x00000000
[CALL-CHAIN] #1991 f356 addr=0x80019844 ra=0x80010EA4 sp=0x801FFF00 a0=0x00000000
[CALL-CHAIN] #1992 f356 addr=0x8001A65C ra=0x8001991C sp=0x801FFED0 a0=0x00000000
[CALL-CHAIN] #1993 f356 addr=0x8001A65C ra=0x8001991C sp=0x801FFED0 a0=0x00000000
[CALL-CHAIN] #1994 f356 addr=0x8001A65C ra=0x8001991C sp=0x801FFED0 a0=0x00000000
[CALL-CHAIN] #1995 f356 addr=0x8001A65C ra=0x8001991C sp=0x801FFED0 a0=0x00000000
[CALL-CHAIN] #1996 f357 addr=0x80019844 ra=0x80010EA4 sp=0x801FFF00 a0=0x00000000
[CALL-CHAIN] #1997 f357 addr=0x8001A65C ra=0x8001991C sp=0x801FFED0 a0=0x00000000
[CALL-CHAIN] #1998 f357 addr=0x8001A65C ra=0x8001991C sp=0x801FFED0 a0=0x00000000
[CALL-CHAIN] #1999 f357 addr=0x8001A65C ra=0x8001991C sp=0x801FFED0 a0=0x00000000
[CALL-CHAIN] #2000 f357 addr=0x8001A65C ra=0x8001991C sp=0x801FFED0 a0=0x00000000
[CALL-CHAIN] #2001 f358 addr=0x80019844 ra=0x80010EA4 sp=0x801FFF00 a0=0x00000000
[CALL-CHAIN] #2002 f358 addr=0x8001A65C ra=0x8001991C sp=0x801FFED0 a0=0x00000000
[CALL-CHAIN] #2003 f358 addr=0x8001A65C ra=0x8001991C sp=0x801FFED0 a0=0x00000000
[CALL-CHAIN] #2004 f358 addr=0x8001A65C ra=0x8001991C sp=0x801FFED0 a0=0x00000000
[CALL-CHAIN] #2005 f358 addr=0x8001A65C ra=0x8001991C sp=0x801FFED0 a0=0x00000000
[CALL-CHAIN] #2006 f359 addr=0x80019844 ra=0x80010EA4 sp=0x801FFF00 a0=0x00000000
[CALL-CHAIN] #2007 f359 addr=0x8001A65C ra=0x8001991C sp=0x801FFED0 a0=0x00000000
[CALL-CHAIN] #2008 f359 addr=0x8001A65C ra=0x8001991C sp=0x801FFED0 a0=0x00000000
[CALL-CHAIN] #2009 f359 addr=0x8001A65C ra=0x8001991C sp=0x801FFED0 a0=0x00000000
[CALL-CHAIN] #2010 f359 addr=0x8001A65C ra=0x8001991C sp=0x801FFED0 a0=0x00000000
[frame 360]
[CALL-CHAIN] #2011 f360 addr=0x80019844 ra=0x80010EA4 sp=0x801FFF00 a0=0x00000000
[CALL-CHAIN] #2012 f360 addr=0x8001A65C ra=0x8001991C sp=0x801FFED0 a0=0x00000000
[CALL-CHAIN] #2013 f360 addr=0x8001A65C ra=0x8001991C sp=0x801FFED0 a0=0x00000000
[CALL-CHAIN] #2014 f360 addr=0x8001A65C ra=0x8001991C sp=0x801FFED0 a0=0x00000000
[CALL-CHAIN] #2015 f360 addr=0x8001A65C ra=0x8001991C sp=0x801FFED0 a0=0x00000000
[CALL-CHAIN] #2016 f361 addr=0x80019844 ra=0x80010EA4 sp=0x801FFF00 a0=0x00000000
[CALL-CHAIN] #2017 f361 addr=0x8001A65C ra=0x8001991C sp=0x801FFED0 a0=0x00000000
[CALL-CHAIN] #2018 f361 addr=0x8001A65C ra=0x8001991C sp=0x801FFED0 a0=0x00000000
[CALL-CHAIN] #2019 f361 addr=0x8001A65C ra=0x8001991C sp=0x801FFED0 a0=0x00000000
[CALL-CHAIN] #2020 f361 addr=0x8001A65C ra=0x8001991C sp=0x801FFED0 a0=0x00000000
[CALL-CHAIN] #2021 f362 addr=0x80019844 ra=0x80010EA4 sp=0x801FFF00 a0=0x00000000
[CALL-CHAIN] #2022 f362 addr=0x8001A65C ra=0x8001991C sp=0x801FFED0 a0=0x00000000
[CALL-CHAIN] #2023 f362 addr=0x8001A65C ra=0x8001991C sp=0x801FFED0 a0=0x00000000
[CALL-CHAIN] #2024 f362 addr=0x8001A65C ra=0x8001991C sp=0x801FFED0 a0=0x00000000
[CALL-CHAIN] #2025 f362 addr=0x8001A65C ra=0x8001991C sp=0x801FFED0 a0=0x00000000
[CALL-CHAIN] #2026 f363 addr=0x80019844 ra=0x80010EA4 sp=0x801FFF00 a0=0x00000000
[CALL-CHAIN] #2027 f363 addr=0x8001A65C ra=0x8001991C sp=0x801FFED0 a0=0x00000000
[CALL-CHAIN] #2028 f363 addr=0x8001A65C ra=0x8001991C sp=0x801FFED0 a0=0x00000000
[CALL-CHAIN] #2029 f363 addr=0x8001A65C ra=0x8001991C sp=0x801FFED0 a0=0x00000000
[CALL-CHAIN] #2030 f363 addr=0x8001A65C ra=0x8001991C sp=0x801FFED0 a0=0x00000000
[CALL-CHAIN] #2031 f364 addr=0x80019844 ra=0x80010EA4 sp=0x801FFF00 a0=0x00000000
[CALL-CHAIN] #2032 f364 addr=0x8001A65C ra=0x8001991C sp=0x801FFED0 a0=0x00000000
[CALL-CHAIN] #2033 f364 addr=0x8001A65C ra=0x8001991C sp=0x801FFED0 a0=0x00000000
[CALL-CHAIN] #2034 f364 addr=0x8001A65C ra=0x8001991C sp=0x801FFED0 a0=0x00000000
[CALL-CHAIN] #2035 f364 addr=0x8001A65C ra=0x8001991C sp=0x801FFED0 a0=0x00000000
[CALL-CHAIN] #2036 f365 addr=0x80019844 ra=0x80010EA4 sp=0x801FFF00 a0=0x00000000
[CALL-CHAIN] #2037 f365 addr=0x8001A65C ra=0x8001991C sp=0x801FFED0 a0=0x00000000
[CALL-CHAIN] #2038 f365 addr=0x8001A65C ra=0x8001991C sp=0x801FFED0 a0=0x00000000
[CALL-CHAIN] #2039 f365 addr=0x8001A65C ra=0x8001991C sp=0x801FFED0 a0=0x00000000
[CALL-CHAIN] #2040 f365 addr=0x8001A65C ra=0x8001991C sp=0x801FFED0 a0=0x00000000
[CALL-CHAIN] #2041 f366 addr=0x80019844 ra=0x80010EA4 sp=0x801FFF00 a0=0x00000000
[CALL-CHAIN] #2042 f366 addr=0x8001A65C ra=0x8001991C sp=0x801FFED0 a0=0x00000000
[CALL-CHAIN] #2043 f366 addr=0x8001A65C ra=0x8001991C sp=0x801FFED0 a0=0x00000000
[CALL-CHAIN] #2044 f366 addr=0x8001A65C ra=0x8001991C sp=0x801FFED0 a0=0x00000000
[CALL-CHAIN] #2045 f366 addr=0x8001A65C ra=0x8001991C sp=0x801FFED0 a0=0x00000000
[CALL-CHAIN] #2046 f367 addr=0x80019844 ra=0x80010EA4 sp=0x801FFF00 a0=0x00000000
[CALL-CHAIN] #2047 f367 addr=0x8001A65C ra=0x8001991C sp=0x801FFED0 a0=0x00000000
[CALL-CHAIN] #2048 f367 addr=0x8001A65C ra=0x8001991C sp=0x801FFED0 a0=0x00000000
[CALL-CHAIN] #2049 f367 addr=0x8001A65C ra=0x8001991C sp=0x801FFED0 a0=0x00000000
[CALL-CHAIN] #2050 f367 addr=0x8001A65C ra=0x8001991C sp=0x801FFED0 a0=0x00000000
[CALL-CHAIN] #2051 f368 addr=0x80019844 ra=0x80010EA4 sp=0x801FFF00 a0=0x00000000
[CALL-CHAIN] #2052 f368 addr=0x8001A65C ra=0x8001991C sp=0x801FFED0 a0=0x00000000
[CALL-CHAIN] #2053 f368 addr=0x8001A65C ra=0x8001991C sp=0x801FFED0 a0=0x00000000
[CALL-CHAIN] #2054 f368 addr=0x8001A65C ra=0x8001991C sp=0x801FFED0 a0=0x00000000
[CALL-CHAIN] #2055 f368 addr=0x8001A65C ra=0x8001991C sp=0x801FFED0 a0=0x00000000
[CALL-CHAIN] #2056 f369 addr=0x80019844 ra=0x80010EA4 sp=0x801FFF00 a0=0x00000000
[CALL-CHAIN] #2057 f369 addr=0x8001A65C ra=0x8001991C sp=0x801FFED0 a0=0x00000000
[CALL-CHAIN] #2058 f369 addr=0x8001A65C ra=0x8001991C sp=0x801FFED0 a0=0x00000000
[CALL-CHAIN] #2059 f369 addr=0x8001A65C ra=0x8001991C sp=0x801FFED0 a0=0x00000000
[CALL-CHAIN] #2060 f369 addr=0x8001A65C ra=0x8001991C sp=0x801FFED0 a0=0x00000000
[CALL-CHAIN] #2061 f370 addr=0x80019844 ra=0x80010EA4 sp=0x801FFF00 a0=0x00000000
[CALL-CHAIN] #2062 f370 addr=0x8001A65C ra=0x8001991C sp=0x801FFED0 a0=0x00000000
[CALL-CHAIN] #2063 f370 addr=0x8001A65C ra=0x8001991C sp=0x801FFED0 a0=0x00000000
[CALL-CHAIN] #2064 f370 addr=0x8001A65C ra=0x8001991C sp=0x801FFED0 a0=0x00000000
[CALL-CHAIN] #2065 f370 addr=0x8001A65C ra=0x8001991C sp=0x801FFED0 a0=0x00000000
[CALL-CHAIN] #2066 f371 addr=0x80019844 ra=0x80010EA4 sp=0x801FFF00 a0=0x00000000
[CALL-CHAIN] #2067 f371 addr=0x8001A65C ra=0x8001991C sp=0x801FFED0 a0=0x00000000
[CALL-CHAIN] #2068 f371 addr=0x8001A65C ra=0x8001991C sp=0x801FFED0 a0=0x00000000
[CALL-CHAIN] #2069 f371 addr=0x8001A65C ra=0x8001991C sp=0x801FFED0 a0=0x00000000
[CALL-CHAIN] #2070 f371 addr=0x8001A65C ra=0x8001991C sp=0x801FFED0 a0=0x00000000
[CALL-CHAIN] #2071 f372 addr=0x80019844 ra=0x80010EA4 sp=0x801FFF00 a0=0x00000000
[CALL-CHAIN] #2072 f372 addr=0x8001A65C ra=0x8001991C sp=0x801FFED0 a0=0x00000000
[CALL-CHAIN] #2073 f372 addr=0x8001A65C ra=0x8001991C sp=0x801FFED0 a0=0x00000000
[CALL-CHAIN] #2074 f372 addr=0x8001A65C ra=0x8001991C sp=0x801FFED0 a0=0x00000000
[CALL-CHAIN] #2075 f372 addr=0x8001A65C ra=0x8001991C sp=0x801FFED0 a0=0x00000000
[CALL-CHAIN] #2076 f373 addr=0x80019844 ra=0x80010EA4 sp=0x801FFF00 a0=0x00000000
[CALL-CHAIN] #2077 f373 addr=0x8001A65C ra=0x8001991C sp=0x801FFED0 a0=0x00000000
[CALL-CHAIN] #2078 f373 addr=0x8001A65C ra=0x8001991C sp=0x801FFED0 a0=0x00000000
[CALL-CHAIN] #2079 f373 addr=0x8001A65C ra=0x8001991C sp=0x801FFED0 a0=0x00000000
[CALL-CHAIN] #2080 f373 addr=0x8001A65C ra=0x8001991C sp=0x801FFED0 a0=0x00000000
[CALL-CHAIN] #2081 f374 addr=0x80019844 ra=0x80010EA4 sp=0x801FFF00 a0=0x00000000
[CALL-CHAIN] #2082 f374 addr=0x8001A65C ra=0x8001991C sp=0x801FFED0 a0=0x00000000
[CALL-CHAIN] #2083 f374 addr=0x8001A65C ra=0x8001991C sp=0x801FFED0 a0=0x00000000
[CALL-CHAIN] #2084 f374 addr=0x8001A65C ra=0x8001991C sp=0x801FFED0 a0=0x00000000
[CALL-CHAIN] #2085 f374 addr=0x8001A65C ra=0x8001991C sp=0x801FFED0 a0=0x00000000
[CALL-CHAIN] #2086 f375 addr=0x80019844 ra=0x80010EA4 sp=0x801FFF00 a0=0x00000000
[CALL-CHAIN] #2087 f375 addr=0x8001A65C ra=0x8001991C sp=0x801FFED0 a0=0x00000000
[CALL-CHAIN] #2088 f375 addr=0x8001A65C ra=0x8001991C sp=0x801FFED0 a0=0x00000000
[CALL-CHAIN] #2089 f375 addr=0x8001A65C ra=0x8001991C sp=0x801FFED0 a0=0x00000000
[CALL-CHAIN] #2090 f375 addr=0x8001A65C ra=0x8001991C sp=0x801FFED0 a0=0x00000000
[CALL-CHAIN] #2091 f376 addr=0x80019844 ra=0x80010EA4 sp=0x801FFF00 a0=0x00000000
[CALL-CHAIN] #2092 f376 addr=0x8001A65C ra=0x8001991C sp=0x801FFED0 a0=0x00000000
[CALL-CHAIN] #2093 f376 addr=0x8001A65C ra=0x8001991C sp=0x801FFED0 a0=0x00000000
[CALL-CHAIN] #2094 f376 addr=0x8001A65C ra=0x8001991C sp=0x801FFED0 a0=0x00000000
[CALL-CHAIN] #2095 f376 addr=0x8001A65C ra=0x8001991C sp=0x801FFED0 a0=0x00000000
[CALL-CHAIN] #2096 f377 addr=0x80019844 ra=0x80010EA4 sp=0x801FFF00 a0=0x00000000
[CALL-CHAIN] #2097 f377 addr=0x8001A65C ra=0x8001991C sp=0x801FFED0 a0=0x00000000
[CALL-CHAIN] #2098 f377 addr=0x8001A65C ra=0x8001991C sp=0x801FFED0 a0=0x00000000
[CALL-CHAIN] #2099 f377 addr=0x8001A65C ra=0x8001991C sp=0x801FFED0 a0=0x00000000
[CALL-CHAIN] #2100 f377 addr=0x8001A65C ra=0x8001991C sp=0x801FFED0 a0=0x00000000
[CALL-CHAIN] #2101 f378 addr=0x80019844 ra=0x80010EA4 sp=0x801FFF00 a0=0x00000000
[CALL-CHAIN] #2102 f378 addr=0x8001A65C ra=0x8001991C sp=0x801FFED0 a0=0x00000000
[CALL-CHAIN] #2103 f378 addr=0x8001A65C ra=0x8001991C sp=0x801FFED0 a0=0x00000000
[CALL-CHAIN] #2104 f378 addr=0x8001A65C ra=0x8001991C sp=0x801FFED0 a0=0x00000000
[CALL-CHAIN] #2105 f378 addr=0x8001A65C ra=0x8001991C sp=0x801FFED0 a0=0x00000000
[CALL-CHAIN] #2106 f379 addr=0x80019844 ra=0x80010EA4 sp=0x801FFF00 a0=0x00000000
[CALL-CHAIN] #2107 f379 addr=0x8001A65C ra=0x8001991C sp=0x801FFED0 a0=0x00000000
[CALL-CHAIN] #2108 f379 addr=0x8001A65C ra=0x8001991C sp=0x801FFED0 a0=0x00000000
[CALL-CHAIN] #2109 f379 addr=0x8001A65C ra=0x8001991C sp=0x801FFED0 a0=0x00000000
[CALL-CHAIN] #2110 f379 addr=0x8001A65C ra=0x8001991C sp=0x801FFED0 a0=0x00000000
[CALL-CHAIN] #2111 f380 addr=0x80019844 ra=0x80010EA4 sp=0x801FFF00 a0=0x00000000
[CALL-CHAIN] #2112 f380 addr=0x8001A65C ra=0x8001991C sp=0x801FFED0 a0=0x00000000
[CALL-CHAIN] #2113 f380 addr=0x8001A65C ra=0x8001991C sp=0x801FFED0 a0=0x00000000
[CALL-CHAIN] #2114 f380 addr=0x8001A65C ra=0x8001991C sp=0x801FFED0 a0=0x00000000
[CALL-CHAIN] #2115 f380 addr=0x8001A65C ra=0x8001991C sp=0x801FFED0 a0=0x00000000
[CALL-CHAIN] #2116 f381 addr=0x80019844 ra=0x80010EA4 sp=0x801FFF00 a0=0x00000000
[CALL-CHAIN] #2117 f381 addr=0x8001A65C ra=0x8001991C sp=0x801FFED0 a0=0x00000000
[CALL-CHAIN] #2118 f381 addr=0x8001A65C ra=0x8001991C sp=0x801FFED0 a0=0x00000000
[CALL-CHAIN] #2119 f381 addr=0x8001A65C ra=0x8001991C sp=0x801FFED0 a0=0x00000000
[CALL-CHAIN] #2120 f381 addr=0x8001A65C ra=0x8001991C sp=0x801FFED0 a0=0x00000000
[CALL-CHAIN] #2121 f382 addr=0x80019844 ra=0x80010EA4 sp=0x801FFF00 a0=0x00000000
[CALL-CHAIN] #2122 f382 addr=0x8001A65C ra=0x8001991C sp=0x801FFED0 a0=0x00000000
[CALL-CHAIN] #2123 f382 addr=0x8001A65C ra=0x8001991C sp=0x801FFED0 a0=0x00000000
[CALL-CHAIN] #2124 f382 addr=0x8001A65C ra=0x8001991C sp=0x801FFED0 a0=0x00000000
[CALL-CHAIN] #2125 f382 addr=0x8001A65C ra=0x8001991C sp=0x801FFED0 a0=0x00000000
[CALL-CHAIN] #2126 f383 addr=0x80019844 ra=0x80010EA4 sp=0x801FFF00 a0=0x00000000
[CALL-CHAIN] #2127 f383 addr=0x8001A65C ra=0x8001991C sp=0x801FFED0 a0=0x00000000
[CALL-CHAIN] #2128 f383 addr=0x8001A65C ra=0x8001991C sp=0x801FFED0 a0=0x00000000
[CALL-CHAIN] #2129 f383 addr=0x8001A65C ra=0x8001991C sp=0x801FFED0 a0=0x00000000
[CALL-CHAIN] #2130 f383 addr=0x8001A65C ra=0x8001991C sp=0x801FFED0 a0=0x00000000
[CALL-CHAIN] #2131 f384 addr=0x80019844 ra=0x80010EA4 sp=0x801FFF00 a0=0x00000000
[CALL-CHAIN] #2132 f384 addr=0x8001A65C ra=0x8001991C sp=0x801FFED0 a0=0x00000000
[CALL-CHAIN] #2133 f384 addr=0x8001A65C ra=0x8001991C sp=0x801FFED0 a0=0x00000000
[CALL-CHAIN] #2134 f384 addr=0x8001A65C ra=0x8001991C sp=0x801FFED0 a0=0x00000000
[CALL-CHAIN] #2135 f384 addr=0x8001A65C ra=0x8001991C sp=0x801FFED0 a0=0x00000000
[CALL-CHAIN] #2136 f385 addr=0x80019844 ra=0x80010EA4 sp=0x801FFF00 a0=0x00000000
[CALL-CHAIN] #2137 f385 addr=0x8001A65C ra=0x8001991C sp=0x801FFED0 a0=0x00000000
[CALL-CHAIN] #2138 f385 addr=0x8001A65C ra=0x8001991C sp=0x801FFED0 a0=0x00000000
[CALL-CHAIN] #2139 f385 addr=0x8001A65C ra=0x8001991C sp=0x801FFED0 a0=0x00000000
[CALL-CHAIN] #2140 f385 addr=0x8001A65C ra=0x8001991C sp=0x801FFED0 a0=0x00000000
[CALL-CHAIN] #2141 f386 addr=0x80019844 ra=0x80010EA4 sp=0x801FFF00 a0=0x00000000
[CALL-CHAIN] #2142 f386 addr=0x8001A65C ra=0x8001991C sp=0x801FFED0 a0=0x00000000
[CALL-CHAIN] #2143 f386 addr=0x8001A65C ra=0x8001991C sp=0x801FFED0 a0=0x00000000
[CALL-CHAIN] #2144 f386 addr=0x8001A65C ra=0x8001991C sp=0x801FFED0 a0=0x00000000
[CALL-CHAIN] #2145 f386 addr=0x8001A65C ra=0x8001991C sp=0x801FFED0 a0=0x00000000
[CALL-CHAIN] #2146 f387 addr=0x80019844 ra=0x80010EA4 sp=0x801FFF00 a0=0x00000000
[CALL-CHAIN] #2147 f387 addr=0x8001A65C ra=0x8001991C sp=0x801FFED0 a0=0x00000000
[CALL-CHAIN] #2148 f387 addr=0x8001A65C ra=0x8001991C sp=0x801FFED0 a0=0x00000000
[CALL-CHAIN] #2149 f387 addr=0x8001A65C ra=0x8001991C sp=0x801FFED0 a0=0x00000000
[CALL-CHAIN] #2150 f387 addr=0x8001A65C ra=0x8001991C sp=0x801FFED0 a0=0x00000000
[CALL-CHAIN] #2151 f388 addr=0x80019844 ra=0x80010EA4 sp=0x801FFF00 a0=0x00000000
[CALL-CHAIN] #2152 f388 addr=0x8001A65C ra=0x8001991C sp=0x801FFED0 a0=0x00000000
[CALL-CHAIN] #2153 f388 addr=0x8001A65C ra=0x8001991C sp=0x801FFED0 a0=0x00000000
[CALL-CHAIN] #2154 f388 addr=0x8001A65C ra=0x8001991C sp=0x801FFED0 a0=0x00000000
[CALL-CHAIN] #2155 f388 addr=0x8001A65C ra=0x8001991C sp=0x801FFED0 a0=0x00000000
[CALL-CHAIN] #2156 f389 addr=0x80019844 ra=0x80010EA4 sp=0x801FFF00 a0=0x00000000
[CALL-CHAIN] #2157 f389 addr=0x8001A65C ra=0x8001991C sp=0x801FFED0 a0=0x00000000
[CALL-CHAIN] #2158 f389 addr=0x8001A65C ra=0x8001991C sp=0x801FFED0 a0=0x00000000
[CALL-CHAIN] #2159 f389 addr=0x8001A65C ra=0x8001991C sp=0x801FFED0 a0=0x00000000
[CALL-CHAIN] #2160 f389 addr=0x8001A65C ra=0x8001991C sp=0x801FFED0 a0=0x00000000
[CALL-CHAIN] #2161 f390 addr=0x80019844 ra=0x80010EA4 sp=0x801FFF00 a0=0x00000000
[CALL-CHAIN] #2162 f390 addr=0x8001A65C ra=0x8001991C sp=0x801FFED0 a0=0x00000000
[CALL-CHAIN] #2163 f390 addr=0x8001A65C ra=0x8001991C sp=0x801FFED0 a0=0x00000000
[CALL-CHAIN] #2164 f390 addr=0x8001A65C ra=0x8001991C sp=0x801FFED0 a0=0x00000000
[CALL-CHAIN] #2165 f390 addr=0x8001A65C ra=0x8001991C sp=0x801FFED0 a0=0x00000000
[CALL-CHAIN] #2166 f391 addr=0x80019844 ra=0x80010EA4 sp=0x801FFF00 a0=0x00000000
[CALL-CHAIN] #2167 f391 addr=0x8001A65C ra=0x8001991C sp=0x801FFED0 a0=0x00000000
[CALL-CHAIN] #2168 f391 addr=0x8001A65C ra=0x8001991C sp=0x801FFED0 a0=0x00000000
[CALL-CHAIN] #2169 f391 addr=0x8001A65C ra=0x8001991C sp=0x801FFED0 a0=0x00000000
[CALL-CHAIN] #2170 f391 addr=0x8001A65C ra=0x8001991C sp=0x801FFED0 a0=0x00000000
[CALL-CHAIN] #2171 f392 addr=0x80019844 ra=0x80010EA4 sp=0x801FFF00 a0=0x00000000
[CALL-CHAIN] #2172 f392 addr=0x8001A65C ra=0x8001991C sp=0x801FFED0 a0=0x00000000
[CALL-CHAIN] #2173 f392 addr=0x8001A65C ra=0x8001991C sp=0x801FFED0 a0=0x00000000
[CALL-CHAIN] #2174 f392 addr=0x8001A65C ra=0x8001991C sp=0x801FFED0 a0=0x00000000
[CALL-CHAIN] #2175 f392 addr=0x8001A65C ra=0x8001991C sp=0x801FFED0 a0=0x00000000
[CALL-CHAIN] #2176 f393 addr=0x80019844 ra=0x80010EA4 sp=0x801FFF00 a0=0x00000000
[CALL-CHAIN] #2177 f393 addr=0x8001A65C ra=0x8001991C sp=0x801FFED0 a0=0x00000000
[CALL-CHAIN] #2178 f393 addr=0x8001A65C ra=0x8001991C sp=0x801FFED0 a0=0x00000000
[CALL-CHAIN] #2179 f393 addr=0x8001A65C ra=0x8001991C sp=0x801FFED0 a0=0x00000000
[CALL-CHAIN] #2180 f393 addr=0x8001A65C ra=0x8001991C sp=0x801FFED0 a0=0x00000000
[CALL-CHAIN] #2181 f394 addr=0x80019844 ra=0x80010EA4 sp=0x801FFF00 a0=0x00000000
[CALL-CHAIN] #2182 f394 addr=0x8001A65C ra=0x8001991C sp=0x801FFED0 a0=0x00000000
[CALL-CHAIN] #2183 f394 addr=0x8001A65C ra=0x8001991C sp=0x801FFED0 a0=0x00000000
[CALL-CHAIN] #2184 f394 addr=0x8001A65C ra=0x8001991C sp=0x801FFED0 a0=0x00000000
[CALL-CHAIN] #2185 f394 addr=0x8001A65C ra=0x8001991C sp=0x801FFED0 a0=0x00000000
[CALL-CHAIN] #2186 f395 addr=0x80019844 ra=0x80010EA4 sp=0x801FFF00 a0=0x00000000
[CALL-CHAIN] #2187 f395 addr=0x8001A65C ra=0x8001991C sp=0x801FFED0 a0=0x00000000
[CALL-CHAIN] #2188 f395 addr=0x8001A65C ra=0x8001991C sp=0x801FFED0 a0=0x00000000
[CALL-CHAIN] #2189 f395 addr=0x8001A65C ra=0x8001991C sp=0x801FFED0 a0=0x00000000
[CALL-CHAIN] #2190 f395 addr=0x8001A65C ra=0x8001991C sp=0x801FFED0 a0=0x00000000
[CALL-CHAIN] #2191 f396 addr=0x80019844 ra=0x80010EA4 sp=0x801FFF00 a0=0x00000000
[CALL-CHAIN] #2192 f396 addr=0x8001A65C ra=0x8001991C sp=0x801FFED0 a0=0x00000000
[CALL-CHAIN] #2193 f396 addr=0x8001A65C ra=0x8001991C sp=0x801FFED0 a0=0x00000000
[CALL-CHAIN] #2194 f396 addr=0x8001A65C ra=0x8001991C sp=0x801FFED0 a0=0x00000000
[CALL-CHAIN] #2195 f396 addr=0x8001A65C ra=0x8001991C sp=0x801FFED0 a0=0x00000000
[CALL-CHAIN] #2196 f397 addr=0x80019844 ra=0x80010EA4 sp=0x801FFF00 a0=0x00000000
[CALL-CHAIN] #2197 f397 addr=0x8001A65C ra=0x8001991C sp=0x801FFED0 a0=0x00000000
[CALL-CHAIN] #2198 f397 addr=0x8001A65C ra=0x8001991C sp=0x801FFED0 a0=0x00000000
[CALL-CHAIN] #2199 f397 addr=0x8001A65C ra=0x8001991C sp=0x801FFED0 a0=0x00000000
[CALL-CHAIN] #2200 f397 addr=0x8001A65C ra=0x8001991C sp=0x801FFED0 a0=0x00000000
[CALL-CHAIN] #2201 f398 addr=0x80019844 ra=0x80010EA4 sp=0x801FFF00 a0=0x00000000
[CALL-CHAIN] #2202 f398 addr=0x8001A65C ra=0x8001991C sp=0x801FFED0 a0=0x00000000
[CALL-CHAIN] #2203 f398 addr=0x8001A65C ra=0x8001991C sp=0x801FFED0 a0=0x00000000
[CALL-CHAIN] #2204 f398 addr=0x8001A65C ra=0x8001991C sp=0x801FFED0 a0=0x00000000
[CALL-CHAIN] #2205 f398 addr=0x8001A65C ra=0x8001991C sp=0x801FFED0 a0=0x00000000
[CALL-CHAIN] #2206 f399 addr=0x80019844 ra=0x80010EA4 sp=0x801FFF00 a0=0x00000000
[CALL-CHAIN] #2207 f399 addr=0x8001A65C ra=0x8001991C sp=0x801FFED0 a0=0x00000000
[CALL-CHAIN] #2208 f399 addr=0x8001A65C ra=0x8001991C sp=0x801FFED0 a0=0x00000000
[CALL-CHAIN] #2209 f399 addr=0x8001A65C ra=0x8001991C sp=0x801FFED0 a0=0x00000000
[CALL-CHAIN] #2210 f399 addr=0x8001A65C ra=0x8001991C sp=0x801FFED0 a0=0x00000000
[CALL-CHAIN] #2211 f400 addr=0x80019844 ra=0x80010EA4 sp=0x801FFF00 a0=0x00000000
[CALL-CHAIN] #2212 f400 addr=0x8001A65C ra=0x8001991C sp=0x801FFED0 a0=0x00000000
[CALL-CHAIN] #2213 f400 addr=0x8001A65C ra=0x8001991C sp=0x801FFED0 a0=0x00000000
[CALL-CHAIN] #2214 f400 addr=0x8001A65C ra=0x8001991C sp=0x801FFED0 a0=0x00000000
[CALL-CHAIN] #2215 f400 addr=0x8001A65C ra=0x8001991C sp=0x801FFED0 a0=0x00000000
[CALL-CHAIN] #2216 f401 addr=0x80019844 ra=0x80010EA4 sp=0x801FFF00 a0=0x00000000
[CALL-CHAIN] #2217 f401 addr=0x8001A65C ra=0x8001991C sp=0x801FFED0 a0=0x00000000
[CALL-CHAIN] #2218 f401 addr=0x8001A65C ra=0x8001991C sp=0x801FFED0 a0=0x00000000
[CALL-CHAIN] #2219 f401 addr=0x8001A65C ra=0x8001991C sp=0x801FFED0 a0=0x00000000
[CALL-CHAIN] #2220 f401 addr=0x8001A65C ra=0x8001991C sp=0x801FFED0 a0=0x00000000
[CALL-CHAIN] #2221 f402 addr=0x80019844 ra=0x80010EA4 sp=0x801FFF00 a0=0x00000000
[CALL-CHAIN] #2222 f402 addr=0x8001A65C ra=0x8001991C sp=0x801FFED0 a0=0x00000000
[CALL-CHAIN] #2223 f402 addr=0x8001A65C ra=0x8001991C sp=0x801FFED0 a0=0x00000000
[CALL-CHAIN] #2224 f402 addr=0x8001A65C ra=0x8001991C sp=0x801FFED0 a0=0x00000000
[CALL-CHAIN] #2225 f402 addr=0x8001A65C ra=0x8001991C sp=0x801FFED0 a0=0x00000000
[CALL-CHAIN] #2226 f403 addr=0x80019844 ra=0x80010EA4 sp=0x801FFF00 a0=0x00000000
[CALL-CHAIN] #2227 f403 addr=0x8001A65C ra=0x8001991C sp=0x801FFED0 a0=0x00000000
[CALL-CHAIN] #2228 f403 addr=0x8001A65C ra=0x8001991C sp=0x801FFED0 a0=0x00000000
[CALL-CHAIN] #2229 f403 addr=0x8001A65C ra=0x8001991C sp=0x801FFED0 a0=0x00000000
[CALL-CHAIN] #2230 f403 addr=0x8001A65C ra=0x8001991C sp=0x801FFED0 a0=0x00000000
[CALL-CHAIN] #2231 f404 addr=0x80019844 ra=0x80010EA4 sp=0x801FFF00 a0=0x00000000
[CALL-CHAIN] #2232 f404 addr=0x8001A65C ra=0x8001991C sp=0x801FFED0 a0=0x00000000
[CALL-CHAIN] #2233 f404 addr=0x8001A65C ra=0x8001991C sp=0x801FFED0 a0=0x00000000
[CALL-CHAIN] #2234 f404 addr=0x8001A65C ra=0x8001991C sp=0x801FFED0 a0=0x00000000
[CALL-CHAIN] #2235 f404 addr=0x8001A65C ra=0x8001991C sp=0x801FFED0 a0=0x00000000
[CALL-CHAIN] #2236 f405 addr=0x80019844 ra=0x80010EA4 sp=0x801FFF00 a0=0x00000000
[CALL-CHAIN] #2237 f405 addr=0x8001A65C ra=0x8001991C sp=0x801FFED0 a0=0x00000000
[CALL-CHAIN] #2238 f405 addr=0x8001A65C ra=0x8001991C sp=0x801FFED0 a0=0x00000000
[CALL-CHAIN] #2239 f405 addr=0x8001A65C ra=0x8001991C sp=0x801FFED0 a0=0x00000000
[CALL-CHAIN] #2240 f405 addr=0x8001A65C ra=0x8001991C sp=0x801FFED0 a0=0x00000000
[CALL-CHAIN] #2241 f406 addr=0x80019844 ra=0x80010EA4 sp=0x801FFF00 a0=0x00000000
[CALL-CHAIN] #2242 f406 addr=0x8001A65C ra=0x8001991C sp=0x801FFED0 a0=0x00000000
[CALL-CHAIN] #2243 f406 addr=0x8001A65C ra=0x8001991C sp=0x801FFED0 a0=0x00000000
[CALL-CHAIN] #2244 f406 addr=0x8001A65C ra=0x8001991C sp=0x801FFED0 a0=0x00000000
[CALL-CHAIN] #2245 f406 addr=0x8001A65C ra=0x8001991C sp=0x801FFED0 a0=0x00000000
[CALL-CHAIN] #2246 f407 addr=0x80019844 ra=0x80010EA4 sp=0x801FFF00 a0=0x00000000
[CALL-CHAIN] #2247 f407 addr=0x8001A65C ra=0x8001991C sp=0x801FFED0 a0=0x00000000
[CALL-CHAIN] #2248 f407 addr=0x8001A65C ra=0x8001991C sp=0x801FFED0 a0=0x00000000
[CALL-CHAIN] #2249 f407 addr=0x8001A65C ra=0x8001991C sp=0x801FFED0 a0=0x00000000
[CALL-CHAIN] #2250 f407 addr=0x8001A65C ra=0x8001991C sp=0x801FFED0 a0=0x00000000
[CALL-CHAIN] #2251 f408 addr=0x80019844 ra=0x80010EA4 sp=0x801FFF00 a0=0x00000000
[CALL-CHAIN] #2252 f408 addr=0x8001A65C ra=0x8001991C sp=0x801FFED0 a0=0x00000000
[CALL-CHAIN] #2253 f408 addr=0x8001A65C ra=0x8001991C sp=0x801FFED0 a0=0x00000000
[CALL-CHAIN] #2254 f408 addr=0x8001A65C ra=0x8001991C sp=0x801FFED0 a0=0x00000000
[CALL-CHAIN] #2255 f408 addr=0x8001A65C ra=0x8001991C sp=0x801FFED0 a0=0x00000000
[CALL-CHAIN] #2256 f409 addr=0x80019844 ra=0x80010EA4 sp=0x801FFF00 a0=0x00000000
[CALL-CHAIN] #2257 f409 addr=0x8001A65C ra=0x8001991C sp=0x801FFED0 a0=0x00000000
[CALL-CHAIN] #2258 f409 addr=0x8001A65C ra=0x8001991C sp=0x801FFED0 a0=0x00000000
[CALL-CHAIN] #2259 f409 addr=0x8001A65C ra=0x8001991C sp=0x801FFED0 a0=0x00000000
[CALL-CHAIN] #2260 f409 addr=0x8001A65C ra=0x8001991C sp=0x801FFED0 a0=0x00000000
[CALL-CHAIN] #2261 f410 addr=0x80019844 ra=0x80010EA4 sp=0x801FFF00 a0=0x00000000
[CALL-CHAIN] #2262 f410 addr=0x8001A65C ra=0x8001991C sp=0x801FFED0 a0=0x00000000
[CALL-CHAIN] #2263 f410 addr=0x8001A65C ra=0x8001991C sp=0x801FFED0 a0=0x00000000
[CALL-CHAIN] #2264 f410 addr=0x8001A65C ra=0x8001991C sp=0x801FFED0 a0=0x00000000
[CALL-CHAIN] #2265 f410 addr=0x8001A65C ra=0x8001991C sp=0x801FFED0 a0=0x00000000
[CALL-CHAIN] #2266 f411 addr=0x80019844 ra=0x80010EA4 sp=0x801FFF00 a0=0x00000000
[CALL-CHAIN] #2267 f411 addr=0x8001A65C ra=0x8001991C sp=0x801FFED0 a0=0x00000000
[CALL-CHAIN] #2268 f411 addr=0x8001A65C ra=0x8001991C sp=0x801FFED0 a0=0x00000000
[CALL-CHAIN] #2269 f411 addr=0x8001A65C ra=0x8001991C sp=0x801FFED0 a0=0x00000000
[CALL-CHAIN] #2270 f411 addr=0x8001A65C ra=0x8001991C sp=0x801FFED0 a0=0x00000000
[CALL-CHAIN] #2271 f412 addr=0x80019844 ra=0x80010EA4 sp=0x801FFF00 a0=0x00000000
[CALL-CHAIN] #2272 f412 addr=0x8001A65C ra=0x8001991C sp=0x801FFED0 a0=0x00000000
[CALL-CHAIN] #2273 f412 addr=0x8001A65C ra=0x8001991C sp=0x801FFED0 a0=0x00000000
[CALL-CHAIN] #2274 f412 addr=0x8001A65C ra=0x8001991C sp=0x801FFED0 a0=0x00000000
[CALL-CHAIN] #2275 f412 addr=0x8001A65C ra=0x8001991C sp=0x801FFED0 a0=0x00000000
[CALL-CHAIN] #2276 f413 addr=0x80019844 ra=0x80010EA4 sp=0x801FFF00 a0=0x00000000
[CALL-CHAIN] #2277 f413 addr=0x8001A65C ra=0x8001991C sp=0x801FFED0 a0=0x00000000
[CALL-CHAIN] #2278 f413 addr=0x8001A65C ra=0x8001991C sp=0x801FFED0 a0=0x00000000
[CALL-CHAIN] #2279 f413 addr=0x8001A65C ra=0x8001991C sp=0x801FFED0 a0=0x00000000
[CALL-CHAIN] #2280 f413 addr=0x8001A65C ra=0x8001991C sp=0x801FFED0 a0=0x00000000
[CALL-CHAIN] #2281 f414 addr=0x80019844 ra=0x80010EA4 sp=0x801FFF00 a0=0x00000000
[CALL-CHAIN] #2282 f414 addr=0x8001A65C ra=0x8001991C sp=0x801FFED0 a0=0x00000000
[CALL-CHAIN] #2283 f414 addr=0x8001A65C ra=0x8001991C sp=0x801FFED0 a0=0x00000000
[CALL-CHAIN] #2284 f414 addr=0x8001A65C ra=0x8001991C sp=0x801FFED0 a0=0x00000000
[CALL-CHAIN] #2285 f414 addr=0x8001A65C ra=0x8001991C sp=0x801FFED0 a0=0x00000000
[CALL-CHAIN] #2286 f415 addr=0x80019844 ra=0x80010EA4 sp=0x801FFF00 a0=0x00000000
[CALL-CHAIN] #2287 f415 addr=0x8001A65C ra=0x8001991C sp=0x801FFED0 a0=0x00000000
[CALL-CHAIN] #2288 f415 addr=0x8001A65C ra=0x8001991C sp=0x801FFED0 a0=0x00000000
[CALL-CHAIN] #2289 f415 addr=0x8001A65C ra=0x8001991C sp=0x801FFED0 a0=0x00000000
[CALL-CHAIN] #2290 f415 addr=0x8001A65C ra=0x8001991C sp=0x801FFED0 a0=0x00000000
[CALL-CHAIN] #2291 f416 addr=0x80019844 ra=0x80010EA4 sp=0x801FFF00 a0=0x00000000
[CALL-CHAIN] #2292 f416 addr=0x8001A65C ra=0x8001991C sp=0x801FFED0 a0=0x00000000
[CALL-CHAIN] #2293 f416 addr=0x8001A65C ra=0x8001991C sp=0x801FFED0 a0=0x00000000
[CALL-CHAIN] #2294 f416 addr=0x8001A65C ra=0x8001991C sp=0x801FFED0 a0=0x00000000
[CALL-CHAIN] #2295 f416 addr=0x8001A65C ra=0x8001991C sp=0x801FFED0 a0=0x00000000
[CALL-CHAIN] #2296 f417 addr=0x80019844 ra=0x80010EA4 sp=0x801FFF00 a0=0x00000000
[CALL-CHAIN] #2297 f417 addr=0x8001A65C ra=0x8001991C sp=0x801FFED0 a0=0x00000000
[CALL-CHAIN] #2298 f417 addr=0x8001A65C ra=0x8001991C sp=0x801FFED0 a0=0x00000000
[CALL-CHAIN] #2299 f417 addr=0x8001A65C ra=0x8001991C sp=0x801FFED0 a0=0x00000000
[CALL-CHAIN] #2300 f417 addr=0x8001A65C ra=0x8001991C sp=0x801FFED0 a0=0x00000000
[CALL-CHAIN] #2301 f418 addr=0x80019844 ra=0x80010EA4 sp=0x801FFF00 a0=0x00000000
[CALL-CHAIN] #2302 f418 addr=0x8001A65C ra=0x8001991C sp=0x801FFED0 a0=0x00000000
[CALL-CHAIN] #2303 f418 addr=0x8001A65C ra=0x8001991C sp=0x801FFED0 a0=0x00000000
[CALL-CHAIN] #2304 f418 addr=0x8001A65C ra=0x8001991C sp=0x801FFED0 a0=0x00000000
[CALL-CHAIN] #2305 f418 addr=0x8001A65C ra=0x8001991C sp=0x801FFED0 a0=0x00000000
[CALL-CHAIN] #2306 f419 addr=0x80019844 ra=0x80010EA4 sp=0x801FFF00 a0=0x00000000
[CALL-CHAIN] #2307 f419 addr=0x8001A65C ra=0x8001991C sp=0x801FFED0 a0=0x00000000
[CALL-CHAIN] #2308 f419 addr=0x8001A65C ra=0x8001991C sp=0x801FFED0 a0=0x00000000
[CALL-CHAIN] #2309 f419 addr=0x8001A65C ra=0x8001991C sp=0x801FFED0 a0=0x00000000
[CALL-CHAIN] #2310 f419 addr=0x8001A65C ra=0x8001991C sp=0x801FFED0 a0=0x00000000
[frame 420]
[CALL-CHAIN] #2311 f420 addr=0x80019844 ra=0x80010EA4 sp=0x801FFF00 a0=0x00000000
[CALL-CHAIN] #2312 f420 addr=0x8001A65C ra=0x8001991C sp=0x801FFED0 a0=0x00000000
[CALL-CHAIN] #2313 f420 addr=0x8001A65C ra=0x8001991C sp=0x801FFED0 a0=0x00000000
[CALL-CHAIN] #2314 f420 addr=0x8001A65C ra=0x8001991C sp=0x801FFED0 a0=0x00000000
[CALL-CHAIN] #2315 f420 addr=0x8001A65C ra=0x8001991C sp=0x801FFED0 a0=0x00000000
[CALL-CHAIN] #2316 f421 addr=0x80019844 ra=0x80010EA4 sp=0x801FFF00 a0=0x00000000
[CALL-CHAIN] #2317 f421 addr=0x8001A65C ra=0x8001991C sp=0x801FFED0 a0=0x00000000
[CALL-CHAIN] #2318 f421 addr=0x8001A65C ra=0x8001991C sp=0x801FFED0 a0=0x00000000
[CALL-CHAIN] #2319 f421 addr=0x8001A65C ra=0x8001991C sp=0x801FFED0 a0=0x00000000
[CALL-CHAIN] #2320 f421 addr=0x8001A65C ra=0x8001991C sp=0x801FFED0 a0=0x00000000
[CALL-CHAIN] #2321 f422 addr=0x80019844 ra=0x80010EA4 sp=0x801FFF00 a0=0x00000000
[CALL-CHAIN] #2322 f422 addr=0x8001A65C ra=0x8001991C sp=0x801FFED0 a0=0x00000000
[CALL-CHAIN] #2323 f422 addr=0x8001A65C ra=0x8001991C sp=0x801FFED0 a0=0x00000000
[CALL-CHAIN] #2324 f422 addr=0x8001A65C ra=0x8001991C sp=0x801FFED0 a0=0x00000000
[CALL-CHAIN] #2325 f422 addr=0x8001A65C ra=0x8001991C sp=0x801FFED0 a0=0x00000000
[CALL-CHAIN] #2326 f423 addr=0x80019844 ra=0x80010EA4 sp=0x801FFF00 a0=0x00000000
[CALL-CHAIN] #2327 f423 addr=0x8001A65C ra=0x8001991C sp=0x801FFED0 a0=0x00000000
[CALL-CHAIN] #2328 f423 addr=0x8001A65C ra=0x8001991C sp=0x801FFED0 a0=0x00000000
[CALL-CHAIN] #2329 f423 addr=0x8001A65C ra=0x8001991C sp=0x801FFED0 a0=0x00000000
[CALL-CHAIN] #2330 f423 addr=0x8001A65C ra=0x8001991C sp=0x801FFED0 a0=0x00000000
[CALL-CHAIN] #2331 f424 addr=0x80019844 ra=0x80010EA4 sp=0x801FFF00 a0=0x00000000
[CALL-CHAIN] #2332 f424 addr=0x8001A65C ra=0x8001991C sp=0x801FFED0 a0=0x00000000
[CALL-CHAIN] #2333 f424 addr=0x8001A65C ra=0x8001991C sp=0x801FFED0 a0=0x00000000
[CALL-CHAIN] #2334 f424 addr=0x8001A65C ra=0x8001991C sp=0x801FFED0 a0=0x00000000
[CALL-CHAIN] #2335 f424 addr=0x8001A65C ra=0x8001991C sp=0x801FFED0 a0=0x00000000
[CALL-CHAIN] #2336 f425 addr=0x80019844 ra=0x80010EA4 sp=0x801FFF00 a0=0x00000000
[CALL-CHAIN] #2337 f425 addr=0x8001A65C ra=0x8001991C sp=0x801FFED0 a0=0x00000000
[CALL-CHAIN] #2338 f425 addr=0x8001A65C ra=0x8001991C sp=0x801FFED0 a0=0x00000000
[CALL-CHAIN] #2339 f425 addr=0x8001A65C ra=0x8001991C sp=0x801FFED0 a0=0x00000000
[CALL-CHAIN] #2340 f425 addr=0x8001A65C ra=0x8001991C sp=0x801FFED0 a0=0x00000000
[CALL-CHAIN] #2341 f426 addr=0x80019844 ra=0x80010EA4 sp=0x801FFF00 a0=0x00000000
[CALL-CHAIN] #2342 f426 addr=0x8001A65C ra=0x8001991C sp=0x801FFED0 a0=0x00000000
[CALL-CHAIN] #2343 f426 addr=0x8001A65C ra=0x8001991C sp=0x801FFED0 a0=0x00000000
[CALL-CHAIN] #2344 f426 addr=0x8001A65C ra=0x8001991C sp=0x801FFED0 a0=0x00000000
[CALL-CHAIN] #2345 f426 addr=0x8001A65C ra=0x8001991C sp=0x801FFED0 a0=0x00000000
[CALL-CHAIN] #2346 f427 addr=0x80019844 ra=0x80010EA4 sp=0x801FFF00 a0=0x00000000
[CALL-CHAIN] #2347 f427 addr=0x8001A65C ra=0x8001991C sp=0x801FFED0 a0=0x00000000
[CALL-CHAIN] #2348 f427 addr=0x8001A65C ra=0x8001991C sp=0x801FFED0 a0=0x00000000
[CALL-CHAIN] #2349 f427 addr=0x8001A65C ra=0x8001991C sp=0x801FFED0 a0=0x00000000
[CALL-CHAIN] #2350 f427 addr=0x8001A65C ra=0x8001991C sp=0x801FFED0 a0=0x00000000
[CALL-CHAIN] #2351 f428 addr=0x80019844 ra=0x80010EA4 sp=0x801FFF00 a0=0x00000000
[CALL-CHAIN] #2352 f428 addr=0x8001A65C ra=0x8001991C sp=0x801FFED0 a0=0x00000000
[CALL-CHAIN] #2353 f428 addr=0x8001A65C ra=0x8001991C sp=0x801FFED0 a0=0x00000000
[CALL-CHAIN] #2354 f428 addr=0x8001A65C ra=0x8001991C sp=0x801FFED0 a0=0x00000000
[CALL-CHAIN] #2355 f428 addr=0x8001A65C ra=0x8001991C sp=0x801FFED0 a0=0x00000000
[CALL-CHAIN] #2356 f429 addr=0x80019844 ra=0x80010EA4 sp=0x801FFF00 a0=0x00000000
[CALL-CHAIN] #2357 f429 addr=0x8001A65C ra=0x8001991C sp=0x801FFED0 a0=0x00000000
[CALL-CHAIN] #2358 f429 addr=0x8001A65C ra=0x8001991C sp=0x801FFED0 a0=0x00000000
[CALL-CHAIN] #2359 f429 addr=0x8001A65C ra=0x8001991C sp=0x801FFED0 a0=0x00000000
[CALL-CHAIN] #2360 f429 addr=0x8001A65C ra=0x8001991C sp=0x801FFED0 a0=0x00000000
[CALL-CHAIN] #2361 f430 addr=0x80019844 ra=0x80010EA4 sp=0x801FFF00 a0=0x00000000
[CALL-CHAIN] #2362 f430 addr=0x8001A65C ra=0x8001991C sp=0x801FFED0 a0=0x00000000
[CALL-CHAIN] #2363 f430 addr=0x8001A65C ra=0x8001991C sp=0x801FFED0 a0=0x00000000
[CALL-CHAIN] #2364 f430 addr=0x8001A65C ra=0x8001991C sp=0x801FFED0 a0=0x00000000
[CALL-CHAIN] #2365 f430 addr=0x8001A65C ra=0x8001991C sp=0x801FFED0 a0=0x00000000
[CALL-CHAIN] #2366 f431 addr=0x80019844 ra=0x80010EA4 sp=0x801FFF00 a0=0x00000000
[CALL-CHAIN] #2367 f431 addr=0x8001A65C ra=0x8001991C sp=0x801FFED0 a0=0x00000000
[CALL-CHAIN] #2368 f431 addr=0x8001A65C ra=0x8001991C sp=0x801FFED0 a0=0x00000000
[CALL-CHAIN] #2369 f431 addr=0x8001A65C ra=0x8001991C sp=0x801FFED0 a0=0x00000000
[CALL-CHAIN] #2370 f431 addr=0x8001A65C ra=0x8001991C sp=0x801FFED0 a0=0x00000000
[CALL-CHAIN] #2371 f432 addr=0x80019844 ra=0x80010EA4 sp=0x801FFF00 a0=0x00000000
[CALL-CHAIN] #2372 f432 addr=0x8001A65C ra=0x8001991C sp=0x801FFED0 a0=0x00000000
[CALL-CHAIN] #2373 f432 addr=0x8001A65C ra=0x8001991C sp=0x801FFED0 a0=0x00000000
[CALL-CHAIN] #2374 f432 addr=0x8001A65C ra=0x8001991C sp=0x801FFED0 a0=0x00000000
[CALL-CHAIN] #2375 f432 addr=0x8001A65C ra=0x8001991C sp=0x801FFED0 a0=0x00000000
[CALL-CHAIN] #2376 f433 addr=0x80019844 ra=0x80010EA4 sp=0x801FFF00 a0=0x00000000
[CALL-CHAIN] #2377 f433 addr=0x8001A65C ra=0x8001991C sp=0x801FFED0 a0=0x00000000
[CALL-CHAIN] #2378 f433 addr=0x8001A65C ra=0x8001991C sp=0x801FFED0 a0=0x00000000
[CALL-CHAIN] #2379 f433 addr=0x8001A65C ra=0x8001991C sp=0x801FFED0 a0=0x00000000
[CALL-CHAIN] #2380 f433 addr=0x8001A65C ra=0x8001991C sp=0x801FFED0 a0=0x00000000
[CALL-CHAIN] #2381 f434 addr=0x80019844 ra=0x80010EA4 sp=0x801FFF00 a0=0x00000000
[CALL-CHAIN] #2382 f434 addr=0x8001A65C ra=0x8001991C sp=0x801FFED0 a0=0x00000000
[CALL-CHAIN] #2383 f434 addr=0x8001A65C ra=0x8001991C sp=0x801FFED0 a0=0x00000000
[CALL-CHAIN] #2384 f434 addr=0x8001A65C ra=0x8001991C sp=0x801FFED0 a0=0x00000000
[CALL-CHAIN] #2385 f434 addr=0x8001A65C ra=0x8001991C sp=0x801FFED0 a0=0x00000000
[CALL-CHAIN] #2386 f435 addr=0x80019844 ra=0x80010EA4 sp=0x801FFF00 a0=0x00000000
[CALL-CHAIN] #2387 f435 addr=0x8001A65C ra=0x8001991C sp=0x801FFED0 a0=0x00000000
[CALL-CHAIN] #2388 f435 addr=0x8001A65C ra=0x8001991C sp=0x801FFED0 a0=0x00000000
[CALL-CHAIN] #2389 f435 addr=0x8001A65C ra=0x8001991C sp=0x801FFED0 a0=0x00000000
[CALL-CHAIN] #2390 f435 addr=0x8001A65C ra=0x8001991C sp=0x801FFED0 a0=0x00000000
[CALL-CHAIN] #2391 f436 addr=0x80019844 ra=0x80010EA4 sp=0x801FFF00 a0=0x00000000
[CALL-CHAIN] #2392 f436 addr=0x8001A65C ra=0x8001991C sp=0x801FFED0 a0=0x00000000
[CALL-CHAIN] #2393 f436 addr=0x8001A65C ra=0x8001991C sp=0x801FFED0 a0=0x00000000
[CALL-CHAIN] #2394 f436 addr=0x8001A65C ra=0x8001991C sp=0x801FFED0 a0=0x00000000
[CALL-CHAIN] #2395 f436 addr=0x8001A65C ra=0x8001991C sp=0x801FFED0 a0=0x00000000
[CALL-CHAIN] #2396 f437 addr=0x80019844 ra=0x80010EA4 sp=0x801FFF00 a0=0x00000000
[CALL-CHAIN] #2397 f437 addr=0x8001A65C ra=0x8001991C sp=0x801FFED0 a0=0x00000000
[CALL-CHAIN] #2398 f437 addr=0x8001A65C ra=0x8001991C sp=0x801FFED0 a0=0x00000000
[CALL-CHAIN] #2399 f437 addr=0x8001A65C ra=0x8001991C sp=0x801FFED0 a0=0x00000000
[CALL-CHAIN] #2400 f437 addr=0x8001A65C ra=0x8001991C sp=0x801FFED0 a0=0x00000000
[CALL-CHAIN] #2401 f438 addr=0x80019844 ra=0x80010EA4 sp=0x801FFF00 a0=0x00000000
[CALL-CHAIN] #2402 f438 addr=0x8001A65C ra=0x8001991C sp=0x801FFED0 a0=0x00000000
[CALL-CHAIN] #2403 f438 addr=0x8001A65C ra=0x8001991C sp=0x801FFED0 a0=0x00000000
[CALL-CHAIN] #2404 f438 addr=0x8001A65C ra=0x8001991C sp=0x801FFED0 a0=0x00000000
[CALL-CHAIN] #2405 f438 addr=0x8001A65C ra=0x8001991C sp=0x801FFED0 a0=0x00000000
[CALL-CHAIN] #2406 f439 addr=0x80019844 ra=0x80010EA4 sp=0x801FFF00 a0=0x00000000
[CALL-CHAIN] #2407 f439 addr=0x8001A65C ra=0x8001991C sp=0x801FFED0 a0=0x00000000
[CALL-CHAIN] #2408 f439 addr=0x8001A65C ra=0x8001991C sp=0x801FFED0 a0=0x00000000
[CALL-CHAIN] #2409 f439 addr=0x8001A65C ra=0x8001991C sp=0x801FFED0 a0=0x00000000
[CALL-CHAIN] #2410 f439 addr=0x8001A65C ra=0x8001991C sp=0x801FFED0 a0=0x00000000
[CALL-CHAIN] #2411 f440 addr=0x80019844 ra=0x80010EA4 sp=0x801FFF00 a0=0x00000000
[CALL-CHAIN] #2412 f440 addr=0x8001A65C ra=0x8001991C sp=0x801FFED0 a0=0x00000000
[CALL-CHAIN] #2413 f440 addr=0x8001A65C ra=0x8001991C sp=0x801FFED0 a0=0x00000000
[CALL-CHAIN] #2414 f440 addr=0x8001A65C ra=0x8001991C sp=0x801FFED0 a0=0x00000000
[CALL-CHAIN] #2415 f440 addr=0x8001A65C ra=0x8001991C sp=0x801FFED0 a0=0x00000000
[CALL-CHAIN] #2416 f441 addr=0x80019844 ra=0x80010EA4 sp=0x801FFF00 a0=0x00000000
[CALL-CHAIN] #2417 f441 addr=0x8001A65C ra=0x8001991C sp=0x801FFED0 a0=0x00000000
[CALL-CHAIN] #2418 f441 addr=0x8001A65C ra=0x8001991C sp=0x801FFED0 a0=0x00000000
[CALL-CHAIN] #2419 f441 addr=0x8001A65C ra=0x8001991C sp=0x801FFED0 a0=0x00000000
[CALL-CHAIN] #2420 f441 addr=0x8001A65C ra=0x8001991C sp=0x801FFED0 a0=0x00000000
[CALL-CHAIN] #2421 f442 addr=0x80019844 ra=0x80010EA4 sp=0x801FFF00 a0=0x00000000
[CALL-CHAIN] #2422 f442 addr=0x8001A65C ra=0x8001991C sp=0x801FFED0 a0=0x00000000
[CALL-CHAIN] #2423 f442 addr=0x8001A65C ra=0x8001991C sp=0x801FFED0 a0=0x00000000
[CALL-CHAIN] #2424 f442 addr=0x8001A65C ra=0x8001991C sp=0x801FFED0 a0=0x00000000
[CALL-CHAIN] #2425 f442 addr=0x8001A65C ra=0x8001991C sp=0x801FFED0 a0=0x00000000
[CALL-CHAIN] #2426 f443 addr=0x80019844 ra=0x80010EA4 sp=0x801FFF00 a0=0x00000000
[CALL-CHAIN] #2427 f443 addr=0x8001A65C ra=0x8001991C sp=0x801FFED0 a0=0x00000000
[CALL-CHAIN] #2428 f443 addr=0x8001A65C ra=0x8001991C sp=0x801FFED0 a0=0x00000000
[CALL-CHAIN] #2429 f443 addr=0x8001A65C ra=0x8001991C sp=0x801FFED0 a0=0x00000000
[CALL-CHAIN] #2430 f443 addr=0x8001A65C ra=0x8001991C sp=0x801FFED0 a0=0x00000000
[CALL-CHAIN] #2431 f444 addr=0x80019844 ra=0x80010EA4 sp=0x801FFF00 a0=0x00000000
[CALL-CHAIN] #2432 f444 addr=0x8001A65C ra=0x8001991C sp=0x801FFED0 a0=0x00000000
[CALL-CHAIN] #2433 f444 addr=0x8001A65C ra=0x8001991C sp=0x801FFED0 a0=0x00000000
[CALL-CHAIN] #2434 f444 addr=0x8001A65C ra=0x8001991C sp=0x801FFED0 a0=0x00000000
[CALL-CHAIN] #2435 f444 addr=0x8001A65C ra=0x8001991C sp=0x801FFED0 a0=0x00000000
[CALL-CHAIN] #2436 f445 addr=0x80019844 ra=0x80010EA4 sp=0x801FFF00 a0=0x00000000
[CALL-CHAIN] #2437 f445 addr=0x8001A65C ra=0x8001991C sp=0x801FFED0 a0=0x00000000
[CALL-CHAIN] #2438 f445 addr=0x8001A65C ra=0x8001991C sp=0x801FFED0 a0=0x00000000
[CALL-CHAIN] #2439 f445 addr=0x8001A65C ra=0x8001991C sp=0x801FFED0 a0=0x00000000
[CALL-CHAIN] #2440 f445 addr=0x8001A65C ra=0x8001991C sp=0x801FFED0 a0=0x00000000
[CALL-CHAIN] #2441 f446 addr=0x80019844 ra=0x80010EA4 sp=0x801FFF00 a0=0x00000000
[CALL-CHAIN] #2442 f446 addr=0x8001A65C ra=0x8001991C sp=0x801FFED0 a0=0x00000000
[CALL-CHAIN] #2443 f446 addr=0x8001A65C ra=0x8001991C sp=0x801FFED0 a0=0x00000000
[CALL-CHAIN] #2444 f446 addr=0x8001A65C ra=0x8001991C sp=0x801FFED0 a0=0x00000000
[CALL-CHAIN] #2445 f446 addr=0x8001A65C ra=0x8001991C sp=0x801FFED0 a0=0x00000000
[CALL-CHAIN] #2446 f447 addr=0x80019844 ra=0x80010EA4 sp=0x801FFF00 a0=0x00000000
[CALL-CHAIN] #2447 f447 addr=0x8001A65C ra=0x8001991C sp=0x801FFED0 a0=0x00000000
[CALL-CHAIN] #2448 f447 addr=0x8001A65C ra=0x8001991C sp=0x801FFED0 a0=0x00000000
[CALL-CHAIN] #2449 f447 addr=0x8001A65C ra=0x8001991C sp=0x801FFED0 a0=0x00000000
[CALL-CHAIN] #2450 f447 addr=0x8001A65C ra=0x8001991C sp=0x801FFED0 a0=0x00000000
[CALL-CHAIN] #2451 f448 addr=0x80019844 ra=0x80010EA4 sp=0x801FFF00 a0=0x00000000
[CALL-CHAIN] #2452 f448 addr=0x8001A65C ra=0x8001991C sp=0x801FFED0 a0=0x00000000
[CALL-CHAIN] #2453 f448 addr=0x8001A65C ra=0x8001991C sp=0x801FFED0 a0=0x00000000
[CALL-CHAIN] #2454 f448 addr=0x8001A65C ra=0x8001991C sp=0x801FFED0 a0=0x00000000
[CALL-CHAIN] #2455 f448 addr=0x8001A65C ra=0x8001991C sp=0x801FFED0 a0=0x00000000
[CALL-CHAIN] #2456 f449 addr=0x80019844 ra=0x80010EA4 sp=0x801FFF00 a0=0x00000000
[CALL-CHAIN] #2457 f449 addr=0x8001A65C ra=0x8001991C sp=0x801FFED0 a0=0x00000000
[CALL-CHAIN] #2458 f449 addr=0x8001A65C ra=0x8001991C sp=0x801FFED0 a0=0x00000000
[CALL-CHAIN] #2459 f449 addr=0x8001A65C ra=0x8001991C sp=0x801FFED0 a0=0x00000000
[CALL-CHAIN] #2460 f449 addr=0x8001A65C ra=0x8001991C sp=0x801FFED0 a0=0x00000000
[CALL-CHAIN] #2461 f450 addr=0x80019844 ra=0x80010EA4 sp=0x801FFF00 a0=0x00000000
[CALL-CHAIN] #2462 f450 addr=0x8001A65C ra=0x8001991C sp=0x801FFED0 a0=0x00000000
[CALL-CHAIN] #2463 f450 addr=0x8001A65C ra=0x8001991C sp=0x801FFED0 a0=0x00000000
[CALL-CHAIN] #2464 f450 addr=0x8001A65C ra=0x8001991C sp=0x801FFED0 a0=0x00000000
[CALL-CHAIN] #2465 f450 addr=0x8001A65C ra=0x8001991C sp=0x801FFED0 a0=0x00000000
[CALL-CHAIN] #2466 f451 addr=0x80019844 ra=0x80010EA4 sp=0x801FFF00 a0=0x00000000
[CALL-CHAIN] #2467 f451 addr=0x8001A65C ra=0x8001991C sp=0x801FFED0 a0=0x00000000
[CALL-CHAIN] #2468 f451 addr=0x8001A65C ra=0x8001991C sp=0x801FFED0 a0=0x00000000
[CALL-CHAIN] #2469 f451 addr=0x8001A65C ra=0x8001991C sp=0x801FFED0 a0=0x00000000
[CALL-CHAIN] #2470 f451 addr=0x8001A65C ra=0x8001991C sp=0x801FFED0 a0=0x00000000
[CALL-CHAIN] #2471 f452 addr=0x80019844 ra=0x80010EA4 sp=0x801FFF00 a0=0x00000000
[CALL-CHAIN] #2472 f452 addr=0x8001A65C ra=0x8001991C sp=0x801FFED0 a0=0x00000000
[CALL-CHAIN] #2473 f452 addr=0x8001A65C ra=0x8001991C sp=0x801FFED0 a0=0x00000000
[CALL-CHAIN] #2474 f452 addr=0x8001A65C ra=0x8001991C sp=0x801FFED0 a0=0x00000000
[CALL-CHAIN] #2475 f452 addr=0x8001A65C ra=0x8001991C sp=0x801FFED0 a0=0x00000000
[CALL-CHAIN] #2476 f453 addr=0x80019844 ra=0x80010EA4 sp=0x801FFF00 a0=0x00000000
[CALL-CHAIN] #2477 f453 addr=0x8001A65C ra=0x8001991C sp=0x801FFED0 a0=0x00000000
[CALL-CHAIN] #2478 f453 addr=0x8001A65C ra=0x8001991C sp=0x801FFED0 a0=0x00000000
[CALL-CHAIN] #2479 f453 addr=0x8001A65C ra=0x8001991C sp=0x801FFED0 a0=0x00000000
[CALL-CHAIN] #2480 f453 addr=0x8001A65C ra=0x8001991C sp=0x801FFED0 a0=0x00000000
[CALL-CHAIN] #2481 f454 addr=0x80019844 ra=0x80010EA4 sp=0x801FFF00 a0=0x00000000
[CALL-CHAIN] #2482 f454 addr=0x8001A65C ra=0x8001991C sp=0x801FFED0 a0=0x00000000
[CALL-CHAIN] #2483 f454 addr=0x8001A65C ra=0x8001991C sp=0x801FFED0 a0=0x00000000
[CALL-CHAIN] #2484 f454 addr=0x8001A65C ra=0x8001991C sp=0x801FFED0 a0=0x00000000
[CALL-CHAIN] #2485 f454 addr=0x8001A65C ra=0x8001991C sp=0x801FFED0 a0=0x00000000
[CALL-CHAIN] #2486 f455 addr=0x80019844 ra=0x80010EA4 sp=0x801FFF00 a0=0x00000000
[CALL-CHAIN] #2487 f455 addr=0x8001A65C ra=0x8001991C sp=0x801FFED0 a0=0x00000000
[CALL-CHAIN] #2488 f455 addr=0x8001A65C ra=0x8001991C sp=0x801FFED0 a0=0x00000000
[CALL-CHAIN] #2489 f455 addr=0x8001A65C ra=0x8001991C sp=0x801FFED0 a0=0x00000000
[CALL-CHAIN] #2490 f455 addr=0x8001A65C ra=0x8001991C sp=0x801FFED0 a0=0x00000000
[CALL-CHAIN] #2491 f456 addr=0x80019844 ra=0x80010EA4 sp=0x801FFF00 a0=0x00000000
[CALL-CHAIN] #2492 f456 addr=0x8001A65C ra=0x8001991C sp=0x801FFED0 a0=0x00000000
[CALL-CHAIN] #2493 f456 addr=0x8001A65C ra=0x8001991C sp=0x801FFED0 a0=0x00000000
[CALL-CHAIN] #2494 f456 addr=0x8001A65C ra=0x8001991C sp=0x801FFED0 a0=0x00000000
[CALL-CHAIN] #2495 f456 addr=0x8001A65C ra=0x8001991C sp=0x801FFED0 a0=0x00000000
[CALL-CHAIN] #2496 f457 addr=0x80019844 ra=0x80010EA4 sp=0x801FFF00 a0=0x00000000
[CALL-CHAIN] #2497 f457 addr=0x8001A65C ra=0x8001991C sp=0x801FFED0 a0=0x00000000
[CALL-CHAIN] #2498 f457 addr=0x8001A65C ra=0x8001991C sp=0x801FFED0 a0=0x00000000
[CALL-CHAIN] #2499 f457 addr=0x8001A65C ra=0x8001991C sp=0x801FFED0 a0=0x00000000
[CALL-CHAIN] #2500 f457 addr=0x8001A65C ra=0x8001991C sp=0x801FFED0 a0=0x00000000
[CALL-CHAIN] #2501 f458 addr=0x80019844 ra=0x80010EA4 sp=0x801FFF00 a0=0x00000000
[CALL-CHAIN] #2502 f458 addr=0x8001A65C ra=0x8001991C sp=0x801FFED0 a0=0x00000000
[CALL-CHAIN] #2503 f458 addr=0x8001A65C ra=0x8001991C sp=0x801FFED0 a0=0x00000000
[CALL-CHAIN] #2504 f458 addr=0x8001A65C ra=0x8001991C sp=0x801FFED0 a0=0x00000000
[CALL-CHAIN] #2505 f458 addr=0x8001A65C ra=0x8001991C sp=0x801FFED0 a0=0x00000000
[CALL-CHAIN] #2506 f459 addr=0x80019844 ra=0x80010EA4 sp=0x801FFF00 a0=0x00000000
[CALL-CHAIN] #2507 f459 addr=0x8001A65C ra=0x8001991C sp=0x801FFED0 a0=0x00000000
[CALL-CHAIN] #2508 f459 addr=0x8001A65C ra=0x8001991C sp=0x801FFED0 a0=0x00000000
[CALL-CHAIN] #2509 f459 addr=0x8001A65C ra=0x8001991C sp=0x801FFED0 a0=0x00000000
[CALL-CHAIN] #2510 f459 addr=0x8001A65C ra=0x8001991C sp=0x801FFED0 a0=0x00000000
[CALL-CHAIN] #2511 f460 addr=0x80019844 ra=0x80010EA4 sp=0x801FFF00 a0=0x00000000
[CALL-CHAIN] #2512 f460 addr=0x8001A65C ra=0x8001991C sp=0x801FFED0 a0=0x00000000
[CALL-CHAIN] #2513 f460 addr=0x8001A65C ra=0x8001991C sp=0x801FFED0 a0=0x00000000
[CALL-CHAIN] #2514 f460 addr=0x8001A65C ra=0x8001991C sp=0x801FFED0 a0=0x00000000
[CALL-CHAIN] #2515 f460 addr=0x8001A65C ra=0x8001991C sp=0x801FFED0 a0=0x00000000
[CALL-CHAIN] #2516 f461 addr=0x80019844 ra=0x80010EA4 sp=0x801FFF00 a0=0x00000000
[CALL-CHAIN] #2517 f461 addr=0x8001A65C ra=0x8001991C sp=0x801FFED0 a0=0x00000000
[CALL-CHAIN] #2518 f461 addr=0x8001A65C ra=0x8001991C sp=0x801FFED0 a0=0x00000000
[CALL-CHAIN] #2519 f461 addr=0x8001A65C ra=0x8001991C sp=0x801FFED0 a0=0x00000000
[CALL-CHAIN] #2520 f461 addr=0x8001A65C ra=0x8001991C sp=0x801FFED0 a0=0x00000000
[CALL-CHAIN] #2521 f462 addr=0x80019844 ra=0x80010EA4 sp=0x801FFF00 a0=0x00000000
[CALL-CHAIN] #2522 f462 addr=0x8001A65C ra=0x8001991C sp=0x801FFED0 a0=0x00000000
[CALL-CHAIN] #2523 f462 addr=0x8001A65C ra=0x8001991C sp=0x801FFED0 a0=0x00000000
[CALL-CHAIN] #2524 f462 addr=0x8001A65C ra=0x8001991C sp=0x801FFED0 a0=0x00000000
[CALL-CHAIN] #2525 f462 addr=0x8001A65C ra=0x8001991C sp=0x801FFED0 a0=0x00000000
[CALL-CHAIN] #2526 f463 addr=0x80019844 ra=0x80010EA4 sp=0x801FFF00 a0=0x00000000
[CALL-CHAIN] #2527 f463 addr=0x8001A65C ra=0x8001991C sp=0x801FFED0 a0=0x00000000
[CALL-CHAIN] #2528 f463 addr=0x8001A65C ra=0x8001991C sp=0x801FFED0 a0=0x00000000
[CALL-CHAIN] #2529 f463 addr=0x8001A65C ra=0x8001991C sp=0x801FFED0 a0=0x00000000
[CALL-CHAIN] #2530 f463 addr=0x8001A65C ra=0x8001991C sp=0x801FFED0 a0=0x00000000
[CALL-CHAIN] #2531 f464 addr=0x80019844 ra=0x80010EA4 sp=0x801FFF00 a0=0x00000000
[CALL-CHAIN] #2532 f464 addr=0x8001A65C ra=0x8001991C sp=0x801FFED0 a0=0x00000000
[CALL-CHAIN] #2533 f464 addr=0x8001A65C ra=0x8001991C sp=0x801FFED0 a0=0x00000000
[CALL-CHAIN] #2534 f464 addr=0x8001A65C ra=0x8001991C sp=0x801FFED0 a0=0x00000000
[CALL-CHAIN] #2535 f464 addr=0x8001A65C ra=0x8001991C sp=0x801FFED0 a0=0x00000000
[CALL-CHAIN] #2536 f465 addr=0x80019844 ra=0x80010EA4 sp=0x801FFF00 a0=0x00000000
[CALL-CHAIN] #2537 f465 addr=0x8001A65C ra=0x8001991C sp=0x801FFED0 a0=0x00000000
[CALL-CHAIN] #2538 f465 addr=0x8001A65C ra=0x8001991C sp=0x801FFED0 a0=0x00000000
[CALL-CHAIN] #2539 f465 addr=0x8001A65C ra=0x8001991C sp=0x801FFED0 a0=0x00000000
[CALL-CHAIN] #2540 f465 addr=0x8001A65C ra=0x8001991C sp=0x801FFED0 a0=0x00000000
[CALL-CHAIN] #2541 f466 addr=0x80019844 ra=0x80010EA4 sp=0x801FFF00 a0=0x00000000
[CALL-CHAIN] #2542 f466 addr=0x8001A65C ra=0x8001991C sp=0x801FFED0 a0=0x00000000
[CALL-CHAIN] #2543 f466 addr=0x8001A65C ra=0x8001991C sp=0x801FFED0 a0=0x00000000
[CALL-CHAIN] #2544 f466 addr=0x8001A65C ra=0x8001991C sp=0x801FFED0 a0=0x00000000
[CALL-CHAIN] #2545 f466 addr=0x8001A65C ra=0x8001991C sp=0x801FFED0 a0=0x00000000
[CALL-CHAIN] #2546 f467 addr=0x80019844 ra=0x80010EA4 sp=0x801FFF00 a0=0x00000000
[CALL-CHAIN] #2547 f467 addr=0x8001A65C ra=0x8001991C sp=0x801FFED0 a0=0x00000000
[CALL-CHAIN] #2548 f467 addr=0x8001A65C ra=0x8001991C sp=0x801FFED0 a0=0x00000000
[CALL-CHAIN] #2549 f467 addr=0x8001A65C ra=0x8001991C sp=0x801FFED0 a0=0x00000000
[CALL-CHAIN] #2550 f467 addr=0x8001A65C ra=0x8001991C sp=0x801FFED0 a0=0x00000000
[CALL-CHAIN] #2551 f468 addr=0x80019844 ra=0x80010EA4 sp=0x801FFF00 a0=0x00000000
[CALL-CHAIN] #2552 f468 addr=0x8001A65C ra=0x8001991C sp=0x801FFED0 a0=0x00000000
[CALL-CHAIN] #2553 f468 addr=0x8001A65C ra=0x8001991C sp=0x801FFED0 a0=0x00000000
[CALL-CHAIN] #2554 f468 addr=0x8001A65C ra=0x8001991C sp=0x801FFED0 a0=0x00000000
[CALL-CHAIN] #2555 f468 addr=0x8001A65C ra=0x8001991C sp=0x801FFED0 a0=0x00000000
[CALL-CHAIN] #2556 f469 addr=0x80019844 ra=0x80010EA4 sp=0x801FFF00 a0=0x00000000
[CALL-CHAIN] #2557 f469 addr=0x8001A65C ra=0x8001991C sp=0x801FFED0 a0=0x00000000
[CALL-CHAIN] #2558 f469 addr=0x8001A65C ra=0x8001991C sp=0x801FFED0 a0=0x00000000
[CALL-CHAIN] #2559 f469 addr=0x8001A65C ra=0x8001991C sp=0x801FFED0 a0=0x00000000
[CALL-CHAIN] #2560 f469 addr=0x8001A65C ra=0x8001991C sp=0x801FFED0 a0=0x00000000
[CALL-CHAIN] #2561 f470 addr=0x80019844 ra=0x80010EA4 sp=0x801FFF00 a0=0x00000000
[CALL-CHAIN] #2562 f470 addr=0x8001A65C ra=0x8001991C sp=0x801FFED0 a0=0x00000000
[CALL-CHAIN] #2563 f470 addr=0x8001A65C ra=0x8001991C sp=0x801FFED0 a0=0x00000000
[CALL-CHAIN] #2564 f470 addr=0x8001A65C ra=0x8001991C sp=0x801FFED0 a0=0x00000000
[CALL-CHAIN] #2565 f470 addr=0x8001A65C ra=0x8001991C sp=0x801FFED0 a0=0x00000000
[CALL-CHAIN] #2566 f471 addr=0x80019844 ra=0x80010EA4 sp=0x801FFF00 a0=0x00000000
[CALL-CHAIN] #2567 f471 addr=0x8001A65C ra=0x8001991C sp=0x801FFED0 a0=0x00000000
[CALL-CHAIN] #2568 f471 addr=0x8001A65C ra=0x8001991C sp=0x801FFED0 a0=0x00000000
[CALL-CHAIN] #2569 f471 addr=0x8001A65C ra=0x8001991C sp=0x801FFED0 a0=0x00000000
[CALL-CHAIN] #2570 f471 addr=0x8001A65C ra=0x8001991C sp=0x801FFED0 a0=0x00000000
[CALL-CHAIN] #2571 f472 addr=0x80019844 ra=0x80010EA4 sp=0x801FFF00 a0=0x00000000
[CALL-CHAIN] #2572 f472 addr=0x8001A65C ra=0x8001991C sp=0x801FFED0 a0=0x00000000
[CALL-CHAIN] #2573 f472 addr=0x8001A65C ra=0x8001991C sp=0x801FFED0 a0=0x00000000
[CALL-CHAIN] #2574 f472 addr=0x8001A65C ra=0x8001991C sp=0x801FFED0 a0=0x00000000
[CALL-CHAIN] #2575 f472 addr=0x8001A65C ra=0x8001991C sp=0x801FFED0 a0=0x00000000
[CALL-CHAIN] #2576 f473 addr=0x80019844 ra=0x80010EA4 sp=0x801FFF00 a0=0x00000000
[CALL-CHAIN] #2577 f473 addr=0x8001A65C ra=0x8001991C sp=0x801FFED0 a0=0x00000000
[CALL-CHAIN] #2578 f473 addr=0x8001A65C ra=0x8001991C sp=0x801FFED0 a0=0x00000000
[CALL-CHAIN] #2579 f473 addr=0x8001A65C ra=0x8001991C sp=0x801FFED0 a0=0x00000000
[CALL-CHAIN] #2580 f473 addr=0x8001A65C ra=0x8001991C sp=0x801FFED0 a0=0x00000000
[CALL-CHAIN] #2581 f474 addr=0x80019844 ra=0x80010EA4 sp=0x801FFF00 a0=0x00000000
[CALL-CHAIN] #2582 f474 addr=0x8001A65C ra=0x8001991C sp=0x801FFED0 a0=0x00000000
[CALL-CHAIN] #2583 f474 addr=0x8001A65C ra=0x8001991C sp=0x801FFED0 a0=0x00000000
[CALL-CHAIN] #2584 f474 addr=0x8001A65C ra=0x8001991C sp=0x801FFED0 a0=0x00000000
[CALL-CHAIN] #2585 f474 addr=0x8001A65C ra=0x8001991C sp=0x801FFED0 a0=0x00000000
[CALL-CHAIN] #2586 f475 addr=0x80019844 ra=0x80010EA4 sp=0x801FFF00 a0=0x00000000
[CALL-CHAIN] #2587 f475 addr=0x8001A65C ra=0x8001991C sp=0x801FFED0 a0=0x00000000
[CALL-CHAIN] #2588 f475 addr=0x8001A65C ra=0x8001991C sp=0x801FFED0 a0=0x00000000
[CALL-CHAIN] #2589 f475 addr=0x8001A65C ra=0x8001991C sp=0x801FFED0 a0=0x00000000
[CALL-CHAIN] #2590 f475 addr=0x8001A65C ra=0x8001991C sp=0x801FFED0 a0=0x00000000
[CALL-CHAIN] #2591 f476 addr=0x80019844 ra=0x80010EA4 sp=0x801FFF00 a0=0x00000000
[CALL-CHAIN] #2592 f476 addr=0x8001A65C ra=0x8001991C sp=0x801FFED0 a0=0x00000000
[CALL-CHAIN] #2593 f476 addr=0x8001A65C ra=0x8001991C sp=0x801FFED0 a0=0x00000000
[CALL-CHAIN] #2594 f476 addr=0x8001A65C ra=0x8001991C sp=0x801FFED0 a0=0x00000000
[CALL-CHAIN] #2595 f476 addr=0x8001A65C ra=0x8001991C sp=0x801FFED0 a0=0x00000000
[CALL-CHAIN] #2596 f477 addr=0x80019844 ra=0x80010EA4 sp=0x801FFF00 a0=0x00000000
[CALL-CHAIN] #2597 f477 addr=0x8001A65C ra=0x8001991C sp=0x801FFED0 a0=0x00000000
[CALL-CHAIN] #2598 f477 addr=0x8001A65C ra=0x8001991C sp=0x801FFED0 a0=0x00000000
[CALL-CHAIN] #2599 f477 addr=0x8001A65C ra=0x8001991C sp=0x801FFED0 a0=0x00000000
[CALL-CHAIN] #2600 f477 addr=0x8001A65C ra=0x8001991C sp=0x801FFED0 a0=0x00000000
[CALL-CHAIN] #2601 f478 addr=0x80019844 ra=0x80010EA4 sp=0x801FFF00 a0=0x00000000
[CALL-CHAIN] #2602 f478 addr=0x8001A65C ra=0x8001991C sp=0x801FFED0 a0=0x00000000
[CALL-CHAIN] #2603 f478 addr=0x8001A65C ra=0x8001991C sp=0x801FFED0 a0=0x00000000
[CALL-CHAIN] #2604 f478 addr=0x8001A65C ra=0x8001991C sp=0x801FFED0 a0=0x00000000
[CALL-CHAIN] #2605 f478 addr=0x8001A65C ra=0x8001991C sp=0x801FFED0 a0=0x00000000
[CALL-CHAIN] #2606 f479 addr=0x80019844 ra=0x80010EA4 sp=0x801FFF00 a0=0x00000000
[CALL-CHAIN] #2607 f479 addr=0x8001A65C ra=0x8001991C sp=0x801FFED0 a0=0x00000000
[CALL-CHAIN] #2608 f479 addr=0x8001A65C ra=0x8001991C sp=0x801FFED0 a0=0x00000000
[CALL-CHAIN] #2609 f479 addr=0x8001A65C ra=0x8001991C sp=0x801FFED0 a0=0x00000000
[CALL-CHAIN] #2610 f479 addr=0x8001A65C ra=0x8001991C sp=0x801FFED0 a0=0x00000000
[frame 480]
[CALL-CHAIN] #2611 f480 addr=0x80019844 ra=0x80010EA4 sp=0x801FFF00 a0=0x00000000
[CALL-CHAIN] #2612 f480 addr=0x8001A65C ra=0x8001991C sp=0x801FFED0 a0=0x00000000
[CALL-CHAIN] #2613 f480 addr=0x8001A65C ra=0x8001991C sp=0x801FFED0 a0=0x00000000
[CALL-CHAIN] #2614 f480 addr=0x8001A65C ra=0x8001991C sp=0x801FFED0 a0=0x00000000
[CALL-CHAIN] #2615 f480 addr=0x8001A65C ra=0x8001991C sp=0x801FFED0 a0=0x00000000
[CALL-CHAIN] #2616 f481 addr=0x80019844 ra=0x80010EA4 sp=0x801FFF00 a0=0x00000000
[CALL-CHAIN] #2617 f481 addr=0x8001A65C ra=0x8001991C sp=0x801FFED0 a0=0x00000000
[CALL-CHAIN] #2618 f481 addr=0x8001A65C ra=0x8001991C sp=0x801FFED0 a0=0x00000000
[CALL-CHAIN] #2619 f481 addr=0x8001A65C ra=0x8001991C sp=0x801FFED0 a0=0x00000000
[CALL-CHAIN] #2620 f481 addr=0x8001A65C ra=0x8001991C sp=0x801FFED0 a0=0x00000000
[CALL-CHAIN] #2621 f482 addr=0x80019844 ra=0x80010EA4 sp=0x801FFF00 a0=0x00000000
[CALL-CHAIN] #2622 f482 addr=0x8001A65C ra=0x8001991C sp=0x801FFED0 a0=0x00000000
[CALL-CHAIN] #2623 f482 addr=0x8001A65C ra=0x8001991C sp=0x801FFED0 a0=0x00000000
[CALL-CHAIN] #2624 f482 addr=0x8001A65C ra=0x8001991C sp=0x801FFED0 a0=0x00000000
[CALL-CHAIN] #2625 f482 addr=0x8001A65C ra=0x8001991C sp=0x801FFED0 a0=0x00000000
[CALL-CHAIN] #2626 f483 addr=0x80019844 ra=0x80010EA4 sp=0x801FFF00 a0=0x00000000
[CALL-CHAIN] #2627 f483 addr=0x8001A65C ra=0x8001991C sp=0x801FFED0 a0=0x00000000
[CALL-CHAIN] #2628 f483 addr=0x8001A65C ra=0x8001991C sp=0x801FFED0 a0=0x00000000
[CALL-CHAIN] #2629 f483 addr=0x8001A65C ra=0x8001991C sp=0x801FFED0 a0=0x00000000
[CALL-CHAIN] #2630 f483 addr=0x8001A65C ra=0x8001991C sp=0x801FFED0 a0=0x00000000
[CALL-CHAIN] #2631 f484 addr=0x80019844 ra=0x80010EA4 sp=0x801FFF00 a0=0x00000000
[CALL-CHAIN] #2632 f484 addr=0x8001A65C ra=0x8001991C sp=0x801FFED0 a0=0x00000000
[CALL-CHAIN] #2633 f484 addr=0x8001A65C ra=0x8001991C sp=0x801FFED0 a0=0x00000000
[CALL-CHAIN] #2634 f484 addr=0x8001A65C ra=0x8001991C sp=0x801FFED0 a0=0x00000000
[CALL-CHAIN] #2635 f484 addr=0x8001A65C ra=0x8001991C sp=0x801FFED0 a0=0x00000000
[CALL-CHAIN] #2636 f485 addr=0x80019844 ra=0x80010EA4 sp=0x801FFF00 a0=0x00000000
[CALL-CHAIN] #2637 f485 addr=0x8001A65C ra=0x8001991C sp=0x801FFED0 a0=0x00000000
[CALL-CHAIN] #2638 f485 addr=0x8001A65C ra=0x8001991C sp=0x801FFED0 a0=0x00000000
[CALL-CHAIN] #2639 f485 addr=0x8001A65C ra=0x8001991C sp=0x801FFED0 a0=0x00000000
[CALL-CHAIN] #2640 f485 addr=0x8001A65C ra=0x8001991C sp=0x801FFED0 a0=0x00000000
[CALL-CHAIN] #2641 f486 addr=0x80019844 ra=0x80010EA4 sp=0x801FFF00 a0=0x00000000
[CALL-CHAIN] #2642 f486 addr=0x8001A65C ra=0x8001991C sp=0x801FFED0 a0=0x00000000
[CALL-CHAIN] #2643 f486 addr=0x8001A65C ra=0x8001991C sp=0x801FFED0 a0=0x00000000
[CALL-CHAIN] #2644 f486 addr=0x8001A65C ra=0x8001991C sp=0x801FFED0 a0=0x00000000
[CALL-CHAIN] #2645 f486 addr=0x8001A65C ra=0x8001991C sp=0x801FFED0 a0=0x00000000
[CALL-CHAIN] #2646 f487 addr=0x80019844 ra=0x80010EA4 sp=0x801FFF00 a0=0x00000000
[CALL-CHAIN] #2647 f487 addr=0x8001A65C ra=0x8001991C sp=0x801FFED0 a0=0x00000000
[CALL-CHAIN] #2648 f487 addr=0x8001A65C ra=0x8001991C sp=0x801FFED0 a0=0x00000000
[CALL-CHAIN] #2649 f487 addr=0x8001A65C ra=0x8001991C sp=0x801FFED0 a0=0x00000000
[CALL-CHAIN] #2650 f487 addr=0x8001A65C ra=0x8001991C sp=0x801FFED0 a0=0x00000000
[CALL-CHAIN] #2651 f488 addr=0x80019844 ra=0x80010EA4 sp=0x801FFF00 a0=0x00000000
[CALL-CHAIN] #2652 f488 addr=0x8001A65C ra=0x8001991C sp=0x801FFED0 a0=0x00000000
[CALL-CHAIN] #2653 f488 addr=0x8001A65C ra=0x8001991C sp=0x801FFED0 a0=0x00000000
[CALL-CHAIN] #2654 f488 addr=0x8001A65C ra=0x8001991C sp=0x801FFED0 a0=0x00000000
[CALL-CHAIN] #2655 f488 addr=0x8001A65C ra=0x8001991C sp=0x801FFED0 a0=0x00000000
[CALL-CHAIN] #2656 f489 addr=0x80019844 ra=0x80010EA4 sp=0x801FFF00 a0=0x00000000
[CALL-CHAIN] #2657 f489 addr=0x8001A65C ra=0x8001991C sp=0x801FFED0 a0=0x00000000
[CALL-CHAIN] #2658 f489 addr=0x8001A65C ra=0x8001991C sp=0x801FFED0 a0=0x00000000
[CALL-CHAIN] #2659 f489 addr=0x8001A65C ra=0x8001991C sp=0x801FFED0 a0=0x00000000
[CALL-CHAIN] #2660 f489 addr=0x8001A65C ra=0x8001991C sp=0x801FFED0 a0=0x00000000
[CALL-CHAIN] #2661 f490 addr=0x80019844 ra=0x80010EA4 sp=0x801FFF00 a0=0x00000000
[CALL-CHAIN] #2662 f490 addr=0x8001A65C ra=0x8001991C sp=0x801FFED0 a0=0x00000000
[CALL-CHAIN] #2663 f490 addr=0x8001A65C ra=0x8001991C sp=0x801FFED0 a0=0x00000000
[CALL-CHAIN] #2664 f490 addr=0x8001A65C ra=0x8001991C sp=0x801FFED0 a0=0x00000000
[CALL-CHAIN] #2665 f490 addr=0x8001A65C ra=0x8001991C sp=0x801FFED0 a0=0x00000000
[CALL-CHAIN] #2666 f491 addr=0x80019844 ra=0x80010EA4 sp=0x801FFF00 a0=0x00000000
[CALL-CHAIN] #2667 f491 addr=0x8001A65C ra=0x8001991C sp=0x801FFED0 a0=0x00000000
[CALL-CHAIN] #2668 f491 addr=0x8001A65C ra=0x8001991C sp=0x801FFED0 a0=0x00000000
[CALL-CHAIN] #2669 f491 addr=0x8001A65C ra=0x8001991C sp=0x801FFED0 a0=0x00000000
[CALL-CHAIN] #2670 f491 addr=0x8001A65C ra=0x8001991C sp=0x801FFED0 a0=0x00000000
[CALL-CHAIN] #2671 f492 addr=0x80019844 ra=0x80010EA4 sp=0x801FFF00 a0=0x00000000
[CALL-CHAIN] #2672 f492 addr=0x8001A65C ra=0x8001991C sp=0x801FFED0 a0=0x00000000
[CALL-CHAIN] #2673 f492 addr=0x8001A65C ra=0x8001991C sp=0x801FFED0 a0=0x00000000
[CALL-CHAIN] #2674 f492 addr=0x8001A65C ra=0x8001991C sp=0x801FFED0 a0=0x00000000
[CALL-CHAIN] #2675 f492 addr=0x8001A65C ra=0x8001991C sp=0x801FFED0 a0=0x00000000
[CALL-CHAIN] #2676 f493 addr=0x80019844 ra=0x80010EA4 sp=0x801FFF00 a0=0x00000000
[CALL-CHAIN] #2677 f493 addr=0x8001A65C ra=0x8001991C sp=0x801FFED0 a0=0x00000000
[CALL-CHAIN] #2678 f493 addr=0x8001A65C ra=0x8001991C sp=0x801FFED0 a0=0x00000000
[CALL-CHAIN] #2679 f493 addr=0x8001A65C ra=0x8001991C sp=0x801FFED0 a0=0x00000000
[CALL-CHAIN] #2680 f493 addr=0x8001A65C ra=0x8001991C sp=0x801FFED0 a0=0x00000000
[CALL-CHAIN] #2681 f494 addr=0x80019844 ra=0x80010EA4 sp=0x801FFF00 a0=0x00000000
[CALL-CHAIN] #2682 f494 addr=0x8001A65C ra=0x8001991C sp=0x801FFED0 a0=0x00000000
[CALL-CHAIN] #2683 f494 addr=0x8001A65C ra=0x8001991C sp=0x801FFED0 a0=0x00000000
[CALL-CHAIN] #2684 f494 addr=0x8001A65C ra=0x8001991C sp=0x801FFED0 a0=0x00000000
[CALL-CHAIN] #2685 f494 addr=0x8001A65C ra=0x8001991C sp=0x801FFED0 a0=0x00000000
[CALL-CHAIN] #2686 f495 addr=0x80019844 ra=0x80010EA4 sp=0x801FFF00 a0=0x00000000
[CALL-CHAIN] #2687 f495 addr=0x8001A65C ra=0x8001991C sp=0x801FFED0 a0=0x00000000
[CALL-CHAIN] #2688 f495 addr=0x8001A65C ra=0x8001991C sp=0x801FFED0 a0=0x00000000
[CALL-CHAIN] #2689 f495 addr=0x8001A65C ra=0x8001991C sp=0x801FFED0 a0=0x00000000
[CALL-CHAIN] #2690 f495 addr=0x8001A65C ra=0x8001991C sp=0x801FFED0 a0=0x00000000
[CALL-CHAIN] #2691 f496 addr=0x80019844 ra=0x80010EA4 sp=0x801FFF00 a0=0x00000000
[CALL-CHAIN] #2692 f496 addr=0x8001A65C ra=0x8001991C sp=0x801FFED0 a0=0x00000000
[CALL-CHAIN] #2693 f496 addr=0x8001A65C ra=0x8001991C sp=0x801FFED0 a0=0x00000000
[CALL-CHAIN] #2694 f496 addr=0x8001A65C ra=0x8001991C sp=0x801FFED0 a0=0x00000000
[CALL-CHAIN] #2695 f496 addr=0x8001A65C ra=0x8001991C sp=0x801FFED0 a0=0x00000000
[CALL-CHAIN] #2696 f497 addr=0x80019844 ra=0x80010EA4 sp=0x801FFF00 a0=0x00000000
[CALL-CHAIN] #2697 f497 addr=0x8001A65C ra=0x8001991C sp=0x801FFED0 a0=0x00000000
[CALL-CHAIN] #2698 f497 addr=0x8001A65C ra=0x8001991C sp=0x801FFED0 a0=0x00000000
[CALL-CHAIN] #2699 f497 addr=0x8001A65C ra=0x8001991C sp=0x801FFED0 a0=0x00000000
[CALL-CHAIN] #2700 f497 addr=0x8001A65C ra=0x8001991C sp=0x801FFED0 a0=0x00000000
[CALL-CHAIN] #2701 f498 addr=0x80019844 ra=0x80010EA4 sp=0x801FFF00 a0=0x00000000
[CALL-CHAIN] #2702 f498 addr=0x8001A65C ra=0x8001991C sp=0x801FFED0 a0=0x00000000
[CALL-CHAIN] #2703 f498 addr=0x8001A65C ra=0x8001991C sp=0x801FFED0 a0=0x00000000
[CALL-CHAIN] #2704 f498 addr=0x8001A65C ra=0x8001991C sp=0x801FFED0 a0=0x00000000
[CALL-CHAIN] #2705 f498 addr=0x8001A65C ra=0x8001991C sp=0x801FFED0 a0=0x00000000
[CALL-CHAIN] #2706 f499 addr=0x80019844 ra=0x80010EA4 sp=0x801FFF00 a0=0x00000000
[CALL-CHAIN] #2707 f499 addr=0x8001A65C ra=0x8001991C sp=0x801FFED0 a0=0x00000000
[CALL-CHAIN] #2708 f499 addr=0x8001A65C ra=0x8001991C sp=0x801FFED0 a0=0x00000000
[CALL-CHAIN] #2709 f499 addr=0x8001A65C ra=0x8001991C sp=0x801FFED0 a0=0x00000000
[CALL-CHAIN] #2710 f499 addr=0x8001A65C ra=0x8001991C sp=0x801FFED0 a0=0x00000000
[CALL-CHAIN] #2711 f500 addr=0x80019844 ra=0x80010EA4 sp=0x801FFF00 a0=0x00000000
[CALL-CHAIN] #2712 f500 addr=0x8001A65C ra=0x8001991C sp=0x801FFED0 a0=0x00000000
[CALL-CHAIN] #2713 f500 addr=0x8001A65C ra=0x8001991C sp=0x801FFED0 a0=0x00000000
[CALL-CHAIN] #2714 f500 addr=0x8001A65C ra=0x8001991C sp=0x801FFED0 a0=0x00000000
[CALL-CHAIN] #2715 f500 addr=0x8001A65C ra=0x8001991C sp=0x801FFED0 a0=0x00000000
[CALL-CHAIN] #2716 f501 addr=0x80019844 ra=0x80010EA4 sp=0x801FFF00 a0=0x00000000
[CALL-CHAIN] #2717 f501 addr=0x8001A65C ra=0x8001991C sp=0x801FFED0 a0=0x00000000
[CALL-CHAIN] #2718 f501 addr=0x8001A65C ra=0x8001991C sp=0x801FFED0 a0=0x00000000
[CALL-CHAIN] #2719 f501 addr=0x8001A65C ra=0x8001991C sp=0x801FFED0 a0=0x00000000
[CALL-CHAIN] #2720 f501 addr=0x8001A65C ra=0x8001991C sp=0x801FFED0 a0=0x00000000
[CALL-CHAIN] #2721 f502 addr=0x80019844 ra=0x80010EA4 sp=0x801FFF00 a0=0x00000000
[CALL-CHAIN] #2722 f502 addr=0x8001A65C ra=0x8001991C sp=0x801FFED0 a0=0x00000000
[CALL-CHAIN] #2723 f502 addr=0x8001A65C ra=0x8001991C sp=0x801FFED0 a0=0x00000000
[CALL-CHAIN] #2724 f502 addr=0x8001A65C ra=0x8001991C sp=0x801FFED0 a0=0x00000000
[CALL-CHAIN] #2725 f502 addr=0x8001A65C ra=0x8001991C sp=0x801FFED0 a0=0x00000000
[CALL-CHAIN] #2726 f503 addr=0x80019844 ra=0x80010EA4 sp=0x801FFF00 a0=0x00000000
[CALL-CHAIN] #2727 f503 addr=0x8001A65C ra=0x8001991C sp=0x801FFED0 a0=0x00000000
[CALL-CHAIN] #2728 f503 addr=0x8001A65C ra=0x8001991C sp=0x801FFED0 a0=0x00000000
[CALL-CHAIN] #2729 f503 addr=0x8001A65C ra=0x8001991C sp=0x801FFED0 a0=0x00000000
[CALL-CHAIN] #2730 f503 addr=0x8001A65C ra=0x8001991C sp=0x801FFED0 a0=0x00000000
[CALL-CHAIN] #2731 f504 addr=0x80019844 ra=0x80010EA4 sp=0x801FFF00 a0=0x00000000
[CALL-CHAIN] #2732 f504 addr=0x8001A65C ra=0x8001991C sp=0x801FFED0 a0=0x00000000
[CALL-CHAIN] #2733 f504 addr=0x8001A65C ra=0x8001991C sp=0x801FFED0 a0=0x00000000
[CALL-CHAIN] #2734 f504 addr=0x8001A65C ra=0x8001991C sp=0x801FFED0 a0=0x00000000
[CALL-CHAIN] #2735 f504 addr=0x8001A65C ra=0x8001991C sp=0x801FFED0 a0=0x00000000
[CALL-CHAIN] #2736 f505 addr=0x80019844 ra=0x80010EA4 sp=0x801FFF00 a0=0x00000000
[CALL-CHAIN] #2737 f505 addr=0x8001A65C ra=0x8001991C sp=0x801FFED0 a0=0