[Launcher] Disc: C:\Users\Leona\Documents\GitHub\psxrecomp\CastlevaniaRecomp\isos\Castlevania - Symphony of the Night (USA).cue
=== PSXRecomp v2 ===
EXE: C:\Users\Leona\Documents\GitHub\psxrecomp\CastlevaniaRecomp\isos\SLUS_000.67
CUE: C:\Users\Leona\Documents\GitHub\psxrecomp\CastlevaniaRecomp\isos\Castlevania - Symphony of the Night (USA).cue

[KeyConfig] Loading from C:/Users/Leona/Documents/GitHub/psxrecomp/CastlevaniaRecomp/build/keyconfig.ini
[XA] Volume set to 50%
[KeyConfig] UP=265 DOWN=264 CROSS=83 START=257
[XA] Opened C:\Users\Leona\Documents\GitHub\psxrecomp\CastlevaniaRecomp\isos\Castlevania - Symphony of the Night (USA) (Track 1).bin
[XA] WAV capture: C:/temp/xa_capture.wav (up to 30s)
[XA] Audio ready (decode 37800 Hz → waveOut 44100 Hz)
[FMV] Opened C:\Users\Leona\Documents\GitHub\psxrecomp\CastlevaniaRecomp\isos\Castlevania - Symphony of the Night (USA) (Track 1).bin
[SPU] Initialised — 24 voices, 44100 Hz stereo
Detected PS-X header, skipping 2048 bytes
Loaded 561152 bytes
Loaded into PS1 RAM at 0x80010000
[OpenGLRenderer] Initialize() called
[OpenGLRenderer] InitializeWindow() - Creating GLFW window...
[OpenGLRenderer] GLFW window created successfully (960x720)
[OpenGLRenderer] InitializeOpenGL() - Loading OpenGL functions...
[OpenGLRenderer] OpenGL initialized successfully!
[OpenGLRenderer]   Version:  3.3.0 - Build 31.0.101.5522
[OpenGLRenderer]   Renderer: Intel(R) Iris(R) Xe Graphics
[OpenGLRenderer]   Vendor:   Intel
[OpenGLRenderer] OpenGL 3.3 Core Profile ready
[OpenGLRenderer] InitializeShaders() - Compiling shaders...
[OpenGLRenderer]   - Primitive shader compiled (program ID: 3)
[OpenGLRenderer]   - Textured shader compiled (program ID: 4)
[OpenGLRenderer]   - Fill shader compiled (program ID: 5)
[OpenGLRenderer]   - Copy shader compiled (program ID: 6)
[OpenGLRenderer] All 4 shaders compiled successfully!
[OpenGLRenderer] InitializeBuffers() - Creating VAO and VBO...
[OpenGLRenderer] VAO and VBO created (max 4096 vertices per batch)
[OpenGLRenderer] InitializeVRAM() - Creating VRAM texture and FBO...
[OpenGLRenderer] VRAM texture created (1024x512, RGB5A1, 1024 KB)
[OpenGLRenderer] VRAM FBO created and verified (complete)
[OpenGLRenderer] Initialization complete!
Renderer ready

Calling entry point 0x80010DF4...
[BLACKSCREEN][PROBE] dynamic probe enabled for 'Castlevania Recomp'
[BLACKSCREEN][CALL] enter #1 addr=0x80010DF4 kseg0=0x80010DF4 ra=0x00000000 sp=0x801FFF00 f=0
[OVERRIDE] runtime overrides: tomba=0 castlevania=1 for 'Castlevania Recomp'
[OVERRIDE] castlevania timer helper override=1 (env PSX_CASTLE_TIMER_OVERRIDE) 15308_override=1 (env PSX_CASTLE_15308_OVERRIDE)
[OVERRIDE] castlevania boot unblock override=0 (env PSX_CASTLE_BOOT_UNBLOCK)
[BLACKSCREEN][INIT] timer ptrs mode=default c2a8=0x1F801814 c2ac=0x1F801110
[BLACKSCREEN][CALL] stage=before_overlay #1 addr=0x80010DF4 ra=0x00000000 f=0
[BLACKSCREEN][CALL] stage=before_inbinary #1 addr=0x80010DF4 ra=0x00000000 f=0
[BLACKSCREEN][CALL] route=interp #1 addr=0x80010DF4 ra=0x00000000 f=0
[BLACKSCREEN][INTERP] enter start=0x80010DF4 instr0=0x03E00008 a0=0x00000000 ra=0x00000000 sp=0x801FFF00 f=0
[BLACKSCREEN][INTERP] start=0x80010DF4 end=0x80010DF4 steps=1 reason=invalid_target target=0x00000000 a0=0x00000000 ra=0x00000000 sp=0x801FFF00 f=0
Entry point returned.
[BLACKSCREEN] Manual display bootstrap disabled by env PSX_BLACKSCREEN_MANUAL_DISPLAY_ENTRY=off
[BLACKSCREEN] Entry 0x80010DF4 returned immediately; trying bootstrap entry 0x80010DFC
[BLACKSCREEN][CALL] enter #2 addr=0x80010DFC kseg0=0x80010DFC ra=0x00000000 sp=0x801FFF00 f=0
[BLACKSCREEN][CALL] stage=before_overlay #2 addr=0x80010DFC ra=0x00000000 f=0
[BLACKSCREEN][CALL] stage=before_inbinary #2 addr=0x80010DFC ra=0x00000000 f=0
[BLACKSCREEN][CALL] route=interp #2 addr=0x80010DFC ra=0x00000000 f=0
[BLACKSCREEN][INTERP] enter start=0x80010DFC instr0=0x3C028003 a0=0x00000000 ra=0x00000000 sp=0x801FFF00 f=0
[BLACKSCREEN][INTERP] enter start=0x80015138 instr0=0x240A00A0 a0=0x800988A4 ra=0x80010E90 sp=0x80200000 f=0
[BLACKSCREEN][BIOS-A0] #1 fn=0x39 a0=0x800988A4 a1=0x0015F760 a2=0x00000000 ra=0x80010E90 sp=0x80200000 f=0
[BLACKSCREEN][INTERP] start=0x80015138 end=0x8001513C steps=2 reason=bios_return target=0x000000A0 ra=0x80010E90 sp=0x80200000 f=0
[BLACKSCREEN][CALL] enter #3 addr=0x80010DF4 kseg0=0x80010DF4 ra=0x80010EC8 sp=0x801FFFE8 f=0
[BLACKSCREEN][CALL] stage=before_overlay #3 addr=0x80010DF4 ra=0x80010EC8 f=0
[BLACKSCREEN][CALL] stage=before_inbinary #3 addr=0x80010DF4 ra=0x80010EC8 f=0
[BLACKSCREEN][CALL] route=interp #3 addr=0x80010DF4 ra=0x80010EC8 f=0
[BLACKSCREEN][INTERP] enter start=0x80010DF4 instr0=0x03E00008 a0=0x00000000 ra=0x80010EC8 sp=0x801FFFE8 f=0
[BLACKSCREEN][INTERP] start=0x80010DF4 end=0x80010DF4 steps=1 reason=jr_ra target=0x80010EC8 ra=0x80010EC8 sp=0x801FFFE8 f=0
[BLACKSCREEN][INTERP] enter start=0x800154FC instr0=0x3C028003 a0=0x00000000 ra=0x80010ED0 sp=0x801FFFE8 f=0
[BLACKSCREEN][INTERP] start=0x800154FC end=0x80015524 steps=10 reason=jr_ra target=0x80010ED0 ra=0x80010ED0 sp=0x801FFFE8 f=0
[BLACKSCREEN][INTERP] enter start=0x80015138 instr0=0x240A00A0 a0=0x801F0000 ra=0x80010EDC sp=0x801FFFE8 f=0
[BLACKSCREEN][BIOS-A0] #2 fn=0x39 a0=0x801F0000 a1=0x00007800 a2=0x00000080 ra=0x80010EDC sp=0x801FFFE8 f=0
[BLACKSCREEN][INTERP] start=0x80015138 end=0x8001513C steps=2 reason=bios_return target=0x000000A0 ra=0x80010EDC sp=0x801FFFE8 f=0
[BLACKSCREEN][INTERP] enter start=0x8001930C instr0=0x27BDFFE8 a0=0x801F0000 ra=0x80010EE4 sp=0x801FFFE8 f=0
[BLACKSCREEN][INTERP] start=0x8001930C end=0x80019360 steps=17 reason=tail_to_compiled target=0x80019388 ra=0x80010EE4 sp=0x801FFFE8 f=0
[BLACKSCREEN][INTERP] enter start=0x80015188 instr0=0x240A00B0 a0=0x80010000 ra=0x80010F00 sp=0x801FFFE8 f=0
[BLACKSCREEN][BIOS-B0] #1 fn=0x32 a0=0x80010000 a1=0x00000001 a2=0x00000080 ra=0x80010F00 sp=0x801FFFE8 f=0
[MEMCARD open] bad path a0=0x80010000 flags=0x00001 path='sim:c:\bin\dra.bin'
[MEMCARD open] fallback non-bu open -> fake fd=100 path='sim:c:\bin\dra.bin' data=1153136
[BLACKSCREEN][INTERP] start=0x80015188 end=0x8001518C steps=2 reason=bios_return target=0x000000B0 ra=0x80010F00 sp=0x801FFFE8 f=0
[BLACKSCREEN][INTERP] enter start=0x800151A8 instr0=0x240A00B0 a0=0x00000064 ra=0x80010F50 sp=0x801FFFE8 f=0
[BLACKSCREEN][BIOS-B0] #2 fn=0x34 a0=0x00000064 a1=0x800A0000 a2=0x00130000 ra=0x80010F50 sp=0x801FFFE8 f=0
[MEMCARD read] fd=100 buf=0x800A0000 len=1245184 ra=0x80010F50
[BLACKSCREEN][INTERP] start=0x800151A8 end=0x800151AC steps=2 reason=bios_return target=0x000000B0 ra=0x80010F50 sp=0x801FFFE8 f=0
[BLACKSCREEN][INTERP] enter start=0x800151C8 instr0=0x240A00B0 a0=0x00000064 ra=0x80010F60 sp=0x801FFFE8 f=0
[BLACKSCREEN][BIOS-B0] #3 fn=0x36 a0=0x00000064 a1=0x800A0000 a2=0x00130000 ra=0x80010F60 sp=0x801FFFE8 f=0
[MEMCARD close] fd=100 ra=0x80010F60
[BLACKSCREEN][INTERP] start=0x800151C8 end=0x800151CC steps=2 reason=bios_return target=0x000000B0 ra=0x80010F60 sp=0x801FFFE8 f=0
[BLACKSCREEN][INTERP] enter start=0x80015188 instr0=0x240A00B0 a0=0x80010014 ra=0x80010F78 sp=0x801FFFE8 f=0
[BLACKSCREEN][BIOS-B0] #4 fn=0x32 a0=0x80010014 a1=0x00000001 a2=0x00130000 ra=0x80010F78 sp=0x801FFFE8 f=0
[MEMCARD open] bad path a0=0x80010014 flags=0x00001 path='sim:c:\bin\dra.bio'
[MEMCARD open] fallback non-bu open -> fake fd=101 path='sim:c:\bin\dra.bio' data=1153136
[BLACKSCREEN][INTERP] start=0x80015188 end=0x8001518C steps=2 reason=bios_return target=0x000000B0 ra=0x80010F78 sp=0x801FFFE8 f=0
[BLACKSCREEN][INTERP] enter start=0x80015188 instr0=0x240A00B0 a0=0x80010028 ra=0x80010FA0 sp=0x801FFFE8 f=0
[BLACKSCREEN][BIOS-B0] #5 fn=0x32 a0=0x80010028 a1=0x00000001 a2=0x00130000 ra=0x80010FA0 sp=0x801FFFE8 f=0
[MEMCARD open] bad path a0=0x80010028 flags=0x00001 path='sim:c:\bin\f_map.bin'
[MEMCARD open] fallback non-bu open -> fake fd=102 path='sim:c:\bin\f_map.bin' data=32768
[BLACKSCREEN][INTERP] start=0x80015188 end=0x8001518C steps=2 reason=bios_return target=0x000000B0 ra=0x80010FA0 sp=0x801FFFE8 f=0
[BLACKSCREEN][INTERP] enter start=0x800151A8 instr0=0x240A00B0 a0=0x00000066 ra=0x80010FBC sp=0x801FFFE8 f=0
[BLACKSCREEN][BIOS-B0] #6 fn=0x34 a0=0x00000066 a1=0x801E0000 a2=0x00008000 ra=0x80010FBC sp=0x801FFFE8 f=0
[MEMCARD read] fd=102 buf=0x801E0000 len=32768 ra=0x80010FBC
[BLACKSCREEN][INTERP] start=0x800151A8 end=0x800151AC steps=2 reason=bios_return target=0x000000B0 ra=0x80010FBC sp=0x801FFFE8 f=0
[BLACKSCREEN][INTERP] enter start=0x800151C8 instr0=0x240A00B0 a0=0x00000066 ra=0x80010FCC sp=0x801FFFE8 f=0
[BLACKSCREEN][BIOS-B0] #7 fn=0x36 a0=0x00000066 a1=0x801E0000 a2=0x00008000 ra=0x80010FCC sp=0x801FFFE8 f=0
[MEMCARD close] fd=102 ra=0x80010FCC
[BLACKSCREEN][INTERP] start=0x800151C8 end=0x800151CC steps=2 reason=bios_return target=0x000000B0 ra=0x80010FCC sp=0x801FFFE8 f=0
[BLACKSCREEN][INTERP-LOCALJ] start=0x80010DFC pc=0x80010FCC target=0x80011104 sp=0x801FFFE8 ra=0x80010FCC f=0
[BLACKSCREEN][BIOS-B0] #8 fn=0x4A a0=0x00000001 a1=0x00000002 a2=0x00008000 ra=0x800E39B4 sp=0x801FFFC0 f=0
[BLACKSCREEN][BIOS-B0] #9 fn=0x4B a0=0x00000001 a1=0x00000002 a2=0x00008000 ra=0x800E39BC sp=0x801FFFC0 f=0
[BLACKSCREEN][BIOS-A0] #3 fn=0x70 a0=0x00000001 a1=0x00000002 a2=0x00008000 ra=0x800E39C4 sp=0x801FFFC0 f=0
[BLACKSCREEN][INTERP] enter start=0x800154FC instr0=0x3C028003 a0=0x00000000 ra=0x80012484 sp=0x801FFFA8 f=0
[BLACKSCREEN][INTERP] start=0x800154FC end=0x80015524 steps=10 reason=jr_ra target=0x80012484 ra=0x80012484 sp=0x801FFFA8 f=0
[BLACKSCREEN][GPU-EVENT] #1 kind=GP1 value=0x00000000 aux0=0x00000000 aux1=0x00000000 ra=0x800124A0 sp=0x801FFF88 f=0
[BLACKSCREEN][GPU-EVENT] chain 0x80014BD8 0x80014BD8 0x80015694 0x80015694 0x800154FC 0x800154FC 0x80012434 0x80012434 0x800271D8 0x800271D8
[BLACKSCREEN][MMIO] GP1 write #1 value=0x00000000 ra=0x800124A0 sp=0x801FFF88 f=0
[BLACKSCREEN][GPU-EVENT] #2 kind=DMA2_CHCR value=0x1F801814 aux0=0x00000000 aux1=0x00000000 ra=0x800124A0 sp=0x801FFF88 f=0
[BLACKSCREEN][GPU-EVENT] chain 0x80014BD8 0x80014BD8 0x80015694 0x80015694 0x800154FC 0x800154FC 0x80012434 0x80012434 0x800271D8 0x800271D8
[BLACKSCREEN][MMIO] DMA2 CHCR #1 value=0x1F801814 sync=0 dir=0 madr=0x00000000 bcr=0x00000000 ra=0x800124A0 f=0
[BLACKSCREEN][GPU-EVENT] #3 kind=GP1 value=0x02000000 aux0=0x00000000 aux1=0x00000000 ra=0x800124A0 sp=0x801FFF88 f=0
[BLACKSCREEN][GPU-EVENT] chain 0x80014BD8 0x80014BD8 0x80015694 0x80015694 0x800154FC 0x800154FC 0x80012434 0x80012434 0x800271D8 0x800271D8
[BLACKSCREEN][MMIO] GP1 write #2 value=0x02000000 ra=0x800124A0 sp=0x801FFF88 f=0
[BLACKSCREEN][GPU-EVENT] #4 kind=GP1 value=0x01000000 aux0=0x00000000 aux1=0x00000000 ra=0x800124A0 sp=0x801FFF88 f=0
[BLACKSCREEN][GPU-EVENT] chain 0x80014BD8 0x80014BD8 0x80015694 0x80015694 0x800154FC 0x800154FC 0x80012434 0x80012434 0x800271D8 0x800271D8
[BLACKSCREEN][MMIO] GP1 write #3 value=0x01000000 ra=0x800124A0 sp=0x801FFF88 f=0
[BLACKSCREEN][GPU-EVENT] #5 kind=GP0 value=0xE1001000 aux0=0x00000000 aux1=0x00000000 ra=0x800124A0 sp=0x801FFF88 f=0
[BLACKSCREEN][GPU-EVENT] chain 0x80014BD8 0x80014BD8 0x80015694 0x80015694 0x800154FC 0x800154FC 0x80012434 0x80012434 0x800271D8 0x800271D8
[BLACKSCREEN][MMIO] GP0 write #1 value=0xE1001000 ra=0x800124A0 sp=0x801FFF88 f=0
[BLACKSCREEN][STATE-309C-FN] #1 fn=0x8002ABF4 a0=0x00000000 v0=0xFFFD850F state=0x00000000 ra=0x801326AC sp=0x801FFF90 f=0
[BLACKSCREEN][GPU-EVENT] #6 kind=STATE-309C-SETFN value=0x8002ABF4 aux0=0x00000000 aux1=0x00000000 ra=0x801326AC sp=0x801FFF90 f=0
[BLACKSCREEN][GPU-EVENT] chain 0x8002ABF4 0x8002ABF4 0x80021F6C 0x80021F6C 0x80131FA4 0x8013216C 0x801321FC 0x80132264 0x80019570 0x80019570
[BLACKSCREEN][STATE-309C-FN] #2 fn=0x8002ABF4 a0=0x00000000 v0=0xFFFD850F state=0x00000000 ra=0x801326AC sp=0x801FFF90 f=0
[BLACKSCREEN][GPU-EVENT] #7 kind=STATE-309C-SETFN value=0x8002ABF4 aux0=0x00000000 aux1=0x00000000 ra=0x801326AC sp=0x801FFF90 f=0
[BLACKSCREEN][GPU-EVENT] chain 0x8002ABF4 0x8002ABF4 0x80021F6C 0x80021F6C 0x80131FA4 0x8013216C 0x801321FC 0x80132264 0x80019570 0x80019570
[BLACKSCREEN][STATE-309C-W] #1 size=4 phys=0x0003309C old=0x00000000 new=0x00000000 ra=0x801326AC sp=0x801FFF90 pc=0x00000000 f=0
[BLACKSCREEN][CALL] enter #4 addr=0x800219E0 kseg0=0x800219E0 ra=0x800E3298 sp=0x801FFF90 f=0
[BLACKSCREEN][CALL] stage=before_overlay #4 addr=0x800219E0 ra=0x800E3298 f=0
[BLACKSCREEN][CALL] stage=before_inbinary #4 addr=0x800219E0 ra=0x800E3298 f=0
[BLACKSCREEN][CALL] route=interp #4 addr=0x800219E0 ra=0x800E3298 f=0
[BLACKSCREEN][INTERP] enter start=0x800219E0 instr0=0x27BDFFE8 a0=0x00000000 ra=0x800E3298 sp=0x801FFF90 f=0
[BLACKSCREEN][BOOT-IDLE] start=0x800219E0 step=1 pc=0x800219E0 instr=0x27BDFFE8 v0=0xFFFFFFFF a0=0x00000000 ra=0x800E3298 sp=0x801FFF90 f=0
[BLACKSCREEN][BOOT-IDLE-CALLER] #1 ra=0x800E3298 g309c=0x00000000 v0=0xFFFFFFFF a0=0x00000000 sp=0x801FFF90 f=0
[BLACKSCREEN][BOOT-IDLE-CALLER]   pc=0x800E3288 instr=0xAFB00010
[BLACKSCREEN][BOOT-IDLE-CALLER]   pc=0x800E328C instr=0x34100001
[BLACKSCREEN][BOOT-IDLE-CALLER]   pc=0x800E3290 instr=0x0C008678
[BLACKSCREEN][BOOT-IDLE-CALLER]   pc=0x800E3294 instr=0x00002021
[BLACKSCREEN][BOOT-IDLE-CALLER]   pc=0x800E3298 instr=0x1450FFFD
[BLACKSCREEN][BOOT-IDLE-CALLER]   pc=0x800E329C instr=0x00000000
[BLACKSCREEN][BOOT-IDLE-CALLER]   pc=0x800E32A0 instr=0x3C04800B
[BLACKSCREEN][BOOT-IDLE-CALLER]   pc=0x800E32A4 instr=0x2484107C
[BLACKSCREEN][BOOT-IDLE-CALLER]   pc=0x800E32A8 instr=0x3C06800C
[BLACKSCREEN][BOOT-IDLE] start=0x800219E0 step=2 pc=0x800219E4 instr=0xAFBF0010 v0=0xFFFFFFFF a0=0x00000000 ra=0x800E3298 sp=0x801FFF78 f=0
[BLACKSCREEN][BOOT-IDLE] start=0x800219E0 step=3 pc=0x800219E8 instr=0x00042400 v0=0xFFFFFFFF a0=0x00000000 ra=0x800E3298 sp=0x801FFF78 f=0
[BLACKSCREEN][BOOT-IDLE] start=0x800219E0 step=4 pc=0x800219EC instr=0x0C00AB2D v0=0xFFFFFFFF a0=0x00000000 ra=0x800E3298 sp=0x801FFF78 f=0
[BLACKSCREEN][STATE-309C-FN] #3 fn=0x8002ACB4 a0=0x00000000 v0=0xFFFFFFFF state=0x00000000 ra=0x800219F4 sp=0x801FFF78 f=0
[BLACKSCREEN][STATE-309C-FN] #4 fn=0x8002ACB4 a0=0x00000000 v0=0xFFFFFFFF state=0x00000000 ra=0x800219F4 sp=0x801FFF78 f=0
[BLACKSCREEN][BOOT-IDLE] start=0x800219E0 step=5 pc=0x800219F4 instr=0x00021400 v0=0x00000000 a0=0x00000000 ra=0x800219F4 sp=0x801FFF78 f=0
[BLACKSCREEN][BOOT-IDLE] start=0x800219E0 step=6 pc=0x800219F8 instr=0x00021403 v0=0x00000000 a0=0x00000000 ra=0x800219F4 sp=0x801FFF78 f=0
[BLACKSCREEN][BOOT-IDLE] start=0x800219E0 step=7 pc=0x800219FC instr=0x8FBF0010 v0=0x00000000 a0=0x00000000 ra=0x800219F4 sp=0x801FFF78 f=0
[BLACKSCREEN][BOOT-IDLE] start=0x800219E0 step=8 pc=0x80021A00 instr=0x27BD0018 v0=0x00000000 a0=0x00000000 ra=0x800E3298 sp=0x801FFF78 f=0
[BLACKSCREEN][BOOT-IDLE] start=0x800219E0 step=9 pc=0x80021A04 instr=0x03E00008 v0=0x00000000 a0=0x00000000 ra=0x800E3298 sp=0x801FFF90 f=0
[BLACKSCREEN][INTERP] start=0x800219E0 end=0x80021A04 steps=9 reason=jr_ra target=0x800E3298 ra=0x800E3298 sp=0x801FFF90 f=0
[BLACKSCREEN][CALL] enter #5 addr=0x800219E0 kseg0=0x800219E0 ra=0x800E3298 sp=0x801FFF90 f=0
[BLACKSCREEN][CALL] stage=before_overlay #5 addr=0x800219E0 ra=0x800E3298 f=0
[BLACKSCREEN][CALL] stage=before_inbinary #5 addr=0x800219E0 ra=0x800E3298 f=0
[BLACKSCREEN][CALL] route=interp #5 addr=0x800219E0 ra=0x800E3298 f=0
[BLACKSCREEN][INTERP] enter start=0x800219E0 instr0=0x27BDFFE8 a0=0x00000000 ra=0x800E3298 sp=0x801FFF90 f=0
[BLACKSCREEN][BOOT-IDLE] start=0x800219E0 step=1 pc=0x800219E0 instr=0x27BDFFE8 v0=0x00000000 a0=0x00000000 ra=0x800E3298 sp=0x801FFF90 f=0
[BLACKSCREEN][BOOT-IDLE-CALLER] #2 ra=0x800E3298 g309c=0x00000000 v0=0x00000000 a0=0x00000000 sp=0x801FFF90 f=0
[BLACKSCREEN][BOOT-IDLE-CALLER]   pc=0x800E3288 instr=0xAFB00010
[BLACKSCREEN][BOOT-IDLE-CALLER]   pc=0x800E328C instr=0x34100001
[BLACKSCREEN][BOOT-IDLE-CALLER]   pc=0x800E3290 instr=0x0C008678
[BLACKSCREEN][BOOT-IDLE-CALLER]   pc=0x800E3294 instr=0x00002021
[BLACKSCREEN][BOOT-IDLE-CALLER]   pc=0x800E3298 instr=0x1450FFFD
[BLACKSCREEN][BOOT-IDLE-CALLER]   pc=0x800E329C instr=0x00000000
[BLACKSCREEN][BOOT-IDLE-CALLER]   pc=0x800E32A0 instr=0x3C04800B
[BLACKSCREEN][BOOT-IDLE-CALLER]   pc=0x800E32A4 instr=0x2484107C
[BLACKSCREEN][BOOT-IDLE-CALLER]   pc=0x800E32A8 instr=0x3C06800C
[BLACKSCREEN][BOOT-IDLE] start=0x800219E0 step=2 pc=0x800219E4 instr=0xAFBF0010 v0=0x00000000 a0=0x00000000 ra=0x800E3298 sp=0x801FFF78 f=0
[BLACKSCREEN][BOOT-IDLE] start=0x800219E0 step=3 pc=0x800219E8 instr=0x00042400 v0=0x00000000 a0=0x00000000 ra=0x800E3298 sp=0x801FFF78 f=0
[BLACKSCREEN][BOOT-IDLE] start=0x800219E0 step=4 pc=0x800219EC instr=0x0C00AB2D v0=0x00000000 a0=0x00000000 ra=0x800E3298 sp=0x801FFF78 f=0
[BLACKSCREEN][STATE-309C-FN] #5 fn=0x8002ACB4 a0=0x00000000 v0=0x00000000 state=0x00000000 ra=0x800219F4 sp=0x801FFF78 f=0
[BLACKSCREEN][STATE-309C-FN] #6 fn=0x8002ACB4 a0=0x00000000 v0=0x00000000 state=0x00000000 ra=0x800219F4 sp=0x801FFF78 f=0
[BLACKSCREEN][BOOT-IDLE] start=0x800219E0 step=5 pc=0x800219F4 instr=0x00021400 v0=0x00000000 a0=0x00000000 ra=0x800219F4 sp=0x801FFF78 f=0
[BLACKSCREEN][BOOT-IDLE] start=0x800219E0 step=6 pc=0x800219F8 instr=0x00021403 v0=0x00000000 a0=0x00000000 ra=0x800219F4 sp=0x801FFF78 f=0
[BLACKSCREEN][BOOT-IDLE] start=0x800219E0 step=7 pc=0x800219FC instr=0x8FBF0010 v0=0x00000000 a0=0x00000000 ra=0x800219F4 sp=0x801FFF78 f=0
[BLACKSCREEN][BOOT-IDLE] start=0x800219E0 step=8 pc=0x80021A00 instr=0x27BD0018 v0=0x00000000 a0=0x00000000 ra=0x800E3298 sp=0x801FFF78 f=0
[BLACKSCREEN][BOOT-IDLE] start=0x800219E0 step=9 pc=0x80021A04 instr=0x03E00008 v0=0x00000000 a0=0x00000000 ra=0x800E3298 sp=0x801FFF90 f=0
[BLACKSCREEN][INTERP] start=0x800219E0 end=0x80021A04 steps=9 reason=jr_ra target=0x800E3298 ra=0x800E3298 sp=0x801FFF90 f=0
[BLACKSCREEN][CALL] enter #6 addr=0x800219E0 kseg0=0x800219E0 ra=0x800E3298 sp=0x801FFF90 f=0
[BLACKSCREEN][CALL] stage=before_overlay #6 addr=0x800219E0 ra=0x800E3298 f=0
[BLACKSCREEN][CALL] stage=before_inbinary #6 addr=0x800219E0 ra=0x800E3298 f=0
[BLACKSCREEN][CALL] route=interp #6 addr=0x800219E0 ra=0x800E3298 f=0
[BLACKSCREEN][INTERP] enter start=0x800219E0 instr0=0x27BDFFE8 a0=0x00000000 ra=0x800E3298 sp=0x801FFF90 f=0
[BLACKSCREEN][BOOT-IDLE] start=0x800219E0 step=1 pc=0x800219E0 instr=0x27BDFFE8 v0=0x00000000 a0=0x00000000 ra=0x800E3298 sp=0x801FFF90 f=0
[BLACKSCREEN][BOOT-IDLE-CALLER] #3 ra=0x800E3298 g309c=0x00000000 v0=0x00000000 a0=0x00000000 sp=0x801FFF90 f=0
[BLACKSCREEN][BOOT-IDLE-CALLER]   pc=0x800E3288 instr=0xAFB00010
[BLACKSCREEN][BOOT-IDLE-CALLER]   pc=0x800E328C instr=0x34100001
[BLACKSCREEN][BOOT-IDLE-CALLER]   pc=0x800E3290 instr=0x0C008678
[BLACKSCREEN][BOOT-IDLE-CALLER]   pc=0x800E3294 instr=0x00002021
[BLACKSCREEN][BOOT-IDLE-CALLER]   pc=0x800E3298 instr=0x1450FFFD
[BLACKSCREEN][BOOT-IDLE-CALLER]   pc=0x800E329C instr=0x00000000
[BLACKSCREEN][BOOT-IDLE-CALLER]   pc=0x800E32A0 instr=0x3C04800B
[BLACKSCREEN][BOOT-IDLE-CALLER]   pc=0x800E32A4 instr=0x2484107C
[BLACKSCREEN][BOOT-IDLE-CALLER]   pc=0x800E32A8 instr=0x3C06800C
[BLACKSCREEN][BOOT-IDLE] start=0x800219E0 step=2 pc=0x800219E4 instr=0xAFBF0010 v0=0x00000000 a0=0x00000000 ra=0x800E3298 sp=0x801FFF78 f=0
[BLACKSCREEN][BOOT-IDLE] start=0x800219E0 step=3 pc=0x800219E8 instr=0x00042400 v0=0x00000000 a0=0x00000000 ra=0x800E3298 sp=0x801FFF78 f=0
[BLACKSCREEN][BOOT-IDLE] start=0x800219E0 step=4 pc=0x800219EC instr=0x0C00AB2D v0=0x00000000 a0=0x00000000 ra=0x800E3298 sp=0x801FFF78 f=0
[BLACKSCREEN][STATE-309C-FN] #7 fn=0x8002ACB4 a0=0x00000000 v0=0x00000000 state=0x00000000 ra=0x800219F4 sp=0x801FFF78 f=0
[BLACKSCREEN][STATE-309C-FN] #8 fn=0x8002ACB4 a0=0x00000000 v0=0x00000000 state=0x00000000 ra=0x800219F4 sp=0x801FFF78 f=0
[BLACKSCREEN][BOOT-IDLE] start=0x800219E0 step=5 pc=0x800219F4 instr=0x00021400 v0=0x00000000 a0=0x00000000 ra=0x800219F4 sp=0x801FFF78 f=0
[BLACKSCREEN][BOOT-IDLE] start=0x800219E0 step=6 pc=0x800219F8 instr=0x00021403 v0=0x00000000 a0=0x00000000 ra=0x800219F4 sp=0x801FFF78 f=0
[BLACKSCREEN][BOOT-IDLE] start=0x800219E0 step=7 pc=0x800219FC instr=0x8FBF0010 v0=0x00000000 a0=0x00000000 ra=0x800219F4 sp=0x801FFF78 f=0
[BLACKSCREEN][BOOT-IDLE] start=0x800219E0 step=8 pc=0x80021A00 instr=0x27BD0018 v0=0x00000000 a0=0x00000000 ra=0x800E3298 sp=0x801FFF78 f=0
[BLACKSCREEN][BOOT-IDLE] start=0x800219E0 step=9 pc=0x80021A04 instr=0x03E00008 v0=0x00000000 a0=0x00000000 ra=0x800E3298 sp=0x801FFF90 f=0
[BLACKSCREEN][INTERP] start=0x800219E0 end=0x80021A04 steps=9 reason=jr_ra target=0x800E3298 ra=0x800E3298 sp=0x801FFF90 f=0
[BLACKSCREEN][CALL] enter #7 addr=0x800219E0 kseg0=0x800219E0 ra=0x800E3298 sp=0x801FFF90 f=0
[BLACKSCREEN][CALL] stage=before_overlay #7 addr=0x800219E0 ra=0x800E3298 f=0
[BLACKSCREEN][CALL] stage=before_inbinary #7 addr=0x800219E0 ra=0x800E3298 f=0
[BLACKSCREEN][CALL] route=interp #7 addr=0x800219E0 ra=0x800E3298 f=0
[BLACKSCREEN][INTERP] enter start=0x800219E0 instr0=0x27BDFFE8 a0=0x00000000 ra=0x800E3298 sp=0x801FFF90 f=0
[BLACKSCREEN][BOOT-IDLE] start=0x800219E0 step=1 pc=0x800219E0 instr=0x27BDFFE8 v0=0x00000000 a0=0x00000000 ra=0x800E3298 sp=0x801FFF90 f=0
[BLACKSCREEN][BOOT-IDLE-CALLER] #4 ra=0x800E3298 g309c=0x00000000 v0=0x00000000 a0=0x00000000 sp=0x801FFF90 f=0
[BLACKSCREEN][BOOT-IDLE-CALLER]   pc=0x800E3288 instr=0xAFB00010
[BLACKSCREEN][BOOT-IDLE-CALLER]   pc=0x800E328C instr=0x34100001
[BLACKSCREEN][BOOT-IDLE-CALLER]   pc=0x800E3290 instr=0x0C008678
[BLACKSCREEN][BOOT-IDLE-CALLER]   pc=0x800E3294 instr=0x00002021
[BLACKSCREEN][BOOT-IDLE-CALLER]   pc=0x800E3298 instr=0x1450FFFD
[BLACKSCREEN][BOOT-IDLE-CALLER]   pc=0x800E329C instr=0x00000000
[BLACKSCREEN][BOOT-IDLE-CALLER]   pc=0x800E32A0 instr=0x3C04800B
[BLACKSCREEN][BOOT-IDLE-CALLER]   pc=0x800E32A4 instr=0x2484107C
[BLACKSCREEN][BOOT-IDLE-CALLER]   pc=0x800E32A8 instr=0x3C06800C
[BLACKSCREEN][BOOT-IDLE] start=0x800219E0 step=2 pc=0x800219E4 instr=0xAFBF0010 v0=0x00000000 a0=0x00000000 ra=0x800E3298 sp=0x801FFF78 f=0
[BLACKSCREEN][BOOT-IDLE] start=0x800219E0 step=3 pc=0x800219E8 instr=0x00042400 v0=0x00000000 a0=0x00000000 ra=0x800E3298 sp=0x801FFF78 f=0
[BLACKSCREEN][BOOT-IDLE] start=0x800219E0 step=4 pc=0x800219EC instr=0x0C00AB2D v0=0x00000000 a0=0x00000000 ra=0x800E3298 sp=0x801FFF78 f=0
[BLACKSCREEN][STATE-309C-FN] #9 fn=0x8002ACB4 a0=0x00000000 v0=0x00000000 state=0x00000000 ra=0x800219F4 sp=0x801FFF78 f=0
[BLACKSCREEN][STATE-309C-FN] #10 fn=0x8002ACB4 a0=0x00000000 v0=0x00000000 state=0x00000000 ra=0x800219F4 sp=0x801FFF78 f=0
[BLACKSCREEN][BOOT-IDLE] start=0x800219E0 step=5 pc=0x800219F4 instr=0x00021400 v0=0x00000000 a0=0x00000000 ra=0x800219F4 sp=0x801FFF78 f=0
[BLACKSCREEN][BOOT-IDLE] start=0x800219E0 step=6 pc=0x800219F8 instr=0x00021403 v0=0x00000000 a0=0x00000000 ra=0x800219F4 sp=0x801FFF78 f=0
[BLACKSCREEN][BOOT-IDLE] start=0x800219E0 step=7 pc=0x800219FC instr=0x8FBF0010 v0=0x00000000 a0=0x00000000 ra=0x800219F4 sp=0x801FFF78 f=0
[BLACKSCREEN][BOOT-IDLE] start=0x800219E0 step=8 pc=0x80021A00 instr=0x27BD0018 v0=0x00000000 a0=0x00000000 ra=0x800E3298 sp=0x801FFF78 f=0
[BLACKSCREEN][BOOT-IDLE] start=0x800219E0 step=9 pc=0x80021A04 instr=0x03E00008 v0=0x00000000 a0=0x00000000 ra=0x800E3298 sp=0x801FFF90 f=0
[BLACKSCREEN][INTERP] start=0x800219E0 end=0x80021A04 steps=9 reason=jr_ra target=0x800E3298 ra=0x800E3298 sp=0x801FFF90 f=0
[BLACKSCREEN][CALL] enter #8 addr=0x800219E0 kseg0=0x800219E0 ra=0x800E3298 sp=0x801FFF90 f=0
[BLACKSCREEN][CALL] stage=before_overlay #8 addr=0x800219E0 ra=0x800E3298 f=0
[BLACKSCREEN][CALL] stage=before_inbinary #8 addr=0x800219E0 ra=0x800E3298 f=0
[BLACKSCREEN][CALL] route=interp #8 addr=0x800219E0 ra=0x800E3298 f=0
[BLACKSCREEN][INTERP] enter start=0x800219E0 instr0=0x27BDFFE8 a0=0x00000000 ra=0x800E3298 sp=0x801FFF90 f=0
[BLACKSCREEN][BOOT-IDLE] start=0x800219E0 step=1 pc=0x800219E0 instr=0x27BDFFE8 v0=0x00000000 a0=0x00000000 ra=0x800E3298 sp=0x801FFF90 f=0
[BLACKSCREEN][BOOT-IDLE-CALLER] #5 ra=0x800E3298 g309c=0x00000000 v0=0x00000000 a0=0x00000000 sp=0x801FFF90 f=0
[BLACKSCREEN][BOOT-IDLE-CALLER]   pc=0x800E3288 instr=0xAFB00010
[BLACKSCREEN][BOOT-IDLE-CALLER]   pc=0x800E328C instr=0x34100001
[BLACKSCREEN][BOOT-IDLE-CALLER]   pc=0x800E3290 instr=0x0C008678
[BLACKSCREEN][BOOT-IDLE-CALLER]   pc=0x800E3294 instr=0x00002021
[BLACKSCREEN][BOOT-IDLE-CALLER]   pc=0x800E3298 instr=0x1450FFFD
[BLACKSCREEN][BOOT-IDLE-CALLER]   pc=0x800E329C instr=0x00000000
[BLACKSCREEN][BOOT-IDLE-CALLER]   pc=0x800E32A0 instr=0x3C04800B
[BLACKSCREEN][BOOT-IDLE-CALLER]   pc=0x800E32A4 instr=0x2484107C
[BLACKSCREEN][BOOT-IDLE-CALLER]   pc=0x800E32A8 instr=0x3C06800C
[BLACKSCREEN][BOOT-IDLE] start=0x800219E0 step=2 pc=0x800219E4 instr=0xAFBF0010 v0=0x00000000 a0=0x00000000 ra=0x800E3298 sp=0x801FFF78 f=0
[BLACKSCREEN][BOOT-IDLE] start=0x800219E0 step=3 pc=0x800219E8 instr=0x00042400 v0=0x00000000 a0=0x00000000 ra=0x800E3298 sp=0x801FFF78 f=0
[BLACKSCREEN][BOOT-IDLE] start=0x800219E0 step=4 pc=0x800219EC instr=0x0C00AB2D v0=0x00000000 a0=0x00000000 ra=0x800E3298 sp=0x801FFF78 f=0
[BLACKSCREEN][STATE-309C-FN] #11 fn=0x8002ACB4 a0=0x00000000 v0=0x00000000 state=0x00000000 ra=0x800219F4 sp=0x801FFF78 f=0
[BLACKSCREEN][STATE-309C-FN] #12 fn=0x8002ACB4 a0=0x00000000 v0=0x00000000 state=0x00000000 ra=0x800219F4 sp=0x801FFF78 f=0
[BLACKSCREEN][BOOT-IDLE] start=0x800219E0 step=5 pc=0x800219F4 instr=0x00021400 v0=0x00000000 a0=0x00000000 ra=0x800219F4 sp=0x801FFF78 f=0
[BLACKSCREEN][BOOT-IDLE] start=0x800219E0 step=6 pc=0x800219F8 instr=0x00021403 v0=0x00000000 a0=0x00000000 ra=0x800219F4 sp=0x801FFF78 f=0
[BLACKSCREEN][BOOT-IDLE] start=0x800219E0 step=7 pc=0x800219FC instr=0x8FBF0010 v0=0x00000000 a0=0x00000000 ra=0x800219F4 sp=0x801FFF78 f=0
[BLACKSCREEN][BOOT-IDLE] start=0x800219E0 step=8 pc=0x80021A00 instr=0x27BD0018 v0=0x00000000 a0=0x00000000 ra=0x800E3298 sp=0x801FFF78 f=0
[BLACKSCREEN][BOOT-IDLE] start=0x800219E0 step=9 pc=0x80021A04 instr=0x03E00008 v0=0x00000000 a0=0x00000000 ra=0x800E3298 sp=0x801FFF90 f=0
[BLACKSCREEN][INTERP] start=0x800219E0 end=0x80021A04 steps=9 reason=jr_ra target=0x800E3298 ra=0x800E3298 sp=0x801FFF90 f=0
[BLACKSCREEN][CALL] enter #9 addr=0x800219E0 kseg0=0x800219E0 ra=0x800E3298 sp=0x801FFF90 f=0
[BLACKSCREEN][CALL] stage=before_overlay #9 addr=0x800219E0 ra=0x800E3298 f=0
[BLACKSCREEN][CALL] stage=before_inbinary #9 addr=0x800219E0 ra=0x800E3298 f=0
[BLACKSCREEN][CALL] route=interp #9 addr=0x800219E0 ra=0x800E3298 f=0
[BLACKSCREEN][INTERP] enter start=0x800219E0 instr0=0x27BDFFE8 a0=0x00000000 ra=0x800E3298 sp=0x801FFF90 f=0
[BLACKSCREEN][BOOT-IDLE] start=0x800219E0 step=1 pc=0x800219E0 instr=0x27BDFFE8 v0=0x00000000 a0=0x00000000 ra=0x800E3298 sp=0x801FFF90 f=0
[BLACKSCREEN][BOOT-IDLE-CALLER] #6 ra=0x800E3298 g309c=0x00000000 v0=0x00000000 a0=0x00000000 sp=0x801FFF90 f=0
[BLACKSCREEN][BOOT-IDLE-CALLER]   pc=0x800E3288 instr=0xAFB00010
[BLACKSCREEN][BOOT-IDLE-CALLER]   pc=0x800E328C instr=0x34100001
[BLACKSCREEN][BOOT-IDLE-CALLER]   pc=0x800E3290 instr=0x0C008678
[BLACKSCREEN][BOOT-IDLE-CALLER]   pc=0x800E3294 instr=0x00002021
[BLACKSCREEN][BOOT-IDLE-CALLER]   pc=0x800E3298 instr=0x1450FFFD
[BLACKSCREEN][BOOT-IDLE-CALLER]   pc=0x800E329C instr=0x00000000
[BLACKSCREEN][BOOT-IDLE-CALLER]   pc=0x800E32A0 instr=0x3C04800B
[BLACKSCREEN][BOOT-IDLE-CALLER]   pc=0x800E32A4 instr=0x2484107C
[BLACKSCREEN][BOOT-IDLE-CALLER]   pc=0x800E32A8 instr=0x3C06800C
[BLACKSCREEN][BOOT-IDLE] start=0x800219E0 step=2 pc=0x800219E4 instr=0xAFBF0010 v0=0x00000000 a0=0x00000000 ra=0x800E3298 sp=0x801FFF78 f=0
[BLACKSCREEN][BOOT-IDLE] start=0x800219E0 step=3 pc=0x800219E8 instr=0x00042400 v0=0x00000000 a0=0x00000000 ra=0x800E3298 sp=0x801FFF78 f=0
[BLACKSCREEN][BOOT-IDLE] start=0x800219E0 step=4 pc=0x800219EC instr=0x0C00AB2D v0=0x00000000 a0=0x00000000 ra=0x800E3298 sp=0x801FFF78 f=0
[BLACKSCREEN][STATE-309C-FN] #13 fn=0x8002ACB4 a0=0x00000000 v0=0x00000000 state=0x00000000 ra=0x800219F4 sp=0x801FFF78 f=0
[BLACKSCREEN][STATE-309C-FN] #14 fn=0x8002ACB4 a0=0x00000000 v0=0x00000000 state=0x00000000 ra=0x800219F4 sp=0x801FFF78 f=0
[BLACKSCREEN][BOOT-IDLE] start=0x800219E0 step=5 pc=0x800219F4 instr=0x00021400 v0=0x00000000 a0=0x00000000 ra=0x800219F4 sp=0x801FFF78 f=0
[BLACKSCREEN][BOOT-IDLE] start=0x800219E0 step=6 pc=0x800219F8 instr=0x00021403 v0=0x00000000 a0=0x00000000 ra=0x800219F4 sp=0x801FFF78 f=0
[BLACKSCREEN][BOOT-IDLE] start=0x800219E0 step=7 pc=0x800219FC instr=0x8FBF0010 v0=0x00000000 a0=0x00000000 ra=0x800219F4 sp=0x801FFF78 f=0
[BLACKSCREEN][BOOT-IDLE] start=0x800219E0 step=8 pc=0x80021A00 instr=0x27BD0018 v0=0x00000000 a0=0x00000000 ra=0x800E3298 sp=0x801FFF78 f=0
[BLACKSCREEN][BOOT-IDLE] start=0x800219E0 step=9 pc=0x80021A04 instr=0x03E00008 v0=0x00000000 a0=0x00000000 ra=0x800E3298 sp=0x801FFF90 f=0
[BLACKSCREEN][INTERP] start=0x800219E0 end=0x80021A04 steps=9 reason=jr_ra target=0x800E3298 ra=0x800E3298 sp=0x801FFF90 f=0
[BLACKSCREEN][CALL] enter #10 addr=0x800219E0 kseg0=0x800219E0 ra=0x800E3298 sp=0x801FFF90 f=0
[BLACKSCREEN][CALL] stage=before_overlay #10 addr=0x800219E0 ra=0x800E3298 f=0
[BLACKSCREEN][CALL] stage=before_inbinary #10 addr=0x800219E0 ra=0x800E3298 f=0
[BLACKSCREEN][CALL] route=interp #10 addr=0x800219E0 ra=0x800E3298 f=0
[BLACKSCREEN][INTERP] enter start=0x800219E0 instr0=0x27BDFFE8 a0=0x00000000 ra=0x800E3298 sp=0x801FFF90 f=0
[BLACKSCREEN][BOOT-IDLE] start=0x800219E0 step=1 pc=0x800219E0 instr=0x27BDFFE8 v0=0x00000000 a0=0x00000000 ra=0x800E3298 sp=0x801FFF90 f=0
[BLACKSCREEN][BOOT-IDLE-CALLER] #7 ra=0x800E3298 g309c=0x00000000 v0=0x00000000 a0=0x00000000 sp=0x801FFF90 f=0
[BLACKSCREEN][BOOT-IDLE-CALLER]   pc=0x800E3288 instr=0xAFB00010
[BLACKSCREEN][BOOT-IDLE-CALLER]   pc=0x800E328C instr=0x34100001
[BLACKSCREEN][BOOT-IDLE-CALLER]   pc=0x800E3290 instr=0x0C008678
[BLACKSCREEN][BOOT-IDLE-CALLER]   pc=0x800E3294 instr=0x00002021
[BLACKSCREEN][BOOT-IDLE-CALLER]   pc=0x800E3298 instr=0x1450FFFD
[BLACKSCREEN][BOOT-IDLE-CALLER]   pc=0x800E329C instr=0x00000000
[BLACKSCREEN][BOOT-IDLE-CALLER]   pc=0x800E32A0 instr=0x3C04800B
[BLACKSCREEN][BOOT-IDLE-CALLER]   pc=0x800E32A4 instr=0x2484107C
[BLACKSCREEN][BOOT-IDLE-CALLER]   pc=0x800E32A8 instr=0x3C06800C
[BLACKSCREEN][BOOT-IDLE] start=0x800219E0 step=2 pc=0x800219E4 instr=0xAFBF0010 v0=0x00000000 a0=0x00000000 ra=0x800E3298 sp=0x801FFF78 f=0
[BLACKSCREEN][BOOT-IDLE] start=0x800219E0 step=3 pc=0x800219E8 instr=0x00042400 v0=0x00000000 a0=0x00000000 ra=0x800E3298 sp=0x801FFF78 f=0
[BLACKSCREEN][BOOT-IDLE] start=0x800219E0 step=4 pc=0x800219EC instr=0x0C00AB2D v0=0x00000000 a0=0x00000000 ra=0x800E3298 sp=0x801FFF78 f=0
[BLACKSCREEN][STATE-309C-FN] #15 fn=0x8002ACB4 a0=0x00000000 v0=0x00000000 state=0x00000000 ra=0x800219F4 sp=0x801FFF78 f=0
[BLACKSCREEN][STATE-309C-FN] #16 fn=0x8002ACB4 a0=0x00000000 v0=0x00000000 state=0x00000000 ra=0x800219F4 sp=0x801FFF78 f=0
[BLACKSCREEN][BOOT-IDLE] start=0x800219E0 step=5 pc=0x800219F4 instr=0x00021400 v0=0x00000000 a0=0x00000000 ra=0x800219F4 sp=0x801FFF78 f=0
[BLACKSCREEN][BOOT-IDLE] start=0x800219E0 step=6 pc=0x800219F8 instr=0x00021403 v0=0x00000000 a0=0x00000000 ra=0x800219F4 sp=0x801FFF78 f=0
[BLACKSCREEN][BOOT-IDLE] start=0x800219E0 step=7 pc=0x800219FC instr=0x8FBF0010 v0=0x00000000 a0=0x00000000 ra=0x800219F4 sp=0x801FFF78 f=0
[BLACKSCREEN][BOOT-IDLE] start=0x800219E0 step=8 pc=0x80021A00 instr=0x27BD0018 v0=0x00000000 a0=0x00000000 ra=0x800E3298 sp=0x801FFF78 f=0
[BLACKSCREEN][BOOT-IDLE] start=0x800219E0 step=9 pc=0x80021A04 instr=0x03E00008 v0=0x00000000 a0=0x00000000 ra=0x800E3298 sp=0x801FFF90 f=0
[BLACKSCREEN][INTERP] start=0x800219E0 end=0x80021A04 steps=9 reason=jr_ra target=0x800E3298 ra=0x800E3298 sp=0x801FFF90 f=0
[BLACKSCREEN][CALL] enter #11 addr=0x800219E0 kseg0=0x800219E0 ra=0x800E3298 sp=0x801FFF90 f=0
[BLACKSCREEN][CALL] stage=before_overlay #11 addr=0x800219E0 ra=0x800E3298 f=0
[BLACKSCREEN][CALL] stage=before_inbinary #11 addr=0x800219E0 ra=0x800E3298 f=0
[BLACKSCREEN][CALL] route=interp #11 addr=0x800219E0 ra=0x800E3298 f=0
[BLACKSCREEN][INTERP] enter start=0x800219E0 instr0=0x27BDFFE8 a0=0x00000000 ra=0x800E3298 sp=0x801FFF90 f=0
[BLACKSCREEN][BOOT-IDLE] start=0x800219E0 step=1 pc=0x800219E0 instr=0x27BDFFE8 v0=0x00000000 a0=0x00000000 ra=0x800E3298 sp=0x801FFF90 f=0
[BLACKSCREEN][BOOT-IDLE-CALLER] #8 ra=0x800E3298 g309c=0x00000000 v0=0x00000000 a0=0x00000000 sp=0x801FFF90 f=0
[BLACKSCREEN][BOOT-IDLE-CALLER]   pc=0x800E3288 instr=0xAFB00010
[BLACKSCREEN][BOOT-IDLE-CALLER]   pc=0x800E328C instr=0x34100001
[BLACKSCREEN][BOOT-IDLE-CALLER]   pc=0x800E3290 instr=0x0C008678
[BLACKSCREEN][BOOT-IDLE-CALLER]   pc=0x800E3294 instr=0x00002021
[BLACKSCREEN][BOOT-IDLE-CALLER]   pc=0x800E3298 instr=0x1450FFFD
[BLACKSCREEN][BOOT-IDLE-CALLER]   pc=0x800E329C instr=0x00000000
[BLACKSCREEN][BOOT-IDLE-CALLER]   pc=0x800E32A0 instr=0x3C04800B
[BLACKSCREEN][BOOT-IDLE-CALLER]   pc=0x800E32A4 instr=0x2484107C
[BLACKSCREEN][BOOT-IDLE-CALLER]   pc=0x800E32A8 instr=0x3C06800C
[BLACKSCREEN][BOOT-IDLE] start=0x800219E0 step=2 pc=0x800219E4 instr=0xAFBF0010 v0=0x00000000 a0=0x00000000 ra=0x800E3298 sp=0x801FFF78 f=0
[BLACKSCREEN][BOOT-IDLE] start=0x800219E0 step=3 pc=0x800219E8 instr=0x00042400 v0=0x00000000 a0=0x00000000 ra=0x800E3298 sp=0x801FFF78 f=0
[BLACKSCREEN][BOOT-IDLE] start=0x800219E0 step=4 pc=0x800219EC instr=0x0C00AB2D v0=0x00000000 a0=0x00000000 ra=0x800E3298 sp=0x801FFF78 f=0
[BLACKSCREEN][STATE-309C-FN] #17 fn=0x8002ACB4 a0=0x00000000 v0=0x00000000 state=0x00000000 ra=0x800219F4 sp=0x801FFF78 f=0
[BLACKSCREEN][STATE-309C-FN] #18 fn=0x8002ACB4 a0=0x00000000 v0=0x00000000 state=0x00000000 ra=0x800219F4 sp=0x801FFF78 f=0
[BLACKSCREEN][BOOT-IDLE] start=0x800219E0 step=5 pc=0x800219F4 instr=0x00021400 v0=0x00000000 a0=0x00000000 ra=0x800219F4 sp=0x801FFF78 f=0
[BLACKSCREEN][BOOT-IDLE] start=0x800219E0 step=6 pc=0x800219F8 instr=0x00021403 v0=0x00000000 a0=0x00000000 ra=0x800219F4 sp=0x801FFF78 f=0
[BLACKSCREEN][BOOT-IDLE] start=0x800219E0 step=7 pc=0x800219FC instr=0x8FBF0010 v0=0x00000000 a0=0x00000000 ra=0x800219F4 sp=0x801FFF78 f=0
[BLACKSCREEN][BOOT-IDLE] start=0x800219E0 step=8 pc=0x80021A00 instr=0x27BD0018 v0=0x00000000 a0=0x00000000 ra=0x800E3298 sp=0x801FFF78 f=0
[BLACKSCREEN][BOOT-IDLE] start=0x800219E0 step=9 pc=0x80021A04 instr=0x03E00008 v0=0x00000000 a0=0x00000000 ra=0x800E3298 sp=0x801FFF90 f=0
[BLACKSCREEN][INTERP] start=0x800219E0 end=0x80021A04 steps=9 reason=jr_ra target=0x800E3298 ra=0x800E3298 sp=0x801FFF90 f=0
[BLACKSCREEN][CALL] enter #12 addr=0x800219E0 kseg0=0x800219E0 ra=0x800E3298 sp=0x801FFF90 f=0
[BLACKSCREEN][CALL] stage=before_overlay #12 addr=0x800219E0 ra=0x800E3298 f=0
[BLACKSCREEN][CALL] stage=before_inbinary #12 addr=0x800219E0 ra=0x800E3298 f=0
[BLACKSCREEN][CALL] route=interp #12 addr=0x800219E0 ra=0x800E3298 f=0
[BLACKSCREEN][INTERP] enter start=0x800219E0 instr0=0x27BDFFE8 a0=0x00000000 ra=0x800E3298 sp=0x801FFF90 f=0
[BLACKSCREEN][BOOT-IDLE] start=0x800219E0 step=1 pc=0x800219E0 instr=0x27BDFFE8 v0=0x00000000 a0=0x00000000 ra=0x800E3298 sp=0x801FFF90 f=0
[BLACKSCREEN][BOOT-IDLE-CALLER] #9 ra=0x800E3298 g309c=0x00000000 v0=0x00000000 a0=0x00000000 sp=0x801FFF90 f=0
[BLACKSCREEN][BOOT-IDLE-CALLER]   pc=0x800E3288 instr=0xAFB00010
[BLACKSCREEN][BOOT-IDLE-CALLER]   pc=0x800E328C instr=0x34100001
[BLACKSCREEN][BOOT-IDLE-CALLER]   pc=0x800E3290 instr=0x0C008678
[BLACKSCREEN][BOOT-IDLE-CALLER]   pc=0x800E3294 instr=0x00002021
[BLACKSCREEN][BOOT-IDLE-CALLER]   pc=0x800E3298 instr=0x1450FFFD
[BLACKSCREEN][BOOT-IDLE-CALLER]   pc=0x800E329C instr=0x00000000
[BLACKSCREEN][BOOT-IDLE-CALLER]   pc=0x800E32A0 instr=0x3C04800B
[BLACKSCREEN][BOOT-IDLE-CALLER]   pc=0x800E32A4 instr=0x2484107C
[BLACKSCREEN][BOOT-IDLE-CALLER]   pc=0x800E32A8 instr=0x3C06800C
[BLACKSCREEN][BOOT-IDLE] start=0x800219E0 step=2 pc=0x800219E4 instr=0xAFBF0010 v0=0x00000000 a0=0x00000000 ra=0x800E3298 sp=0x801FFF78 f=0
[BLACKSCREEN][BOOT-IDLE] start=0x800219E0 step=3 pc=0x800219E8 instr=0x00042400 v0=0x00000000 a0=0x00000000 ra=0x800E3298 sp=0x801FFF78 f=0
[BLACKSCREEN][BOOT-IDLE] start=0x800219E0 step=4 pc=0x800219EC instr=0x0C00AB2D v0=0x00000000 a0=0x00000000 ra=0x800E3298 sp=0x801FFF78 f=0
[BLACKSCREEN][STATE-309C-FN] #19 fn=0x8002ACB4 a0=0x00000000 v0=0x00000000 state=0x00000000 ra=0x800219F4 sp=0x801FFF78 f=0
[BLACKSCREEN][STATE-309C-FN] #20 fn=0x8002ACB4 a0=0x00000000 v0=0x00000000 state=0x00000000 ra=0x800219F4 sp=0x801FFF78 f=0
[BLACKSCREEN][BOOT-IDLE] start=0x800219E0 step=5 pc=0x800219F4 instr=0x00021400 v0=0x00000000 a0=0x00000000 ra=0x800219F4 sp=0x801FFF78 f=0
[BLACKSCREEN][BOOT-IDLE] start=0x800219E0 step=6 pc=0x800219F8 instr=0x00021403 v0=0x00000000 a0=0x00000000 ra=0x800219F4 sp=0x801FFF78 f=0
[BLACKSCREEN][BOOT-IDLE] start=0x800219E0 step=7 pc=0x800219FC instr=0x8FBF0010 v0=0x00000000 a0=0x00000000 ra=0x800219F4 sp=0x801FFF78 f=0
[BLACKSCREEN][BOOT-IDLE] start=0x800219E0 step=8 pc=0x80021A00 instr=0x27BD0018 v0=0x00000000 a0=0x00000000 ra=0x800E3298 sp=0x801FFF78 f=0
[BLACKSCREEN][BOOT-IDLE] start=0x800219E0 step=9 pc=0x80021A04 instr=0x03E00008 v0=0x00000000 a0=0x00000000 ra=0x800E3298 sp=0x801FFF90 f=0
[BLACKSCREEN][INTERP] start=0x800219E0 end=0x80021A04 steps=9 reason=jr_ra target=0x800E3298 ra=0x800E3298 sp=0x801FFF90 f=0
[BLACKSCREEN][CALL] enter #13 addr=0x800219E0 kseg0=0x800219E0 ra=0x800E3298 sp=0x801FFF90 f=0
[BLACKSCREEN][CALL] stage=before_overlay #13 addr=0x800219E0 ra=0x800E3298 f=0
[BLACKSCREEN][CALL] stage=before_inbinary #13 addr=0x800219E0 ra=0x800E3298 f=0
[BLACKSCREEN][CALL] route=interp #13 addr=0x800219E0 ra=0x800E3298 f=0
[BLACKSCREEN][INTERP] enter start=0x800219E0 instr0=0x27BDFFE8 a0=0x00000000 ra=0x800E3298 sp=0x801FFF90 f=0
[BLACKSCREEN][BOOT-IDLE] start=0x800219E0 step=1 pc=0x800219E0 instr=0x27BDFFE8 v0=0x00000000 a0=0x00000000 ra=0x800E3298 sp=0x801FFF90 f=0
[BLACKSCREEN][BOOT-IDLE-CALLER] #10 ra=0x800E3298 g309c=0x00000000 v0=0x00000000 a0=0x00000000 sp=0x801FFF90 f=0
[BLACKSCREEN][BOOT-IDLE-CALLER]   pc=0x800E3288 instr=0xAFB00010
[BLACKSCREEN][BOOT-IDLE-CALLER]   pc=0x800E328C instr=0x34100001
[BLACKSCREEN][BOOT-IDLE-CALLER]   pc=0x800E3290 instr=0x0C008678
[BLACKSCREEN][BOOT-IDLE-CALLER]   pc=0x800E3294 instr=0x00002021
[BLACKSCREEN][BOOT-IDLE-CALLER]   pc=0x800E3298 instr=0x1450FFFD
[BLACKSCREEN][BOOT-IDLE-CALLER]   pc=0x800E329C instr=0x00000000
[BLACKSCREEN][BOOT-IDLE-CALLER]   pc=0x800E32A0 instr=0x3C04800B
[BLACKSCREEN][BOOT-IDLE-CALLER]   pc=0x800E32A4 instr=0x2484107C
[BLACKSCREEN][BOOT-IDLE-CALLER]   pc=0x800E32A8 instr=0x3C06800C
[BLACKSCREEN][BOOT-IDLE] start=0x800219E0 step=2 pc=0x800219E4 instr=0xAFBF0010 v0=0x00000000 a0=0x00000000 ra=0x800E3298 sp=0x801FFF78 f=0
[BLACKSCREEN][BOOT-IDLE] start=0x800219E0 step=3 pc=0x800219E8 instr=0x00042400 v0=0x00000000 a0=0x00000000 ra=0x800E3298 sp=0x801FFF78 f=0
[BLACKSCREEN][BOOT-IDLE] start=0x800219E0 step=4 pc=0x800219EC instr=0x0C00AB2D v0=0x00000000 a0=0x00000000 ra=0x800E3298 sp=0x801FFF78 f=0
[BLACKSCREEN][STATE-309C-FN] #21 fn=0x8002ACB4 a0=0x00000000 v0=0x00000000 state=0x00000000 ra=0x800219F4 sp=0x801FFF78 f=0
[BLACKSCREEN][STATE-309C-FN] #22 fn=0x8002ACB4 a0=0x00000000 v0=0x00000000 state=0x00000000 ra=0x800219F4 sp=0x801FFF78 f=0
[BLACKSCREEN][BOOT-IDLE] start=0x800219E0 step=5 pc=0x800219F4 instr=0x00021400 v0=0x00000000 a0=0x00000000 ra=0x800219F4 sp=0x801FFF78 f=0
[BLACKSCREEN][BOOT-IDLE] start=0x800219E0 step=6 pc=0x800219F8 instr=0x00021403 v0=0x00000000 a0=0x00000000 ra=0x800219F4 sp=0x801FFF78 f=0
[BLACKSCREEN][BOOT-IDLE] start=0x800219E0 step=7 pc=0x800219FC instr=0x8FBF0010 v0=0x00000000 a0=0x00000000 ra=0x800219F4 sp=0x801FFF78 f=0
[BLACKSCREEN][BOOT-IDLE] start=0x800219E0 step=8 pc=0x80021A00 instr=0x27BD0018 v0=0x00000000 a0=0x00000000 ra=0x800E3298 sp=0x801FFF78 f=0
[BLACKSCREEN][BOOT-IDLE] start=0x800219E0 step=9 pc=0x80021A04 instr=0x03E00008 v0=0x00000000 a0=0x00000000 ra=0x800E3298 sp=0x801FFF90 f=0
[BLACKSCREEN][INTERP] start=0x800219E0 end=0x80021A04 steps=9 reason=jr_ra target=0x800E3298 ra=0x800E3298 sp=0x801FFF90 f=0
[BLACKSCREEN][CALL] enter #14 addr=0x800219E0 kseg0=0x800219E0 ra=0x800E3298 sp=0x801FFF90 f=0
[BLACKSCREEN][CALL] stage=before_overlay #14 addr=0x800219E0 ra=0x800E3298 f=0
[BLACKSCREEN][CALL] stage=before_inbinary #14 addr=0x800219E0 ra=0x800E3298 f=0
[BLACKSCREEN][CALL] route=interp #14 addr=0x800219E0 ra=0x800E3298 f=0
[BLACKSCREEN][INTERP] enter start=0x800219E0 instr0=0x27BDFFE8 a0=0x00000000 ra=0x800E3298 sp=0x801FFF90 f=0
[BLACKSCREEN][BOOT-IDLE] start=0x800219E0 step=1 pc=0x800219E0 instr=0x27BDFFE8 v0=0x00000000 a0=0x00000000 ra=0x800E3298 sp=0x801FFF90 f=0
[BLACKSCREEN][BOOT-IDLE-CALLER] #11 ra=0x800E3298 g309c=0x00000000 v0=0x00000000 a0=0x00000000 sp=0x801FFF90 f=0
[BLACKSCREEN][BOOT-IDLE-CALLER]   pc=0x800E3288 instr=0xAFB00010
[BLACKSCREEN][BOOT-IDLE-CALLER]   pc=0x800E328C instr=0x34100001
[BLACKSCREEN][BOOT-IDLE-CALLER]   pc=0x800E3290 instr=0x0C008678
[BLACKSCREEN][BOOT-IDLE-CALLER]   pc=0x800E3294 instr=0x00002021
[BLACKSCREEN][BOOT-IDLE-CALLER]   pc=0x800E3298 instr=0x1450FFFD
[BLACKSCREEN][BOOT-IDLE-CALLER]   pc=0x800E329C instr=0x00000000
[BLACKSCREEN][BOOT-IDLE-CALLER]   pc=0x800E32A0 instr=0x3C04800B
[BLACKSCREEN][BOOT-IDLE-CALLER]   pc=0x800E32A4 instr=0x2484107C
[BLACKSCREEN][BOOT-IDLE-CALLER]   pc=0x800E32A8 instr=0x3C06800C
[BLACKSCREEN][BOOT-IDLE] start=0x800219E0 step=2 pc=0x800219E4 instr=0xAFBF0010 v0=0x00000000 a0=0x00000000 ra=0x800E3298 sp=0x801FFF78 f=0
[BLACKSCREEN][BOOT-IDLE] start=0x800219E0 step=3 pc=0x800219E8 instr=0x00042400 v0=0x00000000 a0=0x00000000 ra=0x800E3298 sp=0x801FFF78 f=0
[BLACKSCREEN][BOOT-IDLE] start=0x800219E0 step=4 pc=0x800219EC instr=0x0C00AB2D v0=0x00000000 a0=0x00000000 ra=0x800E3298 sp=0x801FFF78 f=0
[BLACKSCREEN][STATE-309C-FN] #23 fn=0x8002ACB4 a0=0x00000000 v0=0x00000000 state=0x00000000 ra=0x800219F4 sp=0x801FFF78 f=0
[BLACKSCREEN][STATE-309C-FN] #24 fn=0x8002ACB4 a0=0x00000000 v0=0x00000000 state=0x00000000 ra=0x800219F4 sp=0x801FFF78 f=0
[BLACKSCREEN][BOOT-IDLE] start=0x800219E0 step=5 pc=0x800219F4 instr=0x00021400 v0=0x00000000 a0=0x00000000 ra=0x800219F4 sp=0x801FFF78 f=0
[BLACKSCREEN][BOOT-IDLE] start=0x800219E0 step=6 pc=0x800219F8 instr=0x00021403 v0=0x00000000 a0=0x00000000 ra=0x800219F4 sp=0x801FFF78 f=0
[BLACKSCREEN][BOOT-IDLE] start=0x800219E0 step=7 pc=0x800219FC instr=0x8FBF0010 v0=0x00000000 a0=0x00000000 ra=0x800219F4 sp=0x801FFF78 f=0
[BLACKSCREEN][BOOT-IDLE] start=0x800219E0 step=8 pc=0x80021A00 instr=0x27BD0018 v0=0x00000000 a0=0x00000000 ra=0x800E3298 sp=0x801FFF78 f=0
[BLACKSCREEN][BOOT-IDLE] start=0x800219E0 step=9 pc=0x80021A04 instr=0x03E00008 v0=0x00000000 a0=0x00000000 ra=0x800E3298 sp=0x801FFF90 f=0
[BLACKSCREEN][INTERP] start=0x800219E0 end=0x80021A04 steps=9 reason=jr_ra target=0x800E3298 ra=0x800E3298 sp=0x801FFF90 f=0
[BLACKSCREEN][CALL] enter #15 addr=0x800219E0 kseg0=0x800219E0 ra=0x800E3298 sp=0x801FFF90 f=0
[BLACKSCREEN][CALL] stage=before_overlay #15 addr=0x800219E0 ra=0x800E3298 f=0
[BLACKSCREEN][CALL] stage=before_inbinary #15 addr=0x800219E0 ra=0x800E3298 f=0
[BLACKSCREEN][CALL] route=interp #15 addr=0x800219E0 ra=0x800E3298 f=0
[BLACKSCREEN][INTERP] enter start=0x800219E0 instr0=0x27BDFFE8 a0=0x00000000 ra=0x800E3298 sp=0x801FFF90 f=0
[BLACKSCREEN][BOOT-IDLE] start=0x800219E0 step=1 pc=0x800219E0 instr=0x27BDFFE8 v0=0x00000000 a0=0x00000000 ra=0x800E3298 sp=0x801FFF90 f=0
[BLACKSCREEN][BOOT-IDLE-CALLER] #12 ra=0x800E3298 g309c=0x00000000 v0=0x00000000 a0=0x00000000 sp=0x801FFF90 f=0
[BLACKSCREEN][BOOT-IDLE-CALLER]   pc=0x800E3288 instr=0xAFB00010
[BLACKSCREEN][BOOT-IDLE-CALLER]   pc=0x800E328C instr=0x34100001
[BLACKSCREEN][BOOT-IDLE-CALLER]   pc=0x800E3290 instr=0x0C008678
[BLACKSCREEN][BOOT-IDLE-CALLER]   pc=0x800E3294 instr=0x00002021
[BLACKSCREEN][BOOT-IDLE-CALLER]   pc=0x800E3298 instr=0x1450FFFD
[BLACKSCREEN][BOOT-IDLE-CALLER]   pc=0x800E329C instr=0x00000000
[BLACKSCREEN][BOOT-IDLE-CALLER]   pc=0x800E32A0 instr=0x3C04800B
[BLACKSCREEN][BOOT-IDLE-CALLER]   pc=0x800E32A4 instr=0x2484107C
[BLACKSCREEN][BOOT-IDLE-CALLER]   pc=0x800E32A8 instr=0x3C06800C
[BLACKSCREEN][BOOT-IDLE] start=0x800219E0 step=2 pc=0x800219E4 instr=0xAFBF0010 v0=0x00000000 a0=0x00000000 ra=0x800E3298 sp=0x801FFF78 f=0
[BLACKSCREEN][BOOT-IDLE] start=0x800219E0 step=3 pc=0x800219E8 instr=0x00042400 v0=0x00000000 a0=0x00000000 ra=0x800E3298 sp=0x801FFF78 f=0
[BLACKSCREEN][BOOT-IDLE] start=0x800219E0 step=4 pc=0x800219EC instr=0x0C00AB2D v0=0x00000000 a0=0x00000000 ra=0x800E3298 sp=0x801FFF78 f=0
[BLACKSCREEN][STATE-309C-FN] #25 fn=0x8002ACB4 a0=0x00000000 v0=0x00000000 state=0x00000000 ra=0x800219F4 sp=0x801FFF78 f=0
[BLACKSCREEN][STATE-309C-FN] #26 fn=0x8002ACB4 a0=0x00000000 v0=0x00000000 state=0x00000000 ra=0x800219F4 sp=0x801FFF78 f=0
[BLACKSCREEN][BOOT-IDLE] start=0x800219E0 step=5 pc=0x800219F4 instr=0x00021400 v0=0x00000000 a0=0x00000000 ra=0x800219F4 sp=0x801FFF78 f=0
[BLACKSCREEN][BOOT-IDLE] start=0x800219E0 step=6 pc=0x800219F8 instr=0x00021403 v0=0x00000000 a0=0x00000000 ra=0x800219F4 sp=0x801FFF78 f=0
[BLACKSCREEN][BOOT-IDLE] start=0x800219E0 step=7 pc=0x800219FC instr=0x8FBF0010 v0=0x00000000 a0=0x00000000 ra=0x800219F4 sp=0x801FFF78 f=0
[BLACKSCREEN][BOOT-IDLE] start=0x800219E0 step=8 pc=0x80021A00 instr=0x27BD0018 v0=0x00000000 a0=0x00000000 ra=0x800E3298 sp=0x801FFF78 f=0
[BLACKSCREEN][BOOT-IDLE] start=0x800219E0 step=9 pc=0x80021A04 instr=0x03E00008 v0=0x00000000 a0=0x00000000 ra=0x800E3298 sp=0x801FFF90 f=0
[BLACKSCREEN][INTERP] start=0x800219E0 end=0x80021A04 steps=9 reason=jr_ra target=0x800E3298 ra=0x800E3298 sp=0x801FFF90 f=0
[BLACKSCREEN][CALL] enter #16 addr=0x800219E0 kseg0=0x800219E0 ra=0x800E3298 sp=0x801FFF90 f=0
[BLACKSCREEN][CALL] stage=before_overlay #16 addr=0x800219E0 ra=0x800E3298 f=0
[BLACKSCREEN][CALL] stage=before_inbinary #16 addr=0x800219E0 ra=0x800E3298 f=0
[BLACKSCREEN][CALL] route=interp #16 addr=0x800219E0 ra=0x800E3298 f=0
[BLACKSCREEN][INTERP] enter start=0x800219E0 instr0=0x27BDFFE8 a0=0x00000000 ra=0x800E3298 sp=0x801FFF90 f=0
[BLACKSCREEN][BOOT-IDLE] start=0x800219E0 step=1 pc=0x800219E0 instr=0x27BDFFE8 v0=0x00000000 a0=0x00000000 ra=0x800E3298 sp=0x801FFF90 f=0
[BLACKSCREEN][BOOT-IDLE-CALLER] #13 ra=0x800E3298 g309c=0x00000000 v0=0x00000000 a0=0x00000000 sp=0x801FFF90 f=0
[BLACKSCREEN][BOOT-IDLE-CALLER]   pc=0x800E3288 instr=0xAFB00010
[BLACKSCREEN][BOOT-IDLE-CALLER]   pc=0x800E328C instr=0x34100001
[BLACKSCREEN][BOOT-IDLE-CALLER]   pc=0x800E3290 instr=0x0C008678
[BLACKSCREEN][BOOT-IDLE-CALLER]   pc=0x800E3294 instr=0x00002021
[BLACKSCREEN][BOOT-IDLE-CALLER]   pc=0x800E3298 instr=0x1450FFFD
[BLACKSCREEN][BOOT-IDLE-CALLER]   pc=0x800E329C instr=0x00000000
[BLACKSCREEN][BOOT-IDLE-CALLER]   pc=0x800E32A0 instr=0x3C04800B
[BLACKSCREEN][BOOT-IDLE-CALLER]   pc=0x800E32A4 instr=0x2484107C
[BLACKSCREEN][BOOT-IDLE-CALLER]   pc=0x800E32A8 instr=0x3C06800C
[BLACKSCREEN][BOOT-IDLE] start=0x800219E0 step=2 pc=0x800219E4 instr=0xAFBF0010 v0=0x00000000 a0=0x00000000 ra=0x800E3298 sp=0x801FFF78 f=0
[BLACKSCREEN][BOOT-IDLE] start=0x800219E0 step=3 pc=0x800219E8 instr=0x00042400 v0=0x00000000 a0=0x00000000 ra=0x800E3298 sp=0x801FFF78 f=0
[BLACKSCREEN][BOOT-IDLE] start=0x800219E0 step=4 pc=0x800219EC instr=0x0C00AB2D v0=0x00000000 a0=0x00000000 ra=0x800E3298 sp=0x801FFF78 f=0
[BLACKSCREEN][STATE-309C-FN] #27 fn=0x8002ACB4 a0=0x00000000 v0=0x00000000 state=0x00000000 ra=0x800219F4 sp=0x801FFF78 f=0
[BLACKSCREEN][STATE-309C-FN] #28 fn=0x8002ACB4 a0=0x00000000 v0=0x00000000 state=0x00000000 ra=0x800219F4 sp=0x801FFF78 f=0
[BLACKSCREEN][BOOT-IDLE] start=0x800219E0 step=5 pc=0x800219F4 instr=0x00021400 v0=0x00000000 a0=0x00000000 ra=0x800219F4 sp=0x801FFF78 f=0
[BLACKSCREEN][BOOT-IDLE] start=0x800219E0 step=6 pc=0x800219F8 instr=0x00021403 v0=0x00000000 a0=0x00000000 ra=0x800219F4 sp=0x801FFF78 f=0
[BLACKSCREEN][BOOT-IDLE] start=0x800219E0 step=7 pc=0x800219FC instr=0x8FBF0010 v0=0x00000000 a0=0x00000000 ra=0x800219F4 sp=0x801FFF78 f=0
[BLACKSCREEN][BOOT-IDLE] start=0x800219E0 step=8 pc=0x80021A00 instr=0x27BD0018 v0=0x00000000 a0=0x00000000 ra=0x800E3298 sp=0x801FFF78 f=0
[BLACKSCREEN][BOOT-IDLE] start=0x800219E0 step=9 pc=0x80021A04 instr=0x03E00008 v0=0x00000000 a0=0x00000000 ra=0x800E3298 sp=0x801FFF90 f=0
[BLACKSCREEN][INTERP] start=0x800219E0 end=0x80021A04 steps=9 reason=jr_ra target=0x800E3298 ra=0x800E3298 sp=0x801FFF90 f=0
[BLACKSCREEN][CALL] enter #17 addr=0x800219E0 kseg0=0x800219E0 ra=0x800E3298 sp=0x801FFF90 f=0
[BLACKSCREEN][CALL] stage=before_overlay #17 addr=0x800219E0 ra=0x800E3298 f=0
[BLACKSCREEN][CALL] stage=before_inbinary #17 addr=0x800219E0 ra=0x800E3298 f=0
[BLACKSCREEN][CALL] route=interp #17 addr=0x800219E0 ra=0x800E3298 f=0
[BLACKSCREEN][INTERP] enter start=0x800219E0 instr0=0x27BDFFE8 a0=0x00000000 ra=0x800E3298 sp=0x801FFF90 f=0
[BLACKSCREEN][BOOT-IDLE] start=0x800219E0 step=1 pc=0x800219E0 instr=0x27BDFFE8 v0=0x00000000 a0=0x00000000 ra=0x800E3298 sp=0x801FFF90 f=0
[BLACKSCREEN][BOOT-IDLE-CALLER] #14 ra=0x800E3298 g309c=0x00000000 v0=0x00000000 a0=0x00000000 sp=0x801FFF90 f=0
[BLACKSCREEN][BOOT-IDLE-CALLER]   pc=0x800E3288 instr=0xAFB00010
[BLACKSCREEN][BOOT-IDLE-CALLER]   pc=0x800E328C instr=0x34100001
[BLACKSCREEN][BOOT-IDLE-CALLER]   pc=0x800E3290 instr=0x0C008678
[BLACKSCREEN][BOOT-IDLE-CALLER]   pc=0x800E3294 instr=0x00002021
[BLACKSCREEN][BOOT-IDLE-CALLER]   pc=0x800E3298 instr=0x1450FFFD
[BLACKSCREEN][BOOT-IDLE-CALLER]   pc=0x800E329C instr=0x00000000
[BLACKSCREEN][BOOT-IDLE-CALLER]   pc=0x800E32A0 instr=0x3C04800B
[BLACKSCREEN][BOOT-IDLE-CALLER]   pc=0x800E32A4 instr=0x2484107C
[BLACKSCREEN][BOOT-IDLE-CALLER]   pc=0x800E32A8 instr=0x3C06800C
[BLACKSCREEN][BOOT-IDLE] start=0x800219E0 step=2 pc=0x800219E4 instr=0xAFBF0010 v0=0x00000000 a0=0x00000000 ra=0x800E3298 sp=0x801FFF78 f=0
[BLACKSCREEN][BOOT-IDLE] start=0x800219E0 step=3 pc=0x800219E8 instr=0x00042400 v0=0x00000000 a0=0x00000000 ra=0x800E3298 sp=0x801FFF78 f=0
[BLACKSCREEN][BOOT-IDLE] start=0x800219E0 step=4 pc=0x800219EC instr=0x0C00AB2D v0=0x00000000 a0=0x00000000 ra=0x800E3298 sp=0x801FFF78 f=0
[BLACKSCREEN][STATE-309C-FN] #29 fn=0x8002ACB4 a0=0x00000000 v0=0x00000000 state=0x00000000 ra=0x800219F4 sp=0x801FFF78 f=0
[BLACKSCREEN][STATE-309C-FN] #30 fn=0x8002ACB4 a0=0x00000000 v0=0x00000000 state=0x00000000 ra=0x800219F4 sp=0x801FFF78 f=0
[BLACKSCREEN][BOOT-IDLE] start=0x800219E0 step=5 pc=0x800219F4 instr=0x00021400 v0=0x00000000 a0=0x00000000 ra=0x800219F4 sp=0x801FFF78 f=0
[BLACKSCREEN][BOOT-IDLE] start=0x800219E0 step=6 pc=0x800219F8 instr=0x00021403 v0=0x00000000 a0=0x00000000 ra=0x800219F4 sp=0x801FFF78 f=0
[BLACKSCREEN][BOOT-IDLE] start=0x800219E0 step=7 pc=0x800219FC instr=0x8FBF0010 v0=0x00000000 a0=0x00000000 ra=0x800219F4 sp=0x801FFF78 f=0
[BLACKSCREEN][BOOT-IDLE] start=0x800219E0 step=8 pc=0x80021A00 instr=0x27BD0018 v0=0x00000000 a0=0x00000000 ra=0x800E3298 sp=0x801FFF78 f=0
[BLACKSCREEN][BOOT-IDLE] start=0x800219E0 step=9 pc=0x80021A04 instr=0x03E00008 v0=0x00000000 a0=0x00000000 ra=0x800E3298 sp=0x801FFF90 f=0
[BLACKSCREEN][INTERP] start=0x800219E0 end=0x80021A04 steps=9 reason=jr_ra target=0x800E3298 ra=0x800E3298 sp=0x801FFF90 f=0
[BLACKSCREEN][CALL] enter #18 addr=0x800219E0 kseg0=0x800219E0 ra=0x800E3298 sp=0x801FFF90 f=0
[BLACKSCREEN][CALL] stage=before_overlay #18 addr=0x800219E0 ra=0x800E3298 f=0
[BLACKSCREEN][CALL] stage=before_inbinary #18 addr=0x800219E0 ra=0x800E3298 f=0
[BLACKSCREEN][CALL] route=interp #18 addr=0x800219E0 ra=0x800E3298 f=0
[BLACKSCREEN][INTERP] enter start=0x800219E0 instr0=0x27BDFFE8 a0=0x00000000 ra=0x800E3298 sp=0x801FFF90 f=0
[BLACKSCREEN][BOOT-IDLE] start=0x800219E0 step=1 pc=0x800219E0 instr=0x27BDFFE8 v0=0x00000000 a0=0x00000000 ra=0x800E3298 sp=0x801FFF90 f=0
[BLACKSCREEN][BOOT-IDLE-CALLER] #15 ra=0x800E3298 g309c=0x00000000 v0=0x00000000 a0=0x00000000 sp=0x801FFF90 f=0
[BLACKSCREEN][BOOT-IDLE-CALLER]   pc=0x800E3288 instr=0xAFB00010
[BLACKSCREEN][BOOT-IDLE-CALLER]   pc=0x800E328C instr=0x34100001
[BLACKSCREEN][BOOT-IDLE-CALLER]   pc=0x800E3290 instr=0x0C008678
[BLACKSCREEN][BOOT-IDLE-CALLER]   pc=0x800E3294 instr=0x00002021
[BLACKSCREEN][BOOT-IDLE-CALLER]   pc=0x800E3298 instr=0x1450FFFD
[BLACKSCREEN][BOOT-IDLE-CALLER]   pc=0x800E329C instr=0x00000000
[BLACKSCREEN][BOOT-IDLE-CALLER]   pc=0x800E32A0 instr=0x3C04800B
[BLACKSCREEN][BOOT-IDLE-CALLER]   pc=0x800E32A4 instr=0x2484107C
[BLACKSCREEN][BOOT-IDLE-CALLER]   pc=0x800E32A8 instr=0x3C06800C
[BLACKSCREEN][BOOT-IDLE] start=0x800219E0 step=2 pc=0x800219E4 instr=0xAFBF0010 v0=0x00000000 a0=0x00000000 ra=0x800E3298 sp=0x801FFF78 f=0
[BLACKSCREEN][BOOT-IDLE] start=0x800219E0 step=3 pc=0x800219E8 instr=0x00042400 v0=0x00000000 a0=0x00000000 ra=0x800E3298 sp=0x801FFF78 f=0
[BLACKSCREEN][BOOT-IDLE] start=0x800219E0 step=4 pc=0x800219EC instr=0x0C00AB2D v0=0x00000000 a0=0x00000000 ra=0x800E3298 sp=0x801FFF78 f=0
[BLACKSCREEN][STATE-309C-FN] #31 fn=0x8002ACB4 a0=0x00000000 v0=0x00000000 state=0x00000000 ra=0x800219F4 sp=0x801FFF78 f=0
[BLACKSCREEN][STATE-309C-FN] #32 fn=0x8002ACB4 a0=0x00000000 v0=0x00000000 state=0x00000000 ra=0x800219F4 sp=0x801FFF78 f=0
[BLACKSCREEN][BOOT-IDLE] start=0x800219E0 step=5 pc=0x800219F4 instr=0x00021400 v0=0x00000000 a0=0x00000000 ra=0x800219F4 sp=0x801FFF78 f=0
[BLACKSCREEN][BOOT-IDLE] start=0x800219E0 step=6 pc=0x800219F8 instr=0x00021403 v0=0x00000000 a0=0x00000000 ra=0x800219F4 sp=0x801FFF78 f=0
[BLACKSCREEN][BOOT-IDLE] start=0x800219E0 step=7 pc=0x800219FC instr=0x8FBF0010 v0=0x00000000 a0=0x00000000 ra=0x800219F4 sp=0x801FFF78 f=0
[BLACKSCREEN][BOOT-IDLE] start=0x800219E0 step=8 pc=0x80021A00 instr=0x27BD0018 v0=0x00000000 a0=0x00000000 ra=0x800E3298 sp=0x801FFF78 f=0
[BLACKSCREEN][BOOT-IDLE] start=0x800219E0 step=9 pc=0x80021A04 instr=0x03E00008 v0=0x00000000 a0=0x00000000 ra=0x800E3298 sp=0x801FFF90 f=0
[BLACKSCREEN][INTERP] start=0x800219E0 end=0x80021A04 steps=9 reason=jr_ra target=0x800E3298 ra=0x800E3298 sp=0x801FFF90 f=0
[BLACKSCREEN][CALL] enter #19 addr=0x800219E0 kseg0=0x800219E0 ra=0x800E3298 sp=0x801FFF90 f=0
[BLACKSCREEN][CALL] stage=before_overlay #19 addr=0x800219E0 ra=0x800E3298 f=0
[BLACKSCREEN][CALL] stage=before_inbinary #19 addr=0x800219E0 ra=0x800E3298 f=0
[BLACKSCREEN][CALL] route=interp #19 addr=0x800219E0 ra=0x800E3298 f=0
[BLACKSCREEN][INTERP] enter start=0x800219E0 instr0=0x27BDFFE8 a0=0x00000000 ra=0x800E3298 sp=0x801FFF90 f=0
[BLACKSCREEN][BOOT-IDLE] start=0x800219E0 step=1 pc=0x800219E0 instr=0x27BDFFE8 v0=0x00000000 a0=0x00000000 ra=0x800E3298 sp=0x801FFF90 f=0
[BLACKSCREEN][BOOT-IDLE-CALLER] #16 ra=0x800E3298 g309c=0x00000000 v0=0x00000000 a0=0x00000000 sp=0x801FFF90 f=0
[BLACKSCREEN][BOOT-IDLE-CALLER]   pc=0x800E3288 instr=0xAFB00010
[BLACKSCREEN][BOOT-IDLE-CALLER]   pc=0x800E328C instr=0x34100001
[BLACKSCREEN][BOOT-IDLE-CALLER]   pc=0x800E3290 instr=0x0C008678
[BLACKSCREEN][BOOT-IDLE-CALLER]   pc=0x800E3294 instr=0x00002021
[BLACKSCREEN][BOOT-IDLE-CALLER]   pc=0x800E3298 instr=0x1450FFFD
[BLACKSCREEN][BOOT-IDLE-CALLER]   pc=0x800E329C instr=0x00000000
[BLACKSCREEN][BOOT-IDLE-CALLER]   pc=0x800E32A0 instr=0x3C04800B
[BLACKSCREEN][BOOT-IDLE-CALLER]   pc=0x800E32A4 instr=0x2484107C
[BLACKSCREEN][BOOT-IDLE-CALLER]   pc=0x800E32A8 instr=0x3C06800C
[BLACKSCREEN][BOOT-IDLE] start=0x800219E0 step=2 pc=0x800219E4 instr=0xAFBF0010 v0=0x00000000 a0=0x00000000 ra=0x800E3298 sp=0x801FFF78 f=0
[BLACKSCREEN][BOOT-IDLE] start=0x800219E0 step=3 pc=0x800219E8 instr=0x00042400 v0=0x00000000 a0=0x00000000 ra=0x800E3298 sp=0x801FFF78 f=0
[BLACKSCREEN][BOOT-IDLE] start=0x800219E0 step=4 pc=0x800219EC instr=0x0C00AB2D v0=0x00000000 a0=0x00000000 ra=0x800E3298 sp=0x801FFF78 f=0
[BLACKSCREEN][STATE-309C-FN] #33 fn=0x8002ACB4 a0=0x00000000 v0=0x00000000 state=0x00000000 ra=0x800219F4 sp=0x801FFF78 f=0
[BLACKSCREEN][STATE-309C-FN] #34 fn=0x8002ACB4 a0=0x00000000 v0=0x00000000 state=0x00000000 ra=0x800219F4 sp=0x801FFF78 f=0
[BLACKSCREEN][BOOT-IDLE] start=0x800219E0 step=5 pc=0x800219F4 instr=0x00021400 v0=0x00000000 a0=0x00000000 ra=0x800219F4 sp=0x801FFF78 f=0
[BLACKSCREEN][BOOT-IDLE] start=0x800219E0 step=6 pc=0x800219F8 instr=0x00021403 v0=0x00000000 a0=0x00000000 ra=0x800219F4 sp=0x801FFF78 f=0
[BLACKSCREEN][BOOT-IDLE] start=0x800219E0 step=7 pc=0x800219FC instr=0x8FBF0010 v0=0x00000000 a0=0x00000000 ra=0x800219F4 sp=0x801FFF78 f=0
[BLACKSCREEN][BOOT-IDLE] start=0x800219E0 step=8 pc=0x80021A00 instr=0x27BD0018 v0=0x00000000 a0=0x00000000 ra=0x800E3298 sp=0x801FFF78 f=0
[BLACKSCREEN][BOOT-IDLE] start=0x800219E0 step=9 pc=0x80021A04 instr=0x03E00008 v0=0x00000000 a0=0x00000000 ra=0x800E3298 sp=0x801FFF90 f=0
[BLACKSCREEN][INTERP] start=0x800219E0 end=0x80021A04 steps=9 reason=jr_ra target=0x800E3298 ra=0x800E3298 sp=0x801FFF90 f=0
[BLACKSCREEN][CALL] enter #20 addr=0x800219E0 kseg0=0x800219E0 ra=0x800E3298 sp=0x801FFF90 f=0
[BLACKSCREEN][CALL] stage=before_overlay #20 addr=0x800219E0 ra=0x800E3298 f=0
[BLACKSCREEN][CALL] stage=before_inbinary #20 addr=0x800219E0 ra=0x800E3298 f=0
[BLACKSCREEN][CALL] route=interp #20 addr=0x800219E0 ra=0x800E3298 f=0
[BLACKSCREEN][INTERP] enter start=0x800219E0 instr0=0x27BDFFE8 a0=0x00000000 ra=0x800E3298 sp=0x801FFF90 f=0
[BLACKSCREEN][BOOT-IDLE] start=0x800219E0 step=1 pc=0x800219E0 instr=0x27BDFFE8 v0=0x00000000 a0=0x00000000 ra=0x800E3298 sp=0x801FFF90 f=0
[BLACKSCREEN][BOOT-IDLE-CALLER] #17 ra=0x800E3298 g309c=0x00000000 v0=0x00000000 a0=0x00000000 sp=0x801FFF90 f=0
[BLACKSCREEN][BOOT-IDLE-CALLER]   pc=0x800E3288 instr=0xAFB00010
[BLACKSCREEN][BOOT-IDLE-CALLER]   pc=0x800E328C instr=0x34100001
[BLACKSCREEN][BOOT-IDLE-CALLER]   pc=0x800E3290 instr=0x0C008678
[BLACKSCREEN][BOOT-IDLE-CALLER]   pc=0x800E3294 instr=0x00002021
[BLACKSCREEN][BOOT-IDLE-CALLER]   pc=0x800E3298 instr=0x1450FFFD
[BLACKSCREEN][BOOT-IDLE-CALLER]   pc=0x800E329C instr=0x00000000
[BLACKSCREEN][BOOT-IDLE-CALLER]   pc=0x800E32A0 instr=0x3C04800B
[BLACKSCREEN][BOOT-IDLE-CALLER]   pc=0x800E32A4 instr=0x2484107C
[BLACKSCREEN][BOOT-IDLE-CALLER]   pc=0x800E32A8 instr=0x3C06800C
[BLACKSCREEN][BOOT-IDLE] start=0x800219E0 step=2 pc=0x800219E4 instr=0xAFBF0010 v0=0x00000000 a0=0x00000000 ra=0x800E3298 sp=0x801FFF78 f=0
[BLACKSCREEN][BOOT-IDLE] start=0x800219E0 step=3 pc=0x800219E8 instr=0x00042400 v0=0x00000000 a0=0x00000000 ra=0x800E3298 sp=0x801FFF78 f=0
[BLACKSCREEN][BOOT-IDLE] start=0x800219E0 step=4 pc=0x800219EC instr=0x0C00AB2D v0=0x00000000 a0=0x00000000 ra=0x800E3298 sp=0x801FFF78 f=0
[BLACKSCREEN][STATE-309C-FN] #35 fn=0x8002ACB4 a0=0x00000000 v0=0x00000000 state=0x00000000 ra=0x800219F4 sp=0x801FFF78 f=0
[BLACKSCREEN][STATE-309C-FN] #36 fn=0x8002ACB4 a0=0x00000000 v0=0x00000000 state=0x00000000 ra=0x800219F4 sp=0x801FFF78 f=0
[BLACKSCREEN][BOOT-IDLE] start=0x800219E0 step=5 pc=0x800219F4 instr=0x00021400 v0=0x00000000 a0=0x00000000 ra=0x800219F4 sp=0x801FFF78 f=0
[BLACKSCREEN][BOOT-IDLE] start=0x800219E0 step=6 pc=0x800219F8 instr=0x00021403 v0=0x00000000 a0=0x00000000 ra=0x800219F4 sp=0x801FFF78 f=0
[BLACKSCREEN][BOOT-IDLE] start=0x800219E0 step=7 pc=0x800219FC instr=0x8FBF0010 v0=0x00000000 a0=0x00000000 ra=0x800219F4 sp=0x801FFF78 f=0
[BLACKSCREEN][BOOT-IDLE] start=0x800219E0 step=8 pc=0x80021A00 instr=0x27BD0018 v0=0x00000000 a0=0x00000000 ra=0x800E3298 sp=0x801FFF78 f=0
[BLACKSCREEN][BOOT-IDLE] start=0x800219E0 step=9 pc=0x80021A04 instr=0x03E00008 v0=0x00000000 a0=0x00000000 ra=0x800E3298 sp=0x801FFF90 f=0
[BLACKSCREEN][INTERP] start=0x800219E0 end=0x80021A04 steps=9 reason=jr_ra target=0x800E3298 ra=0x800E3298 sp=0x801FFF90 f=0
[BLACKSCREEN][CALL] enter #21 addr=0x800219E0 kseg0=0x800219E0 ra=0x800E3298 sp=0x801FFF90 f=0
[BLACKSCREEN][CALL] stage=before_overlay #21 addr=0x800219E0 ra=0x800E3298 f=0
[BLACKSCREEN][CALL] stage=before_inbinary #21 addr=0x800219E0 ra=0x800E3298 f=0
[BLACKSCREEN][CALL] route=interp #21 addr=0x800219E0 ra=0x800E3298 f=0
[BLACKSCREEN][INTERP] enter start=0x800219E0 instr0=0x27BDFFE8 a0=0x00000000 ra=0x800E3298 sp=0x801FFF90 f=0
[BLACKSCREEN][BOOT-IDLE] start=0x800219E0 step=1 pc=0x800219E0 instr=0x27BDFFE8 v0=0x00000000 a0=0x00000000 ra=0x800E3298 sp=0x801FFF90 f=0
[BLACKSCREEN][BOOT-IDLE-CALLER] #18 ra=0x800E3298 g309c=0x00000000 v0=0x00000000 a0=0x00000000 sp=0x801FFF90 f=0
[BLACKSCREEN][BOOT-IDLE-CALLER]   pc=0x800E3288 instr=0xAFB00010
[BLACKSCREEN][BOOT-IDLE-CALLER]   pc=0x800E328C instr=0x34100001
[BLACKSCREEN][BOOT-IDLE-CALLER]   pc=0x800E3290 instr=0x0C008678
[BLACKSCREEN][BOOT-IDLE-CALLER]   pc=0x800E3294 instr=0x00002021
[BLACKSCREEN][BOOT-IDLE-CALLER]   pc=0x800E3298 instr=0x1450FFFD
[BLACKSCREEN][BOOT-IDLE-CALLER]   pc=0x800E329C instr=0x00000000
[BLACKSCREEN][BOOT-IDLE-CALLER]   pc=0x800E32A0 instr=0x3C04800B
[BLACKSCREEN][BOOT-IDLE-CALLER]   pc=0x800E32A4 instr=0x2484107C
[BLACKSCREEN][BOOT-IDLE-CALLER]   pc=0x800E32A8 instr=0x3C06800C
[BLACKSCREEN][BOOT-IDLE] start=0x800219E0 step=2 pc=0x800219E4 instr=0xAFBF0010 v0=0x00000000 a0=0x00000000 ra=0x800E3298 sp=0x801FFF78 f=0
[BLACKSCREEN][BOOT-IDLE] start=0x800219E0 step=3 pc=0x800219E8 instr=0x00042400 v0=0x00000000 a0=0x00000000 ra=0x800E3298 sp=0x801FFF78 f=0
[BLACKSCREEN][BOOT-IDLE] start=0x800219E0 step=4 pc=0x800219EC instr=0x0C00AB2D v0=0x00000000 a0=0x00000000 ra=0x800E3298 sp=0x801FFF78 f=0
[BLACKSCREEN][STATE-309C-FN] #37 fn=0x8002ACB4 a0=0x00000000 v0=0x00000000 state=0x00000000 ra=0x800219F4 sp=0x801FFF78 f=0
[BLACKSCREEN][STATE-309C-FN] #38 fn=0x8002ACB4 a0=0x00000000 v0=0x00000000 state=0x00000000 ra=0x800219F4 sp=0x801FFF78 f=0
[BLACKSCREEN][BOOT-IDLE] start=0x800219E0 step=5 pc=0x800219F4 instr=0x00021400 v0=0x00000000 a0=0x00000000 ra=0x800219F4 sp=0x801FFF78 f=0
[BLACKSCREEN][BOOT-IDLE] start=0x800219E0 step=6 pc=0x800219F8 instr=0x00021403 v0=0x00000000 a0=0x00000000 ra=0x800219F4 sp=0x801FFF78 f=0
[BLACKSCREEN][BOOT-IDLE] start=0x800219E0 step=7 pc=0x800219FC instr=0x8FBF0010 v0=0x00000000 a0=0x00000000 ra=0x800219F4 sp=0x801FFF78 f=0
[BLACKSCREEN][BOOT-IDLE] start=0x800219E0 step=8 pc=0x80021A00 instr=0x27BD0018 v0=0x00000000 a0=0x00000000 ra=0x800E3298 sp=0x801FFF78 f=0
[BLACKSCREEN][BOOT-IDLE] start=0x800219E0 step=9 pc=0x80021A04 instr=0x03E00008 v0=0x00000000 a0=0x00000000 ra=0x800E3298 sp=0x801FFF90 f=0
[BLACKSCREEN][INTERP] start=0x800219E0 end=0x80021A04 steps=9 reason=jr_ra target=0x800E3298 ra=0x800E3298 sp=0x801FFF90 f=0
[BLACKSCREEN][CALL] enter #22 addr=0x800219E0 kseg0=0x800219E0 ra=0x800E3298 sp=0x801FFF90 f=0
[BLACKSCREEN][CALL] stage=before_overlay #22 addr=0x800219E0 ra=0x800E3298 f=0
[BLACKSCREEN][CALL] stage=before_inbinary #22 addr=0x800219E0 ra=0x800E3298 f=0
[BLACKSCREEN][CALL] route=interp #22 addr=0x800219E0 ra=0x800E3298 f=0
[BLACKSCREEN][INTERP] enter start=0x800219E0 instr0=0x27BDFFE8 a0=0x00000000 ra=0x800E3298 sp=0x801FFF90 f=0
[BLACKSCREEN][BOOT-IDLE] start=0x800219E0 step=1 pc=0x800219E0 instr=0x27BDFFE8 v0=0x00000000 a0=0x00000000 ra=0x800E3298 sp=0x801FFF90 f=0
[BLACKSCREEN][BOOT-IDLE-CALLER] #19 ra=0x800E3298 g309c=0x00000000 v0=0x00000000 a0=0x00000000 sp=0x801FFF90 f=0
[BLACKSCREEN][BOOT-IDLE-CALLER]   pc=0x800E3288 instr=0xAFB00010
[BLACKSCREEN][BOOT-IDLE-CALLER]   pc=0x800E328C instr=0x34100001
[BLACKSCREEN][BOOT-IDLE-CALLER]   pc=0x800E3290 instr=0x0C008678
[BLACKSCREEN][BOOT-IDLE-CALLER]   pc=0x800E3294 instr=0x00002021
[BLACKSCREEN][BOOT-IDLE-CALLER]   pc=0x800E3298 instr=0x1450FFFD
[BLACKSCREEN][BOOT-IDLE-CALLER]   pc=0x800E329C instr=0x00000000
[BLACKSCREEN][BOOT-IDLE-CALLER]   pc=0x800E32A0 instr=0x3C04800B
[BLACKSCREEN][BOOT-IDLE-CALLER]   pc=0x800E32A4 instr=0x2484107C
[BLACKSCREEN][BOOT-IDLE-CALLER]   pc=0x800E32A8 instr=0x3C06800C
[BLACKSCREEN][BOOT-IDLE] start=0x800219E0 step=2 pc=0x800219E4 instr=0xAFBF0010 v0=0x00000000 a0=0x00000000 ra=0x800E3298 sp=0x801FFF78 f=0
[BLACKSCREEN][BOOT-IDLE] start=0x800219E0 step=3 pc=0x800219E8 instr=0x00042400 v0=0x00000000 a0=0x00000000 ra=0x800E3298 sp=0x801FFF78 f=0
[BLACKSCREEN][BOOT-IDLE] start=0x800219E0 step=4 pc=0x800219EC instr=0x0C00AB2D v0=0x00000000 a0=0x00000000 ra=0x800E3298 sp=0x801FFF78 f=0
[BLACKSCREEN][STATE-309C-FN] #39 fn=0x8002ACB4 a0=0x00000000 v0=0x00000000 state=0x00000000 ra=0x800219F4 sp=0x801FFF78 f=0
[BLACKSCREEN][STATE-309C-FN] #40 fn=0x8002ACB4 a0=0x00000000 v0=0x00000000 state=0x00000000 ra=0x800219F4 sp=0x801FFF78 f=0
[BLACKSCREEN][BOOT-IDLE] start=0x800219E0 step=5 pc=0x800219F4 instr=0x00021400 v0=0x00000000 a0=0x00000000 ra=0x800219F4 sp=0x801FFF78 f=0
[BLACKSCREEN][BOOT-IDLE] start=0x800219E0 step=6 pc=0x800219F8 instr=0x00021403 v0=0x00000000 a0=0x00000000 ra=0x800219F4 sp=0x801FFF78 f=0
[BLACKSCREEN][BOOT-IDLE] start=0x800219E0 step=7 pc=0x800219FC instr=0x8FBF0010 v0=0x00000000 a0=0x00000000 ra=0x800219F4 sp=0x801FFF78 f=0
[BLACKSCREEN][BOOT-IDLE] start=0x800219E0 step=8 pc=0x80021A00 instr=0x27BD0018 v0=0x00000000 a0=0x00000000 ra=0x800E3298 sp=0x801FFF78 f=0
[BLACKSCREEN][BOOT-IDLE] start=0x800219E0 step=9 pc=0x80021A04 instr=0x03E00008 v0=0x00000000 a0=0x00000000 ra=0x800E3298 sp=0x801FFF90 f=0
[BLACKSCREEN][INTERP] start=0x800219E0 end=0x80021A04 steps=9 reason=jr_ra target=0x800E3298 ra=0x800E3298 sp=0x801FFF90 f=0
[BLACKSCREEN][CALL] enter #23 addr=0x800219E0 kseg0=0x800219E0 ra=0x800E3298 sp=0x801FFF90 f=0
[BLACKSCREEN][CALL] stage=before_overlay #23 addr=0x800219E0 ra=0x800E3298 f=0
[BLACKSCREEN][CALL] stage=before_inbinary #23 addr=0x800219E0 ra=0x800E3298 f=0
[BLACKSCREEN][CALL] route=interp #23 addr=0x800219E0 ra=0x800E3298 f=0
[BLACKSCREEN][INTERP] enter start=0x800219E0 instr0=0x27BDFFE8 a0=0x00000000 ra=0x800E3298 sp=0x801FFF90 f=0
[BLACKSCREEN][BOOT-IDLE] start=0x800219E0 step=1 pc=0x800219E0 instr=0x27BDFFE8 v0=0x00000000 a0=0x00000000 ra=0x800E3298 sp=0x801FFF90 f=0
[BLACKSCREEN][BOOT-IDLE-CALLER] #20 ra=0x800E3298 g309c=0x00000000 v0=0x00000000 a0=0x00000000 sp=0x801FFF90 f=0
[BLACKSCREEN][BOOT-IDLE-CALLER]   pc=0x800E3288 instr=0xAFB00010
[BLACKSCREEN][BOOT-IDLE-CALLER]   pc=0x800E328C instr=0x34100001
[BLACKSCREEN][BOOT-IDLE-CALLER]   pc=0x800E3290 instr=0x0C008678
[BLACKSCREEN][BOOT-IDLE-CALLER]   pc=0x800E3294 instr=0x00002021
[BLACKSCREEN][BOOT-IDLE-CALLER]   pc=0x800E3298 instr=0x1450FFFD
[BLACKSCREEN][BOOT-IDLE-CALLER]   pc=0x800E329C instr=0x00000000
[BLACKSCREEN][BOOT-IDLE-CALLER]   pc=0x800E32A0 instr=0x3C04800B
[BLACKSCREEN][BOOT-IDLE-CALLER]   pc=0x800E32A4 instr=0x2484107C
[BLACKSCREEN][BOOT-IDLE-CALLER]   pc=0x800E32A8 instr=0x3C06800C
[BLACKSCREEN][BOOT-IDLE] start=0x800219E0 step=2 pc=0x800219E4 instr=0xAFBF0010 v0=0x00000000 a0=0x00000000 ra=0x800E3298 sp=0x801FFF78 f=0
[BLACKSCREEN][BOOT-IDLE] start=0x800219E0 step=3 pc=0x800219E8 instr=0x00042400 v0=0x00000000 a0=0x00000000 ra=0x800E3298 sp=0x801FFF78 f=0
[BLACKSCREEN][BOOT-IDLE] start=0x800219E0 step=4 pc=0x800219EC instr=0x0C00AB2D v0=0x00000000 a0=0x00000000 ra=0x800E3298 sp=0x801FFF78 f=0
[BLACKSCREEN][STATE-309C-FN] #41 fn=0x8002ACB4 a0=0x00000000 v0=0x00000000 state=0x00000000 ra=0x800219F4 sp=0x801FFF78 f=0
[BLACKSCREEN][STATE-309C-FN] #42 fn=0x8002ACB4 a0=0x00000000 v0=0x00000000 state=0x00000000 ra=0x800219F4 sp=0x801FFF78 f=0
[BLACKSCREEN][BOOT-IDLE] start=0x800219E0 step=5 pc=0x800219F4 instr=0x00021400 v0=0x00000000 a0=0x00000000 ra=0x800219F4 sp=0x801FFF78 f=0
[BLACKSCREEN][BOOT-IDLE] start=0x800219E0 step=6 pc=0x800219F8 instr=0x00021403 v0=0x00000000 a0=0x00000000 ra=0x800219F4 sp=0x801FFF78 f=0
[BLACKSCREEN][BOOT-IDLE] start=0x800219E0 step=7 pc=0x800219FC instr=0x8FBF0010 v0=0x00000000 a0=0x00000000 ra=0x800219F4 sp=0x801FFF78 f=0
[BLACKSCREEN][BOOT-IDLE] start=0x800219E0 step=8 pc=0x80021A00 instr=0x27BD0018 v0=0x00000000 a0=0x00000000 ra=0x800E3298 sp=0x801FFF78 f=0
[BLACKSCREEN][BOOT-IDLE] start=0x800219E0 step=9 pc=0x80021A04 instr=0x03E00008 v0=0x00000000 a0=0x00000000 ra=0x800E3298 sp=0x801FFF90 f=0
[BLACKSCREEN][INTERP] start=0x800219E0 end=0x80021A04 steps=9 reason=jr_ra target=0x800E3298 ra=0x800E3298 sp=0x801FFF90 f=0
[BLACKSCREEN][CALL] enter #24 addr=0x800219E0 kseg0=0x800219E0 ra=0x800E3298 sp=0x801FFF90 f=0
[BLACKSCREEN][CALL] stage=before_overlay #24 addr=0x800219E0 ra=0x800E3298 f=0
[BLACKSCREEN][CALL] stage=before_inbinary #24 addr=0x800219E0 ra=0x800E3298 f=0
[BLACKSCREEN][CALL] route=interp #24 addr=0x800219E0 ra=0x800E3298 f=0
[BLACKSCREEN][INTERP] enter start=0x800219E0 instr0=0x27BDFFE8 a0=0x00000000 ra=0x800E3298 sp=0x801FFF90 f=0
[BLACKSCREEN][BOOT-IDLE] start=0x800219E0 step=1 pc=0x800219E0 instr=0x27BDFFE8 v0=0x00000000 a0=0x00000000 ra=0x800E3298 sp=0x801FFF90 f=0
[BLACKSCREEN][BOOT-IDLE-CALLER] #21 ra=0x800E3298 g309c=0x00000000 v0=0x00000000 a0=0x00000000 sp=0x801FFF90 f=0
[BLACKSCREEN][BOOT-IDLE-CALLER]   pc=0x800E3288 instr=0xAFB00010
[BLACKSCREEN][BOOT-IDLE-CALLER]   pc=0x800E328C instr=0x34100001
[BLACKSCREEN][BOOT-IDLE-CALLER]   pc=0x800E3290 instr=0x0C008678
[BLACKSCREEN][BOOT-IDLE-CALLER]   pc=0x800E3294 instr=0x00002021
[BLACKSCREEN][BOOT-IDLE-CALLER]   pc=0x800E3298 instr=0x1450FFFD
[BLACKSCREEN][BOOT-IDLE-CALLER]   pc=0x800E329C instr=0x00000000
[BLACKSCREEN][BOOT-IDLE-CALLER]   pc=0x800E32A0 instr=0x3C04800B
[BLACKSCREEN][BOOT-IDLE-CALLER]   pc=0x800E32A4 instr=0x2484107C
[BLACKSCREEN][BOOT-IDLE-CALLER]   pc=0x800E32A8 instr=0x3C06800C
[BLACKSCREEN][BOOT-IDLE] start=0x800219E0 step=2 pc=0x800219E4 instr=0xAFBF0010 v0=0x00000000 a0=0x00000000 ra=0x800E3298 sp=0x801FFF78 f=0
[BLACKSCREEN][BOOT-IDLE] start=0x800219E0 step=3 pc=0x800219E8 instr=0x00042400 v0=0x00000000 a0=0x00000000 ra=0x800E3298 sp=0x801FFF78 f=0
[BLACKSCREEN][BOOT-IDLE] start=0x800219E0 step=4 pc=0x800219EC instr=0x0C00AB2D v0=0x00000000 a0=0x00000000 ra=0x800E3298 sp=0x801FFF78 f=0
[BLACKSCREEN][STATE-309C-FN] #43 fn=0x8002ACB4 a0=0x00000000 v0=0x00000000 state=0x00000000 ra=0x800219F4 sp=0x801FFF78 f=0
[BLACKSCREEN][STATE-309C-FN] #44 fn=0x8002ACB4 a0=0x00000000 v0=0x00000000 state=0x00000000 ra=0x800219F4 sp=0x801FFF78 f=0
[BLACKSCREEN][BOOT-IDLE] start=0x800219E0 step=5 pc=0x800219F4 instr=0x00021400 v0=0x00000000 a0=0x00000000 ra=0x800219F4 sp=0x801FFF78 f=0
[BLACKSCREEN][BOOT-IDLE] start=0x800219E0 step=6 pc=0x800219F8 instr=0x00021403 v0=0x00000000 a0=0x00000000 ra=0x800219F4 sp=0x801FFF78 f=0
[BLACKSCREEN][BOOT-IDLE] start=0x800219E0 step=7 pc=0x800219FC instr=0x8FBF0010 v0=0x00000000 a0=0x00000000 ra=0x800219F4 sp=0x801FFF78 f=0
[BLACKSCREEN][BOOT-IDLE] start=0x800219E0 step=8 pc=0x80021A00 instr=0x27BD0018 v0=0x00000000 a0=0x00000000 ra=0x800E3298 sp=0x801FFF78 f=0
[BLACKSCREEN][BOOT-IDLE] start=0x800219E0 step=9 pc=0x80021A04 instr=0x03E00008 v0=0x00000000 a0=0x00000000 ra=0x800E3298 sp=0x801FFF90 f=0
[BLACKSCREEN][INTERP] start=0x800219E0 end=0x80021A04 steps=9 reason=jr_ra target=0x800E3298 ra=0x800E3298 sp=0x801FFF90 f=0
[BLACKSCREEN][CALL] enter #25 addr=0x800219E0 kseg0=0x800219E0 ra=0x800E3298 sp=0x801FFF90 f=0
[BLACKSCREEN][CALL] stage=before_overlay #25 addr=0x800219E0 ra=0x800E3298 f=0
[BLACKSCREEN][CALL] stage=before_inbinary #25 addr=0x800219E0 ra=0x800E3298 f=0
[BLACKSCREEN][CALL] route=interp #25 addr=0x800219E0 ra=0x800E3298 f=0
[BLACKSCREEN][INTERP] enter start=0x800219E0 instr0=0x27BDFFE8 a0=0x00000000 ra=0x800E3298 sp=0x801FFF90 f=0
[BLACKSCREEN][BOOT-IDLE] start=0x800219E0 step=1 pc=0x800219E0 instr=0x27BDFFE8 v0=0x00000000 a0=0x00000000 ra=0x800E3298 sp=0x801FFF90 f=0
[BLACKSCREEN][BOOT-IDLE-CALLER] #22 ra=0x800E3298 g309c=0x00000000 v0=0x00000000 a0=0x00000000 sp=0x801FFF90 f=0
[BLACKSCREEN][BOOT-IDLE-CALLER]   pc=0x800E3288 instr=0xAFB00010
[BLACKSCREEN][BOOT-IDLE-CALLER]   pc=0x800E328C instr=0x34100001
[BLACKSCREEN][BOOT-IDLE-CALLER]   pc=0x800E3290 instr=0x0C008678
[BLACKSCREEN][BOOT-IDLE-CALLER]   pc=0x800E3294 instr=0x00002021
[BLACKSCREEN][BOOT-IDLE-CALLER]   pc=0x800E3298 instr=0x1450FFFD
[BLACKSCREEN][BOOT-IDLE-CALLER]   pc=0x800E329C instr=0x00000000
[BLACKSCREEN][BOOT-IDLE-CALLER]   pc=0x800E32A0 instr=0x3C04800B
[BLACKSCREEN][BOOT-IDLE-CALLER]   pc=0x800E32A4 instr=0x2484107C
[BLACKSCREEN][BOOT-IDLE-CALLER]   pc=0x800E32A8 instr=0x3C06800C
[BLACKSCREEN][BOOT-IDLE] start=0x800219E0 step=2 pc=0x800219E4 instr=0xAFBF0010 v0=0x00000000 a0=0x00000000 ra=0x800E3298 sp=0x801FFF78 f=0
[BLACKSCREEN][BOOT-IDLE] start=0x800219E0 step=3 pc=0x800219E8 instr=0x00042400 v0=0x00000000 a0=0x00000000 ra=0x800E3298 sp=0x801FFF78 f=0
[BLACKSCREEN][BOOT-IDLE] start=0x800219E0 step=4 pc=0x800219EC instr=0x0C00AB2D v0=0x00000000 a0=0x00000000 ra=0x800E3298 sp=0x801FFF78 f=0
[BLACKSCREEN][STATE-309C-FN] #45 fn=0x8002ACB4 a0=0x00000000 v0=0x00000000 state=0x00000000 ra=0x800219F4 sp=0x801FFF78 f=0
[BLACKSCREEN][STATE-309C-FN] #46 fn=0x8002ACB4 a0=0x00000000 v0=0x00000000 state=0x00000000 ra=0x800219F4 sp=0x801FFF78 f=0
[BLACKSCREEN][BOOT-IDLE] start=0x800219E0 step=5 pc=0x800219F4 instr=0x00021400 v0=0x00000000 a0=0x00000000 ra=0x800219F4 sp=0x801FFF78 f=0
[BLACKSCREEN][BOOT-IDLE] start=0x800219E0 step=6 pc=0x800219F8 instr=0x00021403 v0=0x00000000 a0=0x00000000 ra=0x800219F4 sp=0x801FFF78 f=0
[BLACKSCREEN][BOOT-IDLE] start=0x800219E0 step=7 pc=0x800219FC instr=0x8FBF0010 v0=0x00000000 a0=0x00000000 ra=0x800219F4 sp=0x801FFF78 f=0
[BLACKSCREEN][BOOT-IDLE] start=0x800219E0 step=8 pc=0x80021A00 instr=0x27BD0018 v0=0x00000000 a0=0x00000000 ra=0x800E3298 sp=0x801FFF78 f=0
[BLACKSCREEN][BOOT-IDLE] start=0x800219E0 step=9 pc=0x80021A04 instr=0x03E00008 v0=0x00000000 a0=0x00000000 ra=0x800E3298 sp=0x801FFF90 f=0
[BLACKSCREEN][INTERP] start=0x800219E0 end=0x80021A04 steps=9 reason=jr_ra target=0x800E3298 ra=0x800E3298 sp=0x801FFF90 f=0
[BLACKSCREEN][CALL] enter #26 addr=0x800219E0 kseg0=0x800219E0 ra=0x800E3298 sp=0x801FFF90 f=0
[BLACKSCREEN][CALL] stage=before_overlay #26 addr=0x800219E0 ra=0x800E3298 f=0
[BLACKSCREEN][CALL] stage=before_inbinary #26 addr=0x800219E0 ra=0x800E3298 f=0
[BLACKSCREEN][CALL] route=interp #26 addr=0x800219E0 ra=0x800E3298 f=0
[BLACKSCREEN][INTERP] enter start=0x800219E0 instr0=0x27BDFFE8 a0=0x00000000 ra=0x800E3298 sp=0x801FFF90 f=0
[BLACKSCREEN][BOOT-IDLE] start=0x800219E0 step=1 pc=0x800219E0 instr=0x27BDFFE8 v0=0x00000000 a0=0x00000000 ra=0x800E3298 sp=0x801FFF90 f=0
[BLACKSCREEN][BOOT-IDLE-CALLER] #23 ra=0x800E3298 g309c=0x00000000 v0=0x00000000 a0=0x00000000 sp=0x801FFF90 f=0
[BLACKSCREEN][BOOT-IDLE-CALLER]   pc=0x800E3288 instr=0xAFB00010
[BLACKSCREEN][BOOT-IDLE-CALLER]   pc=0x800E328C instr=0x34100001
[BLACKSCREEN][BOOT-IDLE-CALLER]   pc=0x800E3290 instr=0x0C008678
[BLACKSCREEN][BOOT-IDLE-CALLER]   pc=0x800E3294 instr=0x00002021
[BLACKSCREEN][BOOT-IDLE-CALLER]   pc=0x800E3298 instr=0x1450FFFD
[BLACKSCREEN][BOOT-IDLE-CALLER]   pc=0x800E329C instr=0x00000000
[BLACKSCREEN][BOOT-IDLE-CALLER]   pc=0x800E32A0 instr=0x3C04800B
[BLACKSCREEN][BOOT-IDLE-CALLER]   pc=0x800E32A4 instr=0x2484107C
[BLACKSCREEN][BOOT-IDLE-CALLER]   pc=0x800E32A8 instr=0x3C06800C
[BLACKSCREEN][BOOT-IDLE] start=0x800219E0 step=2 pc=0x800219E4 instr=0xAFBF0010 v0=0x00000000 a0=0x00000000 ra=0x800E3298 sp=0x801FFF78 f=0
[BLACKSCREEN][BOOT-IDLE] start=0x800219E0 step=3 pc=0x800219E8 instr=0x00042400 v0=0x00000000 a0=0x00000000 ra=0x800E3298 sp=0x801FFF78 f=0
[BLACKSCREEN][BOOT-IDLE] start=0x800219E0 step=4 pc=0x800219EC instr=0x0C00AB2D v0=0x00000000 a0=0x00000000 ra=0x800E3298 sp=0x801FFF78 f=0
[BLACKSCREEN][STATE-309C-FN] #47 fn=0x8002ACB4 a0=0x00000000 v0=0x00000000 state=0x00000000 ra=0x800219F4 sp=0x801FFF78 f=0
[BLACKSCREEN][STATE-309C-FN] #48 fn=0x8002ACB4 a0=0x00000000 v0=0x00000000 state=0x00000000 ra=0x800219F4 sp=0x801FFF78 f=0
[BLACKSCREEN][BOOT-IDLE] start=0x800219E0 step=5 pc=0x800219F4 instr=0x00021400 v0=0x00000000 a0=0x00000000 ra=0x800219F4 sp=0x801FFF78 f=0
[BLACKSCREEN][BOOT-IDLE] start=0x800219E0 step=6 pc=0x800219F8 instr=0x00021403 v0=0x00000000 a0=0x00000000 ra=0x800219F4 sp=0x801FFF78 f=0
[BLACKSCREEN][BOOT-IDLE] start=0x800219E0 step=7 pc=0x800219FC instr=0x8FBF0010 v0=0x00000000 a0=0x00000000 ra=0x800219F4 sp=0x801FFF78 f=0
[BLACKSCREEN][BOOT-IDLE] start=0x800219E0 step=8 pc=0x80021A00 instr=0x27BD0018 v0=0x00000000 a0=0x00000000 ra=0x800E3298 sp=0x801FFF78 f=0
[BLACKSCREEN][BOOT-IDLE] start=0x800219E0 step=9 pc=0x80021A04 instr=0x03E00008 v0=0x00000000 a0=0x00000000 ra=0x800E3298 sp=0x801FFF90 f=0
[BLACKSCREEN][INTERP] start=0x800219E0 end=0x80021A04 steps=9 reason=jr_ra target=0x800E3298 ra=0x800E3298 sp=0x801FFF90 f=0
[BLACKSCREEN][CALL] enter #27 addr=0x800219E0 kseg0=0x800219E0 ra=0x800E3298 sp=0x801FFF90 f=0
[BLACKSCREEN][CALL] stage=before_overlay #27 addr=0x800219E0 ra=0x800E3298 f=0
[BLACKSCREEN][CALL] stage=before_inbinary #27 addr=0x800219E0 ra=0x800E3298 f=0
[BLACKSCREEN][CALL] route=interp #27 addr=0x800219E0 ra=0x800E3298 f=0
[BLACKSCREEN][INTERP] enter start=0x800219E0 instr0=0x27BDFFE8 a0=0x00000000 ra=0x800E3298 sp=0x801FFF90 f=0
[BLACKSCREEN][BOOT-IDLE] start=0x800219E0 step=1 pc=0x800219E0 instr=0x27BDFFE8 v0=0x00000000 a0=0x00000000 ra=0x800E3298 sp=0x801FFF90 f=0
[BLACKSCREEN][BOOT-IDLE-CALLER] #24 ra=0x800E3298 g309c=0x00000000 v0=0x00000000 a0=0x00000000 sp=0x801FFF90 f=0
[BLACKSCREEN][BOOT-IDLE-CALLER]   pc=0x800E3288 instr=0xAFB00010
[BLACKSCREEN][BOOT-IDLE-CALLER]   pc=0x800E328C instr=0x34100001
[BLACKSCREEN][BOOT-IDLE-CALLER]   pc=0x800E3290 instr=0x0C008678
[BLACKSCREEN][BOOT-IDLE-CALLER]   pc=0x800E3294 instr=0x00002021
[BLACKSCREEN][BOOT-IDLE-CALLER]   pc=0x800E3298 instr=0x1450FFFD
[BLACKSCREEN][BOOT-IDLE-CALLER]   pc=0x800E329C instr=0x00000000
[BLACKSCREEN][BOOT-IDLE-CALLER]   pc=0x800E32A0 instr=0x3C04800B
[BLACKSCREEN][BOOT-IDLE-CALLER]   pc=0x800E32A4 instr=0x2484107C
[BLACKSCREEN][BOOT-IDLE-CALLER]   pc=0x800E32A8 instr=0x3C06800C
[BLACKSCREEN][BOOT-IDLE] start=0x800219E0 step=2 pc=0x800219E4 instr=0xAFBF0010 v0=0x00000000 a0=0x00000000 ra=0x800E3298 sp=0x801FFF78 f=0
[BLACKSCREEN][BOOT-IDLE] start=0x800219E0 step=3 pc=0x800219E8 instr=0x00042400 v0=0x00000000 a0=0x00000000 ra=0x800E3298 sp=0x801FFF78 f=0
[BLACKSCREEN][BOOT-IDLE] start=0x800219E0 step=4 pc=0x800219EC instr=0x0C00AB2D v0=0x00000000 a0=0x00000000 ra=0x800E3298 sp=0x801FFF78 f=0
[BLACKSCREEN][STATE-309C-FN] #49 fn=0x8002ACB4 a0=0x00000000 v0=0x00000000 state=0x00000000 ra=0x800219F4 sp=0x801FFF78 f=0
[BLACKSCREEN][STATE-309C-FN] #50 fn=0x8002ACB4 a0=0x00000000 v0=0x00000000 state=0x00000000 ra=0x800219F4 sp=0x801FFF78 f=0
[BLACKSCREEN][BOOT-IDLE] start=0x800219E0 step=5 pc=0x800219F4 instr=0x00021400 v0=0x00000000 a0=0x00000000 ra=0x800219F4 sp=0x801FFF78 f=0
[BLACKSCREEN][BOOT-IDLE] start=0x800219E0 step=6 pc=0x800219F8 instr=0x00021403 v0=0x00000000 a0=0x00000000 ra=0x800219F4 sp=0x801FFF78 f=0
[BLACKSCREEN][BOOT-IDLE] start=0x800219E0 step=7 pc=0x800219FC instr=0x8FBF0010 v0=0x00000000 a0=0x00000000 ra=0x800219F4 sp=0x801FFF78 f=0
[BLACKSCREEN][BOOT-IDLE] start=0x800219E0 step=8 pc=0x80021A00 instr=0x27BD0018 v0=0x00000000 a0=0x00000000 ra=0x800E3298 sp=0x801FFF78 f=0
[BLACKSCREEN][BOOT-IDLE] start=0x800219E0 step=9 pc=0x80021A04 instr=0x03E00008 v0=0x00000000 a0=0x00000000 ra=0x800E3298 sp=0x801FFF90 f=0
[BLACKSCREEN][INTERP] start=0x800219E0 end=0x80021A04 steps=9 reason=jr_ra target=0x800E3298 ra=0x800E3298 sp=0x801FFF90 f=0
[BLACKSCREEN][CALL] enter #28 addr=0x800219E0 kseg0=0x800219E0 ra=0x800E3298 sp=0x801FFF90 f=0
[BLACKSCREEN][CALL] stage=before_overlay #28 addr=0x800219E0 ra=0x800E3298 f=0
[BLACKSCREEN][CALL] stage=before_inbinary #28 addr=0x800219E0 ra=0x800E3298 f=0
[BLACKSCREEN][CALL] route=interp #28 addr=0x800219E0 ra=0x800E3298 f=0
[BLACKSCREEN][INTERP] enter start=0x800219E0 instr0=0x27BDFFE8 a0=0x00000000 ra=0x800E3298 sp=0x801FFF90 f=0
[BLACKSCREEN][BOOT-IDLE] start=0x800219E0 step=1 pc=0x800219E0 instr=0x27BDFFE8 v0=0x00000000 a0=0x00000000 ra=0x800E3298 sp=0x801FFF90 f=0
[BLACKSCREEN][BOOT-IDLE] start=0x800219E0 step=2 pc=0x800219E4 instr=0xAFBF0010 v0=0x00000000 a0=0x00000000 ra=0x800E3298 sp=0x801FFF78 f=0
[BLACKSCREEN][BOOT-IDLE] start=0x800219E0 step=3 pc=0x800219E8 instr=0x00042400 v0=0x00000000 a0=0x00000000 ra=0x800E3298 sp=0x801FFF78 f=0
[BLACKSCREEN][BOOT-IDLE] start=0x800219E0 step=4 pc=0x800219EC instr=0x0C00AB2D v0=0x00000000 a0=0x00000000 ra=0x800E3298 sp=0x801FFF78 f=0
[BLACKSCREEN][STATE-309C-FN] #51 fn=0x8002ACB4 a0=0x00000000 v0=0x00000000 state=0x00000000 ra=0x800219F4 sp=0x801FFF78 f=0
[BLACKSCREEN][STATE-309C-FN] #52 fn=0x8002ACB4 a0=0x00000000 v0=0x00000000 state=0x00000000 ra=0x800219F4 sp=0x801FFF78 f=0
[BLACKSCREEN][BOOT-IDLE] start=0x800219E0 step=5 pc=0x800219F4 instr=0x00021400 v0=0x00000000 a0=0x00000000 ra=0x800219F4 sp=0x801FFF78 f=0
[BLACKSCREEN][BOOT-IDLE] start=0x800219E0 step=6 pc=0x800219F8 instr=0x00021403 v0=0x00000000 a0=0x00000000 ra=0x800219F4 sp=0x801FFF78 f=0
[BLACKSCREEN][BOOT-IDLE] start=0x800219E0 step=7 pc=0x800219FC instr=0x8FBF0010 v0=0x00000000 a0=0x00000000 ra=0x800219F4 sp=0x801FFF78 f=0
[BLACKSCREEN][BOOT-IDLE] start=0x800219E0 step=8 pc=0x80021A00 instr=0x27BD0018 v0=0x00000000 a0=0x00000000 ra=0x800E3298 sp=0x801FFF78 f=0
[BLACKSCREEN][BOOT-IDLE] start=0x800219E0 step=9 pc=0x80021A04 instr=0x03E00008 v0=0x00000000 a0=0x00000000 ra=0x800E3298 sp=0x801FFF90 f=0
[BLACKSCREEN][INTERP] start=0x800219E0 end=0x80021A04 steps=9 reason=jr_ra target=0x800E3298 ra=0x800E3298 sp=0x801FFF90 f=0
[BLACKSCREEN][CALL] enter #29 addr=0x800219E0 kseg0=0x800219E0 ra=0x800E3298 sp=0x801FFF90 f=0
[BLACKSCREEN][CALL] stage=before_overlay #29 addr=0x800219E0 ra=0x800E3298 f=0
[BLACKSCREEN][CALL] stage=before_inbinary #29 addr=0x800219E0 ra=0x800E3298 f=0
[BLACKSCREEN][CALL] route=interp #29 addr=0x800219E0 ra=0x800E3298 f=0
[BLACKSCREEN][INTERP] enter start=0x800219E0 instr0=0x27BDFFE8 a0=0x00000000 ra=0x800E3298 sp=0x801FFF90 f=0
[BLACKSCREEN][BOOT-IDLE] start=0x800219E0 step=1 pc=0x800219E0 instr=0x27BDFFE8 v0=0x00000000 a0=0x00000000 ra=0x800E3298 sp=0x801FFF90 f=0
[BLACKSCREEN][BOOT-IDLE] start=0x800219E0 step=2 pc=0x800219E4 instr=0xAFBF0010 v0=0x00000000 a0=0x00000000 ra=0x800E3298 sp=0x801FFF78 f=0
[BLACKSCREEN][BOOT-IDLE] start=0x800219E0 step=3 pc=0x800219E8 instr=0x00042400 v0=0x00000000 a0=0x00000000 ra=0x800E3298 sp=0x801FFF78 f=0
[BLACKSCREEN][BOOT-IDLE] start=0x800219E0 step=4 pc=0x800219EC instr=0x0C00AB2D v0=0x00000000 a0=0x00000000 ra=0x800E3298 sp=0x801FFF78 f=0
[BLACKSCREEN][STATE-309C-FN] #53 fn=0x8002ACB4 a0=0x00000000 v0=0x00000000 state=0x00000000 ra=0x800219F4 sp=0x801FFF78 f=0
[BLACKSCREEN][STATE-309C-FN] #54 fn=0x8002ACB4 a0=0x00000000 v0=0x00000000 state=0x00000000 ra=0x800219F4 sp=0x801FFF78 f=0
[BLACKSCREEN][BOOT-IDLE] start=0x800219E0 step=5 pc=0x800219F4 instr=0x00021400 v0=0x00000000 a0=0x00000000 ra=0x800219F4 sp=0x801FFF78 f=0
[BLACKSCREEN][BOOT-IDLE] start=0x800219E0 step=6 pc=0x800219F8 instr=0x00021403 v0=0x00000000 a0=0x00000000 ra=0x800219F4 sp=0x801FFF78 f=0
[BLACKSCREEN][BOOT-IDLE] start=0x800219E0 step=7 pc=0x800219FC instr=0x8FBF0010 v0=0x00000000 a0=0x00000000 ra=0x800219F4 sp=0x801FFF78 f=0
[BLACKSCREEN][BOOT-IDLE] start=0x800219E0 step=8 pc=0x80021A00 instr=0x27BD0018 v0=0x00000000 a0=0x00000000 ra=0x800E3298 sp=0x801FFF78 f=0
[BLACKSCREEN][BOOT-IDLE] start=0x800219E0 step=9 pc=0x80021A04 instr=0x03E00008 v0=0x00000000 a0=0x00000000 ra=0x800E3298 sp=0x801FFF90 f=0
[BLACKSCREEN][INTERP] start=0x800219E0 end=0x80021A04 steps=9 reason=jr_ra target=0x800E3298 ra=0x800E3298 sp=0x801FFF90 f=0
[BLACKSCREEN][CALL] enter #30 addr=0x800219E0 kseg0=0x800219E0 ra=0x800E3298 sp=0x801FFF90 f=0
[BLACKSCREEN][CALL] stage=before_overlay #30 addr=0x800219E0 ra=0x800E3298 f=0
[BLACKSCREEN][CALL] stage=before_inbinary #30 addr=0x800219E0 ra=0x800E3298 f=0
[BLACKSCREEN][CALL] route=interp #30 addr=0x800219E0 ra=0x800E3298 f=0
[BLACKSCREEN][INTERP] enter start=0x800219E0 instr0=0x27BDFFE8 a0=0x00000000 ra=0x800E3298 sp=0x801FFF90 f=0
[BLACKSCREEN][BOOT-IDLE] start=0x800219E0 step=1 pc=0x800219E0 instr=0x27BDFFE8 v0=0x00000000 a0=0x00000000 ra=0x800E3298 sp=0x801FFF90 f=0
[BLACKSCREEN][BOOT-IDLE] start=0x800219E0 step=2 pc=0x800219E4 instr=0xAFBF0010 v0=0x00000000 a0=0x00000000 ra=0x800E3298 sp=0x801FFF78 f=0
[BLACKSCREEN][BOOT-IDLE] start=0x800219E0 step=3 pc=0x800219E8 instr=0x00042400 v0=0x00000000 a0=0x00000000 ra=0x800E3298 sp=0x801FFF78 f=0
[BLACKSCREEN][BOOT-IDLE] start=0x800219E0 step=4 pc=0x800219EC instr=0x0C00AB2D v0=0x00000000 a0=0x00000000 ra=0x800E3298 sp=0x801FFF78 f=0
[BLACKSCREEN][STATE-309C-FN] #55 fn=0x8002ACB4 a0=0x00000000 v0=0x00000000 state=0x00000000 ra=0x800219F4 sp=0x801FFF78 f=0
[BLACKSCREEN][STATE-309C-FN] #56 fn=0x8002ACB4 a0=0x00000000 v0=0x00000000 state=0x00000000 ra=0x800219F4 sp=0x801FFF78 f=0
[BLACKSCREEN][BOOT-IDLE] start=0x800219E0 step=5 pc=0x800219F4 instr=0x00021400 v0=0x00000000 a0=0x00000000 ra=0x800219F4 sp=0x801FFF78 f=0
[BLACKSCREEN][BOOT-IDLE] start=0x800219E0 step=6 pc=0x800219F8 instr=0x00021403 v0=0x00000000 a0=0x00000000 ra=0x800219F4 sp=0x801FFF78 f=0
[BLACKSCREEN][INTERP] start=0x800219E0 end=0x80021A04 steps=9 reason=jr_ra target=0x800E3298 ra=0x800E3298 sp=0x801FFF90 f=0
[BLACKSCREEN][CALL] enter #31 addr=0x800219E0 kseg0=0x800219E0 ra=0x800E3298 sp=0x801FFF90 f=0
[BLACKSCREEN][CALL] stage=before_overlay #31 addr=0x800219E0 ra=0x800E3298 f=0
[BLACKSCREEN][CALL] stage=before_inbinary #31 addr=0x800219E0 ra=0x800E3298 f=0
[BLACKSCREEN][CALL] route=interp #31 addr=0x800219E0 ra=0x800E3298 f=0
[BLACKSCREEN][INTERP] enter start=0x800219E0 instr0=0x27BDFFE8 a0=0x00000000 ra=0x800E3298 sp=0x801FFF90 f=0
[BLACKSCREEN][STATE-309C-FN] #57 fn=0x8002ACB4 a0=0x00000000 v0=0x00000000 state=0x00000000 ra=0x800219F4 sp=0x801FFF78 f=0
[BLACKSCREEN][STATE-309C-FN] #58 fn=0x8002ACB4 a0=0x00000000 v0=0x00000000 state=0x00000000 ra=0x800219F4 sp=0x801FFF78 f=0
[BLACKSCREEN][INTERP] start=0x800219E0 end=0x80021A04 steps=9 reason=jr_ra target=0x800E3298 ra=0x800E3298 sp=0x801FFF90 f=0
[BLACKSCREEN][CALL] enter #32 addr=0x800219E0 kseg0=0x800219E0 ra=0x800E3298 sp=0x801FFF90 f=0
[BLACKSCREEN][CALL] stage=before_overlay #32 addr=0x800219E0 ra=0x800E3298 f=0
[BLACKSCREEN][CALL] stage=before_inbinary #32 addr=0x800219E0 ra=0x800E3298 f=0
[BLACKSCREEN][CALL] route=interp #32 addr=0x800219E0 ra=0x800E3298 f=0
[BLACKSCREEN][INTERP] enter start=0x800219E0 instr0=0x27BDFFE8 a0=0x00000000 ra=0x800E3298 sp=0x801FFF90 f=0
[BLACKSCREEN][STATE-309C-FN] #59 fn=0x8002ACB4 a0=0x00000000 v0=0x00000000 state=0x00000000 ra=0x800219F4 sp=0x801FFF78 f=0
[BLACKSCREEN][STATE-309C-FN] #60 fn=0x8002ACB4 a0=0x00000000 v0=0x00000000 state=0x00000000 ra=0x800219F4 sp=0x801FFF78 f=0
[BLACKSCREEN][INTERP] start=0x800219E0 end=0x80021A04 steps=9 reason=jr_ra target=0x800E3298 ra=0x800E3298 sp=0x801FFF90 f=0
[BLACKSCREEN][CALL] enter #33 addr=0x800219E0 kseg0=0x800219E0 ra=0x800E3298 sp=0x801FFF90 f=0
[BLACKSCREEN][CALL] stage=before_overlay #33 addr=0x800219E0 ra=0x800E3298 f=0
[BLACKSCREEN][CALL] stage=before_inbinary #33 addr=0x800219E0 ra=0x800E3298 f=0
[BLACKSCREEN][CALL] route=interp #33 addr=0x800219E0 ra=0x800E3298 f=0
[BLACKSCREEN][INTERP] enter start=0x800219E0 instr0=0x27BDFFE8 a0=0x00000000 ra=0x800E3298 sp=0x801FFF90 f=0
[BLACKSCREEN][STATE-309C-FN] #61 fn=0x8002ACB4 a0=0x00000000 v0=0x00000000 state=0x00000000 ra=0x800219F4 sp=0x801FFF78 f=0
[BLACKSCREEN][STATE-309C-FN] #62 fn=0x8002ACB4 a0=0x00000000 v0=0x00000000 state=0x00000000 ra=0x800219F4 sp=0x801FFF78 f=0
[BLACKSCREEN][INTERP] start=0x800219E0 end=0x80021A04 steps=9 reason=jr_ra target=0x800E3298 ra=0x800E3298 sp=0x801FFF90 f=0
[BLACKSCREEN][CALL] enter #34 addr=0x800219E0 kseg0=0x800219E0 ra=0x800E3298 sp=0x801FFF90 f=0
[BLACKSCREEN][CALL] stage=before_overlay #34 addr=0x800219E0 ra=0x800E3298 f=0
[BLACKSCREEN][CALL] stage=before_inbinary #34 addr=0x800219E0 ra=0x800E3298 f=0
[BLACKSCREEN][CALL] route=interp #34 addr=0x800219E0 ra=0x800E3298 f=0
[BLACKSCREEN][INTERP] enter start=0x800219E0 instr0=0x27BDFFE8 a0=0x00000000 ra=0x800E3298 sp=0x801FFF90 f=0
[BLACKSCREEN][STATE-309C-FN] #63 fn=0x8002ACB4 a0=0x00000000 v0=0x00000000 state=0x00000000 ra=0x800219F4 sp=0x801FFF78 f=0
[BLACKSCREEN][STATE-309C-FN] #64 fn=0x8002ACB4 a0=0x00000000 v0=0x00000000 state=0x00000000 ra=0x800219F4 sp=0x801FFF78 f=0
[BLACKSCREEN][INTERP] start=0x800219E0 end=0x80021A04 steps=9 reason=jr_ra target=0x800E3298 ra=0x800E3298 sp=0x801FFF90 f=0
[BLACKSCREEN][CALL] enter #35 addr=0x800219E0 kseg0=0x800219E0 ra=0x800E3298 sp=0x801FFF90 f=0
[BLACKSCREEN][CALL] stage=before_overlay #35 addr=0x800219E0 ra=0x800E3298 f=0
[BLACKSCREEN][CALL] stage=before_inbinary #35 addr=0x800219E0 ra=0x800E3298 f=0
[BLACKSCREEN][CALL] route=interp #35 addr=0x800219E0 ra=0x800E3298 f=0
[BLACKSCREEN][INTERP] enter start=0x800219E0 instr0=0x27BDFFE8 a0=0x00000000 ra=0x800E3298 sp=0x801FFF90 f=0
[BLACKSCREEN][STATE-309C-FN] #65 fn=0x8002ACB4 a0=0x00000000 v0=0x00000000 state=0x00000000 ra=0x800219F4 sp=0x801FFF78 f=0
[BLACKSCREEN][STATE-309C-FN] #66 fn=0x8002ACB4 a0=0x00000000 v0=0x00000000 state=0x00000000 ra=0x800219F4 sp=0x801FFF78 f=0
[BLACKSCREEN][INTERP] start=0x800219E0 end=0x80021A04 steps=9 reason=jr_ra target=0x800E3298 ra=0x800E3298 sp=0x801FFF90 f=0
[BLACKSCREEN][CALL] enter #36 addr=0x800219E0 kseg0=0x800219E0 ra=0x800E3298 sp=0x801FFF90 f=0
[BLACKSCREEN][CALL] stage=before_overlay #36 addr=0x800219E0 ra=0x800E3298 f=0
[BLACKSCREEN][CALL] stage=before_inbinary #36 addr=0x800219E0 ra=0x800E3298 f=0
[BLACKSCREEN][CALL] route=interp #36 addr=0x800219E0 ra=0x800E3298 f=0
[BLACKSCREEN][INTERP] enter start=0x800219E0 instr0=0x27BDFFE8 a0=0x00000000 ra=0x800E3298 sp=0x801FFF90 f=0
[BLACKSCREEN][STATE-309C-FN] #67 fn=0x8002ACB4 a0=0x00000000 v0=0x00000000 state=0x00000000 ra=0x800219F4 sp=0x801FFF78 f=0
[BLACKSCREEN][STATE-309C-FN] #68 fn=0x8002ACB4 a0=0x00000000 v0=0x00000000 state=0x00000000 ra=0x800219F4 sp=0x801FFF78 f=0
[BLACKSCREEN][INTERP] start=0x800219E0 end=0x80021A04 steps=9 reason=jr_ra target=0x800E3298 ra=0x800E3298 sp=0x801FFF90 f=0
[BLACKSCREEN][CALL] enter #37 addr=0x800219E0 kseg0=0x800219E0 ra=0x800E3298 sp=0x801FFF90 f=0
[BLACKSCREEN][CALL] stage=before_overlay #37 addr=0x800219E0 ra=0x800E3298 f=0
[BLACKSCREEN][CALL] stage=before_inbinary #37 addr=0x800219E0 ra=0x800E3298 f=0
[BLACKSCREEN][CALL] route=interp #37 addr=0x800219E0 ra=0x800E3298 f=0
[BLACKSCREEN][INTERP] enter start=0x800219E0 instr0=0x27BDFFE8 a0=0x00000000 ra=0x800E3298 sp=0x801FFF90 f=0
[BLACKSCREEN][STATE-309C-FN] #69 fn=0x8002ACB4 a0=0x00000000 v0=0x00000000 state=0x00000000 ra=0x800219F4 sp=0x801FFF78 f=0
[BLACKSCREEN][STATE-309C-FN] #70 fn=0x8002ACB4 a0=0x00000000 v0=0x00000000 state=0x00000000 ra=0x800219F4 sp=0x801FFF78 f=0
[BLACKSCREEN][INTERP] start=0x800219E0 end=0x80021A04 steps=9 reason=jr_ra target=0x800E3298 ra=0x800E3298 sp=0x801FFF90 f=0
[BLACKSCREEN][CALL] enter #38 addr=0x800219E0 kseg0=0x800219E0 ra=0x800E3298 sp=0x801FFF90 f=0
[BLACKSCREEN][CALL] stage=before_overlay #38 addr=0x800219E0 ra=0x800E3298 f=0
[BLACKSCREEN][CALL] stage=before_inbinary #38 addr=0x800219E0 ra=0x800E3298 f=0
[BLACKSCREEN][CALL] route=interp #38 addr=0x800219E0 ra=0x800E3298 f=0
[BLACKSCREEN][INTERP] enter start=0x800219E0 instr0=0x27BDFFE8 a0=0x00000000 ra=0x800E3298 sp=0x801FFF90 f=0
[BLACKSCREEN][STATE-309C-FN] #71 fn=0x8002ACB4 a0=0x00000000 v0=0x00000000 state=0x00000000 ra=0x800219F4 sp=0x801FFF78 f=0
[BLACKSCREEN][STATE-309C-FN] #72 fn=0x8002ACB4 a0=0x00000000 v0=0x00000000 state=0x00000000 ra=0x800219F4 sp=0x801FFF78 f=0
[BLACKSCREEN][INTERP] start=0x800219E0 end=0x80021A04 steps=9 reason=jr_ra target=0x800E3298 ra=0x800E3298 sp=0x801FFF90 f=0
[BLACKSCREEN][CALL] enter #39 addr=0x800219E0 kseg0=0x800219E0 ra=0x800E3298 sp=0x801FFF90 f=0
[BLACKSCREEN][CALL] stage=before_overlay #39 addr=0x800219E0 ra=0x800E3298 f=0
[BLACKSCREEN][CALL] stage=before_inbinary #39 addr=0x800219E0 ra=0x800E3298 f=0
[BLACKSCREEN][CALL] route=interp #39 addr=0x800219E0 ra=0x800E3298 f=0
[BLACKSCREEN][INTERP] enter start=0x800219E0 instr0=0x27BDFFE8 a0=0x00000000 ra=0x800E3298 sp=0x801FFF90 f=0
[BLACKSCREEN][STATE-309C-FN] #73 fn=0x8002ACB4 a0=0x00000000 v0=0x00000000 state=0x00000000 ra=0x800219F4 sp=0x801FFF78 f=0
[BLACKSCREEN][STATE-309C-FN] #74 fn=0x8002ACB4 a0=0x00000000 v0=0x00000000 state=0x00000000 ra=0x800219F4 sp=0x801FFF78 f=0
[BLACKSCREEN][INTERP] start=0x800219E0 end=0x80021A04 steps=9 reason=jr_ra target=0x800E3298 ra=0x800E3298 sp=0x801FFF90 f=0
[BLACKSCREEN][CALL] enter #40 addr=0x800219E0 kseg0=0x800219E0 ra=0x800E3298 sp=0x801FFF90 f=0
[BLACKSCREEN][CALL] stage=before_overlay #40 addr=0x800219E0 ra=0x800E3298 f=0
[BLACKSCREEN][CALL] stage=before_inbinary #40 addr=0x800219E0 ra=0x800E3298 f=0
[BLACKSCREEN][CALL] route=interp #40 addr=0x800219E0 ra=0x800E3298 f=0
[BLACKSCREEN][INTERP] enter start=0x800219E0 instr0=0x27BDFFE8 a0=0x00000000 ra=0x800E3298 sp=0x801FFF90 f=0
[BLACKSCREEN][STATE-309C-FN] #75 fn=0x8002ACB4 a0=0x00000000 v0=0x00000000 state=0x00000000 ra=0x800219F4 sp=0x801FFF78 f=0
[BLACKSCREEN][STATE-309C-FN] #76 fn=0x8002ACB4 a0=0x00000000 v0=0x00000000 state=0x00000000 ra=0x800219F4 sp=0x801FFF78 f=0
[BLACKSCREEN][INTERP] start=0x800219E0 end=0x80021A04 steps=9 reason=jr_ra target=0x800E3298 ra=0x800E3298 sp=0x801FFF90 f=0
[BLACKSCREEN][CALL] enter #41 addr=0x800219E0 kseg0=0x800219E0 ra=0x800E3298 sp=0x801FFF90 f=0
[BLACKSCREEN][CALL] stage=before_overlay #41 addr=0x800219E0 ra=0x800E3298 f=0
[BLACKSCREEN][CALL] stage=before_inbinary #41 addr=0x800219E0 ra=0x800E3298 f=0
[BLACKSCREEN][CALL] route=interp #41 addr=0x800219E0 ra=0x800E3298 f=0
[BLACKSCREEN][INTERP] enter start=0x800219E0 instr0=0x27BDFFE8 a0=0x00000000 ra=0x800E3298 sp=0x801FFF90 f=0
[BLACKSCREEN][STATE-309C-FN] #77 fn=0x8002ACB4 a0=0x00000000 v0=0x00000000 state=0x00000000 ra=0x800219F4 sp=0x801FFF78 f=0
[BLACKSCREEN][STATE-309C-FN] #78 fn=0x8002ACB4 a0=0x00000000 v0=0x00000000 state=0x00000000 ra=0x800219F4 sp=0x801FFF78 f=0
[BLACKSCREEN][INTERP] start=0x800219E0 end=0x80021A04 steps=9 reason=jr_ra target=0x800E3298 ra=0x800E3298 sp=0x801FFF90 f=0
[BLACKSCREEN][CALL] enter #42 addr=0x800219E0 kseg0=0x800219E0 ra=0x800E3298 sp=0x801FFF90 f=0
[BLACKSCREEN][CALL] stage=before_overlay #42 addr=0x800219E0 ra=0x800E3298 f=0
[BLACKSCREEN][CALL] stage=before_inbinary #42 addr=0x800219E0 ra=0x800E3298 f=0
[BLACKSCREEN][CALL] route=interp #42 addr=0x800219E0 ra=0x800E3298 f=0
[BLACKSCREEN][INTERP] enter start=0x800219E0 instr0=0x27BDFFE8 a0=0x00000000 ra=0x800E3298 sp=0x801FFF90 f=0
[BLACKSCREEN][STATE-309C-FN] #79 fn=0x8002ACB4 a0=0x00000000 v0=0x00000000 state=0x00000000 ra=0x800219F4 sp=0x801FFF78 f=0
[BLACKSCREEN][STATE-309C-FN] #80 fn=0x8002ACB4 a0=0x00000000 v0=0x00000000 state=0x00000000 ra=0x800219F4 sp=0x801FFF78 f=0
[BLACKSCREEN][INTERP] start=0x800219E0 end=0x80021A04 steps=9 reason=jr_ra target=0x800E3298 ra=0x800E3298 sp=0x801FFF90 f=0
[BLACKSCREEN][CALL] enter #43 addr=0x800219E0 kseg0=0x800219E0 ra=0x800E3298 sp=0x801FFF90 f=0
[BLACKSCREEN][CALL] stage=before_overlay #43 addr=0x800219E0 ra=0x800E3298 f=0
[BLACKSCREEN][CALL] stage=before_inbinary #43 addr=0x800219E0 ra=0x800E3298 f=0
[BLACKSCREEN][CALL] route=interp #43 addr=0x800219E0 ra=0x800E3298 f=0
[BLACKSCREEN][INTERP] enter start=0x800219E0 instr0=0x27BDFFE8 a0=0x00000000 ra=0x800E3298 sp=0x801FFF90 f=0
[BLACKSCREEN][STATE-309C-FN] #81 fn=0x8002ACB4 a0=0x00000000 v0=0x00000000 state=0x00000000 ra=0x800219F4 sp=0x801FFF78 f=0
[BLACKSCREEN][STATE-309C-FN] #82 fn=0x8002ACB4 a0=0x00000000 v0=0x00000000 state=0x00000000 ra=0x800219F4 sp=0x801FFF78 f=0
[BLACKSCREEN][INTERP] start=0x800219E0 end=0x80021A04 steps=9 reason=jr_ra target=0x800E3298 ra=0x800E3298 sp=0x801FFF90 f=0
[BLACKSCREEN][CALL] enter #44 addr=0x800219E0 kseg0=0x800219E0 ra=0x800E3298 sp=0x801FFF90 f=0
[BLACKSCREEN][CALL] stage=before_overlay #44 addr=0x800219E0 ra=0x800E3298 f=0
[BLACKSCREEN][CALL] stage=before_inbinary #44 addr=0x800219E0 ra=0x800E3298 f=0
[BLACKSCREEN][CALL] route=interp #44 addr=0x800219E0 ra=0x800E3298 f=0
[BLACKSCREEN][INTERP] enter start=0x800219E0 instr0=0x27BDFFE8 a0=0x00000000 ra=0x800E3298 sp=0x801FFF90 f=0
[BLACKSCREEN][STATE-309C-FN] #83 fn=0x8002ACB4 a0=0x00000000 v0=0x00000000 state=0x00000000 ra=0x800219F4 sp=0x801FFF78 f=0
[BLACKSCREEN][STATE-309C-FN] #84 fn=0x8002ACB4 a0=0x00000000 v0=0x00000000 state=0x00000000 ra=0x800219F4 sp=0x801FFF78 f=0
[BLACKSCREEN][INTERP] start=0x800219E0 end=0x80021A04 steps=9 reason=jr_ra target=0x800E3298 ra=0x800E3298 sp=0x801FFF90 f=0
[BLACKSCREEN][CALL] enter #45 addr=0x800219E0 kseg0=0x800219E0 ra=0x800E3298 sp=0x801FFF90 f=0
[BLACKSCREEN][CALL] stage=before_overlay #45 addr=0x800219E0 ra=0x800E3298 f=0
[BLACKSCREEN][CALL] stage=before_inbinary #45 addr=0x800219E0 ra=0x800E3298 f=0
[BLACKSCREEN][CALL] route=interp #45 addr=0x800219E0 ra=0x800E3298 f=0
[BLACKSCREEN][INTERP] enter start=0x800219E0 instr0=0x27BDFFE8 a0=0x00000000 ra=0x800E3298 sp=0x801FFF90 f=0
[BLACKSCREEN][STATE-309C-FN] #85 fn=0x8002ACB4 a0=0x00000000 v0=0x00000000 state=0x00000000 ra=0x800219F4 sp=0x801FFF78 f=0
[BLACKSCREEN][STATE-309C-FN] #86 fn=0x8002ACB4 a0=0x00000000 v0=0x00000000 state=0x00000000 ra=0x800219F4 sp=0x801FFF78 f=0
[BLACKSCREEN][INTERP] start=0x800219E0 end=0x80021A04 steps=9 reason=jr_ra target=0x800E3298 ra=0x800E3298 sp=0x801FFF90 f=0
[BLACKSCREEN][CALL] enter #46 addr=0x800219E0 kseg0=0x800219E0 ra=0x800E3298 sp=0x801FFF90 f=0
[BLACKSCREEN][CALL] stage=before_overlay #46 addr=0x800219E0 ra=0x800E3298 f=0
[BLACKSCREEN][CALL] stage=before_inbinary #46 addr=0x800219E0 ra=0x800E3298 f=0
[BLACKSCREEN][CALL] route=interp #46 addr=0x800219E0 ra=0x800E3298 f=0
[BLACKSCREEN][INTERP] enter start=0x800219E0 instr0=0x27BDFFE8 a0=0x00000000 ra=0x800E3298 sp=0x801FFF90 f=0
[BLACKSCREEN][STATE-309C-FN] #87 fn=0x8002ACB4 a0=0x00000000 v0=0x00000000 state=0x00000000 ra=0x800219F4 sp=0x801FFF78 f=0
[BLACKSCREEN][STATE-309C-FN] #88 fn=0x8002ACB4 a0=0x00000000 v0=0x00000000 state=0x00000000 ra=0x800219F4 sp=0x801FFF78 f=0
[BLACKSCREEN][INTERP] start=0x800219E0 end=0x80021A04 steps=9 reason=jr_ra target=0x800E3298 ra=0x800E3298 sp=0x801FFF90 f=0
[BLACKSCREEN][CALL] enter #47 addr=0x800219E0 kseg0=0x800219E0 ra=0x800E3298 sp=0x801FFF90 f=0
[BLACKSCREEN][CALL] stage=before_overlay #47 addr=0x800219E0 ra=0x800E3298 f=0
[BLACKSCREEN][CALL] stage=before_inbinary #47 addr=0x800219E0 ra=0x800E3298 f=0
[BLACKSCREEN][CALL] route=interp #47 addr=0x800219E0 ra=0x800E3298 f=0
[BLACKSCREEN][INTERP] enter start=0x800219E0 instr0=0x27BDFFE8 a0=0x00000000 ra=0x800E3298 sp=0x801FFF90 f=0
[BLACKSCREEN][STATE-309C-FN] #89 fn=0x8002ACB4 a0=0x00000000 v0=0x00000000 state=0x00000000 ra=0x800219F4 sp=0x801FFF78 f=0
[BLACKSCREEN][STATE-309C-FN] #90 fn=0x8002ACB4 a0=0x00000000 v0=0x00000000 state=0x00000000 ra=0x800219F4 sp=0x801FFF78 f=0
[BLACKSCREEN][INTERP] start=0x800219E0 end=0x80021A04 steps=9 reason=jr_ra target=0x800E3298 ra=0x800E3298 sp=0x801FFF90 f=0
[BLACKSCREEN][CALL] enter #48 addr=0x800219E0 kseg0=0x800219E0 ra=0x800E3298 sp=0x801FFF90 f=0
[BLACKSCREEN][CALL] stage=before_overlay #48 addr=0x800219E0 ra=0x800E3298 f=0
[BLACKSCREEN][CALL] stage=before_inbinary #48 addr=0x800219E0 ra=0x800E3298 f=0
[BLACKSCREEN][CALL] route=interp #48 addr=0x800219E0 ra=0x800E3298 f=0
[BLACKSCREEN][INTERP] enter start=0x800219E0 instr0=0x27BDFFE8 a0=0x00000000 ra=0x800E3298 sp=0x801FFF90 f=0
[BLACKSCREEN][STATE-309C-FN] #91 fn=0x8002ACB4 a0=0x00000000 v0=0x00000000 state=0x00000000 ra=0x800219F4 sp=0x801FFF78 f=0
[BLACKSCREEN][STATE-309C-FN] #92 fn=0x8002ACB4 a0=0x00000000 v0=0x00000000 state=0x00000000 ra=0x800219F4 sp=0x801FFF78 f=0
[BLACKSCREEN][INTERP] start=0x800219E0 end=0x80021A04 steps=9 reason=jr_ra target=0x800E3298 ra=0x800E3298 sp=0x801FFF90 f=0
[BLACKSCREEN][CALL] enter #49 addr=0x800219E0 kseg0=0x800219E0 ra=0x800E3298 sp=0x801FFF90 f=0
[BLACKSCREEN][CALL] stage=before_overlay #49 addr=0x800219E0 ra=0x800E3298 f=0
[BLACKSCREEN][CALL] stage=before_inbinary #49 addr=0x800219E0 ra=0x800E3298 f=0
[BLACKSCREEN][CALL] route=interp #49 addr=0x800219E0 ra=0x800E3298 f=0
[BLACKSCREEN][INTERP] enter start=0x800219E0 instr0=0x27BDFFE8 a0=0x00000000 ra=0x800E3298 sp=0x801FFF90 f=0
[BLACKSCREEN][STATE-309C-FN] #93 fn=0x8002ACB4 a0=0x00000000 v0=0x00000000 state=0x00000000 ra=0x800219F4 sp=0x801FFF78 f=0
[BLACKSCREEN][STATE-309C-FN] #94 fn=0x8002ACB4 a0=0x00000000 v0=0x00000000 state=0x00000000 ra=0x800219F4 sp=0x801FFF78 f=0
[BLACKSCREEN][INTERP] start=0x800219E0 end=0x80021A04 steps=9 reason=jr_ra target=0x800E3298 ra=0x800E3298 sp=0x801FFF90 f=0
[BLACKSCREEN][CALL] enter #50 addr=0x800219E0 kseg0=0x800219E0 ra=0x800E3298 sp=0x801FFF90 f=0
[BLACKSCREEN][CALL] stage=before_overlay #50 addr=0x800219E0 ra=0x800E3298 f=0
[BLACKSCREEN][CALL] stage=before_inbinary #50 addr=0x800219E0 ra=0x800E3298 f=0
[BLACKSCREEN][CALL] route=interp #50 addr=0x800219E0 ra=0x800E3298 f=0
[BLACKSCREEN][INTERP] enter start=0x800219E0 instr0=0x27BDFFE8 a0=0x00000000 ra=0x800E3298 sp=0x801FFF90 f=0
[BLACKSCREEN][STATE-309C-FN] #95 fn=0x8002ACB4 a0=0x00000000 v0=0x00000000 state=0x00000000 ra=0x800219F4 sp=0x801FFF78 f=0
[BLACKSCREEN][STATE-309C-FN] #96 fn=0x8002ACB4 a0=0x00000000 v0=0x00000000 state=0x00000000 ra=0x800219F4 sp=0x801FFF78 f=0
[BLACKSCREEN][INTERP] start=0x800219E0 end=0x80021A04 steps=9 reason=jr_ra target=0x800E3298 ra=0x800E3298 sp=0x801FFF90 f=0
[BLACKSCREEN][CALL] enter #51 addr=0x800219E0 kseg0=0x800219E0 ra=0x800E3298 sp=0x801FFF90 f=0
[BLACKSCREEN][CALL] stage=before_overlay #51 addr=0x800219E0 ra=0x800E3298 f=0
[BLACKSCREEN][CALL] stage=before_inbinary #51 addr=0x800219E0 ra=0x800E3298 f=0
[BLACKSCREEN][CALL] route=interp #51 addr=0x800219E0 ra=0x800E3298 f=0
[BLACKSCREEN][INTERP] enter start=0x800219E0 instr0=0x27BDFFE8 a0=0x00000000 ra=0x800E3298 sp=0x801FFF90 f=0
[BLACKSCREEN][STATE-309C-FN] #97 fn=0x8002ACB4 a0=0x00000000 v0=0x00000000 state=0x00000000 ra=0x800219F4 sp=0x801FFF78 f=0
[BLACKSCREEN][STATE-309C-FN] #98 fn=0x8002ACB4 a0=0x00000000 v0=0x00000000 state=0x00000000 ra=0x800219F4 sp=0x801FFF78 f=0
[BLACKSCREEN][INTERP] start=0x800219E0 end=0x80021A04 steps=9 reason=jr_ra target=0x800E3298 ra=0x800E3298 sp=0x801FFF90 f=0
[BLACKSCREEN][CALL] enter #52 addr=0x800219E0 kseg0=0x800219E0 ra=0x800E3298 sp=0x801FFF90 f=0
[BLACKSCREEN][CALL] stage=before_overlay #52 addr=0x800219E0 ra=0x800E3298 f=0
[BLACKSCREEN][CALL] stage=before_inbinary #52 addr=0x800219E0 ra=0x800E3298 f=0
[BLACKSCREEN][CALL] route=interp #52 addr=0x800219E0 ra=0x800E3298 f=0
[BLACKSCREEN][INTERP] enter start=0x800219E0 instr0=0x27BDFFE8 a0=0x00000000 ra=0x800E3298 sp=0x801FFF90 f=0
[BLACKSCREEN][STATE-309C-FN] #99 fn=0x8002ACB4 a0=0x00000000 v0=0x00000000 state=0x00000000 ra=0x800219F4 sp=0x801FFF78 f=0
[BLACKSCREEN][STATE-309C-FN] #100 fn=0x8002ACB4 a0=0x00000000 v0=0x00000000 state=0x00000000 ra=0x800219F4 sp=0x801FFF78 f=0
[BLACKSCREEN][INTERP] start=0x800219E0 end=0x80021A04 steps=9 reason=jr_ra target=0x800E3298 ra=0x800E3298 sp=0x801FFF90 f=0
[BLACKSCREEN][CALL] enter #53 addr=0x800219E0 kseg0=0x800219E0 ra=0x800E3298 sp=0x801FFF90 f=0
[BLACKSCREEN][CALL] stage=before_overlay #53 addr=0x800219E0 ra=0x800E3298 f=0
[BLACKSCREEN][CALL] stage=before_inbinary #53 addr=0x800219E0 ra=0x800E3298 f=0
[BLACKSCREEN][CALL] route=interp #53 addr=0x800219E0 ra=0x800E3298 f=0
[BLACKSCREEN][INTERP] enter start=0x800219E0 instr0=0x27BDFFE8 a0=0x00000000 ra=0x800E3298 sp=0x801FFF90 f=0
[BLACKSCREEN][STATE-309C-FN] #101 fn=0x8002ACB4 a0=0x00000000 v0=0x00000000 state=0x00000000 ra=0x800219F4 sp=0x801FFF78 f=0
[BLACKSCREEN][STATE-309C-FN] #102 fn=0x8002ACB4 a0=0x00000000 v0=0x00000000 state=0x00000000 ra=0x800219F4 sp=0x801FFF78 f=0
[BLACKSCREEN][INTERP] start=0x800219E0 end=0x80021A04 steps=9 reason=jr_ra target=0x800E3298 ra=0x800E3298 sp=0x801FFF90 f=0
[BLACKSCREEN][CALL] enter #54 addr=0x800219E0 kseg0=0x800219E0 ra=0x800E3298 sp=0x801FFF90 f=0
[BLACKSCREEN][CALL] stage=before_overlay #54 addr=0x800219E0 ra=0x800E3298 f=0
[BLACKSCREEN][CALL] stage=before_inbinary #54 addr=0x800219E0 ra=0x800E3298 f=0
[BLACKSCREEN][CALL] route=interp #54 addr=0x800219E0 ra=0x800E3298 f=0
[BLACKSCREEN][INTERP] enter start=0x800219E0 instr0=0x27BDFFE8 a0=0x00000000 ra=0x800E3298 sp=0x801FFF90 f=0
[BLACKSCREEN][STATE-309C-FN] #103 fn=0x8002ACB4 a0=0x00000000 v0=0x00000000 state=0x00000000 ra=0x800219F4 sp=0x801FFF78 f=0
[BLACKSCREEN][STATE-309C-FN] #104 fn=0x8002ACB4 a0=0x00000000 v0=0x00000000 state=0x00000000 ra=0x800219F4 sp=0x801FFF78 f=0
[BLACKSCREEN][INTERP] start=0x800219E0 end=0x80021A04 steps=9 reason=jr_ra target=0x800E3298 ra=0x800E3298 sp=0x801FFF90 f=0
[BLACKSCREEN][CALL] enter #55 addr=0x800219E0 kseg0=0x800219E0 ra=0x800E3298 sp=0x801FFF90 f=0
[BLACKSCREEN][CALL] stage=before_overlay #55 addr=0x800219E0 ra=0x800E3298 f=0
[BLACKSCREEN][CALL] stage=before_inbinary #55 addr=0x800219E0 ra=0x800E3298 f=0
[BLACKSCREEN][CALL] route=interp #55 addr=0x800219E0 ra=0x800E3298 f=0
[BLACKSCREEN][INTERP] enter start=0x800219E0 instr0=0x27BDFFE8 a0=0x00000000 ra=0x800E3298 sp=0x801FFF90 f=0
[BLACKSCREEN][STATE-309C-FN] #105 fn=0x8002ACB4 a0=0x00000000 v0=0x00000000 state=0x00000000 ra=0x800219F4 sp=0x801FFF78 f=0
[BLACKSCREEN][STATE-309C-FN] #106 fn=0x8002ACB4 a0=0x00000000 v0=0x00000000 state=0x00000000 ra=0x800219F4 sp=0x801FFF78 f=0
[BLACKSCREEN][INTERP] start=0x800219E0 end=0x80021A04 steps=9 reason=jr_ra target=0x800E3298 ra=0x800E3298 sp=0x801FFF90 f=0
[BLACKSCREEN][CALL] enter #56 addr=0x800219E0 kseg0=0x800219E0 ra=0x800E3298 sp=0x801FFF90 f=0
[BLACKSCREEN][CALL] stage=before_overlay #56 addr=0x800219E0 ra=0x800E3298 f=0
[BLACKSCREEN][CALL] stage=before_inbinary #56 addr=0x800219E0 ra=0x800E3298 f=0
[BLACKSCREEN][CALL] route=interp #56 addr=0x800219E0 ra=0x800E3298 f=0
[BLACKSCREEN][INTERP] enter start=0x800219E0 instr0=0x27BDFFE8 a0=0x00000000 ra=0x800E3298 sp=0x801FFF90 f=0
[BLACKSCREEN][STATE-309C-FN] #107 fn=0x8002ACB4 a0=0x00000000 v0=0x00000000 state=0x00000000 ra=0x800219F4 sp=0x801FFF78 f=0
[BLACKSCREEN][STATE-309C-FN] #108 fn=0x8002ACB4 a0=0x00000000 v0=0x00000000 state=0x00000000 ra=0x800219F4 sp=0x801FFF78 f=0
[BLACKSCREEN][INTERP] start=0x800219E0 end=0x80021A04 steps=9 reason=jr_ra target=0x800E3298 ra=0x800E3298 sp=0x801FFF90 f=0
[BLACKSCREEN][CALL] enter #57 addr=0x800219E0 kseg0=0x800219E0 ra=0x800E3298 sp=0x801FFF90 f=0
[BLACKSCREEN][CALL] stage=before_overlay #57 addr=0x800219E0 ra=0x800E3298 f=0
[BLACKSCREEN][CALL] stage=before_inbinary #57 addr=0x800219E0 ra=0x800E3298 f=0
[BLACKSCREEN][CALL] route=interp #57 addr=0x800219E0 ra=0x800E3298 f=0
[BLACKSCREEN][INTERP] enter start=0x800219E0 instr0=0x27BDFFE8 a0=0x00000000 ra=0x800E3298 sp=0x801FFF90 f=0
[BLACKSCREEN][STATE-309C-FN] #109 fn=0x8002ACB4 a0=0x00000000 v0=0x00000000 state=0x00000000 ra=0x800219F4 sp=0x801FFF7