[Launcher] Disc: C:\Users\Leona\Documents\GitHub\psxrecomp\CastlevaniaRecomp\isos\Castlevania - Symphony of the Night (USA).cue
=== PSXRecomp v2 ===
EXE: C:\Users\Leona\Documents\GitHub\psxrecomp\CastlevaniaRecomp\isos\SLUS_000.67
CUE: C:\Users\Leona\Documents\GitHub\psxrecomp\CastlevaniaRecomp\isos\Castlevania - Symphony of the Night (USA).cue

[KeyConfig] Loading from C:/Users/Leona/Documents/GitHub/psxrecomp/CastlevaniaRecomp/build/keyconfig.ini
[XA] Volume set to 50%
[KeyConfig] UP=265 DOWN=264 CROSS=83 START=257
[XA] Opened C:\Users\Leona\Documents\GitHub\psxrecomp\CastlevaniaRecomp\isos\Castlevania - Symphony of the Night (USA) (Track 1).bin
[XA] WAV capture: C:/temp/xa_capture.wav (up to 30s)
[XA] Audio ready (decode 37800 Hz → waveOut 44100 Hz)
[FMV] Opened C:\Users\Leona\Documents\GitHub\psxrecomp\CastlevaniaRecomp\isos\Castlevania - Symphony of the Night (USA) (Track 1).bin
[SPU] Initialised — 24 voices, 44100 Hz stereo
Detected PS-X header, skipping 2048 bytes
Loaded 561152 bytes
Loaded into PS1 RAM at 0x80010000
[OpenGLRenderer] Initialize() called
[OpenGLRenderer] InitializeWindow() - Creating GLFW window...
[OpenGLRenderer] GLFW window created successfully (960x720)
[OpenGLRenderer] InitializeOpenGL() - Loading OpenGL functions...
[OpenGLRenderer] OpenGL initialized successfully!
[OpenGLRenderer]   Version:  3.3.0 - Build 31.0.101.5522
[OpenGLRenderer]   Renderer: Intel(R) Iris(R) Xe Graphics
[OpenGLRenderer]   Vendor:   Intel
[OpenGLRenderer] OpenGL 3.3 Core Profile ready
[OpenGLRenderer] InitializeShaders() - Compiling shaders...
[OpenGLRenderer]   - Primitive shader compiled (program ID: 3)
[OpenGLRenderer]   - Textured shader compiled (program ID: 4)
[OpenGLRenderer]   - Fill shader compiled (program ID: 5)
[OpenGLRenderer]   - Copy shader compiled (program ID: 6)
[OpenGLRenderer] All 4 shaders compiled successfully!
[OpenGLRenderer] InitializeBuffers() - Creating VAO and VBO...
[OpenGLRenderer] VAO and VBO created (max 4096 vertices per batch)
[OpenGLRenderer] InitializeVRAM() - Creating VRAM texture and FBO...
[OpenGLRenderer] VRAM texture created (1024x512, RGB5A1, 1024 KB)
[OpenGLRenderer] VRAM FBO created and verified (complete)
[OpenGLRenderer] Initialization complete!
Renderer ready

Calling entry point 0x80010DF4...
[BLACKSCREEN][PROBE] dynamic probe enabled for 'Castlevania Recomp'
[BLACKSCREEN][CALL] enter #1 addr=0x80010DF4 kseg0=0x80010DF4 ra=0x00000000 sp=0x801FFF00 f=0
[OVERRIDE] runtime overrides: tomba=0 castlevania=1 for 'Castlevania Recomp'
[OVERRIDE] castlevania timer helper override=0 (env PSX_CASTLE_TIMER_OVERRIDE) 15308_override=1 (env PSX_CASTLE_15308_OVERRIDE)
[OVERRIDE] castlevania boot unblock override=0 (env PSX_CASTLE_BOOT_UNBLOCK)
[BLACKSCREEN][INIT] timer ptrs mode=default c2a8=0x1F801814 c2ac=0x1F801110
[BLACKSCREEN][CALL] stage=before_overlay #1 addr=0x80010DF4 ra=0x00000000 f=0
[BLACKSCREEN][CALL] stage=before_inbinary #1 addr=0x80010DF4 ra=0x00000000 f=0
[BLACKSCREEN][CALL] route=interp #1 addr=0x80010DF4 ra=0x00000000 f=0
[BLACKSCREEN][INTERP] enter start=0x80010DF4 instr0=0x03E00008 a0=0x00000000 ra=0x00000000 sp=0x801FFF00 f=0
[BLACKSCREEN][INTERP] start=0x80010DF4 end=0x80010DF4 steps=1 reason=invalid_target target=0x00000000 a0=0x00000000 ra=0x00000000 sp=0x801FFF00 f=0
Entry point returned.
[BLACKSCREEN] Entry 0x80010DF4 returned immediately; trying bootstrap entry 0x80010DFC
[BLACKSCREEN][CALL] enter #2 addr=0x80010DFC kseg0=0x80010DFC ra=0x00000000 sp=0x801FFF00 f=0
[BLACKSCREEN][CALL] stage=before_overlay #2 addr=0x80010DFC ra=0x00000000 f=0
[BLACKSCREEN][CALL] stage=before_inbinary #2 addr=0x80010DFC ra=0x00000000 f=0
[BLACKSCREEN][CALL] route=interp #2 addr=0x80010DFC ra=0x00000000 f=0
[BLACKSCREEN][INTERP] enter start=0x80010DFC instr0=0x3C028003 a0=0x00000000 ra=0x00000000 sp=0x801FFF00 f=0
[BLACKSCREEN][CALL] enter #3 addr=0x80010DF4 kseg0=0x80010DF4 ra=0x80010EC8 sp=0x801FFFE8 f=0
[BLACKSCREEN][CALL] stage=before_overlay #3 addr=0x80010DF4 ra=0x80010EC8 f=0
[BLACKSCREEN][CALL] stage=before_inbinary #3 addr=0x80010DF4 ra=0x80010EC8 f=0
[BLACKSCREEN][CALL] route=interp #3 addr=0x80010DF4 ra=0x80010EC8 f=0
[BLACKSCREEN][INTERP] enter start=0x80010DF4 instr0=0x03E00008 a0=0x00000000 ra=0x80010EC8 sp=0x801FFFE8 f=0
[BLACKSCREEN][INTERP] start=0x80010DF4 end=0x80010DF4 steps=1 reason=jr_ra target=0x80010EC8 ra=0x80010EC8 sp=0x801FFFE8 f=0
[BLACKSCREEN][INTERP-LOCALJ] start=0x80010DFC pc=0x80010FCC target=0x80011104 sp=0x801FFFE8 ra=0x80010FCC f=0
[BLACKSCREEN][INTERP] start=0x80010DFC end=0x80011124 steps=413467 reason=jr_ra target=0x80010EA4 ra=0x80010EA4 sp=0x80200000 f=0
[BLACKSCREEN] Bootstrap entry 0x80010DFC returned
[BLACKSCREEN] Entry returned before first PS1 frame; trying display entry 0x800191E0
[BLACKSCREEN][CALL] enter #4 addr=0x800191E0 kseg0=0x800191E0 ra=0x80010EA4 sp=0x80200000 f=0
[BLACKSCREEN][CALL] stage=before_overlay #4 addr=0x800191E0 ra=0x80010EA4 f=0
[BLACKSCREEN][CALL] stage=before_inbinary #4 addr=0x800191E0 ra=0x80010EA4 f=0
[BLACKSCREEN][CALL] route=interp #4 addr=0x800191E0 ra=0x80010EA4 f=0
[BLACKSCREEN][INTERP] enter start=0x800191E0 instr0=0x00000000 a0=0x00000002 ra=0x80010EA4 sp=0x80200000 f=0
[BLACKSCREEN][INTERP] start=0x800191E0 end=0x80019224 steps=14 reason=jr_ra target=0x80010EA4 ra=0x80010EA4 sp=0x80200000 f=0
[BLACKSCREEN] Display entry returned
[BLACKSCREEN] Display entry 0x800191E0 returned; trying alternate display entry 0x80019844
[BLACKSCREEN][CALL] enter #5 addr=0x80019844 kseg0=0x80019844 ra=0x80010EA4 sp=0x80200000 f=0
[BLACKSCREEN][CALL] stage=before_overlay #5 addr=0x80019844 ra=0x80010EA4 f=0
[BLACKSCREEN][CALL] stage=before_inbinary #5 addr=0x80019844 ra=0x80010EA4 f=0
[BLACKSCREEN][CALL] route=interp #5 addr=0x80019844 ra=0x80010EA4 f=0
[BLACKSCREEN][INTERP] enter start=0x80019844 instr0=0x27BDFFD0 a0=0x00000000 ra=0x80010EA4 sp=0x80200000 f=0
[BLACKSCREEN][INTERP-RA] pre-save pc=0x80019890 sp=0x801FFFD0 ra=0x80010EA4 slot_before=0x80010EA4 f=0
[BLACKSCREEN][DISP-CALL] start=0x80019844 pc=0x80019914 target=0x8001A65C v0=0x00000000 v1=0x80032A24 a0=0x00000000 a1=0x801E0000 a2=0x00008000 a3=0x00000000 sp=0x801FFFD0 ra=0x8001991C f=0
[BLACKSCREEN][CALL] enter #6 addr=0x8001A65C kseg0=0x8001A65C ra=0x8001991C sp=0x801FFFD0 f=0
[BLACKSCREEN][CALL] route=compiled_early #1 addr=0x8001A65C ra=0x8001991C f=0
[BLACKSCREEN][DISP-RET] start=0x80019844 call_pc=0x80019914 target=0x8001A65C v0_before=0x00000000 v1_before=0x80032A24 v0_after=0x00000000 v1_after=0x80032A24 sp_before=0x801FFFD0 sp_after=0x801FFFD0 ra=0x8001991C f=0
[BLACKSCREEN][19844-TAIL] pc=0x80019944 instr=0x0C006844 v0=0x00000000 a0=0x00000000 a1=0x801E0000 ra=0x8001991C sp=0x801FFFD0 f=0
[BLACKSCREEN][19844-STATE] pc=0x80019944 v0=0x00000000 v1=0x80032A24 a0=0x00000000 a1=0x801E0000 a0m0=0x00000000 a0m1=0x00000000 a1m0=0x00000000 a1m1=0x00000000 s0=0x00000003 s1=0x801E0000 ra=0x8001991C c2a8=0x1F801814 c2ac=0x1F801110 t0=0x1C080000 t1=0x00000000 f=0
[BLACKSCREEN][DISP-CALL] start=0x80019844 pc=0x80019944 target=0x8001A110 v0=0x00000000 v1=0x80032A24 a0=0x00000000 a1=0x00008000 a2=0x00008000 a3=0x00000000 sp=0x801FFFD0 ra=0x8001994C f=0
[BLACKSCREEN][CALL] enter #7 addr=0x8001A110 kseg0=0x8001A110 ra=0x8001994C sp=0x801FFFD0 f=0
[BLACKSCREEN][CALL] stage=before_overlay #6 addr=0x8001A110 ra=0x8001994C f=0
[BLACKSCREEN][CALL] stage=before_inbinary #6 addr=0x8001A110 ra=0x8001994C f=0
[BLACKSCREEN][CALL] route=interp #6 addr=0x8001A110 ra=0x8001994C f=0
[BLACKSCREEN][INTERP] enter start=0x8001A110 instr0=0x27BDFFC8 a0=0x00000000 ra=0x8001994C sp=0x801FFFD0 f=0
[BLACKSCREEN][CALL] enter #8 addr=0x80015308 kseg0=0x80015308 ra=0x8001A144 sp=0x801FFF98 f=0
[BLACKSCREEN][CALL] enter #9 addr=0x80015308 kseg0=0x80015308 ra=0x8001A184 sp=0x801FFF98 f=0
[BLACKSCREEN][CALL] enter #10 addr=0x80015650 kseg0=0x80015650 ra=0x8001A24C sp=0x801FFF98 f=0
[BLACKSCREEN][CALL] stage=before_overlay #7 addr=0x80015650 ra=0x8001A24C f=0
[BLACKSCREEN][CALL] stage=before_inbinary #7 addr=0x80015650 ra=0x8001A24C f=0
[BLACKSCREEN][CALL] route=interp #7 addr=0x80015650 ra=0x8001A24C f=0
[BLACKSCREEN][INTERP] enter start=0x80015650 instr0=0x3C028003 a0=0xFFFFFFFF ra=0x8001A24C sp=0x801FFF98 f=0
[BLACKSCREEN][INTERP] start=0x80015650 end=0x80015658 steps=3 reason=jr_ra target=0x8001A24C ra=0x8001A24C sp=0x801FFF98 f=0
[BLACKSCREEN][CALL] enter #11 addr=0x80015308 kseg0=0x80015308 ra=0x8001A184 sp=0x801FFF98 f=0
[BLACKSCREEN][CALL] enter #12 addr=0x80015650 kseg0=0x80015650 ra=0x8001A24C sp=0x801FFF98 f=0
[BLACKSCREEN][CALL] stage=before_overlay #8 addr=0x80015650 ra=0x8001A24C f=0
[BLACKSCREEN][CALL] stage=before_inbinary #8 addr=0x80015650 ra=0x8001A24C f=0
[BLACKSCREEN][CALL] route=interp #8 addr=0x80015650 ra=0x8001A24C f=0
[BLACKSCREEN][INTERP] enter start=0x80015650 instr0=0x3C028003 a0=0xFFFFFFFF ra=0x8001A24C sp=0x801FFF98 f=0
[BLACKSCREEN][INTERP] start=0x80015650 end=0x80015658 steps=3 reason=jr_ra target=0x8001A24C ra=0x8001A24C sp=0x801FFF98 f=0
[BLACKSCREEN][CALL] enter #13 addr=0x80015308 kseg0=0x80015308 ra=0x8001A184 sp=0x801FFF98 f=0
[BLACKSCREEN][CALL] enter #14 addr=0x80015650 kseg0=0x80015650 ra=0x8001A24C sp=0x801FFF98 f=0
[BLACKSCREEN][CALL] stage=before_overlay #9 addr=0x80015650 ra=0x8001A24C f=0
[BLACKSCREEN][CALL] stage=before_inbinary #9 addr=0x80015650 ra=0x8001A24C f=0
[BLACKSCREEN][CALL] route=interp #9 addr=0x80015650 ra=0x8001A24C f=0
[BLACKSCREEN][INTERP] enter start=0x80015650 instr0=0x3C028003 a0=0xFFFFFFFF ra=0x8001A24C sp=0x801FFF98 f=0
[BLACKSCREEN][INTERP] start=0x80015650 end=0x80015658 steps=3 reason=jr_ra target=0x8001A24C ra=0x8001A24C sp=0x801FFF98 f=0
[BLACKSCREEN][CALL] enter #15 addr=0x80015308 kseg0=0x80015308 ra=0x8001A184 sp=0x801FFF98 f=0
[BLACKSCREEN][CALL] enter #16 addr=0x80015650 kseg0=0x80015650 ra=0x8001A24C sp=0x801FFF98 f=0
[BLACKSCREEN][CALL] stage=before_overlay #10 addr=0x80015650 ra=0x8001A24C f=0
[BLACKSCREEN][CALL] stage=before_inbinary #10 addr=0x80015650 ra=0x8001A24C f=0
[BLACKSCREEN][CALL] route=interp #10 addr=0x80015650 ra=0x8001A24C f=0
[BLACKSCREEN][INTERP] enter start=0x80015650 instr0=0x3C028003 a0=0xFFFFFFFF ra=0x8001A24C sp=0x801FFF98 f=0
[BLACKSCREEN][INTERP] start=0x80015650 end=0x80015658 steps=3 reason=jr_ra target=0x8001A24C ra=0x8001A24C sp=0x801FFF98 f=0
[BLACKSCREEN][CALL] enter #17 addr=0x80015308 kseg0=0x80015308 ra=0x8001A184 sp=0x801FFF98 f=0
[BLACKSCREEN][CALL] enter #18 addr=0x80015650 kseg0=0x80015650 ra=0x8001A24C sp=0x801FFF98 f=0
[BLACKSCREEN][CALL] stage=before_overlay #11 addr=0x80015650 ra=0x8001A24C f=0
[BLACKSCREEN][CALL] stage=before_inbinary #11 addr=0x80015650 ra=0x8001A24C f=0
[BLACKSCREEN][CALL] route=interp #11 addr=0x80015650 ra=0x8001A24C f=0
[BLACKSCREEN][INTERP] enter start=0x80015650 instr0=0x3C028003 a0=0xFFFFFFFF ra=0x8001A24C sp=0x801FFF98 f=0
[BLACKSCREEN][INTERP] start=0x80015650 end=0x80015658 steps=3 reason=jr_ra target=0x8001A24C ra=0x8001A24C sp=0x801FFF98 f=0
[BLACKSCREEN][CALL] enter #19 addr=0x80015308 kseg0=0x80015308 ra=0x8001A184 sp=0x801FFF98 f=0
[BLACKSCREEN][CALL] enter #20 addr=0x80015650 kseg0=0x80015650 ra=0x8001A24C sp=0x801FFF98 f=0
[BLACKSCREEN][CALL] stage=before_overlay #12 addr=0x80015650 ra=0x8001A24C f=0
[BLACKSCREEN][CALL] stage=before_inbinary #12 addr=0x80015650 ra=0x8001A24C f=0
[BLACKSCREEN][CALL] route=interp #12 addr=0x80015650 ra=0x8001A24C f=0
[BLACKSCREEN][INTERP] enter start=0x80015650 instr0=0x3C028003 a0=0xFFFFFFFF ra=0x8001A24C sp=0x801FFF98 f=0
[BLACKSCREEN][INTERP] start=0x80015650 end=0x80015658 steps=3 reason=jr_ra target=0x8001A24C ra=0x8001A24C sp=0x801FFF98 f=0
[BLACKSCREEN][CALL] enter #21 addr=0x80015308 kseg0=0x80015308 ra=0x8001A184 sp=0x801FFF98 f=0
[BLACKSCREEN][CALL] enter #22 addr=0x80015650 kseg0=0x80015650 ra=0x8001A24C sp=0x801FFF98 f=0
[BLACKSCREEN][CALL] stage=before_overlay #13 addr=0x80015650 ra=0x8001A24C f=0
[BLACKSCREEN][CALL] stage=before_inbinary #13 addr=0x80015650 ra=0x8001A24C f=0
[BLACKSCREEN][CALL] route=interp #13 addr=0x80015650 ra=0x8001A24C f=0
[BLACKSCREEN][INTERP] enter start=0x80015650 instr0=0x3C028003 a0=0xFFFFFFFF ra=0x8001A24C sp=0x801FFF98 f=0
[BLACKSCREEN][INTERP] start=0x80015650 end=0x80015658 steps=3 reason=jr_ra target=0x8001A24C ra=0x8001A24C sp=0x801FFF98 f=0
[BLACKSCREEN][CALL] enter #23 addr=0x80015308 kseg0=0x80015308 ra=0x8001A184 sp=0x801FFF98 f=0
[BLACKSCREEN][CALL] enter #24 addr=0x80015650 kseg0=0x80015650 ra=0x8001A24C sp=0x801FFF98 f=0
[BLACKSCREEN][CALL] stage=before_overlay #14 addr=0x80015650 ra=0x8001A24C f=0
[BLACKSCREEN][CALL] stage=before_inbinary #14 addr=0x80015650 ra=0x8001A24C f=0
[BLACKSCREEN][CALL] route=interp #14 addr=0x80015650 ra=0x8001A24C f=0
[BLACKSCREEN][INTERP] enter start=0x80015650 instr0=0x3C028003 a0=0xFFFFFFFF ra=0x8001A24C sp=0x801FFF98 f=0
[BLACKSCREEN][INTERP] start=0x80015650 end=0x80015658 steps=3 reason=jr_ra target=0x8001A24C ra=0x8001A24C sp=0x801FFF98 f=0
[BLACKSCREEN][CALL] enter #25 addr=0x80015308 kseg0=0x80015308 ra=0x8001A184 sp=0x801FFF98 f=0
[BLACKSCREEN][CALL] enter #26 addr=0x80015650 kseg0=0x80015650 ra=0x8001A24C sp=0x801FFF98 f=0
[BLACKSCREEN][CALL] stage=before_overlay #15 addr=0x80015650 ra=0x8001A24C f=0
[BLACKSCREEN][CALL] stage=before_inbinary #15 addr=0x80015650 ra=0x8001A24C f=0
[BLACKSCREEN][CALL] route=interp #15 addr=0x80015650 ra=0x8001A24C f=0
[BLACKSCREEN][INTERP] enter start=0x80015650 instr0=0x3C028003 a0=0xFFFFFFFF ra=0x8001A24C sp=0x801FFF98 f=0
[BLACKSCREEN][INTERP] start=0x80015650 end=0x80015658 steps=3 reason=jr_ra target=0x8001A24C ra=0x8001A24C sp=0x801FFF98 f=0
[BLACKSCREEN][CALL] enter #27 addr=0x80015308 kseg0=0x80015308 ra=0x8001A184 sp=0x801FFF98 f=0
[BLACKSCREEN][CALL] enter #28 addr=0x80015650 kseg0=0x80015650 ra=0x8001A24C sp=0x801FFF98 f=0
[BLACKSCREEN][CALL] stage=before_overlay #16 addr=0x80015650 ra=0x8001A24C f=0
[BLACKSCREEN][CALL] stage=before_inbinary #16 addr=0x80015650 ra=0x8001A24C f=0
[BLACKSCREEN][CALL] route=interp #16 addr=0x80015650 ra=0x8001A24C f=0
[BLACKSCREEN][INTERP] enter start=0x80015650 instr0=0x3C028003 a0=0xFFFFFFFF ra=0x8001A24C sp=0x801FFF98 f=0
[BLACKSCREEN][INTERP] start=0x80015650 end=0x80015658 steps=3 reason=jr_ra target=0x8001A24C ra=0x8001A24C sp=0x801FFF98 f=0
[BLACKSCREEN][CALL] enter #29 addr=0x80015308 kseg0=0x80015308 ra=0x8001A184 sp=0x801FFF98 f=0
[BLACKSCREEN][CALL] enter #30 addr=0x80015650 kseg0=0x80015650 ra=0x8001A24C sp=0x801FFF98 f=0
[BLACKSCREEN][CALL] stage=before_overlay #17 addr=0x80015650 ra=0x8001A24C f=0
[BLACKSCREEN][CALL] stage=before_inbinary #17 addr=0x80015650 ra=0x8001A24C f=0
[BLACKSCREEN][CALL] route=interp #17 addr=0x80015650 ra=0x8001A24C f=0
[BLACKSCREEN][INTERP] enter start=0x80015650 instr0=0x3C028003 a0=0xFFFFFFFF ra=0x8001A24C sp=0x801FFF98 f=0
[BLACKSCREEN][INTERP] start=0x80015650 end=0x80015658 steps=3 reason=jr_ra target=0x8001A24C ra=0x8001A24C sp=0x801FFF98 f=0
[BLACKSCREEN][CALL] enter #31 addr=0x80015308 kseg0=0x80015308 ra=0x8001A184 sp=0x801FFF98 f=0
[BLACKSCREEN][CALL] enter #32 addr=0x80015650 kseg0=0x80015650 ra=0x8001A24C sp=0x801FFF98 f=0
[BLACKSCREEN][CALL] stage=before_overlay #18 addr=0x80015650 ra=0x8001A24C f=0
[BLACKSCREEN][CALL] stage=before_inbinary #18 addr=0x80015650 ra=0x8001A24C f=0
[BLACKSCREEN][CALL] route=interp #18 addr=0x80015650 ra=0x8001A24C f=0
[BLACKSCREEN][INTERP] enter start=0x80015650 instr0=0x3C028003 a0=0xFFFFFFFF ra=0x8001A24C sp=0x801FFF98 f=0
[BLACKSCREEN][INTERP] start=0x80015650 end=0x80015658 steps=3 reason=jr_ra target=0x8001A24C ra=0x8001A24C sp=0x801FFF98 f=0
[BLACKSCREEN][CALL] enter #33 addr=0x80015308 kseg0=0x80015308 ra=0x8001A184 sp=0x801FFF98 f=0
[BLACKSCREEN][CALL] enter #34 addr=0x80015650 kseg0=0x80015650 ra=0x8001A24C sp=0x801FFF98 f=0
[BLACKSCREEN][CALL] stage=before_overlay #19 addr=0x80015650 ra=0x8001A24C f=0
[BLACKSCREEN][CALL] stage=before_inbinary #19 addr=0x80015650 ra=0x8001A24C f=0
[BLACKSCREEN][CALL] route=interp #19 addr=0x80015650 ra=0x8001A24C f=0
[BLACKSCREEN][INTERP] enter start=0x80015650 instr0=0x3C028003 a0=0xFFFFFFFF ra=0x8001A24C sp=0x801FFF98 f=0
[BLACKSCREEN][INTERP] start=0x80015650 end=0x80015658 steps=3 reason=jr_ra target=0x8001A24C ra=0x8001A24C sp=0x801FFF98 f=0
[BLACKSCREEN][CALL] enter #35 addr=0x80015308 kseg0=0x80015308 ra=0x8001A184 sp=0x801FFF98 f=0
[BLACKSCREEN][CALL] enter #36 addr=0x80015650 kseg0=0x80015650 ra=0x8001A24C sp=0x801FFF98 f=0
[BLACKSCREEN][CALL] stage=before_overlay #20 addr=0x80015650 ra=0x8001A24C f=0
[BLACKSCREEN][CALL] stage=before_inbinary #20 addr=0x80015650 ra=0x8001A24C f=0
[BLACKSCREEN][CALL] route=interp #20 addr=0x80015650 ra=0x8001A24C f=0
[BLACKSCREEN][INTERP] enter start=0x80015650 instr0=0x3C028003 a0=0xFFFFFFFF ra=0x8001A24C sp=0x801FFF98 f=0
[BLACKSCREEN][INTERP] start=0x80015650 end=0x80015658 steps=3 reason=jr_ra target=0x8001A24C ra=0x8001A24C sp=0x801FFF98 f=0
[BLACKSCREEN][CALL] enter #37 addr=0x80015308 kseg0=0x80015308 ra=0x8001A184 sp=0x801FFF98 f=0
[BLACKSCREEN][CALL] enter #38 addr=0x80015650 kseg0=0x80015650 ra=0x8001A24C sp=0x801FFF98 f=0
[BLACKSCREEN][CALL] stage=before_overlay #21 addr=0x80015650 ra=0x8001A24C f=0
[BLACKSCREEN][CALL] stage=before_inbinary #21 addr=0x80015650 ra=0x8001A24C f=0
[BLACKSCREEN][CALL] route=interp #21 addr=0x80015650 ra=0x8001A24C f=0
[BLACKSCREEN][INTERP] enter start=0x80015650 instr0=0x3C028003 a0=0xFFFFFFFF ra=0x8001A24C sp=0x801FFF98 f=0
[BLACKSCREEN][INTERP] start=0x80015650 end=0x80015658 steps=3 reason=jr_ra target=0x8001A24C ra=0x8001A24C sp=0x801FFF98 f=0
[BLACKSCREEN][CALL] enter #39 addr=0x80015308 kseg0=0x80015308 ra=0x8001A184 sp=0x801FFF98 f=0
[BLACKSCREEN][CALL] enter #40 addr=0x80015650 kseg0=0x80015650 ra=0x8001A24C sp=0x801FFF98 f=0
[BLACKSCREEN][CALL] stage=before_overlay #22 addr=0x80015650 ra=0x8001A24C f=0
[BLACKSCREEN][CALL] stage=before_inbinary #22 addr=0x80015650 ra=0x8001A24C f=0
[BLACKSCREEN][CALL] route=interp #22 addr=0x80015650 ra=0x8001A24C f=0
[BLACKSCREEN][INTERP] enter start=0x80015650 instr0=0x3C028003 a0=0xFFFFFFFF ra=0x8001A24C sp=0x801FFF98 f=0
[BLACKSCREEN][INTERP] start=0x80015650 end=0x80015658 steps=3 reason=jr_ra target=0x8001A24C ra=0x8001A24C sp=0x801FFF98 f=0
[BLACKSCREEN][CALL] enter #41 addr=0x80015308 kseg0=0x80015308 ra=0x8001A184 sp=0x801FFF98 f=0
[BLACKSCREEN][CALL] enter #42 addr=0x80015650 kseg0=0x80015650 ra=0x8001A24C sp=0x801FFF98 f=0
[BLACKSCREEN][CALL] stage=before_overlay #23 addr=0x80015650 ra=0x8001A24C f=0
[BLACKSCREEN][CALL] stage=before_inbinary #23 addr=0x80015650 ra=0x8001A24C f=0
[BLACKSCREEN][CALL] route=interp #23 addr=0x80015650 ra=0x8001A24C f=0
[BLACKSCREEN][INTERP] enter start=0x80015650 instr0=0x3C028003 a0=0xFFFFFFFF ra=0x8001A24C sp=0x801FFF98 f=0
[BLACKSCREEN][INTERP] start=0x80015650 end=0x80015658 steps=3 reason=jr_ra target=0x8001A24C ra=0x8001A24C sp=0x801FFF98 f=0
[BLACKSCREEN][CALL] enter #43 addr=0x80015308 kseg0=0x80015308 ra=0x8001A184 sp=0x801FFF98 f=0
[BLACKSCREEN][CALL] enter #44 addr=0x80015650 kseg0=0x80015650 ra=0x8001A24C sp=0x801FFF98 f=0
[BLACKSCREEN][CALL] stage=before_overlay #24 addr=0x80015650 ra=0x8001A24C f=0
[BLACKSCREEN][CALL] stage=before_inbinary #24 addr=0x80015650 ra=0x8001A24C f=0
[BLACKSCREEN][CALL] route=interp #24 addr=0x80015650 ra=0x8001A24C f=0
[BLACKSCREEN][INTERP] enter start=0x80015650 instr0=0x3C028003 a0=0xFFFFFFFF ra=0x8001A24C sp=0x801FFF98 f=0
[BLACKSCREEN][INTERP] start=0x80015650 end=0x80015658 steps=3 reason=jr_ra target=0x8001A24C ra=0x8001A24C sp=0x801FFF98 f=0
[BLACKSCREEN][CALL] enter #45 addr=0x80015308 kseg0=0x80015308 ra=0x8001A184 sp=0x801FFF98 f=0
[BLACKSCREEN][CALL] enter #46 addr=0x80015650 kseg0=0x80015650 ra=0x8001A24C sp=0x801FFF98 f=0
[BLACKSCREEN][CALL] stage=before_overlay #25 addr=0x80015650 ra=0x8001A24C f=0
[BLACKSCREEN][CALL] stage=before_inbinary #25 addr=0x80015650 ra=0x8001A24C f=0
[BLACKSCREEN][CALL] route=interp #25 addr=0x80015650 ra=0x8001A24C f=0
[BLACKSCREEN][INTERP] enter start=0x80015650 instr0=0x3C028003 a0=0xFFFFFFFF ra=0x8001A24C sp=0x801FFF98 f=0
[BLACKSCREEN][INTERP] start=0x80015650 end=0x80015658 steps=3 reason=jr_ra target=0x8001A24C ra=0x8001A24C sp=0x801FFF98 f=0
[BLACKSCREEN][CALL] enter #47 addr=0x80015308 kseg0=0x80015308 ra=0x8001A184 sp=0x801FFF98 f=0
[BLACKSCREEN][CALL] enter #48 addr=0x80015650 kseg0=0x80015650 ra=0x8001A24C sp=0x801FFF98 f=0
[BLACKSCREEN][CALL] stage=before_overlay #26 addr=0x80015650 ra=0x8001A24C f=0
[BLACKSCREEN][CALL] stage=before_inbinary #26 addr=0x80015650 ra=0x8001A24C f=0
[BLACKSCREEN][CALL] route=interp #26 addr=0x80015650 ra=0x8001A24C f=0
[BLACKSCREEN][INTERP] enter start=0x80015650 instr0=0x3C028003 a0=0xFFFFFFFF ra=0x8001A24C sp=0x801FFF98 f=0
[BLACKSCREEN][INTERP] start=0x80015650 end=0x80015658 steps=3 reason=jr_ra target=0x8001A24C ra=0x8001A24C sp=0x801FFF98 f=0
[BLACKSCREEN][CALL] enter #49 addr=0x80015308 kseg0=0x80015308 ra=0x8001A184 sp=0x801FFF98 f=0
[BLACKSCREEN][CALL] enter #50 addr=0x80015650 kseg0=0x80015650 ra=0x8001A24C sp=0x801FFF98 f=0
[BLACKSCREEN][CALL] stage=before_overlay #27 addr=0x80015650 ra=0x8001A24C f=0
[BLACKSCREEN][CALL] stage=before_inbinary #27 addr=0x80015650 ra=0x8001A24C f=0
[BLACKSCREEN][CALL] route=interp #27 addr=0x80015650 ra=0x8001A24C f=0
[BLACKSCREEN][INTERP] enter start=0x80015650 instr0=0x3C028003 a0=0xFFFFFFFF ra=0x8001A24C sp=0x801FFF98 f=0
[BLACKSCREEN][INTERP] start=0x80015650 end=0x80015658 steps=3 reason=jr_ra target=0x8001A24C ra=0x8001A24C sp=0x801FFF98 f=0
[BLACKSCREEN][CALL] enter #51 addr=0x80015308 kseg0=0x80015308 ra=0x8001A184 sp=0x801FFF98 f=0
[BLACKSCREEN][CALL] enter #52 addr=0x80015650 kseg0=0x80015650 ra=0x8001A24C sp=0x801FFF98 f=0
[BLACKSCREEN][CALL] stage=before_overlay #28 addr=0x80015650 ra=0x8001A24C f=0
[BLACKSCREEN][CALL] stage=before_inbinary #28 addr=0x80015650 ra=0x8001A24C f=0
[BLACKSCREEN][CALL] route=interp #28 addr=0x80015650 ra=0x8001A24C f=0
[BLACKSCREEN][INTERP] enter start=0x80015650 instr0=0x3C028003 a0=0xFFFFFFFF ra=0x8001A24C sp=0x801FFF98 f=0
[BLACKSCREEN][INTERP] start=0x80015650 end=0x80015658 steps=3 reason=jr_ra target=0x8001A24C ra=0x8001A24C sp=0x801FFF98 f=0
[BLACKSCREEN][CALL] enter #53 addr=0x80015308 kseg0=0x80015308 ra=0x8001A184 sp=0x801FFF98 f=0
[BLACKSCREEN][CALL] enter #54 addr=0x80015650 kseg0=0x80015650 ra=0x8001A24C sp=0x801FFF98 f=0
[BLACKSCREEN][CALL] stage=before_overlay #29 addr=0x80015650 ra=0x8001A24C f=0
[BLACKSCREEN][CALL] stage=before_inbinary #29 addr=0x80015650 ra=0x8001A24C f=0
[BLACKSCREEN][CALL] route=interp #29 addr=0x80015650 ra=0x8001A24C f=0
[BLACKSCREEN][INTERP] enter start=0x80015650 instr0=0x3C028003 a0=0xFFFFFFFF ra=0x8001A24C sp=0x801FFF98 f=0
[BLACKSCREEN][INTERP] start=0x80015650 end=0x80015658 steps=3 reason=jr_ra target=0x8001A24C ra=0x8001A24C sp=0x801FFF98 f=0
[BLACKSCREEN][CALL] enter #55 addr=0x80015308 kseg0=0x80015308 ra=0x8001A184 sp=0x801FFF98 f=0
[BLACKSCREEN][CALL] enter #56 addr=0x80015650 kseg0=0x80015650 ra=0x8001A24C sp=0x801FFF98 f=0
[BLACKSCREEN][CALL] stage=before_overlay #30 addr=0x80015650 ra=0x8001A24C f=0
[BLACKSCREEN][CALL] stage=before_inbinary #30 addr=0x80015650 ra=0x8001A24C f=0
[BLACKSCREEN][CALL] route=interp #30 addr=0x80015650 ra=0x8001A24C f=0
[BLACKSCREEN][INTERP] enter start=0x80015650 instr0=0x3C028003 a0=0xFFFFFFFF ra=0x8001A24C sp=0x801FFF98 f=0
[BLACKSCREEN][INTERP] start=0x80015650 end=0x80015658 steps=3 reason=jr_ra target=0x8001A24C ra=0x8001A24C sp=0x801FFF98 f=0
[BLACKSCREEN][CALL] enter #57 addr=0x80015308 kseg0=0x80015308 ra=0x8001A184 sp=0x801FFF98 f=0
[BLACKSCREEN][CALL] enter #58 addr=0x80015650 kseg0=0x80015650 ra=0x8001A24C sp=0x801FFF98 f=0
[BLACKSCREEN][CALL] stage=before_overlay #31 addr=0x80015650 ra=0x8001A24C f=0
[BLACKSCREEN][CALL] stage=before_inbinary #31 addr=0x80015650 ra=0x8001A24C f=0
[BLACKSCREEN][CALL] route=interp #31 addr=0x80015650 ra=0x8001A24C f=0
[BLACKSCREEN][INTERP] enter start=0x80015650 instr0=0x3C028003 a0=0xFFFFFFFF ra=0x8001A24C sp=0x801FFF98 f=0
[BLACKSCREEN][INTERP] start=0x80015650 end=0x80015658 steps=3 reason=jr_ra target=0x8001A24C ra=0x8001A24C sp=0x801FFF98 f=0
[BLACKSCREEN][CALL] enter #59 addr=0x80015308 kseg0=0x80015308 ra=0x8001A184 sp=0x801FFF98 f=0
[BLACKSCREEN][CALL] enter #60 addr=0x80015650 kseg0=0x80015650 ra=0x8001A24C sp=0x801FFF98 f=0
[BLACKSCREEN][CALL] stage=before_overlay #32 addr=0x80015650 ra=0x8001A24C f=0
[BLACKSCREEN][CALL] stage=before_inbinary #32 addr=0x80015650 ra=0x8001A24C f=0
[BLACKSCREEN][CALL] route=interp #32 addr=0x80015650 ra=0x8001A24C f=0
[BLACKSCREEN][INTERP] enter start=0x80015650 instr0=0x3C028003 a0=0xFFFFFFFF ra=0x8001A24C sp=0x801FFF98 f=0
[BLACKSCREEN][INTERP] start=0x80015650 end=0x80015658 steps=3 reason=jr_ra target=0x8001A24C ra=0x8001A24C sp=0x801FFF98 f=0
[BLACKSCREEN][CALL] enter #61 addr=0x80015308 kseg0=0x80015308 ra=0x8001A184 sp=0x801FFF98 f=0
[BLACKSCREEN][CALL] enter #62 addr=0x80015650 kseg0=0x80015650 ra=0x8001A24C sp=0x801FFF98 f=0
[BLACKSCREEN][CALL] stage=before_overlay #33 addr=0x80015650 ra=0x8001A24C f=0
[BLACKSCREEN][CALL] stage=before_inbinary #33 addr=0x80015650 ra=0x8001A24C f=0
[BLACKSCREEN][CALL] route=interp #33 addr=0x80015650 ra=0x8001A24C f=0
[BLACKSCREEN][INTERP] enter start=0x80015650 instr0=0x3C028003 a0=0xFFFFFFFF ra=0x8001A24C sp=0x801FFF98 f=0
[BLACKSCREEN][INTERP] start=0x80015650 end=0x80015658 steps=3 reason=jr_ra target=0x8001A24C ra=0x8001A24C sp=0x801FFF98 f=0
[BLACKSCREEN][CALL] enter #63 addr=0x80015308 kseg0=0x80015308 ra=0x8001A184 sp=0x801FFF98 f=0
[BLACKSCREEN][CALL] enter #64 addr=0x80015650 kseg0=0x80015650 ra=0x8001A24C sp=0x801FFF98 f=0
[BLACKSCREEN][CALL] stage=before_overlay #34 addr=0x80015650 ra=0x8001A24C f=0
[BLACKSCREEN][CALL] stage=before_inbinary #34 addr=0x80015650 ra=0x8001A24C f=0
[BLACKSCREEN][CALL] route=interp #34 addr=0x80015650 ra=0x8001A24C f=0
[BLACKSCREEN][INTERP] enter start=0x80015650 instr0=0x3C028003 a0=0xFFFFFFFF ra=0x8001A24C sp=0x801FFF98 f=0
[BLACKSCREEN][INTERP] start=0x80015650 end=0x80015658 steps=3 reason=jr_ra target=0x8001A24C ra=0x8001A24C sp=0x801FFF98 f=0
[BLACKSCREEN][CALL] enter #65 addr=0x80015308 kseg0=0x80015308 ra=0x8001A184 sp=0x801FFF98 f=0
[BLACKSCREEN][CALL] enter #66 addr=0x80015650 kseg0=0x80015650 ra=0x8001A24C sp=0x801FFF98 f=0
[BLACKSCREEN][CALL] stage=before_overlay #35 addr=0x80015650 ra=0x8001A24C f=0
[BLACKSCREEN][CALL] stage=before_inbinary #35 addr=0x80015650 ra=0x8001A24C f=0
[BLACKSCREEN][CALL] route=interp #35 addr=0x80015650 ra=0x8001A24C f=0
[BLACKSCREEN][INTERP] enter start=0x80015650 instr0=0x3C028003 a0=0xFFFFFFFF ra=0x8001A24C sp=0x801FFF98 f=0
[BLACKSCREEN][INTERP] start=0x80015650 end=0x80015658 steps=3 reason=jr_ra target=0x8001A24C ra=0x8001A24C sp=0x801FFF98 f=0
[BLACKSCREEN][CALL] enter #67 addr=0x80015308 kseg0=0x80015308 ra=0x8001A184 sp=0x801FFF98 f=0
[BLACKSCREEN][CALL] enter #68 addr=0x80015650 kseg0=0x80015650 ra=0x8001A24C sp=0x801FFF98 f=0
[BLACKSCREEN][CALL] stage=before_overlay #36 addr=0x80015650 ra=0x8001A24C f=0
[BLACKSCREEN][CALL] stage=before_inbinary #36 addr=0x80015650 ra=0x8001A24C f=0
[BLACKSCREEN][CALL] route=interp #36 addr=0x80015650 ra=0x8001A24C f=0
[BLACKSCREEN][INTERP] enter start=0x80015650 instr0=0x3C028003 a0=0xFFFFFFFF ra=0x8001A24C sp=0x801FFF98 f=0
[BLACKSCREEN][INTERP] start=0x80015650 end=0x80015658 steps=3 reason=jr_ra target=0x8001A24C ra=0x8001A24C sp=0x801FFF98 f=0
[BLACKSCREEN][CALL] enter #69 addr=0x80015308 kseg0=0x80015308 ra=0x8001A184 sp=0x801FFF98 f=0
[BLACKSCREEN][CALL] enter #70 addr=0x80015650 kseg0=0x80015650 ra=0x8001A24C sp=0x801FFF98 f=0
[BLACKSCREEN][CALL] stage=before_overlay #37 addr=0x80015650 ra=0x8001A24C f=0
[BLACKSCREEN][CALL] stage=before_inbinary #37 addr=0x80015650 ra=0x8001A24C f=0
[BLACKSCREEN][CALL] route=interp #37 addr=0x80015650 ra=0x8001A24C f=0
[BLACKSCREEN][INTERP] enter start=0x80015650 instr0=0x3C028003 a0=0xFFFFFFFF ra=0x8001A24C sp=0x801FFF98 f=0
[BLACKSCREEN][INTERP] start=0x80015650 end=0x80015658 steps=3 reason=jr_ra target=0x8001A24C ra=0x8001A24C sp=0x801FFF98 f=0
[BLACKSCREEN][CALL] enter #71 addr=0x80015308 kseg0=0x80015308 ra=0x8001A184 sp=0x801FFF98 f=0
[BLACKSCREEN][CALL] enter #72 addr=0x80015650 kseg0=0x80015650 ra=0x8001A24C sp=0x801FFF98 f=0
[BLACKSCREEN][CALL] stage=before_overlay #38 addr=0x80015650 ra=0x8001A24C f=0
[BLACKSCREEN][CALL] stage=before_inbinary #38 addr=0x80015650 ra=0x8001A24C f=0
[BLACKSCREEN][CALL] route=interp #38 addr=0x80015650 ra=0x8001A24C f=0
[BLACKSCREEN][INTERP] enter start=0x80015650 instr0=0x3C028003 a0=0xFFFFFFFF ra=0x8001A24C sp=0x801FFF98 f=0
[BLACKSCREEN][INTERP] start=0x80015650 end=0x80015658 steps=3 reason=jr_ra target=0x8001A24C ra=0x8001A24C sp=0x801FFF98 f=0
[BLACKSCREEN][CALL] enter #73 addr=0x80015308 kseg0=0x80015308 ra=0x8001A184 sp=0x801FFF98 f=0
[BLACKSCREEN][CALL] enter #74 addr=0x80015650 kseg0=0x80015650 ra=0x8001A24C sp=0x801FFF98 f=0
[BLACKSCREEN][CALL] stage=before_overlay #39 addr=0x80015650 ra=0x8001A24C f=0
[BLACKSCREEN][CALL] stage=before_inbinary #39 addr=0x80015650 ra=0x8001A24C f=0
[BLACKSCREEN][CALL] route=interp #39 addr=0x80015650 ra=0x8001A24C f=0
[BLACKSCREEN][INTERP] enter start=0x80015650 instr0=0x3C028003 a0=0xFFFFFFFF ra=0x8001A24C sp=0x801FFF98 f=0
[BLACKSCREEN][INTERP] start=0x80015650 end=0x80015658 steps=3 reason=jr_ra target=0x8001A24C ra=0x8001A24C sp=0x801FFF98 f=0
[BLACKSCREEN][CALL] enter #75 addr=0x80015308 kseg0=0x80015308 ra=0x8001A184 sp=0x801FFF98 f=0
[BLACKSCREEN][CALL] enter #76 addr=0x80015650 kseg0=0x80015650 ra=0x8001A24C sp=0x801FFF98 f=0
[BLACKSCREEN][CALL] stage=before_overlay #40 addr=0x80015650 ra=0x8001A24C f=0
[BLACKSCREEN][CALL] stage=before_inbinary #40 addr=0x80015650 ra=0x8001A24C f=0
[BLACKSCREEN][CALL] route=interp #40 addr=0x80015650 ra=0x8001A24C f=0
[BLACKSCREEN][INTERP] enter start=0x80015650 instr0=0x3C028003 a0=0xFFFFFFFF ra=0x8001A24C sp=0x801FFF98 f=0
[BLACKSCREEN][INTERP] start=0x80015650 end=0x80015658 steps=3 reason=jr_ra target=0x8001A24C ra=0x8001A24C sp=0x801FFF98 f=0
[BLACKSCREEN][CALL] enter #77 addr=0x80015308 kseg0=0x80015308 ra=0x8001A184 sp=0x801FFF98 f=0
[BLACKSCREEN][CALL] enter #78 addr=0x80015650 kseg0=0x80015650 ra=0x8001A24C sp=0x801FFF98 f=0
[BLACKSCREEN][CALL] stage=before_overlay #41 addr=0x80015650 ra=0x8001A24C f=0
[BLACKSCREEN][CALL] stage=before_inbinary #41 addr=0x80015650 ra=0x8001A24C f=0
[BLACKSCREEN][CALL] route=interp #41 addr=0x80015650 ra=0x8001A24C f=0
[BLACKSCREEN][INTERP] enter start=0x80015650 instr0=0x3C028003 a0=0xFFFFFFFF ra=0x8001A24C sp=0x801FFF98 f=0
[BLACKSCREEN][INTERP] start=0x80015650 end=0x80015658 steps=3 reason=jr_ra target=0x8001A24C ra=0x8001A24C sp=0x801FFF98 f=0
[BLACKSCREEN][CALL] enter #79 addr=0x80015308 kseg0=0x80015308 ra=0x8001A184 sp=0x801FFF98 f=0
[BLACKSCREEN][CALL] enter #80 addr=0x80015650 kseg0=0x80015650 ra=0x8001A24C sp=0x801FFF98 f=0
[BLACKSCREEN][CALL] stage=before_overlay #42 addr=0x80015650 ra=0x8001A24C f=0
[BLACKSCREEN][CALL] stage=before_inbinary #42 addr=0x80015650 ra=0x8001A24C f=0
[BLACKSCREEN][CALL] route=interp #42 addr=0x80015650 ra=0x8001A24C f=0
[BLACKSCREEN][INTERP] enter start=0x80015650 instr0=0x3C028003 a0=0xFFFFFFFF ra=0x8001A24C sp=0x801FFF98 f=0
[BLACKSCREEN][INTERP] start=0x80015650 end=0x80015658 steps=3 reason=jr_ra target=0x8001A24C ra=0x8001A24C sp=0x801FFF98 f=0
[BLACKSCREEN][CALL] stage=before_overlay #43 addr=0x80015650 ra=0x8001A24C f=0
[BLACKSCREEN][CALL] stage=before_inbinary #43 addr=0x80015650 ra=0x8001A24C f=0
[BLACKSCREEN][CALL] route=interp #43 addr=0x80015650 ra=0x8001A24C f=0
[BLACKSCREEN][INTERP] enter start=0x80015650 instr0=0x3C028003 a0=0xFFFFFFFF ra=0x8001A24C sp=0x801FFF98 f=0
[BLACKSCREEN][INTERP] start=0x80015650 end=0x80015658 steps=3 reason=jr_ra target=0x8001A24C ra=0x8001A24C sp=0x801FFF98 f=0
[BLACKSCREEN][CALL] stage=before_overlay #44 addr=0x80015650 ra=0x8001A24C f=0
[BLACKSCREEN][CALL] stage=before_inbinary #44 addr=0x80015650 ra=0x8001A24C f=0
[BLACKSCREEN][CALL] route=interp #44 addr=0x80015650 ra=0x8001A24C f=0
[BLACKSCREEN][INTERP] enter start=0x80015650 instr0=0x3C028003 a0=0xFFFFFFFF ra=0x8001A24C sp=0x801FFF98 f=0
[BLACKSCREEN][INTERP] start=0x80015650 end=0x80015658 steps=3 reason=jr_ra target=0x8001A24C ra=0x8001A24C sp=0x801FFF98 f=0
[BLACKSCREEN][CALL] stage=before_overlay #45 addr=0x80015650 ra=0x8001A24C f=0
[BLACKSCREEN][CALL] stage=before_inbinary #45 addr=0x80015650 ra=0x8001A24C f=0
[BLACKSCREEN][CALL] route=interp #45 addr=0x80015650 ra=0x8001A24C f=0
[BLACKSCREEN][INTERP] enter start=0x80015650 instr0=0x3C028003 a0=0xFFFFFFFF ra=0x8001A24C sp=0x801FFF98 f=0
[BLACKSCREEN][INTERP] start=0x80015650 end=0x80015658 steps=3 reason=jr_ra target=0x8001A24C ra=0x8001A24C sp=0x801FFF98 f=0
[BLACKSCREEN][CALL] stage=before_overlay #46 addr=0x80015650 ra=0x8001A24C f=0
[BLACKSCREEN][CALL] stage=before_inbinary #46 addr=0x80015650 ra=0x8001A24C f=0
[BLACKSCREEN][CALL] route=interp #46 addr=0x80015650 ra=0x8001A24C f=0
[BLACKSCREEN][INTERP] enter start=0x80015650 instr0=0x3C028003 a0=0xFFFFFFFF ra=0x8001A24C sp=0x801FFF98 f=0
[BLACKSCREEN][INTERP] start=0x80015650 end=0x80015658 steps=3 reason=jr_ra target=0x8001A24C ra=0x8001A24C sp=0x801FFF98 f=0
[BLACKSCREEN][CALL] stage=before_overlay #47 addr=0x80015650 ra=0x8001A24C f=0
[BLACKSCREEN][CALL] stage=before_inbinary #47 addr=0x80015650 ra=0x8001A24C f=0
[BLACKSCREEN][CALL] route=interp #47 addr=0x80015650 ra=0x8001A24C f=0
[BLACKSCREEN][INTERP] enter start=0x80015650 instr0=0x3C028003 a0=0xFFFFFFFF ra=0x8001A24C sp=0x801FFF98 f=0
[BLACKSCREEN][INTERP] start=0x80015650 end=0x80015658 steps=3 reason=jr_ra target=0x8001A24C ra=0x8001A24C sp=0x801FFF98 f=0
[BLACKSCREEN][CALL] stage=before_overlay #48 addr=0x80015650 ra=0x8001A24C f=0
[BLACKSCREEN][CALL] stage=before_inbinary #48 addr=0x80015650 ra=0x8001A24C f=0
[BLACKSCREEN][CALL] route=interp #48 addr=0x80015650 ra=0x8001A24C f=0
[BLACKSCREEN][INTERP] enter start=0x80015650 instr0=0x3C028003 a0=0xFFFFFFFF ra=0x8001A24C sp=0x801FFF98 f=0
[BLACKSCREEN][INTERP] start=0x80015650 end=0x80015658 steps=3 reason=jr_ra target=0x8001A24C ra=0x8001A24C sp=0x801FFF98 f=0
[BLACKSCREEN][CALL] stage=before_overlay #49 addr=0x80015650 ra=0x8001A24C f=0
[BLACKSCREEN][CALL] stage=before_inbinary #49 addr=0x80015650 ra=0x8001A24C f=0
[BLACKSCREEN][CALL] route=interp #49 addr=0x80015650 ra=0x8001A24C f=0
[BLACKSCREEN][INTERP] enter start=0x80015650 instr0=0x3C028003 a0=0xFFFFFFFF ra=0x8001A24C sp=0x801FFF98 f=0
[BLACKSCREEN][INTERP] start=0x80015650 end=0x80015658 steps=3 reason=jr_ra target=0x8001A24C ra=0x8001A24C sp=0x801FFF98 f=0
[BLACKSCREEN][CALL] stage=before_overlay #50 addr=0x80015650 ra=0x8001A24C f=0
[BLACKSCREEN][CALL] stage=before_inbinary #50 addr=0x80015650 ra=0x8001A24C f=0
[BLACKSCREEN][CALL] route=interp #50 addr=0x80015650 ra=0x8001A24C f=0
[BLACKSCREEN][INTERP] enter start=0x80015650 instr0=0x3C028003 a0=0xFFFFFFFF ra=0x8001A24C sp=0x801FFF98 f=0
[BLACKSCREEN][INTERP] start=0x80015650 end=0x80015658 steps=3 reason=jr_ra target=0x8001A24C ra=0x8001A24C sp=0x801FFF98 f=0
[BLACKSCREEN][CALL] stage=before_overlay #51 addr=0x80015650 ra=0x8001A24C f=0
[BLACKSCREEN][CALL] stage=before_inbinary #51 addr=0x80015650 ra=0x8001A24C f=0
[BLACKSCREEN][CALL] route=interp #51 addr=0x80015650 ra=0x8001A24C f=0
[BLACKSCREEN][INTERP] enter start=0x80015650 instr0=0x3C028003 a0=0xFFFFFFFF ra=0x8001A24C sp=0x801FFF98 f=0
[BLACKSCREEN][INTERP] start=0x80015650 end=0x80015658 steps=3 reason=jr_ra target=0x8001A24C ra=0x8001A24C sp=0x801FFF98 f=0
[BLACKSCREEN][CALL] stage=before_overlay #52 addr=0x80015650 ra=0x8001A24C f=0
[BLACKSCREEN][CALL] stage=before_inbinary #52 addr=0x80015650 ra=0x8001A24C f=0
[BLACKSCREEN][CALL] route=interp #52 addr=0x80015650 ra=0x8001A24C f=0
[BLACKSCREEN][INTERP] enter start=0x80015650 instr0=0x3C028003 a0=0xFFFFFFFF ra=0x8001A24C sp=0x801FFF98 f=0
[BLACKSCREEN][INTERP] start=0x80015650 end=0x80015658 steps=3 reason=jr_ra target=0x8001A24C ra=0x8001A24C sp=0x801FFF98 f=0
[BLACKSCREEN][CALL] stage=before_overlay #53 addr=0x80015650 ra=0x8001A24C f=0
[BLACKSCREEN][CALL] stage=before_inbinary #53 addr=0x80015650 ra=0x8001A24C f=0
[BLACKSCREEN][CALL] route=interp #53 addr=0x80015650 ra=0x8001A24C f=0
[BLACKSCREEN][INTERP] enter start=0x80015650 instr0=0x3C028003 a0=0xFFFFFFFF ra=0x8001A24C sp=0x801FFF98 f=0
[BLACKSCREEN][INTERP] start=0x80015650 end=0x80015658 steps=3 reason=jr_ra target=0x8001A24C ra=0x8001A24C sp=0x801FFF98 f=0
[BLACKSCREEN][CALL] stage=before_overlay #54 addr=0x80015650 ra=0x8001A24C f=0
[BLACKSCREEN][CALL] stage=before_inbinary #54 addr=0x80015650 ra=0x8001A24C f=0
[BLACKSCREEN][CALL] route=interp #54 addr=0x80015650 ra=0x8001A24C f=0
[BLACKSCREEN][INTERP] enter start=0x80015650 instr0=0x3C028003 a0=0xFFFFFFFF ra=0x8001A24C sp=0x801FFF98 f=0
[BLACKSCREEN][INTERP] start=0x80015650 end=0x80015658 steps=3 reason=jr_ra target=0x8001A24C ra=0x8001A24C sp=0x801FFF98 f=0
[BLACKSCREEN][CALL] stage=before_overlay #55 addr=0x80015650 ra=0x8001A24C f=0
[BLACKSCREEN][CALL] stage=before_inbinary #55 addr=0x80015650 ra=0x8001A24C f=0
[BLACKSCREEN][CALL] route=interp #55 addr=0x80015650 ra=0x8001A24C f=0
[BLACKSCREEN][INTERP] enter start=0x80015650 instr0=0x3C028003 a0=0xFFFFFFFF ra=0x8001A24C sp=0x801FFF98 f=0
[BLACKSCREEN][INTERP] start=0x80015650 end=0x80015658 steps=3 reason=jr_ra target=0x8001A24C ra=0x8001A24C sp=0x801FFF98 f=0
[BLACKSCREEN][CALL] stage=before_overlay #56 addr=0x80015650 ra=0x8001A24C f=0
[BLACKSCREEN][CALL] stage=before_inbinary #56 addr=0x80015650 ra=0x8001A24C f=0
[BLACKSCREEN][CALL] route=interp #56 addr=0x80015650 ra=0x8001A24C f=0
[BLACKSCREEN][INTERP] enter start=0x80015650 instr0=0x3C028003 a0=0xFFFFFFFF ra=0x8001A24C sp=0x801FFF98 f=0
[BLACKSCREEN][INTERP] start=0x80015650 end=0x80015658 steps=3 reason=jr_ra target=0x8001A24C ra=0x8001A24C sp=0x801FFF98 f=0
[BLACKSCREEN][CALL] stage=before_overlay #57 addr=0x80015650 ra=0x8001A24C f=0
[BLACKSCREEN][CALL] stage=before_inbinary #57 addr=0x80015650 ra=0x8001A24C f=0
[BLACKSCREEN][CALL] route=interp #57 addr=0x80015650 ra=0x8001A24C f=0
[BLACKSCREEN][INTERP] enter start=0x80015650 instr0=0x3C028003 a0=0xFFFFFFFF ra=0x8001A24C sp=0x801FFF98 f=0
[BLACKSCREEN][INTERP] start=0x80015650 end=0x80015658 steps=3 reason=jr_ra target=0x8001A24C ra=0x8001A24C sp=0x801FFF98 f=0
[BLACKSCREEN][CALL] stage=before_overlay #58 addr=0x80015650 ra=0x8001A24C f=0
[BLACKSCREEN][CALL] stage=before_inbinary #58 addr=0x80015650 ra=0x8001A24C f=0
[BLACKSCREEN][CALL] route=interp #58 addr=0x80015650 ra=0x8001A24C f=0
[BLACKSCREEN][INTERP] enter start=0x80015650 instr0=0x3C028003 a0=0xFFFFFFFF ra=0x8001A24C sp=0x801FFF98 f=0
[BLACKSCREEN][INTERP] start=0x80015650 end=0x80015658 steps=3 reason=jr_ra target=0x8001A24C ra=0x8001A24C sp=0x801FFF98 f=0
[BLACKSCREEN][CALL] stage=before_overlay #59 addr=0x80015650 ra=0x8001A24C f=0
[BLACKSCREEN][CALL] stage=before_inbinary #59 addr=0x80015650 ra=0x8001A24C f=0
[BLACKSCREEN][CALL] route=interp #59 addr=0x80015650 ra=0x8001A24C f=0
[BLACKSCREEN][INTERP] enter start=0x80015650 instr0=0x3C028003 a0=0xFFFFFFFF ra=0x8001A24C sp=0x801FFF98 f=0
[BLACKSCREEN][INTERP] start=0x80015650 end=0x80015658 steps=3 reason=jr_ra target=0x8001A24C ra=0x8001A24C sp=0x801FFF98 f=0
[BLACKSCREEN][CALL] stage=before_overlay #60 addr=0x80015650 ra=0x8001A24C f=0
[BLACKSCREEN][CALL] stage=before_inbinary #60 addr=0x80015650 ra=0x8001A24C f=0
[BLACKSCREEN][CALL] route=interp #60 addr=0x80015650 ra=0x8001A24C f=0
[BLACKSCREEN][INTERP] enter start=0x80015650 instr0=0x3C028003 a0=0xFFFFFFFF ra=0x8001A24C sp=0x801FFF98 f=0
[BLACKSCREEN][INTERP] start=0x80015650 end=0x80015658 steps=3 reason=jr_ra target=0x8001A24C ra=0x8001A24C sp=0x801FFF98 f=0
[BLACKSCREEN][CALL] stage=before_overlay #61 addr=0x80015650 ra=0x8001A24C f=0
[BLACKSCREEN][CALL] stage=before_inbinary #61 addr=0x80015650 ra=0x8001A24C f=0
[BLACKSCREEN][CALL] route=interp #61 addr=0x80015650 ra=0x8001A24C f=0
[BLACKSCREEN][INTERP] enter start=0x80015650 instr0=0x3C028003 a0=0xFFFFFFFF ra=0x8001A24C sp=0x801FFF98 f=0
[BLACKSCREEN][INTERP] start=0x80015650 end=0x80015658 steps=3 reason=jr_ra target=0x8001A24C ra=0x8001A24C sp=0x801FFF98 f=0
[BLACKSCREEN][CALL] stage=before_overlay #62 addr=0x80015650 ra=0x8001A24C f=0
[BLACKSCREEN][CALL] stage=before_inbinary #62 addr=0x80015650 ra=0x8001A24C f=0
[BLACKSCREEN][CALL] route=interp #62 addr=0x80015650 ra=0x8001A24C f=0
[BLACKSCREEN][INTERP] enter start=0x80015650 instr0=0x3C028003 a0=0xFFFFFFFF ra=0x8001A24C sp=0x801FFF98 f=0
[BLACKSCREEN][INTERP] start=0x80015650 end=0x80015658 steps=3 reason=jr_ra target=0x8001A24C ra=0x8001A24C sp=0x801FFF98 f=0
[BLACKSCREEN][CALL] stage=before_overlay #63 addr=0x80015650 ra=0x8001A24C f=0
[BLACKSCREEN][CALL] stage=before_inbinary #63 addr=0x80015650 ra=0x8001A24C f=0
[BLACKSCREEN][CALL] route=interp #63 addr=0x80015650 ra=0x8001A24C f=0
[BLACKSCREEN][INTERP] enter start=0x80015650 instr0=0x3C028003 a0=0xFFFFFFFF ra=0x8001A24C sp=0x801FFF98 f=0
[BLACKSCREEN][INTERP] start=0x80015650 end=0x80015658 steps=3 reason=jr_ra target=0x8001A24C ra=0x8001A24C sp=0x801FFF98 f=0
[BLACKSCREEN][CALL] stage=before_overlay #64 addr=0x80015650 ra=0x8001A24C f=0
[BLACKSCREEN][CALL] stage=before_inbinary #64 addr=0x80015650 ra=0x8001A24C f=0
[BLACKSCREEN][CALL] route=interp #64 addr=0x80015650 ra=0x8001A24C f=0
[BLACKSCREEN][INTERP] enter start=0x80015650 instr0=0x3C028003 a0=0xFFFFFFFF ra=0x8001A24C sp=0x801FFF98 f=0
[BLACKSCREEN][INTERP] start=0x80015650 end=0x80015658 steps=3 reason=jr_ra target=0x8001A24C ra=0x8001A24C sp=0x801FFF98 f=0
[BLACKSCREEN][CALL] stage=before_overlay #65 addr=0x80015650 ra=0x8001A24C f=0
[BLACKSCREEN][CALL] stage=before_inbinary #65 addr=0x80015650 ra=0x8001A24C f=0
[BLACKSCREEN][CALL] route=interp #65 addr=0x80015650 ra=0x8001A24C f=0
[BLACKSCREEN][INTERP] enter start=0x80015650 instr0=0x3C028003 a0=0xFFFFFFFF ra=0x8001A24C sp=0x801FFF98 f=0
[BLACKSCREEN][INTERP] start=0x80015650 end=0x80015658 steps=3 reason=jr_ra target=0x8001A24C ra=0x8001A24C sp=0x801FFF98 f=0
[BLACKSCREEN][CALL] stage=before_overlay #66 addr=0x80015650 ra=0x8001A24C f=0
[BLACKSCREEN][CALL] stage=before_inbinary #66 addr=0x80015650 ra=0x8001A24C f=0
[BLACKSCREEN][CALL] route=interp #66 addr=0x80015650 ra=0x8001A24C f=0
[BLACKSCREEN][INTERP] enter start=0x80015650 instr0=0x3C028003 a0=0xFFFFFFFF ra=0x8001A24C sp=0x801FFF98 f=0
[BLACKSCREEN][INTERP] start=0x80015650 end=0x80015658 steps=3 reason=jr_ra target=0x8001A24C ra=0x8001A24C sp=0x801FFF98 f=0
[BLACKSCREEN][CALL] stage=before_overlay #67 addr=0x80015650 ra=0x8001A24C f=0
[BLACKSCREEN][CALL] stage=before_inbinary #67 addr=0x80015650 ra=0x8001A24C f=0
[BLACKSCREEN][CALL] route=interp #67 addr=0x80015650 ra=0x8001A24C f=0
[BLACKSCREEN][INTERP] enter start=0x80015650 instr0=0x3C028003 a0=0xFFFFFFFF ra=0x8001A24C sp=0x801FFF98 f=0
[BLACKSCREEN][INTERP] start=0x80015650 end=0x80015658 steps=3 reason=jr_ra target=0x8001A24C ra=0x8001A24C sp=0x801FFF98 f=0
[BLACKSCREEN][CALL] stage=before_overlay #68 addr=0x80015650 ra=0x8001A24C f=0
[BLACKSCREEN][CALL] stage=before_inbinary #68 addr=0x80015650 ra=0x8001A24C f=0
[BLACKSCREEN][CALL] route=interp #68 addr=0x80015650 ra=0x8001A24C f=0
[BLACKSCREEN][INTERP] enter start=0x80015650 instr0=0x3C028003 a0=0xFFFFFFFF ra=0x8001A24C sp=0x801FFF98 f=0
[BLACKSCREEN][INTERP] start=0x80015650 end=0x80015658 steps=3 reason=jr_ra target=0x8001A24C ra=0x8001A24C sp=0x801FFF98 f=0
[BLACKSCREEN][CALL] stage=before_overlay #69 addr=0x80015650 ra=0x8001A24C f=0
[BLACKSCREEN][CALL] stage=before_inbinary #69 addr=0x80015650 ra=0x8001A24C f=0
[BLACKSCREEN][CALL] route=interp #69 addr=0x80015650 ra=0x8001A24C f=0
[BLACKSCREEN][INTERP] enter start=0x80015650 instr0=0x3C028003 a0=0xFFFFFFFF ra=0x8001A24C sp=0x801FFF98 f=0
[BLACKSCREEN][INTERP] start=0x80015650 end=0x80015658 steps=3 reason=jr_ra target=0x8001A24C ra=0x8001A24C sp=0x801FFF98 f=0
[BLACKSCREEN][CALL] stage=before_overlay #70 addr=0x80015650 ra=0x8001A24C f=0
[BLACKSCREEN][CALL] stage=before_inbinary #70 addr=0x80015650 ra=0x8001A24C f=0
[BLACKSCREEN][CALL] route=interp #70 addr=0x80015650 ra=0x8001A24C f=0
[BLACKSCREEN][INTERP] enter start=0x80015650 instr0=0x3C028003 a0=0xFFFFFFFF ra=0x8001A24C sp=0x801FFF98 f=0
[BLACKSCREEN][INTERP] start=0x80015650 end=0x80015658 steps=3 reason=jr_ra target=0x8001A24C ra=0x8001A24C sp=0x801FFF98 f=0
[BLACKSCREEN][CALL] stage=before_overlay #71 addr=0x80015650 ra=0x8001A24C f=0
[BLACKSCREEN][CALL] stage=before_inbinary #71 addr=0x80015650 ra=0x8001A24C f=0
[BLACKSCREEN][CALL] route=interp #71 addr=0x80015650 ra=0x8001A24C f=0
[BLACKSCREEN][INTERP] enter start=0x80015650 instr0=0x3C028003 a0=0xFFFFFFFF ra=0x8001A24C sp=0x801FFF98 f=0
[BLACKSCREEN][INTERP] start=0x80015650 end=0x80015658 steps=3 reason=jr_ra target=0x8001A24C ra=0x8001A24C sp=0x801FFF98 f=0
[BLACKSCREEN][CALL] stage=before_overlay #72 addr=0x80015650 ra=0x8001A24C f=0
[BLACKSCREEN][CALL] stage=before_inbinary #72 addr=0x80015650 ra=0x8001A24C f=0
[BLACKSCREEN][CALL] route=interp #72 addr=0x80015650 ra=0x8001A24C f=0
[BLACKSCREEN][INTERP] enter start=0x80015650 instr0=0x3C028003 a0=0xFFFFFFFF ra=0x8001A24C sp=0x801FFF98 f=0
[BLACKSCREEN][INTERP] start=0x80015650 end=0x80015658 steps=3 reason=jr_ra target=0x8001A24C ra=0x8001A24C sp=0x801FFF98 f=0
[BLACKSCREEN][CALL] stage=before_overlay #73 addr=0x80015650 ra=0x8001A24C f=0
[BLACKSCREEN][CALL] stage=before_inbinary #73 addr=0x80015650 ra=0x8001A24C f=0
[BLACKSCREEN][CALL] route=interp #73 addr=0x80015650 ra=0x8001A24C f=0
[BLACKSCREEN][INTERP] enter start=0x80015650 instr0=0x3C028003 a0=0xFFFFFFFF ra=0x8001A24C sp=0x801FFF98 f=0
[BLACKSCREEN][INTERP] start=0x80015650 end=0x80015658 steps=3 reason=jr_ra target=0x8001A24C ra=0x8001A24C sp=0x801FFF98 f=0
[BLACKSCREEN][CALL] stage=before_overlay #74 addr=0x80015650 ra=0x8001A24C f=0
[BLACKSCREEN][CALL] stage=before_inbinary #74 addr=0x80015650 ra=0x8001A24C f=0
[BLACKSCREEN][CALL] route=interp #74 addr=0x80015650 ra=0x8001A24C f=0
[BLACKSCREEN][INTERP] enter start=0x80015650 instr0=0x3C028003 a0=0xFFFFFFFF ra=0x8001A24C sp=0x801FFF98 f=0
[BLACKSCREEN][INTERP] start=0x80015650 end=0x80015658 steps=3 reason=jr_ra target=0x8001A24C ra=0x8001A24C sp=0x801FFF98 f=0
[BLACKSCREEN][CALL] stage=before_overlay #75 addr=0x80015650 ra=0x8001A24C f=0
[BLACKSCREEN][CALL] stage=before_inbinary #75 addr=0x80015650 ra=0x8001A24C f=0
[BLACKSCREEN][CALL] route=interp #75 addr=0x80015650 ra=0x8001A24C f=0
[BLACKSCREEN][INTERP] enter start=0x80015650 instr0=0x3C028003 a0=0xFFFFFFFF ra=0x8001A24C sp=0x801FFF98 f=0
[BLACKSCREEN][INTERP] start=0x80015650 end=0x80015658 steps=3 reason=jr_ra target=0x8001A24C ra=0x8001A24C sp=0x801FFF98 f=0
[BLACKSCREEN][CALL] stage=before_overlay #76 addr=0x80015650 ra=0x8001A24C f=0
[BLACKSCREEN][CALL] stage=before_inbinary #76 addr=0x80015650 ra=0x8001A24C f=0
[BLACKSCREEN][CALL] route=interp #76 addr=0x80015650 ra=0x8001A24C f=0
[BLACKSCREEN][INTERP] enter start=0x80015650 instr0=0x3C028003 a0=0xFFFFFFFF ra=0x8001A24C sp=0x801FFF98 f=0
[BLACKSCREEN][INTERP] start=0x80015650 end=0x80015658 steps=3 reason=jr_ra target=0x8001A24C ra=0x8001A24C sp=0x801FFF98 f=0
[BLACKSCREEN][CALL] stage=before_overlay #77 addr=0x80015650 ra=0x8001A24C f=0
[BLACKSCREEN][CALL] stage=before_inbinary #77 addr=0x80015650 ra=0x8001A24C f=0
[BLACKSCREEN][CALL] route=interp #77 addr=0x80015650 ra=0x8001A24C f=0
[BLACKSCREEN][INTERP] enter start=0x80015650 instr0=0x3C028003 a0=0xFFFFFFFF ra=0x8001A24C sp=0x801FFF98 f=0
[BLACKSCREEN][INTERP] start=0x80015650 end=0x80015658 steps=3 reason=jr_ra target=0x8001A24C ra=0x8001A24C sp=0x801FFF98 f=0
[BLACKSCREEN][CALL] stage=before_overlay #78 addr=0x80015650 ra=0x8001A24C f=0
[BLACKSCREEN][CALL] stage=before_inbinary #78 addr=0x80015650 ra=0x8001A24C f=0
[BLACKSCREEN][CALL] route=interp #78 addr=0x80015650 ra=0x8001A24C f=0
[BLACKSCREEN][INTERP] enter start=0x80015650 instr0=0x3C028003 a0=0xFFFFFFFF ra=0x8001A24C sp=0x801FFF98 f=0
[BLACKSCREEN][INTERP] start=0x80015650 end=0x80015658 steps=3 reason=jr_ra target=0x8001A24C ra=0x8001A24C sp=0x801FFF98 f=0
[BLACKSCREEN][CALL] stage=before_overlay #79 addr=0x80015650 ra=0x8001A24C f=0
[BLACKSCREEN][CALL] stage=before_inbinary #79 addr=0x80015650 ra=0x8001A24C f=0
[BLACKSCREEN][CALL] route=interp #79 addr=0x80015650 ra=0x8001A24C f=0
[BLACKSCREEN][INTERP] enter start=0x80015650 instr0=0x3C028003 a0=0xFFFFFFFF ra=0x8001A24C sp=0x801FFF98 f=0
[BLACKSCREEN][INTERP] start=0x80015650 end=0x80015658 steps=3 reason=jr_ra target=0x8001A24C ra=0x8001A24C sp=0x801FFF98 f=0
[BLACKSCREEN][CALL] stage=before_overlay #80 addr=0x80015650 ra=0x8001A24C f=0
[BLACKSCREEN][CALL] stage=before_inbinary #80 addr=0x80015650 ra=0x8001A24C f=0
[BLACKSCREEN][CALL] route=interp #80 addr=0x80015650 ra=0x8001A24C f=0
[BLACKSCREEN][INTERP] enter start=0x80015650 instr0=0x3C028003 a0=0xFFFFFFFF ra=0x8001A24C sp=0x801FFF98 f=0
[BLACKSCREEN][INTERP] start=0x80015650 end=0x80015658 steps=3 reason=jr_ra target=0x8001A24C ra=0x8001A24C sp=0x801FFF98 f=0
[BLACKSCREEN][INTERP] enter start=0x80015650 instr0=0x3C028003 a0=0xFFFFFFFF ra=0x8001A24C sp=0x801FFF98 f=0
[BLACKSCREEN][INTERP] start=0x80015650 end=0x80015658 steps=3 reason=jr_ra target=0x8001A24C ra=0x8001A24C sp=0x801FFF98 f=0
[BLACKSCREEN][INTERP] enter start=0x80015650 instr0=0x3C028003 a0=0xFFFFFFFF ra=0x8001A24C sp=0x801FFF98 f=0
[BLACKSCREEN][INTERP] start=0x80015650 end=0x80015658 steps=3 reason=jr_ra target=0x8001A24C ra=0x8001A24C sp=0x801FFF98 f=0
[BLACKSCREEN][INTERP] enter start=0x80015650 instr0=0x3C028003 a0=0xFFFFFFFF ra=0x8001A24C sp=0x801FFF98 f=0
[BLACKSCREEN][INTERP] start=0x80015650 end=0x80015658 steps=3 reason=jr_ra target=0x8001A24C ra=0x8001A24C sp=0x801FFF98 f=0
[BLACKSCREEN][INTERP] enter start=0x80015650 instr0=0x3C028003 a0=0xFFFFFFFF ra=0x8001A24C sp=0x801FFF98 f=0
[BLACKSCREEN][INTERP] start=0x80015650 end=0x80015658 steps=3 reason=jr_ra target=0x8001A24C ra=0x8001A24C sp=0x801FFF98 f=0
[BLACKSCREEN][INTERP] enter start=0x80015650 instr0=0x3C028003 a0=0xFFFFFFFF ra=0x8001A24C sp=0x801FFF98 f=0
[BLACKSCREEN][INTERP] start=0x80015650 end=0x80015658 steps=3 reason=jr_ra target=0x8001A24C ra=0x8001A24C sp=0x801FFF98 f=0
[BLACKSCREEN][INTERP] enter start=0x80015650 instr0=0x3C028003 a0=0xFFFFFFFF ra=0x8001A24C sp=0x801FFF98 f=0
[BLACKSCREEN][INTERP] start=0x80015650 end=0x80015658 steps=3 reason=jr_ra target=0x8001A24C ra=0x8001A24C sp=0x801FFF98 f=0
[BLACKSCREEN][INTERP] enter start=0x80015650 instr0=0x3C028003 a0=0xFFFFFFFF ra=0x8001A24C sp=0x801FFF98 f=0
[BLACKSCREEN][INTERP] start=0x80015650 end=0x80015658 steps=3 reason=jr_ra target=0x8001A24C ra=0x8001A24C sp=0x801FFF98 f=0
[BLACKSCREEN][INTERP] enter start=0x80015650 instr0=0x3C028003 a0=0xFFFFFFFF ra=0x8001A24C sp=0x801FFF98 f=0
[BLACKSCREEN][INTERP] start=0x80015650 end=0x80015658 steps=3 reason=jr_ra target=0x8001A24C ra=0x8001A24C sp=0x801FFF98 f=0
[BLACKSCREEN][INTERP] enter start=0x80015650 instr0=0x3C028003 a0=0xFFFFFFFF ra=0x8001A24C sp=0x801FFF98 f=0
[BLACKSCREEN][INTERP] start=0x80015650 end=0x80015658 steps=3 reason=jr_ra target=0x8001A24C ra=0x8001A24C sp=0x801FFF98 f=0
[BLACKSCREEN][INTERP] enter start=0x80015650 instr0=0x3C028003 a0=0xFFFFFFFF ra=0x8001A24C sp=0x801FFF98 f=0
[BLACKSCREEN][INTERP] start=0x80015650 end=0x80015658 steps=3 reason=jr_ra target=0x8001A24C ra=0x8001A24C sp=0x801FFF98 f=0
[BLACKSCREEN][INTERP] enter start=0x80015650 instr0=0x3C028003 a0=0xFFFFFFFF ra=0x8001A24C sp=0x801FFF98 f=0
[BLACKSCREEN][INTERP] start=0x80015650 end=0x80015658 steps=3 reason=jr_ra target=0x8001A24C ra=0x8001A24C sp=0x801FFF98 f=0
[BLACKSCREEN][INTERP] enter start=0x80015650 instr0=0x3C028003 a0=0xFFFFFFFF ra=0x8001A24C sp=0x801FFF98 f=0
[BLACKSCREEN][INTERP] start=0x80015650 end=0x80015658 steps=3 reason=jr_ra target=0x8001A24C ra=0x8001A24C sp=0x801FFF98 f=0
[BLACKSCREEN][INTERP] enter start=0x80015650 instr0=0x3C028003 a0=0xFFFFFFFF ra=0x8001A24C sp=0x801FFF98 f=0
[BLACKSCREEN][INTERP] start=0x80015650 end=0x80015658 steps=3 reason=jr_ra target=0x8001A24C ra=0x8001A24C sp=0x801FFF98 f=0
[BLACKSCREEN][INTERP] enter start=0x80015650 instr0=0x3C028003 a0=0xFFFFFFFF ra=0x8001A24C sp=0x801FFF98 f=0
[BLACKSCREEN][INTERP] start=0x80015650 end=0x80015658 steps=3 reason=jr_ra target=0x8001A24C ra=0x8001A24C sp=0x801FFF98 f=0
[BLACKSCREEN][INTERP] enter start=0x80015650 instr0=0x3C028003 a0=0xFFFFFFFF ra=0x8001A24C sp=0x801FFF98 f=0
[BLACKSCREEN][INTERP] start=0x80015650 end=0x80015658 steps=3 reason=jr_ra target=0x8001A24C ra=0x8001A24C sp=0x801FFF98 f=0
[BLACKSCREEN][INTERP] enter start=0x80015650 instr0=0x3C028003 a0=0xFFFFFFFF ra=0x8001A24C sp=0x801FFF98 f=0
[BLACKSCREEN][INTERP] start=0x80015650 end=0x80015658 steps=3 reason=jr_ra target=0x8001A24C ra=0x8001A24C sp=0x801FFF98 f=0
[BLACKSCREEN][INTERP] enter start=0x80015650 instr0=0x3C028003 a0=0xFFFFFFFF ra=0x8001A24C sp=0x801FFF98 f=0
[BLACKSCREEN][INTERP] start=0x80015650 end=0x80015658 steps=3 reason=jr_ra target=0x8001A24C ra=0x8001A24C sp=0x801FFF98 f=0
[BLACKSCREEN][INTERP] enter start=0x80015650 instr0=0x3C028003 a0=0xFFFFFFFF ra=0x8001A24C sp=0x801FFF98 f=0
[BLACKSCREEN][INTERP] start=0x80015650 end=0x80015658 steps=3 reason=jr_ra target=0x8001A24C ra=0x8001A24C sp=0x801FFF98 f=0
[BLACKSCREEN][INTERP] enter start=0x80015650 instr0=0x3C028003 a0=0xFFFFFFFF ra=0x8001A24C sp=0x801FFF98 f=0
[BLACKSCREEN][INTERP] start=0x80015650 end=0x80015658 steps=3 reason=jr_ra target=0x8001A24C ra=0x8001A24C sp=0x801FFF98 f=0
[BLACKSCREEN][INTERP] enter start=0x80015650 instr0=0x3C028003 a0=0xFFFFFFFF ra=0x8001A24C sp=0x801FFF98 f=0
[BLACKSCREEN][INTERP] start=0x80015650 end=0x80015658 steps=3 reason=jr_ra target=0x8001A24C ra=0x8001A24C sp=0x801FFF98 f=0
[BLACKSCREEN][INTERP] enter start=0x80015650 instr0=0x3C028003 a0=0xFFFFFFFF ra=0x8001A24C sp=0x801FFF98 f=0
[BLACKSCREEN][INTERP] start=0x80015650 end=0x80015658 steps=3 reason=jr_ra target=0x8001A24C ra=0x8001A24C sp=0x801FFF98 f=0
[BLACKSCREEN][INTERP] enter start=0x80015650 instr0=0x3C028003 a0=0xFFFFFFFF ra=0x8001A24C sp=0x801FFF98 f=0
[BLACKSCREEN][INTERP] start=0x80015650 end=0x80015658 steps=3 reason=jr_ra target=0x8001A24C ra=0x8001A24C sp=0x801FFF98 f=0
[BLACKSCREEN][INTERP] enter start=0x80015650 instr0=0x3C028003 a0=0xFFFFFFFF ra=0x8001A24C sp=0x801FFF98 f=0
[BLACKSCREEN][INTERP] start=0x80015650 end=0x80015658 steps=3 reason=jr_ra target=0x8001A24C ra=0x8001A24C sp=0x801FFF98 f=0
[BLACKSCREEN][INTERP] enter start=0x80015650 instr0=0x3C028003 a0=0xFFFFFFFF ra=0x8001A24C sp=0x801FFF98 f=0
[BLACKSCREEN][INTERP] start=0x80015650 end=0x80015658 steps=3 reason=jr_ra target=0x8001A24C ra=0x8001A24C sp=0x801FFF98 f=0
[BLACKSCREEN][INTERP] enter start=0x80015650 instr0=0x3C028003 a0=0xFFFFFFFF ra=0x8001A24C sp=0x801FFF98 f=0
[BLACKSCREEN][INTERP] start=0x80015650 end=0x80015658 steps=3 reason=jr_ra target=0x8001A24C ra=0x8001A24C sp=0x801FFF98 f=0
[BLACKSCREEN][INTERP] enter start=0x80015650 instr0=0x3C028003 a0=0xFFFFFFFF ra=0x8001A24C sp=0x801FFF98 f=0
[BLACKSCREEN][INTERP] start=0x80015650 end=0x80015658 steps=3 reason=jr_ra target=0x8001A24C ra=0x8001A24C sp=0x801FFF98 f=0
[BLACKSCREEN][INTERP] enter start=0x80015650 instr0=0x3C028003 a0=0xFFFFFFFF ra=0x8001A24C sp=0x801FFF98 f=0
[BLACKSCREEN][INTERP] start=0x80015650 end=0x80015658 steps=3 reason=jr_ra target=0x8001A24C ra=0x8001A24C sp=0x801FFF98 f=0
[BLACKSCREEN][INTERP] enter start=0x80015650 instr0=0x3C028003 a0=0xFFFFFFFF ra=0x8001A24C sp=0x801FFF98 f=0
[BLACKSCREEN][INTERP] start=0x80015650 end=0x80015658 steps=3 reason=jr_ra target=0x8001A24C ra=0x8001A24C sp=0x801FFF98 f=0
[BLACKSCREEN][INTERP] enter start=0x80015650 instr0=0x3C028003 a0=0xFFFFFFFF ra=0x8001A24C sp=0x801FFF98 f=0
[BLACKSCREEN][INTERP] start=0x80015650 end=0x80015658 steps=3 reason=jr_ra target=0x8001A24C ra=0x8001A24C sp=0x801FFF98 f=0
[BLACKSCREEN][INTERP] enter start=0x80015650 instr0=0x3C028003 a0=0xFFFFFFFF ra=0x8001A24C sp=0x801FFF98 f=0
[BLACKSCREEN][INTERP] start=0x80015650 end=0x80015658 steps=3 reason=jr_ra target=0x8001A24C ra=0x8001A24C sp=0x801FFF98 f=0
[BLACKSCREEN][INTERP] enter start=0x80015650 instr0=0x3C028003 a0=0xFFFFFFFF ra=0x8001A24C sp=0x801FFF98 f=0
[BLACKSCREEN][INTERP] start=0x80015650 end=0x80015658 steps=3 reason=jr_ra target=0x8001A24C ra=0x8001A24C sp=0x801FFF98 f=0
[BLACKSCREEN][INTERP] enter start=0x80015650 instr0=0x3C028003 a0=0xFFFFFFFF ra=0x8001A24C sp=0x801FFF98 f=0
[BLACKSCREEN][INTERP] start=0x80015650 end=0x80015658 steps=3 reason=jr_ra target=0x8001A24C ra=0x8001A24C sp=0x801FFF98 f=0
[BLACKSCREEN][INTERP] enter start=0x80015650 instr0=0x3C028003 a0=0xFFFFFFFF ra=0x8001A24C sp=0x801FFF98 f=0
[BLACKSCREEN][INTERP] start=0x80015650 end=0x80015658 steps=3 reason=jr_ra target=0x8001A24C ra=0x8001A24C sp=0x801FFF98 f=0
[BLACKSCREEN][INTERP] enter start=0x80015650 instr0=0x3C028003 a0=0xFFFFFFFF ra=0x8001A24C sp=0x801FFF98 f=0
[BLACKSCREEN][INTERP] start=0x80015650 end=0x80015658 steps=3 reason=jr_ra target=0x8001A24C ra=0x8001A24C sp=0x801FFF98 f=0
[BLACKSCREEN][INTERP] enter start=0x80015650 instr0=0x3C028003 a0=0xFFFFFFFF ra=0x8001A24C sp=0x801FFF98 f=0
[BLACKSCREEN][INTERP] start=0x80015650 end=0x80015658 steps=3 reason=jr_ra target=0x8001A24C ra=0x8001A24C sp=0x801FFF98 f=0
[BLACKSCREEN][INTERP] enter start=0x80015650 instr0=0x3C028003 a0=0xFFFFFFFF ra=0x8001A24C sp=0x801FFF98 f=0
[BLACKSCREEN][INTERP] start=0x80015650 end=0x80015658 steps=3 reason=jr_ra target=0x8001A24C ra=0x8001A24C sp=0x801FFF98 f=0
[BLACKSCREEN][INTERP] enter start=0x80015650 instr0=0x3C028003 a0=0xFFFFFFFF ra=0x8001A24C sp=0x801FFF98 f=0
[BLACKSCREEN][INTERP] start=0x80015650 end=0x80015658 steps=3 reason=jr_ra target=0x8001A24C ra=0x8001A24C sp=0x801FFF98 f=0
[BLACKSCREEN][INTERP] enter start=0x80015650 instr0=0x3C028003 a0=0xFFFFFFFF ra=0x8001A24C sp=0x801FFF98 f=0
[BLACKSCREEN][INTERP] start=0x80015650 end=0x80015658 steps=3 reason=jr_ra target=0x8001A24C ra=0x8001A24C sp=0x801FFF98 f=0
[BLACKSCREEN][INTERP] enter start=0x80015650 instr0=0x3C028003 a0=0xFFFFFFFF ra=0x8001A24C sp=0x801FFF98 f=0
[BLACKSCREEN][INTERP] start=0x80015650 end=0x80015658 steps=3 reason=jr_ra target=0x8001A24C ra=0x8001A24C sp=0x801FFF98 f=0
[BLACKSCREEN][INTERP] enter start=0x80015650 instr0=0x3C028003 a0=0xFFFFFFFF ra=0x8001A24C sp=0x801FFF98 f=0
[BLACKSCREEN][INTERP] start=0x80015650 end=0x80015658 steps=3 reason=jr_ra target=0x8001A24C ra=0x8001A24C sp=0x801FFF98 f=0
[BLACKSCREEN][INTERP] start=0x80015650 end=0x80015658 steps=3 reason=jr_ra target=0x8001A24C ra=0x8001A24C sp=0x801FFF98 f=0
[BLACKSCREEN][INTERP] start=0x80015650 end=0x80015658 steps=3 reason=jr_ra target=0x8001A24C ra=0x8001A24C sp=0x801FFF98 f=0
[BLACKSCREEN][INTERP] start=0x8001A110 end=0x8001A388 steps=25028 reason=jr_ra target=0x8001994C ra=0x8001994C sp=0x801FFFD0 f=0
[BLACKSCREEN][DISP-RET] start=0x80019844 call_pc=0x80019944 target=0x8001A110 v0_before=0x00000000 v1_before=0x80032A24 v0_after=0xFFFFFFFF v1_after=0x1F801020 sp_before=0x801FFFD0 sp_after=0x801FFFD0 ra=0x8001994C f=0
[BLACKSCREEN][19844-TAIL] pc=0x8001994C instr=0x38420002 v0=0xFFFFFFFF a0=0x00000001 a1=0x8001072C ra=0x8001994C sp=0x801FFFD0 f=0
[BLACKSCREEN][19844-STATE] pc=0x8001994C v0=0xFFFFFFFF v1=0x1F801020 a0=0x00000001 a1=0x8001072C a0m0=0x00000000 a0m1=0x00000000 a1m0=0x735F4443 a1m1=0x00636E79 s0=0x00000003 s1=0x801E0000 ra=0x8001994C c2a8=0x1F801814 c2ac=0x1F801110 t0=0x1C080000 t1=0x000003C3 f=0
[BLACKSCREEN][19844-TAIL] pc=0x80019950 instr=0x08006657 v0=0xFFFFFFFD a0=0x00000001 a1=0x8001072C ra=0x8001994C sp=0x801FFFD0 f=0
[BLACKSCREEN][19844-STATE] pc=0x80019950 v0=0xFFFFFFFD v1=0x1F801020 a0=0x00000001 a1=0x8001072C a0m0=0x00000000 a0m1=0x00000000 a1m0=0x735F4443 a1m1=0x00636E79 s0=0x00000003 s1=0x801E0000 ra=0x8001994C c2a8=0x1F801814 c2ac=0x1F801110 t0=0x1C080000 t1=0x000003C4 f=0
[BLACKSCREEN][INTERP-LOCALJ] start=0x80019844 pc=0x80019950 target=0x8001995C sp=0x801FFFD0 ra=0x8001994C f=0
[BLACKSCREEN][INTERP-RA] pre-restore pc=0x8001995C sp=0x801FFFD0 ra=0x8001994C slot_now=0x80010EA4 f=0
[BLACKSCREEN][19844-TAIL] pc=0x80019960 instr=0x8FB60028 v0=0x00000000 a0=0x00000001 a1=0x8001072C ra=0x80010EA4 sp=0x801FFFD0 f=0
[BLACKSCREEN][19844-STATE] pc=0x80019960 v0=0x00000000 v1=0x1F801020 a0=0x00000001 a1=0x8001072C a0m0=0x00000000 a0m1=0x00000000 a1m0=0x735F4443 a1m1=0x00636E79 s0=0x00000003 s1=0x801E0000 ra=0x80010EA4 c2a8=0x1F801814 c2ac=0x1F801110 t0=0x1C080000 t1=0x000003C5 f=0
[BLACKSCREEN][19844-TAIL] pc=0x80019964 instr=0x8FB50024 v0=0x00000000 a0=0x00000001 a1=0x8001072C ra=0x80010EA4 sp=0x801FFFD0 f=0
[BLACKSCREEN][19844-TAIL] pc=0x80019968 instr=0x8FB40020 v0=0x00000000 a0=0x00000001 a1=0x8001072C ra=0x80010EA4 sp=0x801FFFD0 f=0
[BLACKSCREEN][19844-TAIL] pc=0x8001996C instr=0x8FB3001C v0=0x00000000 a0=0x00000001 a1=0x8001072C ra=0x80010EA4 sp=0x801FFFD0 f=0
[BLACKSCREEN][19844-TAIL] pc=0x80019970 instr=0x8FB20018 v0=0x00000000 a0=0x00000001 a1=0x8001072C ra=0x80010EA4 sp=0x801FFFD0 f=0
[BLACKSCREEN][19844-TAIL] pc=0x80019974 instr=0x8FB10014 v0=0x00000000 a0=0x00000001 a1=0x8001072C ra=0x80010EA4 sp=0x801FFFD0 f=0
[BLACKSCREEN][19844-TAIL] pc=0x80019978 instr=0x8FB00010 v0=0x00000000 a0=0x00000001 a1=0x8001072C ra=0x80010EA4 sp=0x801FFFD0 f=0
[BLACKSCREEN][19844-TAIL] pc=0x8001997C instr=0x27BD0030 v0=0x00000000 a0=0x00000001 a1=0x8001072C ra=0x80010EA4 sp=0x801FFFD0 f=0
[BLACKSCREEN][19844-TAIL] pc=0x80019980 instr=0x03E00008 v0=0x00000000 a0=0x00000001 a1=0x8001072C ra=0x80010EA4 sp=0x80200000 f=0
[BLACKSCREEN][19844-STATE] pc=0x80019980 v0=0x00000000 v1=0x1F801020 a0=0x00000001 a1=0x8001072C a0m0=0x00000000 a0m1=0x00000000 a1m0=0x735F4443 a1m1=0x00636E79 s0=0x00000000 s1=0x00000000 ra=0x80010EA4 c2a8=0x1F801814 c2ac=0x1F801110 t0=0x1C080000 t1=0x000003C6 f=0
[BLACKSCREEN][INTERP] start=0x80019844 end=0x80019980 steps=54 reason=jr_ra target=0x80010EA4 ra=0x80010EA4 sp=0x80200000 f=0
[BLACKSCREEN] Alternate display entry 0x80019844 returned
[BLACKSCREEN] Enabling display pump fallback at 0x80019844
[BLACKSCREEN][INTERP] enter start=0x80019844 instr0=0x27BDFFD0 a0=0x00000001 ra=0x80010EA4 sp=0x80200000 f=0
[BLACKSCREEN][INTERP-RA] pre-save pc=0x80019890 sp=0x801FFFD0 ra=0x80010EA4 slot_before=0x80010EA4 f=0
[BLACKSCREEN][DISP-CALL] start=0x80019844 pc=0x80019914 target=0x8001A65C v0=0x00000000 v1=0x80032A24 a0=0x00000001 a1=0x8001072C a2=0x8001065C a3=0x00000000 sp=0x801FFFD0 ra=0x8001991C f=0
[BLACKSCREEN][CALL] route=compiled_early #2 addr=0x8001A65C ra=0x8001991C f=0
[BLACKSCREEN][DISP-RET] start=0x80019844 call_pc=0x80019914 target=0x8001A65C v0_before=0x00000000 v1_before=0x80032A24 v0_after=0x00000000 v1_after=0x80032A24 sp_before=0x801FFFD0 sp_after=0x801FFFD0 ra=0x8001991C f=0
[BLACKSCREEN][19844-TAIL] pc=0x80019944 instr=0x0C006844 v0=0x00000000 a0=0x00000000 a1=0x8001072C ra=0x8001991C sp=0x801FFFD0 f=0
[BLACKSCREEN][19844-STATE] pc=0x80019944 v0=0x00000000 v1=0x80032A24 a0=0x00000000 a1=0x8001072C a0m0=0x00000000 a0m1=0x00000000 a1m0=0x735F4443 a1m1=0x00636E79 s0=0x00000003 s1=0x8001072C ra=0x8001991C c2a8=0x1F801814 c2ac=0x1F801110 t0=0x1C080000 t1=0x000003C7 f=0
[BLACKSCREEN][DISP-CALL] start=0x80019844 pc=0x80019944 target=0x8001A110 v0=0x00000000 v1=0x80032A24 a0=0x00000000 a1=0x8001065C a2=0x8001065C a3=0x00000000 sp=0x801FFFD0 ra=0x8001994C f=0
[BLACKSCREEN][INTERP] enter start=0x8001A110 instr0=0x27BDFFC8 a0=0x00000000 ra=0x8001994C sp=0x801FFFD0 f=0
[BLACKSCREEN][INTERP] start=0x8001A110 end=0x8001A388 steps=108 reason=jr_ra target=0x8001994C ra=0x8001994C sp=0x801FFFD0 f=0
[BLACKSCREEN][DISP-RET] start=0x80019844 call_pc=0x80019944 target=0x8001A110 v0_before=0x00000000 v1_before=0x80032A24 v0_after=0x00000002 v1_after=0xFFFFFFFF sp_before=0x801FFFD0 sp_after=0x801FFFD0 ra=0x8001994C f=0
[BLACKSCREEN][19844-TAIL] pc=0x8001994C instr=0x38420002 v0=0x00000002 a0=0x80039268 a1=0x80010664 ra=0x8001994C sp=0x801FFFD0 f=0
[BLACKSCREEN][19844-STATE] pc=0x8001994C v0=0x00000002 v1=0xFFFFFFFF a0=0x80039268 a1=0x80010664 a0m0=0x00000000 a0m1=0x00000000 a1m0=0x6B736944 a1m1=0x6F727245 s0=0x00000003 s1=0x8001072C ra=0x8001994C c2a8=0x1F801814 c2ac=0x1F801110 t0=0x1C080000 t1=0x000003CA f=0
[BLACKSCREEN][19844-TAIL] pc=0x80019950 instr=0x08006657 v0=0x00000000 a0=0x80039268 a1=0x80010664 ra=0x8001994C sp=0x801FFFD0 f=0
[BLACKSCREEN][19844-STATE] pc=0x80019950 v0=0x00000000 v1=0xFFFFFFFF a0=0x80039268 a1=0x80010664 a0m0=0x00000000 a0m1=0x00000000 a1m0=0x6B736944 a1m1=0x6F727245 s0=0x00000003 s1=0x8001072C ra=0x8001994C c2a8=0x1F801814 c2ac=0x1F801110 t0=0x1C080000 t1=0x000003CB f=0
[BLACKSCREEN][INTERP-LOCALJ] start=0x80019844 pc=0x80019950 target=0x8001995C sp=0x801FFFD0 ra=0x8001994C f=0
[BLACKSCREEN][INTERP-RA] pre-restore pc=0x8001995C sp=0x801FFFD0 ra=0x8001994C slot_now=0x80010EA4 f=0
[BLACKSCREEN][19844-TAIL] pc=0x80019960 instr=0x8FB60028 v0=0x00000001 a0=0x80039268 a1=0x80010664 ra=0x80010EA4 sp=0x801FFFD0 f=0
[BLACKSCREEN][19844-STATE] pc=0x80019960 v0=0x00000001 v1=0xFFFFFFFF a0=0x80039268 a1=0x80010664 a0m0=0x00000000 a0m1=0x00000000 a1m0=0x6B736944 a1m1=0x6F727245 s0=0x00000003 s1=0x8001072C ra=0x80010EA4 c2a8=0x1F801814 c2ac=0x1F801110 t0=0x1C080000 t1=0x000003CC f=0
[BLACKSCREEN][19844-TAIL] pc=0x80019964 instr=0x8FB50024 v0=0x00000001 a0=0x80039268 a1=0x80010664 ra=0x80010EA4 sp=0x801FFFD0 f=0
[BLACKSCREEN][19844-TAIL] pc=0x80019968 instr=0x8FB40020 v0=0x00000001 a0=0x80039268 a1=0x80010664 ra=0x80010EA4 sp=0x801FFFD0 f=0
[BLACKSCREEN][19844-TAIL] pc=0x8001996C instr=0x8FB3001C v0=0x00000001 a0=0x80039268 a1=0x80010664 ra=0x80010EA4 sp=0x801FFFD0 f=0
[BLACKSCREEN][19844-TAIL] pc=0x80019970 instr=0x8FB20018 v0=0x00000001 a0=0x80039268 a1=0x80010664 ra=0x80010EA4 sp=0x801FFFD0 f=0
[BLACKSCREEN][19844-TAIL] pc=0x80019974 instr=0x8FB10014 v0=0x00000001 a0=0x80039268 a1=0x80010664 ra=0x80010EA4 sp=0x801FFFD0 f=0
[BLACKSCREEN][19844-TAIL] pc=0x80019978 instr=0x8FB00010 v0=0x00000001 a0=0x80039268 a1=0x80010664 ra=0x80010EA4 sp=0x801FFFD0 f=0
[BLACKSCREEN][19844-TAIL] pc=0x8001997C instr=0x27BD0030 v0=0x00000001 a0=0x80039268 a1=0x80010664 ra=0x80010EA4 sp=0x801FFFD0 f=0
[BLACKSCREEN][19844-TAIL] pc=0x80019980 instr=0x03E00008 v0=0x00000001 a0=0x80039268 a1=0x80010664 ra=0x80010EA4 sp=0x80200000 f=0
[BLACKSCREEN][19844-STATE] pc=0x80019980 v0=0x00000001 v1=0xFFFFFFFF a0=0x80039268 a1=0x80010664 a0m0=0x00000000 a0m1=0x00000000 a1m0=0x6B736944 a1m1=0x6F727245 s0=0x00000000 s1=0x00000000 ra=0x80010EA4 c2a8=0x1F801814 c2ac=0x1F801110 t0=0x1C080000 t1=0x000003CD f=0
[BLACKSCREEN][INTERP] start=0x80019844 end=0x80019980 steps=49 reason=jr_ra target=0x80010EA4 ra=0x80010EA4 sp=0x80200000 f=0
[BLACKSCREEN][NO-GPU-EVENT] #1 tag=main_present f=1 ra=0x80010EA4 sp=0x80200000
[BLACKSCREEN][NO-GPU-EVENT] chain 0x80015650 0x80015650 0x80015308 0x80015308 0x80015308 0x80015308 0x8001A110 0x8001A110 0x8001A65C 0x8001A65C 0x80019844 0x8001AB2C
[BLACKSCREEN][RendererPresent] present=1 f=1 disp=(0,0 320x240) vis=320x240 uv=(0.000,0.000)-(1.000,1.000)
[frame 1]
[BLACKSCREEN][DISCOVER] callee=0x80019844 ra=0x80010EA4 f=1
[BLACKSCREEN][INTERP] enter start=0x80019844 instr0=0x27BDFFD0 a0=0x80039268 ra=0x80010EA4 sp=0x80200000 f=1
[BLACKSCREEN][INTERP-RA] pre-save pc=0x80019890 sp=0x801FFFD0 ra=0x80010EA4 slot_before=0x80010EA4 f=1
[BLACKSCREEN][A65C-CALLER] unique=1 ra=0x8001991C f=1
[BLACKSCREEN][DISCOVER] callee=0x8001A65C ra=0x8001991C f=1
[BLACKSCREEN][DISP-CALL] start=0x80019844 pc=0x80019914 target=0x8001A65C v0=0x00000000 v1=0x80032A24 a0=0x00000068 a1=0x80010664 a2=0x00000002 a3=0x00000000 sp=0x801FFFD0 ra=0x8001991C f=1
[BLACKSCREEN][CALL] route=compiled_early #3 addr=0x8001A65C ra=0x8001991C f=1
[BLACKSCREEN][DISP-RET] start=0x80019844 call_pc=0x80019914 target=0x8001A65C v0_before=0x00000000 v1_before=0x80032A24 v0_after=0x00000000 v1_after=0x80032A24 sp_before=0x801FFFD0 sp_after=0x801FFFD0 ra=0x8001991C f=1
[BLACKSCREEN][19844-TAIL] pc=0x80019944 instr=0x0C006844 v0=0x00000000 a0=0x00000000 a1=0x80010664 ra=0x8001991C sp=0x801FFFD0 f=1
[BLACKSCREEN][19844-STATE] pc=0x80019944 v0=0x00000000 v1=0x80032A24 a0=0x00000000 a1=0x80010664 a0m0=0x00000000 a0m1=0x00000000 a1m0=0x6B736944 a1m1=0x6F727245 s0=0x00000003 s1=0x80010664 ra=0x8001991C c2a8=0x1F801814 c2ac=0x1F801110 t0=0x1C080000 t1=0x000003CE f=1
[BLACKSCREEN][DISCOVER] callee=0x8001A110 ra=0x8001994C f=1
[BLACKSCREEN][DISP-CALL] start=0x80019844 pc=0x80019944 target=0x8001A110 v0=0x00000000 v1=0x80032A24 a0=0x00000000 a1=0x00000002 a2=0x00000002 a3=0x00000000 sp=0x801FFFD0 ra=0x8001994C f=1
[BLACKSCREEN][INTERP] enter start=0x8001A110 instr0=0x27BDFFC8 a0=0x00000000 ra=0x8001994C sp=0x801FFFD0 f=1
[BLACKSCREEN][15308-CALLER] unique=1 ra=0x8001A144 f=1
[BLACKSCREEN][DISCOVER] callee=0x80015308 ra=0x8001A144 f=1
[BLACKSCREEN][15308-CALLER] unique=2 ra=0x8001A184 f=1
[BLACKSCREEN][DISCOVER] callee=0x80015650 ra=0x8001A24C f=1
[BLACKSCREEN][INTERP] start=0x8001A110 end=0x8001A388 steps=108 reason=jr_ra target=0x8001994C ra=0x8001994C sp=0x801FFFD0 f=1
[BLACKSCREEN][DISP-RET] start=0x80019844 call_pc=0x80019944 target=0x8001A110 v0_before=0x00000000 v1_before=0x80032A24 v0_after=0x00000002 v1_after=0xFFFFFFFF sp_before=0x801FFFD0 sp_after=0x801FFFD0 ra=0x8001994C f=1
[BLACKSCREEN][19844-TAIL] pc=0x8001994C instr=0x38420002 v0=0x00000002 a0=0x80039268 a1=0x0000000A ra=0x8001994C sp=0x801FFFD0 f=1
[BLACKSCREEN][19844-STATE] pc=0x8001994C v0=0x00000002 v1=0xFFFFFFFF a0=0x80039268 a1=0x0000000A a0m0=0x00000000 a0m1=0x00000000 a1m0=0x00000000 a1m1=0x00000000 s0=0x00000003 s1=0x80010664 ra=0x8001994C c2a8=0x1F801814 c2ac=0x1F801110 t0=0x1C080000 t1=0x000003D1 f=1
[BLACKSCREEN][19844-TAIL] pc=0x80019950 instr=0x08006657 v0=0x00000000 a0=0x80039268 a1=0x0000000A ra=0x8001994C sp=0x801FFFD0 f=1
[BLACKSCREEN][19844-STATE] pc=0x80019950 v0=0x00000000 v1=0xFFFFFFFF a0=0x80039268 a1=0x0000000A a0m0=0x00000000 a0m1=0x00000000 a1m0=0x00000000 a1m1=0x00000000 s0=0x00000003 s1=0x80010664 ra=0x8001994C c2a8=0x1F801814 c2ac=0x1F801110 t0=0x1C080000 t1=0x000003D2 f=1
[BLACKSCREEN][INTERP-LOCALJ] start=0x80019844 pc=0x80019950 target=0x8001995C sp=0x801FFFD0 ra=0x8001994C f=1
[BLACKSCREEN][INTERP-RA] pre-restore pc=0x8001995C sp=0x801FFFD0 ra=0x8001994C slot_now=0x80010EA4 f=1
[BLACKSCREEN][19844-TAIL] pc=0x80019960 instr=0x8FB60028 v0=0x00000001 a0=0x80039268 a1=0x0000000A ra=0x80010EA4 sp=0x801FFFD0 f=1
[BLACKSCREEN][19844-STATE] pc=0x80019960 v0=0x00000001 v1=0xFFFFFFFF a0=0x80039268 a1=0x0000000A a0m0=0x00000000 a0m1=0x00000000 a1m0=0x00000000 a1m1=0x00000000 s0=0x00000003 s1=0x80010664 ra=0x80010EA4 c2a8=0x1F801814 c2ac=0x1F801110 t0=0x1C080000 t1=0x000003D3 f=1
[BLACKSCREEN][19844-TAIL] pc=0x80019964 instr=0x8FB50024 v0=0x00000001 a0=0x80039268 a1=0x0000000A ra=0x80010EA4 sp=0x801FFFD0 f=1
[BLACKSCREEN][19844-TAIL] pc=0x80019968 instr=0x8FB40020 v0=0x00000001 a0=0x80039268 a1=0x0000000A ra=0x80010EA4 sp=0x801FFFD0 f=1
[BLACKSCREEN][19844-TAIL] pc=0x8001996C instr=0x8FB3001C v0=0x00000001 a0=0x80039268 a1=0x0000000A ra=0x80010EA4 sp=0x801FFFD0 f=1
[BLACKSCREEN][19844-TAIL] pc=0x80019970 instr=0x8FB20018 v0=0x00000001 a0=0x80039268 a1=0x0000000A ra=0x80010EA4 sp=0x801FFFD0 f=1
[BLACKSCREEN][19844-TAIL] pc=0x80019974 instr=0x8FB10014 v0=0x00000001 a0=0x80039268 a1=0x0000000A ra=0x80010EA4 sp=0x801FFFD0 f=1
[BLACKSCREEN][19844-TAIL] pc=0x80019978 instr=0x8FB00010 v0=0x00000001 a0=0x80039268 a1=0x0000000A ra=0x80010EA4 sp=0x801FFFD0 f=1
[BLACKSCREEN][19844-TAIL] pc=0x8001997C instr=0x27BD0030 v0=0x00000001 a0=0x80039268 a1=0x0000000A ra=0x80010EA4 sp=0x801FFFD0 f=1
[BLACKSCREEN][19844-TAIL] pc=0x80019980 instr=0x03E00008 v0=0x00000001 a0=0x80039268 a1=0x0000000A ra=0x80010EA4 sp=0x80200000 f=1
[BLACKSCREEN][19844-STATE] pc=0x80019980 v0=0x00000001 v1=0xFFFFFFFF a0=0x80039268 a1=0x0000000A a0m0=0x00000000 a0m1=0x00000000 a1m0=0x00000000 a1m1=0x00000000 s0=0x00000000 s1=0x00000000 ra=0x80010EA4 c2a8=0x1F801814 c2ac=0x1F801110 t0=0x1C080000 t1=0x000003D4 f=1
[BLACKSCREEN][INTERP] start=0x80019844 end=0x80019980 steps=54 reason=jr_ra target=0x80010EA4 ra=0x80010EA4 sp=0x80200000 f=1
[BLACKSCREEN][NO-GPU-EVENT] #2 tag=main_present f=2 ra=0x80010EA4 sp=0x80200000
[BLACKSCREEN][NO-GPU-EVENT] chain 0x80015650 0x80015650 0x80015308 0x80015308 0x80015308 0x80015308 0x8001A110 0x8001A110 0x8001A65C 0x8001A65C 0x80019844 0x80015650
[BLACKSCREEN][RendererPresent] present=2 f=2 disp=(0,0 320x240) vis=320x240 uv=(0.000,0.000)-(1.000,1.000)
[frame 2]
[BLACKSCREEN][INTERP] enter start=0x80019844 instr0=0x27BDFFD0 a0=0x80039268 ra=0x80010EA4 sp=0x80200000 f=2
[BLACKSCREEN][INTERP-RA] pre-save pc=0x80019890 sp=0x801FFFD0 ra=0x80010EA4 slot_before=0x80010EA4 f=2
[BLACKSCREEN][DISP-CALL] start=0x80019844 pc=0x80019914 target=0x8001A65C v0=0x00000000 v1=0x80032A24 a0=0x00000068 a1=0x0000000A a2=0x00000002 a3=0x00000000 sp=0x801FFFD0 ra=0x8001991C f=2
[BLACKSCREEN][CALL] route=compiled_early #4 addr=0x8001A65C ra=0x8001991C f=2
[BLACKSCREEN][DISP-RET] start=0x80019844 call_pc=0x80019914 target=0x8001A65C v0_before=0x00000000 v1_before=0x80032A24 v0_after=0x00000000 v1_after=0x80032A24 sp_before=0x801FFFD0 sp_after=0x801FFFD0 ra=0x8001991C f=2
[BLACKSCREEN][19844-TAIL] pc=0x80019944 instr=0x0C006844 v0=0x00000000 a0=0x00000000 a1=0x0000000A ra=0x8001991C sp=0x801FFFD0 f=2
[BLACKSCREEN][19844-STATE] pc=0x80019944 v0=0x00000000 v1=0x80032A24 a0=0x00000000 a1=0x0000000A a0m0=0x00000000 a0m1=0x00000000 a1m0=0x00000000 a1m1=0x00000000 s0=0x00000003 s1=0x0000000A ra=0x8001991C c2a8=0x1F801814 c2ac=0x1F801110 t0=0x1C080000 t1=0x000003D5 f=2
[BLACKSCREEN][DISP-CALL] start=0x80019844 pc=0x80019944 target=0x8001A110 v0=0x00000000 v1=0x80032A24 a0=0x00000000 a1=0x00000002 a2=0x00000002 a3=0x00000000 sp=0x801FFFD0 ra=0x8001994C f=2
[BLACKSCREEN][INTERP] enter start=0x8001A110 instr0=0x27BDFFC8 a0=0x00000000 ra=0x8001994C sp=0x801FFFD0 f=2
[BLACKSCREEN][INTERP] start=0x8001A110 end=0x8001A388 steps=108 reason=jr_ra target=0x8001994C ra=0x8001994C sp=0x801FFFD0 f=2
[BLACKSCREEN][DISP-RET] start=0x80019844 call_pc=0x80019944 target=0x8001A110 v0_before=0x00000000 v1_before=0x80032A24 v0_after=0x00000002 v1_after=0xFFFFFFFF sp_before=0x801FFFD0 sp_after=0x801FFFD0 ra=0x8001994C f=2
[BLACKSCREEN][19844-TAIL] pc=0x8001994C instr=0x38420002 v0=0x00000002 a0=0x80039268 a1=0x0000000A ra=0x8001994C sp=0x801FFFD0 f=2
[BLACKSCREEN][19844-STATE] pc=0x8001994C v0=0x00000002 v1=0xFFFFFFFF a0=0x80039268 a1=0x0000000A a0m0=0x00000000 a0m1=0x00000000 a1m0=0x00000000 a1m1=0x00000000 s0=0x00000003 s1=0x0000000A ra=0x8001994C c2a8=0x1F801814 c2ac=0x1F801110 t0=0x1C080000 t1=0x000003D8 f=2
[BLACKSCREEN][19844-TAIL] pc=0x80019950 instr=0x08006657 v0=0x00000000 a0=0x80039268 a1=0x0000000A ra=0x8001994C sp=0x801FFFD0 f=2
[BLACKSCREEN][19844-STATE] pc=0x80019950 v0=0x00000000 v1=0xFFFFFFFF a0=0x80039268 a1=0x0000000A a0m0=0x00000000 a0m1=0x00000000 a1m0=0x00000000 a1m1=0x00000000 s0=0x00000003 s1=0x0000000A ra=0x8001994C c2a8=0x1F801814 c2ac=0x1F801110 t0=0x1C080000 t1=0x000003D9 f=2
[BLACKSCREEN][INTERP-LOCALJ] start=0x80019844 pc=0x80019950 target=0x8001995C sp=0x801FFFD0 ra=0x8001994C f=2
[BLACKSCREEN][INTERP-RA] pre-restore pc=0x8001995C sp=0x801FFFD0 ra=0x8001994C slot_now=0x80010EA4 f=2
[BLACKSCREEN][19844-TAIL] pc=0x80019960 instr=0x8FB60028 v0=0x00000001 a0=0x80039268 a1=0x0000000A ra=0x80010EA4 sp=0x801FFFD0 f=2
[BLACKSCREEN][19844-STATE] pc=0x80019960 v0=0x00000001 v1=0xFFFFFFFF a0=0x80039268 a1=0x0000000A a0m0=0x00000000 a0m1=0x00000000 a1m0=0x00000000 a1m1=0x00000000 s0=0x00000003 s1=0x0000000A ra=0x80010EA4 c2a8=0x1F801814 c2ac=0x1F801110 t0=0x1C080000 t1=0x000003DA f=2
[BLACKSCREEN][19844-TAIL] pc=0x80019964 instr=0x8FB50024 v0=0x00000001 a0=0x80039268 a1=0x0000000A ra=0x80010EA4 sp=0x801FFFD0 f=2
[BLACKSCREEN][19844-TAIL] pc=0x80019968 instr=0x8FB40020 v0=0x00000001 a0=0x80039268 a1=0x0000000A ra=0x80010EA4 sp=0x801FFFD0 f=2
[BLACKSCREEN][19844-TAIL] pc=0x8001996C instr=0x8FB3001C v0=0x00000001 a0=0x80039268 a1=0x0000000A ra=0x80010EA4 sp=0x801FFFD0 f=2
[BLACKSCREEN][19844-TAIL] pc=0x80019970 instr=0x8FB20018 v0=0x00000001 a0=0x80039268 a1=0x0000000A ra=0x80010EA4 sp=0x801FFFD0 f=2
[BLACKSCREEN][19844-TAIL] pc=0x80019974 instr=0x8FB10014 v0=0x00000001 a0=0x80039268 a1=0x0000000A ra=0x80010EA4 sp=0x801FFFD0 f=2
[BLACKSCREEN][19844-TAIL] pc=0x80019978 instr=0x8FB00010 v0=0x00000001 a0=0x80039268 a1=0x0000000A ra=0x80010EA4 sp=0x801FFFD0 f=2
[BLACKSCREEN][19844-TAIL] pc=0x8001997C instr=0x27BD0030 v0=0x00000001 a0=0x80039268 a1=0x0000000A ra=0x80010EA4 sp=0x801FFFD0 f=2
[BLACKSCREEN][19844-TAIL] pc=0x80019980 instr=0x03E00008 v0=0x00000001 a0=0x80039268 a1=0x0000000A ra=0x80010EA4 sp=0x80200000 f=2
[BLACKSCREEN][19844-STATE] pc=0x80019980 v0=0x00000001 v1=0xFFFFFFFF a0=0x80039268 a1=0x0000000A a0m0=0x00000000 a0m1=0x00000000 a1m0=0x00000000 a1m1=0x00000000 s0=0x00000000 s1=0x00000000 ra=0x80010EA4 c2a8=0x1F801814 c2ac=0x1F801110 t0=0x1C080000 t1=0x000003DB f=2
[BLACKSCREEN][INTERP] start=0x80019844 end=0x80019980 steps=54 reason=jr_ra target=0x80010EA4 ra=0x80010EA4 sp=0x80200000 f=2
[BLACKSCREEN][NO-GPU-EVENT] #3 tag=main_present f=3 ra=0x80010EA4 sp=0x80200000
[BLACKSCREEN][NO-GPU-EVENT] chain 0x80015650 0x80015650 0x80015308 0x80015308 0x80015308 0x80015308 0x8001A110 0x8001A110 0x8001A65C 0x8001A65C 0x80019844 0x80015650
[BLACKSCREEN][RendererPresent] present=3 f=3 disp=(0,0 320x240) vis=320x240 uv=(0.000,0.000)-(1.000,1.000)
[frame 3]
[BLACKSCREEN][INTERP] enter start=0x80019844 instr0=0x27BDFFD0 a0=0x80039268 ra=0x80010EA4 sp=0x80200000 f=3
[BLACKSCREEN][INTERP-RA] pre-save pc=0x80019890 sp=0x801FFFD0 ra=0x80010EA4 slot_before=0x80010EA4 f=3
[BLACKSCREEN][DISP-CALL] start=0x80019844 pc=0x80019914 target=0x8001A65C v0=0x00000000 v1=0x80032A24 a0=0x00000068 a1=0x0000000A a2=0x00000002 a3=0x00000000 sp=0x801FFFD0 ra=0x8001991C f=3
[BLACKSCREEN][CALL] route=compiled_early #5 addr=0x8001A65C ra=0x8001991C f=3
[BLACKSCREEN][DISP-RET] start=0x80019844 call_pc=0x80019914 target=0x8001A65C v0_before=0x00000000 v1_before=0x80032A24 v0_after=0x00000000 v1_after=0x80032A24 sp_before=0x801FFFD0 sp_after=0x801FFFD0 ra=0x8001991C f=3
[BLACKSCREEN][19844-TAIL] pc=0x80019944 instr=0x0C006844 v0=0x00000000 a0=0x00000000 a1=0x0000000A ra=0x8001991C sp=0x801FFFD0 f=3
[BLACKSCREEN][19844-STATE] pc=0x80019944 v0=0x00000000 v1=0x80032A24 a0=0x00000000 a1=0x0000000A a0m0=0x00000000 a0m1=0x00000000 a1m0=0x00000000 a1m1=0x00000000 s0=0x00000003 s1=0x0000000A ra=0x8001991C c2a8=0x1F801814 c2ac=0x1F801110 t0=0x1C080000 t1=0x000003DC f=3
[BLACKSCREEN][DISP-CALL] start=0x80019844 pc=0x80019944 target=0x8001A110 v0=0x00000000 v1=0x80032A24 a0=0x00000000 a1=0x00000002 a2=0x00000002 a3=0x00000000 sp=0x801FFFD0 ra=0x8001994C f=3
[BLACKSCREEN][INTERP] enter start=0x8001A110 instr0=0x27BDFFC8 a0=0x00000000 ra=0x8001994C sp=0x801FFFD0 f=3
[BLACKSCREEN][INTERP] start=0x8001A110 end=0x8001A388 steps=108 reason=jr_ra target=0x8001994C ra=0x8001994C sp=0x801FFFD0 f=3
[BLACKSCREEN][DISP-RET] start=0x80019844 call_pc=0x80019944 target=0x8001A110 v0_before=0x00000000 v1_before=0x80032A24 v0_after=0x00000002 v1_after=0xFFFFFFFF sp_before=0x801FFFD0 sp_after=0x801FFFD0 ra=0x8001994C f=3
[BLACKSCREEN][19844-TAIL] pc=0x8001994C instr=0x38420002 v0=0x00000002 a0=0x80039268 a1=0x0000000A ra=0x8001994C sp=0x801FFFD0 f=3
[BLACKSCREEN][19844-STATE] pc=0x8001994C v0=0x00000002 v1=0xFFFFFFFF a0=0x80039268 a1=0x0000000A a0m0=0x00000000 a0m1=0x00000000 a1m0=0x00000000 a1m1=0x00000000 s0=0x00000003 s1=0x0000000A ra=0x8001994C c2a8=0x1F801814 c2ac=0x1F801110 t0=0x1C080000 t1=0x000003DF f=3
[BLACKSCREEN][19844-TAIL] pc=0x80019950 instr=0x08006657 v0=0x00000000 a0=0x80039268 a1=0x0000000A ra=0x8001994C sp=0x801FFFD0 f=3
[BLACKSCREEN][19844-STATE] pc=0x80019950 v0=0x00000000 v1=0xFFFFFFFF a0=0x80039268 a1=0x0000000A a0m0=0x00000000 a0m1=0x00000000 a1m0=0x00000000 a1m1=0x00000000 s0=0x00000003 s1=0x0000000A ra=0x8001994C c2a8=0x1F801814 c2ac=0x1F801110 t0=0x1C080000 t1=0x000003E0 f=3
[BLACKSCREEN][INTERP-LOCALJ] start=0x80019844 pc=0x80019950 target=0x8001995C sp=0x801FFFD0 ra=0x8001994C f=3
[BLACKSCREEN][INTERP-RA] pre-restore pc=0x8001995C sp=0x801FFFD0 ra=0x8001994C slot_now=0x80010EA4 f=3
[BLACKSCREEN][19844-TAIL] pc=0x80019960 instr=0x8FB60028 v0=0x00000001 a0=0x80039268 a1=0x0000000A ra=0x80010EA4 sp=0x801FFFD0 f=3
[BLACKSCREEN][19844-STATE] pc=0x80019960 v0=0x00000001 v1=0xFFFFFFFF a0=0x80039268 a1=0x0000000A a0m0=0x00000000 a0m1=0x00000000 a1m0=0x00000000 a1m1=0x00000000 s0=0x00000003 s1=0x0000000A ra=0x80010EA4 c2a8=0x1F801814 c2ac=0x1F801110 t0=0x1C080000 t1=0x000003E1 f=3
[BLACKSCREEN][19844-TAIL] pc=0x80019964 instr=0x8FB50024 v0=0x00000001 a0=0x80039268 a1=0x0000000A ra=0x80010EA4 sp=0x801FFFD0 f=3
[BLACKSCREEN][19844-TAIL] pc=0x80019968 instr=0x8FB40020 v0=0x00000001 a0=0x80039268 a1=0x0000000A ra=0x80010EA4 sp=0x801FFFD0 f=3
[BLACKSCREEN][19844-TAIL] pc=0x8001996C instr=0x8FB3001C v0=0x00000001 a0=0x80039268 a1=0x0000000A ra=0x80010EA4 sp=0x801FFFD0 f=3
[BLACKSCREEN][19844-TAIL] pc=0x80019970 instr=0x8FB20018 v0=0x00000001 a0=0x80039268 a1=0x0000000A ra=0x80010EA4 sp=0x801FFFD0 f=3
[BLACKSCREEN][19844-TAIL] pc=0x80019974 instr=0x8FB10014 v0=0x00000001 a0=0x80039268 a1=0x0000000A ra=0x80010EA4 sp=0x801FFFD0 f=3
[BLACKSCREEN][19844-TAIL] pc=0x80019978 instr=0x8FB00010 v0=0x00000001 a0=0x80039268 a1=0x0000000A ra=0x80010EA4 sp=0x801FFFD0 f=3
[BLACKSCREEN][19844-TAIL] pc=0x8001997C instr=0x27BD0030 v0=0x00000001 a0=0x80039268 a1=0x0000000A ra=0x80010EA4 sp=0x801FFFD0 f=3
[BLACKSCREEN][19844-TAIL] pc=0x80019980 instr=0x03E00008 v0=0x00000001 a0=0x80039268 a1=0x0000000A ra=0x80010EA4 sp=0x80200000 f=3
[BLACKSCREEN][19844-STATE] pc=0x80019980 v0=0x00000001 v1=0xFFFFFFFF a0=0x80039268 a1=0x0000000A a0m0=0x00000000 a0m1=0x00000000 a1m0=0x00000000 a1m1=0x00000000 s0=0x00000000 s1=0x00000000 ra=0x80010EA4 c2a8=0x1F801814 c2ac=0x1F801110 t0=0x1C080000 t1=0x000003E2 f=3
[BLACKSCREEN][INTERP] start=0x80019844 end=0x80019980 steps=54 reason=jr_ra target=0x80010EA4 ra=0x80010EA4 sp=0x80200000 f=3
[BLACKSCREEN][NO-GPU-EVENT] #4 tag=main_present f=4 ra=0x80010EA4 sp=0x80200000
[BLACKSCREEN][NO-GPU-EVENT] chain 0x80015650 0x80015650 0x80015308 0x80015308 0x80015308 0x80015308 0x8001A110 0x8001A110 0x8001A65C 0x8001A65C 0x80019844 0x80015650
[BLACKSCREEN][RendererPresent] present=4 f=4 disp=(0,0 320x240) vis=320x240 uv=(0.000,0.000)-(1.000,1.000)
[frame 4]
[BLACKSCREEN][INTERP] enter start=0x80019844 instr0=0x27BDFFD0 a0=0x80039268 ra=0x80010EA4 sp=0x80200000 f=4
[BLACKSCREEN][INTERP-RA] pre-save pc=0x80019890 sp=0x801FFFD0 ra=0x80010EA4 slot_before=0x80010EA4 f=4
[BLACKSCREEN][DISP-CALL] start=0x80019844 pc=0x80019914 target=0x8001A65C v0=0x00000000 v1=0x80032A24 a0=0x00000068 a1=0x0000000A a2=0x00000002 a3=0x00000000 sp=0x801FFFD0 ra=0x8001991C f=4
[BLACKSCREEN][CALL] route=compiled_early #6 addr=0x8001A65C ra=0x8001991C f=4
[BLACKSCREEN][DISP-RET] start=0x80019844 call_pc=0x80019914 target=0x8001A65C v0_before=0x00000000 v1_before=0x80032A24 v0_after=0x00000000 v1_after=0x80032A24 sp_before=0x801FFFD0 sp_after=0x801FFFD0 ra=0x8001991C f=4
[BLACKSCREEN][19844-TAIL] pc=0x80019944 instr=0x0C006844 v0=0x00000000 a0=0x00000000 a1=0x0000000A ra=0x8001991C sp=0x801FFFD0 f=4
[BLACKSCREEN][19844-STATE] pc=0x80019944 v0=0x00000000 v1=0x80032A24 a0=0x00000000 a1=0x0000000A a0m0=0x00000000 a0m1=0x00000000 a1m0=0x00000000 a1m1=0x00000000 s0=0x00000003 s1=0x0000000A ra=0x8001991C c2a8=0x1F801814 c2ac=0x1F801110 t0=0x1C080000 t1=0x000003E3 f=4
[BLACKSCREEN][DISP-CALL] start=0x80019844 pc=0x80019944 target=0x8001A110 v0=0x00000000 v1=0x80032A24 a0=0x00000000 a1=0x00000002 a2=0x00000002 a3=0x00000000 sp=0x801FFFD0 ra=0x8001994C f=4
[BLACKSCREEN][INTERP] enter start=0x8001A110 instr0=0x27BDFFC8 a0=0x00000000 ra=0x8001994C sp=0x801FFFD0 f=4
[BLACKSCREEN][INTERP] start=0x8001A110 end=0x8001A388 steps=108 reason=jr_ra target=0x8001994C ra=0x8001994C sp=0x801FFFD0 f=4
[BLACKSCREEN][DISP-RET] start=0x80019844 call_pc=0x80019944 target=0x8001A110 v0_before=0x00000000 v1_before=0x80032A24 v0_after=0x00000002 v1_after=0xFFFFFFFF sp_before=0x801FFFD0 sp_after=0x801FFFD0 ra=0x8001994C f=4
[BLACKSCREEN][19844-TAIL] pc=0x8001994C instr=0x38420002 v0=0x00000002 a0=0x80039268 a1=0x0000000A ra=0x8001994C sp=0x801FFFD0 f=4
[BLACKSCREEN][19844-STATE] pc=0x8001994C v0=0x00000002 v1=0xFFFFFFFF a0=0x80039268 a1=0x0000000A a0m0=0x00000000 a0m1=0x00000000 a1m0=0x00000000 a1m1=0x00000000 s0=0x00000003 s1=0x0000000A ra=0x8001994C c2a8=0x1F801814 c2ac=0x1F801110 t0=0x1C080000 t1=0x000003E6 f=4
[BLACKSCREEN][19844-TAIL] pc=0x80019950 instr=0x08006657 v0=0x00000000 a0=0x80039268 a1=0x0000000A ra=0x8001994C sp=0x801FFFD0 f=4
[BLACKSCREEN][19844-STATE] pc=0x80019950 v0=0x00000000 v1=0xFFFFFFFF a0=0x80039268 a1=0x0000000A a0m0=0x00000000 a0m1=0x00000000 a1m0=0x00000000 a1m1=0x00000000 s0=0x00000003 s1=0x0000000A ra=0x8001994C c2a8=0x1F801814 c2ac=0x1F801110 t0=0x1C080000 t1=0x000003E7 f=4
[BLACKSCREEN][INTERP-LOCALJ] start=0x80019844 pc=0x80019950 target=0x8001995C sp=0x801FFFD0 ra=0x8001994C f=4
[BLACKSCREEN][INTERP-RA] pre-restore pc=0x8001995C sp=0x801FFFD0 ra=0x8001994C slot_now=0x80010EA4 f=4
[BLACKSCREEN][19844-TAIL] pc=0x80019960 instr=0x8FB60028 v0=0x00000001 a0=0x80039268 a1=0x0000000A ra=0x80010EA4 sp=0x801FFFD0 f=4
[BLACKSCREEN][19844-STATE] pc=0x80019960 v0=0x00000001 v1=0xFFFFFFFF a0=0x80039268 a1=0x0000000A a0m0=0x00000000 a0m1=0x00000000 a1m0=0x00000000 a1m1=0x00000000 s0=0x00000003 s1=0x0000000A ra=0x80010EA4 c2a8=0x1F801814 c2ac=0x1F801110 t0=0x1C080000 t1=0x000003E8 f=4
[BLACKSCREEN][19844-STATE] pc=0x80019980 v0=0x00000001 v1=0xFFFFFFFF a0=0x80039268 a1=0x0000000A a0m0=0x00000000 a0m1=0x00000000 a1m0=0x00000000 a1m1=0x00000000 s0=0x00000000 s1=0x00000000 ra=0x80010EA4 c2a8=0x1F801814 c2ac=0x1F801110 t0=0x1C080000 t1=0x000003E9 f=4
[BLACKSCREEN][INTERP] start=0x80019844 end=0x80019980 steps=54 reason=jr_ra target=0x80010EA4 ra=0x80010EA4 sp=0x80200000 f=4
[BLACKSCREEN][NO-GPU-EVENT] #5 tag=main_present f=5 ra=0x80010EA4 sp=0x80200000
[BLACKSCREEN][NO-GPU-EVENT] chain 0x80015650 0x80015650 0x80015308 0x80015308 0x80015308 0x80015308 0x8001A110 0x8001A110 0x8001A65C 0x8001A65C 0x80019844 0x80015650
[BLACKSCREEN][RendererPresent] present=5 f=5 disp=(0,0 320x240) vis=320x240 uv=(0.000,0.000)-(1.000,1.000)
[frame 5]
[BLACKSCREEN][INTERP] enter start=0x80019844 instr0=0x27BDFFD0 a0=0x80039268 ra=0x80010EA4 sp=0x80200000 f=5
[BLACKSCREEN][INTERP-RA] pre-save pc=0x80019890 sp=0x801FFFD0 ra=0x80010EA4 slot_before=0x80010EA4 f=5
[BLACKSCREEN][DISP-CALL] start=0x80019844 pc=0x80019914 target=0x8001A65C v0=0x00000000 v1=0x80032A24 a0=0x00000068 a1=0x0000000A a2=0x00000002 a3=0x00000000 sp=0x801FFFD0 ra=0x8001991C f=5
[BLACKSCREEN][CALL] route=compiled_early #7 addr=0x8001A65C ra=0x8001991C f=5
[BLACKSCREEN][DISP-RET] start=0x80019844 call_pc=0x80019914 target=0x8001A65C v0_before=0x00000000 v1_before=0x80032A24 v0_after=0x00000000 v1_after=0x80032A24 sp_before=0x801FFFD0 sp_after=0x801FFFD0 ra=0x8001991C f=5
[BLACKSCREEN][19844-STATE] pc=0x80019944 v0=0x00000000 v1=0x80032A24 a0=0x00000000 a1=0x0000000A a0m0=0x00000000 a0m1=0x00000000 a1m0=0x00000000 a1m1=0x00000000 s0=0x00000003 s1=0x0000000A ra=0x8001991C c2a8=0x1F801814 c2ac=0x1F801110 t0=0x1C080000 t1=0x000003EA f=5
[BLACKSCREEN][DISP-CALL] start=0x80019844 pc=0x80019944 target=0x8001A110 v0=0x00000000 v1=0x80032A24 a0=0x00000000 a1=0x00000002 a2=0x00000002 a3=0x00000000 sp=0x801FFFD0 ra=0x8001994C f=5
[BLACKSCREEN][INTERP] enter start=0x8001A110 instr0=0x27BDFFC8 a0=0x00000000 ra=0x8001994C sp=0x801FFFD0 f=5
[BLACKSCREEN][INTERP] start=0x8001A110 end=0x8001A388 steps=108 reason=jr_ra target=0x8001994C ra=0x8001994C sp=0x801FFFD0 f=5
[BLACKSCREEN][DISP-RET] start=0x80019844 call_pc=0x80019944 target=0x8001A110 v0_before=0x00000000 v1_before=0x80032A24 v0_after=0x00000002 v1_after=0xFFFFFFFF sp_before=0x801FFFD0 sp_after=0x801FFFD0 ra=0x8001994C f=5
[BLACKSCREEN][19844-STATE] pc=0x8001994C v0=0x00000002 v1=0xFFFFFFFF a0=0x80039268 a1=0x0000000A a0m0=0x00000000 a0m1=0x00000000 a1m0=0x00000000 a1m1=0x00000000 s0=0x00000003 s1=0x0000000A ra=0x8001994C c2a8=0x1F801814 c2ac=0x1F801110 t0=0x1C080000 t1=0x000003ED f=5
[BLACKSCREEN][19844-STATE] pc=0x80019950 v0=0x00000000 v1=0xFFFFFFFF a0=0x80039268 a1=0x0000000A a0m0=0x00000000 a0m1=0x00000000 a1m0=0x00000000 a1m1=0x00000000 s0=0x00000003 s1=0x0000000A ra=0x8001994C c2a8=0x1F801814 c2ac=0x1F801110 t0=0x1C080000 t1=0x000003EE f=5
[BLACKSCREEN][INTERP-LOCALJ] start=0x80019844 pc=0x80019950 target=0x8001995C sp=0x801FFFD0 ra=0x8001994C f=5
[BLACKSCREEN][INTERP-RA] pre-restore pc=0x8001995C sp=0x801FFFD0 ra=0x8001994C slot_now=0x80010EA4 f=5
[BLACKSCREEN][19844-STATE] pc=0x80019960 v0=0x00000001 v1=0xFFFFFFFF a0=0x80039268 a1=0x0000000A a0m0=0x00000000 a0m1=0x00000000 a1m0=0x00000000 a1m1=0x00000000 s0=0x00000003 s1=0x0000000A ra=0x80010EA4 c2a8=0x1F801814 c2ac=0x1F801110 t0=0x1C080000 t1=0x000003EF f=5
[BLACKSCREEN][19844-STATE] pc=0x80019980 v0=0x00000001 v1=0xFFFFFFFF a0=0x80039268 a1=0x0000000A a0m0=0x00000000 a0m1=0x00000000 a1m0=0x00000000 a1m1=0x00000000 s0=0x00000000 s1=0x00000000 ra=0x80010EA4 c2a8=0x1F801814 c2ac=0x1F801110 t0=0x1C080000 t1=0x000003F0 f=5
[BLACKSCREEN][INTERP] start=0x80019844 end=0x80019980 steps=54 reason=jr_ra target=0x80010EA4 ra=0x80010EA4 sp=0x80200000 f=5
[BLACKSCREEN][NO-GPU-EVENT] #6 tag=main_present f=6 ra=0x80010EA4 sp=0x80200000
[BLACKSCREEN][NO-GPU-EVENT] chain 0x80015650 0x80015650 0x80015308 0x80015308 0x80015308 0x80015308 0x8001A110 0x8001A110 0x8001A65C 0x8001A65C 0x80019844 0x80015650
[BLACKSCREEN][RendererPresent] present=6 f=6 disp=(0,0 320x240) vis=320x240 uv=(0.000,0.000)-(1.000,1.000)
[BLACKSCREEN][INTERP] enter start=0x80019844 instr0=0x27BDFFD0 a0=0x80039268 ra=0x80010EA4 sp=0x80200000 f=6
[BLACKSCREEN][INTERP-RA] pre-save pc=0x80019890 sp=0x801FFFD0 ra=0x80010EA4 slot_before=0x80010EA4 f=6
[BLACKSCREEN][DISP-CALL] start=0x80019844 pc=0x80019914 target=0x8001A65C v0=0x00000000 v1=0x80032A24 a0=0x00000068 a1=0x0000000A a2=0x00000002 a3=0x00000000 sp=0x801FFFD0 ra=0x8001991C f=6
[BLACKSCREEN][CALL] route=compiled_early #8 addr=0x8001A65C ra=0x8001991C f=6
[BLACKSCREEN][DISP-RET] start=0x80019844 call_pc=0x80019914 target=0x8001A65C v0_before=0x00000000 v1_before=0x80032A24 v0_after=0x00000000 v1_after=0x80032A24 sp_before=0x801FFFD0 sp_after=0x801FFFD0 ra=0x8001991C f=6
[BLACKSCREEN][19844-STATE] pc=0x80019944 v0=0x00000000 v1=0x80032A24 a0=0x00000000 a1=0x0000000A a0m0=0x00000000 a0m1=0x00000000 a1m0=0x00000000 a1m1=0x00000000 s0=0x00000003 s1=0x0000000A ra=0x8001991C c2a8=0x1F801814 c2ac=0x1F801110 t0=0x1C080000 t1=0x000003F1 f=6
[BLACKSCREEN][DISP-CALL] start=0x80019844 pc=0x80019944 target=0x8001A110 v0=0x00000000 v1=0x80032A24 a0=0x00000000 a1=0x00000002 a2=0x00000002 a3=0x00000000 sp=0x801FFFD0 ra=0x8001994C f=6
[BLACKSCREEN][INTERP] enter start=0x8001A110 instr0=0x27BDFFC8 a0=0x00000000 ra=0x8001994C sp=0x801FFFD0 f=6
[BLACKSCREEN][INTERP] start=0x8001A110 end=0x8001A388 steps=108 reason=jr_ra target=0x8001994C ra=0x8001994C sp=0x801FFFD0 f=6
[BLACKSCREEN][DISP-RET] start=0x80019844 call_pc=0x80019944 target=0x8001A110 v0_before=0x00000000 v1_before=0x80032A24 v0_after=0x00000002 v1_after=0xFFFFFFFF sp_before=0x801FFFD0 sp_after=0x801FFFD0 ra=0x8001994C f=6
[BLACKSCREEN][19844-STATE] pc=0x8001994C v0=0x00000002 v1=0xFFFFFFFF a0=0x80039268 a1=0x0000000A a0m0=0x00000000 a0m1=0x00000000 a1m0=0x00000000 a1m1=0x00000000 s0=0x00000003 s1=0x0000000A ra=0x8001994C c2a8=0x1F801814 c2ac=0x1F801110 t0=0x1C080000 t1=0x000003F4 f=6
[BLACKSCREEN][19844-STATE] pc=0x80019950 v0=0x00000000 v1=0xFFFFFFFF a0=0x80039268 a1=0x0000000A a0m0=0x00000000 a0m1=0x00000000 a1m0=0x00000000 a1m1=0x00000000 s0=0x00000003 s1=0x0000000A ra=0x8001994C c2a8=0x1F801814 c2ac=0x1F801110 t0=0x1C080000 t1=0x000003F5 f=6
[BLACKSCREEN][INTERP-LOCALJ] start=0x80019844 pc=0x80019950 target=0x8001995C sp=0x801FFFD0 ra=0x8001994C f=6
[BLACKSCREEN][INTERP-RA] pre-restore pc=0x8001995C sp=0x801FFFD0 ra=0x8001994C slot_now=0x80010EA4 f=6
[BLACKSCREEN][19844-STATE] pc=0x80019960 v0=0x00000001 v1=0xFFFFFFFF a0=0x80039268 a1=0x0000000A a0m0=0x00000000 a0m1=0x00000000 a1m0=0x00000000 a1m1=0x00000000 s0=0x00000003 s1=0x0000000A ra=0x80010EA4 c2a8=0x1F801814 c2ac=0x1F801110 t0=0x1C080000 t1=0x000003F6 f=6
[BLACKSCREEN][19844-STATE] pc=0x80019980 v0=0x00000001 v1=0xFFFFFFFF a0=0x80039268 a1=0x0000000A a0m0=0x00000000 a0m1=0x00000000 a1m0=0x00000000 a1m1=0x00000000 s0=0x00000000 s1=0x00000000 ra=0x80010EA4 c2a8=0x1F801814 c2ac=0x1F801110 t0=0x1C080000 t1=0x000003F7 f=6
[BLACKSCREEN][INTERP] start=0x80019844 end=0x80019980 steps=54 reason=jr_ra target=0x80010EA4 ra=0x80010EA4 sp=0x80200000 f=6
[BLACKSCREEN][NO-GPU-EVENT] #7 tag=main_present f=7 ra=0x80010EA4 sp=0x80200000
[BLACKSCREEN][NO-GPU-EVENT] chain 0x80015650 0x80015650 0x80015308 0x80015308 0x80015308 0x80015308 0x8001A110 0x8001A110 0x8001A65C 0x8001A65C 0x80019844 0x80015650
[BLACKSCREEN][RendererPresent] present=7 f=7 disp=(0,0 320x240) vis=320x240 uv=(0.000,0.000)-(1.000,1.000)
[BLACKSCREEN][INTERP] enter start=0x80019844 instr0=0x27BDFFD0 a0=0x80039268 ra=0x80010EA4 sp=0x80200000 f=7
[BLACKSCREEN][INTERP-RA] pre-save pc=0x80019890 sp=0x801FFFD0 ra=0x80010EA4 slot_before=0x80010EA4 f=7
[BLACKSCREEN][DISP-CALL] start=0x80019844 pc=0x80019914 target=0x8001A65C v0=0x00000000 v1=0x80032A24 a0=0x00000068 a1=0x0000000A a2=0x00000002 a3=0x00000000 sp=0x801FFFD0 ra=0x8001991C f=7
[BLACKSCREEN][CALL] route=compiled_early #9 addr=0x8001A65C ra=0x8001991C f=7
[BLACKSCREEN][DISP-RET] start=0x80019844 call_pc=0x80019914 target=0x8001A65C v0_before=0x00000000 v1_before=0x80032A24 v0_after=0x00000000 v1_after=0x80032A24 sp_before=0x801FFFD0 sp_after=0x801FFFD0 ra=0x8001991C f=7
[BLACKSCREEN][19844-STATE] pc=0x80019944 v0=0x00000000 v1=0x80032A24 a0=0x00000000 a1=0x0000000A a0m0=0x00000000 a0m1=0x00000000 a1m0=0x00000000 a1m1=0x00000000 s0=0x00000003 s1=0x0000000A ra=0x8001991C c2a8=0x1F801814 c2ac=0x1F801110 t0=0x1C080000 t1=0x000003F8 f=7
[BLACKSCREEN][DISP-CALL] start=0x80019844 pc=0x80019944 target=0x8001A110 v0=0x00000000 v1=0x80032A24 a0=0x00000000 a1=0x00000002 a2=0x00000002 a3=0x00000000 sp=0x801FFFD0 ra=0x8001994C f=7
[BLACKSCREEN][INTERP] enter start=0x8001A110 instr0=0x27BDFFC8 a0=0x00000000 ra=0x8001994C sp=0x801FFFD0 f=7
[BLACKSCREEN][INTERP] start=0x8001A110 end=0x8001A388 steps=108 reason=jr_ra target=0x8001994C ra=0x8001994C sp=0x801FFFD0 f=7
[BLACKSCREEN][DISP-RET] start=0x80019844 call_pc=0x80019944 target=0x8001A110 v0_before=0x00000000 v1_before=0x80032A24 v0_after=0x00000002 v1_after=0xFFFFFFFF sp_before=0x801FFFD0 sp_after=0x801FFFD0 ra=0x8001994C f=7
[BLACKSCREEN][19844-STATE] pc=0x8001994C v0=0x00000002 v1=0xFFFFFFFF a0=0x80039268 a1=0x0000000A a0m0=0x00000000 a0m1=0x00000000 a1m0=0x00000000 a1m1=0x00000000 s0=0x00000003 s1=0x0000000A ra=0x8001994C c2a8=0x1F801814 c2ac=0x1F801110 t0=0x1C080000 t1=0x000003FB f=7
[BLACKSCREEN][19844-STATE] pc=0x80019950 v0=0x00000000 v1=0xFFFFFFFF a0=0x80039268 a1=0x0000000A a0m0=0x00000000 a0m1=0x00000000 a1m0=0x00000000 a1m1=0x00000000 s0=0x00000003 s1=0x0000000A ra=0x8001994C c2a8=0x1F801814 c2ac=0x1F801110 t0=0x1C080000 t1=0x000003FC f=7
[BLACKSCREEN][INTERP-LOCALJ] start=0x80019844 pc=0x80019950 target=0x8001995C sp=0x801FFFD0 ra=0x8001994C f=7
[BLACKSCREEN][INTERP-RA] pre-restore pc=0x8001995C sp=0x801FFFD0 ra=0x8001994C slot_now=0x80010EA4 f=7
[BLACKSCREEN][19844-STATE] pc=0x80019960 v0=0x00000001 v1=0xFFFFFFFF a0=0x80039268 a1=0x0000000A a0m0=0x00000000 a0m1=0x00000000 a1m0=0x00000000 a1m1=0x00000000 s0=0x00000003 s1=0x0000000A ra=0x80010EA4 c2a8=0x1F801814 c2ac=0x1F801110 t0=0x1C080000 t1=0x000003FD f=7
[BLACKSCREEN][19844-STATE] pc=0x80019980 v0=0x00000001 v1=0xFFFFFFFF a0=0x80039268 a1=0x0000000A a0m0=0x00000000 a0m1=0x00000000 a1m0=0x00000000 a1m1=0x00000000 s0=0x00000000 s1=0x00000000 ra=0x80010EA4 c2a8=0x1F801814 c2ac=0x1F801110 t0=0x1C080000 t1=0x000003FE f=7
[BLACKSCREEN][INTERP] start=0x80019844 end=0x80019980 steps=54 reason=jr_ra target=0x80010EA4 ra=0x80010EA4 sp=0x80200000 f=7
[BLACKSCREEN][NO-GPU-EVENT] #8 tag=main_present f=8 ra=0x80010EA4 sp=0x80200000
[BLACKSCREEN][NO-GPU-EVENT] chain 0x80015650 0x80015650 0x80015308 0x80015308 0x80015308 0x80015308 0x8001A110 0x8001A110 0x8001A65C 0x8001A65C 0x80019844 0x80015650
[BLACKSCREEN][RendererPresent] present=8 f=8 disp=(0,0 320x240) vis=320x240 uv=(0.000,0.000)-(1.000,1.000)
[BLACKSCREEN][INTERP] enter start=0x80019844 instr0=0x27BDFFD0 a0=0x80039268 ra=0x80010EA4 sp=0x80200000 f=8
[BLACKSCREEN][INTERP-RA] pre-save pc=0x80019890 sp=0x801FFFD0 ra=0x80010EA4 slot_before=0x80010EA4 f=8
[BLACKSCREEN][DISP-CALL] start=0x80019844 pc=0x80019914 target=0x8001A65C v0=0x00000000 v1=0x80032A24 a0=0x00000068 a1=0x0000000A a2=0x00000002 a3=0x00000000 sp=0x801FFFD0 ra=0x8001991C f=8
[BLACKSCREEN][CALL] route=compiled_early #10 addr=0x8001A65C ra=0x8001991C f=8
[BLACKSCREEN][DISP-RET] start=0x80019844 call_pc=0x80019914 target=0x8001A65C v0_before=0x00000000 v1_before=0x80032A24 v0_after=0x00000000 v1_after=0x80032A24 sp_before=0x801FFFD0 sp_after=0x801FFFD0 ra=0x8001991C f=8
[BLACKSCREEN][19844-STATE] pc=0x80019944 v0=0x00000000 v1=0x80032A24 a0=0x00000000 a1=0x0000000A a0m0=0x00000000 a0m1=0x00000000 a1m0=0x00000000 a1m1=0x00000000 s0=0x00000003 s1=0x0000000A ra=0x8001991C c2a8=0x1F801814 c2ac=0x1F801110 t0=0x1C080000 t1=0x000003FF f=8
[BLACKSCREEN][DISP-CALL] start=0x80019844 pc=0x80019944 target=0x8001A110 v0=0x00000000 v1=0x80032A24 a0=0x00000000 a1=0x00000002 a2=0x00000002 a3=0x00000000 sp=0x801FFFD0 ra=0x8001994C f=8
[BLACKSCREEN][INTERP] enter start=0x8001A110 instr0=0x27BDFFC8 a0=0x00000000 ra=0x8001994C sp=0x801FFFD0 f=8
[BLACKSCREEN][INTERP] start=0x8001A110 end=0x8001A388 steps=108 reason=jr_ra target=0x8001994C ra=0x8001994C sp=0x801FFFD0 f=8
[BLACKSCREEN][DISP-RET] start=0x80019844 call_pc=0x80019944 target=0x8001A110 v0_before=0x00000000 v1_before=0x80032A24 v0_after=0x00000002 v1_after=0xFFFFFFFF sp_before=0x801FFFD0 sp_after=0x801FFFD0 ra=0x8001994C f=8
[BLACKSCREEN][19844-STATE] pc=0x8001994C v0=0x00000002 v1=0xFFFFFFFF a0=0x80039268 a1=0x0000000A a0m0=0x00000000 a0m1=0x00000000 a1m0=0x00000000 a1m1=0x00000000 s0=0x00000003 s1=0x0000000A ra=0x8001994C c2a8=0x1F801814 c2ac=0x1F801110 t0=0x1C080000 t1=0x00000402 f=8
[BLACKSCREEN][19844-STATE] pc=0x80019950 v0=0x00000000 v1=0xFFFFFFFF a0=0x80039268 a1=0x0000000A a0m0=0x00000000 a0m1=0x00000000 a1m0=0x00000000 a1m1=0x00000000 s0=0x00000003 s1=0x0000000A ra=0x8001994C c2a8=0x1F801814 c2ac=0x1F801110 t0=0x1C080000 t1=0x00000403 f=8
[BLACKSCREEN][INTERP-LOCALJ] start=0x80019844 pc=0x80019950 target=0x8001995C sp=0x801FFFD0 ra=0x8001994C f=8
[BLACKSCREEN][INTERP-RA] pre-restore pc=0x8001995C sp=0x801FFFD0 ra=0x8001994C slot_now=0x80010EA4 f=8
[BLACKSCREEN][19844-STATE] pc=0x80019960 v0=0x00000001 v1=0xFFFFFFFF a0=0x80039268 a1=0x0000000A a0m0=0x00000000 a0m1=0x00000000 a1m0=0x00000000 a1m1=0x00000000 s0=0x00000003 s1=0x0000000A ra=0x80010EA4 c2a8=0x1F801814 c2ac=0x1F801110 t0=0x1C080000 t1=0x00000404 f=8
[BLACKSCREEN][19844-STATE] pc=0x80019980 v0=0x00000001 v1=0xFFFFFFFF a0=0x80039268 a1=0x0000000A a0m0=0x00000000 a0m1=0x00000000 a1m0=0x00000000 a1m1=0x00000000 s0=0x00000000 s1=0x00000000 ra=0x80010EA4 c2a8=0x1F801814 c2ac=0x1F801110 t0=0x1C080000 t1=0x00000405 f=8
[BLACKSCREEN][INTERP] start=0x80019844 end=0x80019980 steps=54 reason=jr_ra target=0x80010EA4 ra=0x80010EA4 sp=0x80200000 f=8
[BLACKSCREEN][NO-GPU-EVENT] #9 tag=main_present f=9 ra=0x80010EA4 sp=0x80200000
[BLACKSCREEN][NO-GPU-EVENT] chain 0x80015650 0x80015650 0x80015308 0x80015308 0x80015308 0x80015308 0x8001A110 0x8001A110 0x8001A65C 0x8001A65C 0x80019844 0x80015650
[BLACKSCREEN][RendererPresent] present=9 f=9 disp=(0,0 320x240) vis=320x240 uv=(0.000,0.000)-(1.000,1.000)
[BLACKSCREEN][INTERP] enter start=0x80019844 instr0=0x27BDFFD0 a0=0x80039268 ra=0x80010EA4 sp=0x80200000 f=9
[BLACKSCREEN][INTERP-RA] pre-save pc=0x80019890 sp=0x801FFFD0 ra=0x80010EA4 slot_before=0x80010EA4 f=9
[BLACKSCREEN][DISP-CALL] start=0x80019844 pc=0x80019914 target=0x8001A65C v0=0x00000000 v1=0x80032A24 a0=0x00000068 a1=0x0000000A a2=0x00000002 a3=0x00000000 sp=0x801FFFD0 ra=0x8001991C f=9
[BLACKSCREEN][CALL] route=compiled_early #11 addr=0x8001A65C ra=0x8001991C f=9
[BLACKSCREEN][DISP-RET] start=0x80019844 call_pc=0x80019914 target=0x8001A65C v0_before=0x00000000 v1_before=0x80032A24 v0_after=0x00000000 v1_after=0x80032A24 sp_before=0x801FFFD0 sp_after=0x801FFFD0 ra=0x8001991C f=9
[BLACKSCREEN][19844-STATE] pc=0x80019944 v0=0x00000000 v1=0x80032A24 a0=0x00000000 a1=0x0000000A a0m0=0x00000000 a0m1=0x00000000 a1m0=0x00000000 a1m1=0x00000000 s0=0x00000003 s1=0x0000000A ra=0x8001991C c2a8=0x1F801814 c2ac=0x1F801110 t0=0x1C080000 t1=0x00000406 f=9
[BLACKSCREEN][DISP-CALL] start=0x80019844 pc=0x80019944 target=0x8001A110 v0=0x00000000 v1=0x80032A24 a0=0x00000000 a1=0x00000002 a2=0x00000002 a3=0x00000000 sp=0x801FFFD0 ra=0x8001994C f=9
[BLACKSCREEN][INTERP] enter start=0x8001A110 instr0=0x27BDFFC8 a0=0x00000000 ra=0x8001994C sp=0x801FFFD0 f=9
[BLACKSCREEN][INTERP] start=0x8001A110 end=0x8001A388 steps=108 reason=jr_ra target=0x8001994C ra=0x8001994C sp=0x801FFFD0 f=9
[BLACKSCREEN][DISP-RET] start=0x80019844 call_pc=0x80019944 target=0x8001A110 v0_before=0x00000000 v1_before=0x80032A24 v0_after=0x00000002 v1_after=0xFFFFFFFF sp_before=0x801FFFD0 sp_after=0x801FFFD0 ra=0x8001994C f=9
[BLACKSCREEN][19844-STATE] pc=0x8001994C v0=0x00000002 v1=0xFFFFFFFF a0=0x80039268 a1=0x0000000A a0m0=0x00000000 a0m1=0x00000000 a1m0=0x00000000 a1m1=0x00000000 s0=0x00000003 s1=0x0000000A ra=0x8001994C c2a8=0x1F801814 c2ac=0x1F801110 t0=0x1C080000 t1=0x00000409 f=9
[BLACKSCREEN][19844-STATE] pc=0x80019950 v0=0x00000000 v1=0xFFFFFFFF a0=0x80039268 a1=0x0000000A a0m0=0x00000000 a0m1=0x00000000 a1m0=0x00000000 a1m1=0x00000000 s0=0x00000003 s1=0x0000000A ra=0x8001994C c2a8=0x1F801814 c2ac=0x1F801110 t0=0x1C080000 t1=0x0000040A f=9
[BLACKSCREEN][INTERP-LOCALJ] start=0x80019844 pc=0x80019950 target=0x8001995C sp=0x801FFFD0 ra=0x8001994C f=9
[BLACKSCREEN][INTERP-RA] pre-restore pc=0x8001995C sp=0x801FFFD0 ra=0x8001994C slot_now=0x80010EA4 f=9
[BLACKSCREEN][19844-STATE] pc=0x80019960 v0=0x00000001 v1=0xFFFFFFFF a0=0x80039268 a1=0x0000000A a0m0=0x00000000 a0m1=0x00000000 a1m0=0x00000000 a1m1=0x00000000 s0=0x00000003 s1=0x0000000A ra=0x80010EA4 c2a8=0x1F801814 c2ac=0x1F801110 t0=0x1C080000 t1=0x0000040B f=9
[BLACKSCREEN][19844-STATE] pc=0x80019980 v0=0x00000001 v1=0xFFFFFFFF a0=0x80039268 a1=0x0000000A a0m0=0x00000000 a0m1=0x00000000 a1m0=0x00000000 a1m1=0x00000000 s0=0x00000000 s1=0x00000000 ra=0x80010EA4 c2a8=0x1F801814 c2ac=0x1F801110 t0=0x1C080000 t1=0x0000040C f=9
[BLACKSCREEN][INTERP] start=0x80019844 end=0x80019980 steps=54 reason=jr_ra target=0x80010EA4 ra=0x80010EA4 sp=0x80200000 f=9
[BLACKSCREEN][NO-GPU-EVENT] #10 tag=main_present f=10 ra=0x80010EA4 sp=0x80200000
[BLACKSCREEN][NO-GPU-EVENT] chain 0x80015650 0x80015650 0x80015308 0x80015308 0x80015308 0x80015308 0x8001A110 0x8001A110 0x8001A65C 0x8001A65C 0x80019844 0x80015650
[BLACKSCREEN][RendererPresent] present=10 f=10 disp=(0,0 320x240) vis=320x240 uv=(0.000,0.000)-(1.000,1.000)
[BLACKSCREEN][INTERP] enter start=0x80019844 instr0=0x27BDFFD0 a0=0x80039268 ra=0x80010EA4 sp=0x80200000 f=10
[BLACKSCREEN][INTERP-RA] pre-save pc=0x80019890 sp=0x801FFFD0 ra=0x80010EA4 slot_before=0x80010EA4 f=10
[BLACKSCREEN][DISP-CALL] start=0x80019844 pc=0x80019914 target=0x8001A65C v0=0x00000000 v1=0x80032A24 a0=0x00000068 a1=0x0000000A a2=0x00000002 a3=0x00000000 sp=0x801FFFD0 ra=0x8001991C f=10
[BLACKSCREEN][CALL] route=compiled_early #12 addr=0x8001A65C ra=0x8001991C f=10
[BLACKSCREEN][DISP-RET] start=0x80019844 call_pc=0x80019914 target=0x8001A65C v0_before=0x00000000 v1_before=0x80032A24 v0_after=0x00000000 v1_after=0x80032A24 sp_before=0x801FFFD0 sp_after=0x801FFFD0 ra=0x8001991C f=10
[BLACKSCREEN][19844-STATE] pc=0x80019944 v0=0x00000000 v1=0x80032A24 a0=0x00000000 a1=0x0000000A a0m0=0x00000000 a0m1=0x00000000 a1m0=0x00000000 a1m1=0x00000000 s0=0x00000003 s1=0x0000000A ra=0x8001991C c2a8=0x1F801814 c2ac=0x1F801110 t0=0x1C080000 t1=0x0000040D f=10
[BLACKSCREEN][DISP-CALL] start=0x80019844 pc=0x80019944 target=0x8001A110 v0=0x00000000 v1=0x80032A24 a0=0x00000000 a1=0x00000002 a2=0x00000002 a3=0x00000000 sp=0x801FFFD0 ra=0x8001994C f=10
[BLACKSCREEN][INTERP] enter start=0x8001A110 instr0=0x27BDFFC8 a0=0x00000000 ra=0x8001994C sp=0x801FFFD0 f=10
[BLACKSCREEN][INTERP] start=0x8001A110 end=0x8001A388 steps=108 reason=jr_ra target=0x8001994C ra=0x8001994C sp=0x801FFFD0 f=10
[BLACKSCREEN][DISP-RET] start=0x80019844 call_pc=0x80019944 target=0x8001A110 v0_before=0x00000000 v1_before=0x80032A24 v0_after=0x00000002 v1_after=0xFFFFFFFF sp_before=0x801FFFD0 sp_after=0x801FFFD0 ra=0x8001994C f=10
[BLACKSCREEN][19844-STATE] pc=0x8001994C v0=0x00000002 v1=0xFFFFFFFF a0=0x80039268 a1=0x0000000A a0m0=0x00000000 a0m1=0x00000000 a1m0=0x00000000 a1m1=0x00000000 s0=0x00000003 s1=0x0000000A ra=0x8001994C c2a8=0x1F801814 c2ac=0x1F801110 t0=0x1C080000 t1=0x00000410 f=10
[BLACKSCREEN][19844-STATE] pc=0x80019950 v0=0x00000000 v1=0xFFFFFFFF a0=0x80039268 a1=0x0000000A a0m0=0x00000000 a0m1=0x00000000 a1m0=0x00000000 a1m1=0x00000000 s0=0x00000003 s1=0x0000000A ra=0x8001994C c2a8=0x1F801814 c2ac=0x1F801110 t0=0x1C080000 t1=0x00000411 f=10
[BLACKSCREEN][INTERP-LOCALJ] start=0x80019844 pc=0x80019950 target=0x8001995C sp=0x801FFFD0 ra=0x8001994C f=10
[BLACKSCREEN][INTERP-RA] pre-restore pc=0x8001995C sp=0x801FFFD0 ra=0x8001994C slot_now=0x80010EA4 f=10
[BLACKSCREEN][19844-STATE] pc=0x80019960 v0=0x00000001 v1=0xFFFFFFFF a0=0x80039268 a1=0x0000000A a0m0=0x00000000 a0m1=0x00000000 a1m0=0x00000000 a1m1=0x00000000 s0=0x00000003 s1=0x0000000A ra=0x80010EA4 c2a8=0x1F801814 c2ac=0x1F801110 t0=0x1C080000 t1=0x00000412 f=10
[BLACKSCREEN][19844-STATE] pc=0x80019980 v0=0x00000001 v1=0xFFFFFFFF a0=0x80039268 a1=0x0000000A a0m0=0x00000000 a0m1=0x00000000 a1m0=0x00000000 a1m1=0x00000000 s0=0x00000000 s1=0x00000000 ra=0x80010EA4 c2a8=0x1F801814 c2ac=0x1F801110 t0=0x1C080000 t1=0x00000413 f=10
[BLACKSCREEN][INTERP] start=0x80019844 end=0x80019980 steps=54 reason=jr_ra target=0x80010EA4 ra=0x80010EA4 sp=0x80200000 f=10
[BLACKSCREEN][NO-GPU-EVENT] #11 tag=main_present f=11 ra=0x80010EA4 sp=0x80200000
[BLACKSCREEN][NO-GPU-EVENT] chain 0x80015650 0x80015650 0x80015308 0x80015308 0x80015308 0x80015308 0x8001A110 0x8001A110 0x8001A65C 0x8001A65C 0x80019844 0x80015650
[BLACKSCREEN][RendererPresent] present=11 f=11 disp=(0,0 320x240) vis=320x240 uv=(0.000,0.000)-(1.000,1.000)
[BLACKSCREEN][INTERP] enter start=0x80019844 instr0=0x27BDFFD0 a0=0x80039268 ra=0x80010EA4 sp=0x80200000 f=11
[BLACKSCREEN][INTERP-RA] pre-save pc=0x80019890 sp=0x801FFFD0 ra=0x80010EA4 slot_before=0x80010EA4 f=11
[BLACKSCREEN][DISP-CALL] start=0x80019844 pc=0x80019914 target=0x8001A65C v0=0x00000000 v1=0x80032A24 a0=0x00000068 a1=0x0000000A a2=0x00000002 a3=0x00000000 sp=0x801FFFD0 ra=0x8001991C f=11
[BLACKSCREEN][CALL] route=compiled_early #13 addr=0x8001A65C ra=0x8001991C f=11
[BLACKSCREEN][DISP-RET] start=0x80019844 call_pc=0x80019914 target=0x8001A65C v0_before=0x00000000 v1_before=0x80032A24 v0_after=0x00000000 v1_after=0x80032A24 sp_before=0x801FFFD0 sp_after=0x801FFFD0 ra=0x8001991C f=11
[BLACKSCREEN][19844-STATE] pc=0x80019944 v0=0x00000000 v1=0x80032A24 a0=0x00000000 a1=0x0000000A a0m0=0x00000000 a0m1=0x00000000 a1m0=0x00000000 a1m1=0x00000000 s0=0x00000003 s1=0x0000000A ra=0x8001991C c2a8=0x1F801814 c2ac=0x1F801110 t0=0x1C080000 t1=0x00000414 f=11
[BLACKSCREEN][DISP-CALL] start=0x80019844 pc=0x80019944 target=0x8001A110 v0=0x00000000 v1=0x80032A24 a0=0x00000000 a1=0x00000002 a2=0x00000002 a3=0x00000000 sp=0x801FFFD0 ra=0x8001994C f=11
[BLACKSCREEN][INTERP] enter start=0x8001A110 instr0=0x27BDFFC8 a0=0x00000000 ra=0x8001994C sp=0x801FFFD0 f=11
[BLACKSCREEN][INTERP] start=0x8001A110 end=0x8001A388 steps=108 reason=jr_ra target=0x8001994C ra=0x8001994C sp=0x801FFFD0 f=11
[BLACKSCREEN][DISP-RET] start=0x80019844 call_pc=0x80019944 target=0x8001A110 v0_before=0x00000000 v1_before=0x80032A24 v0_after=0x00000002 v1_after=0xFFFFFFFF sp_before=0x801FFFD0 sp_after=0x801FFFD0 ra=0x8001994C f=11
[BLACKSCREEN][19844-STATE] pc=0x8001994C v0=0x00000002 v1=0xFFFFFFFF a0=0x80039268 a1=0x0000000A a0m0=0x00000000 a0m1=0x00000000 a1m0=0x00000000 a1m1=0x00000000 s0=0x00000003 s1=0x0000000A ra=0x8001994C c2a8=0x1F801814 c2ac=0x1F801110 t0=0x1C080000 t1=0x00000417 f=11
[BLACKSCREEN][19844-STATE] pc=0x80019950 v0=0x00000000 v1=0xFFFFFFFF a0=0x80039268 a1=0x0000000A a0m0=0x00000000 a0m1=0x00000000 a1m0=0x00000000 a1m1=0x00000000 s0=0x00000003 s1=0x0000000A ra=0x8001994C c2a8=0x1F801814 c2ac=0x1F801110 t0=0x1C080000 t1=0x00000418 f=11
[BLACKSCREEN][INTERP-LOCALJ] start=0x80019844 pc=0x80019950 target=0x8001995C sp=0x801FFFD0 ra=0x8001994C f=11
[BLACKSCREEN][INTERP-RA] pre-restore pc=0x8001995C sp=0x801FFFD0 ra=0x8001994C slot_now=0x80010EA4 f=11
[BLACKSCREEN][19844-STATE] pc=0x80019960 v0=0x00000001 v1=0xFFFFFFFF a0=0x80039268 a1=0x0000000A a0m0=0x00000000 a0m1=0x00000000 a1m0=0x00000000 a1m1=0x00000000 s0=0x00000003 s1=0x0000000A ra=0x80010EA4 c2a8=0x1F801814 c2ac=0x1F801110 t0=0x1C080000 t1=0x00000419 f=11
[BLACKSCREEN][19844-STATE] pc=0x80019980 v0=0x00000001 v1=0xFFFFFFFF a0=0x80039268 a1=0x0000000A a0m0=0x00000000 a0m1=0x00000000 a1m0=0x00000000 a1m1=0x00000000 s0=0x00000000 s1=0x00000000 ra=0x80010EA4 c2a8=0x1F801814 c2ac=0x1F801110 t0=0x1C080000 t1=0x0000041A f=11
[BLACKSCREEN][INTERP] start=0x80019844 end=0x80019980 steps=54 reason=jr_ra target=0x80010EA4 ra=0x80010EA4 sp=0x80200000 f=11
[BLACKSCREEN][NO-GPU-EVENT] #12 tag=main_present f=12 ra=0x80010EA4 sp=0x80200000
[BLACKSCREEN][NO-GPU-EVENT] chain 0x80015650 0x80015650 0x80015308 0x80015308 0x80015308 0x80015308 0x8001A110 0x8001A110 0x8001A65C 0x8001A65C 0x80019844 0x80015650
[BLACKSCREEN][RendererPresent] present=12 f=12 disp=(0,0 320x240) vis=320x240 uv=(0.000,0.000)-(1.000,1.000)
[BLACKSCREEN][INTERP] enter start=0x80019844 instr0=0x27BDFFD0 a0=0x80039268 ra=0x80010EA4 sp=0x80200000 f=12
[BLACKSCREEN][INTERP-RA] pre-save pc=0x80019890 sp=0x801FFFD0 ra=0x80010EA4 slot_before=0x80010EA4 f=12
[BLACKSCREEN][DISP-CALL] start=0x80019844 pc=0x80019914 target=0x8001A65C v0=0x00000000 v1=0x80032A24 a0=0x00000068 a1=0x0000000A a2=0x00000002 a3=0x00000000 sp=0x801FFFD0 ra=0x8001991C f=12
[BLACKSCREEN][CALL] route=compiled_early #14 addr=0x8001A65C ra=0x8001991C f=12
[BLACKSCREEN][DISP-RET] start=0x80019844 call_pc=0x80019914 target=0x8001A65C v0_before=0x00000000 v1_before=0x80032A24 v0_after=0x00000000 v1_after=0x80032A24 sp_before=0x801FFFD0 sp_after=0x801FFFD0 ra=0x8001991C f=12
[BLACKSCREEN][19844-STATE] pc=0x80019944 v0=0x00000000 v1=0x80032A24 a0=0x00000000 a1=0x0000000A a0m0=0x00000000 a0m1=0x00000000 a1m0=0x00000000 a1m1=0x00000000 s0=0x00000003 s1=0x0000000A ra=0x8001991C c2a8=0x1F801814 c2ac=0x1F801110 t0=0x1C080000 t1=0x0000041B f=12
[BLACKSCREEN][DISP-CALL] start=0x80019844 pc=0x80019944 target=0x8001A110 v0=0x00000000 v1=0x80032A24 a0=0x00000000 a1=0x00000002 a2=0x00000002 a3=0x00000000 sp=0x801FFFD0 ra=0x8001994C f=12
[BLACKSCREEN][INTERP] enter start=0x8001A110 instr0=0x27BDFFC8 a0=0x00000000 ra=0x8001994C sp=0x801FFFD0 f=12
[BLACKSCREEN][INTERP] start=0x8001A110 end=0x8001A388 steps=108 reason=jr_ra target=0x8001994C ra=0x8001994C sp=0x801FFFD0 f=12
[BLACKSCREEN][DISP-RET] start=0x80019844 call_pc=0x80019944 target=0x8001A110 v0_before=0x00000000 v1_before=0x80032A24 v0_after=0x00000002 v1_after=0xFFFFFFFF sp_before=0x801FFFD0 sp_after=0x801FFFD0 ra=0x8001994C f=12
[BLACKSCREEN][19844-STATE] pc=0x8001994C v0=0x00000002 v1=0xFFFFFFFF a0=0x80039268 a1=0x0000000A a0m0=0x00000000 a0m1=0x00000000 a1m0=0x00000000 a1m1=0x00000000 s0=0x00000003 s1=0x0000000A ra=0x8001994C c2a8=0x1F801814 c2ac=0x1F801110 t0=0x1C080000 t1=0x0000041E f=12
[BLACKSCREEN][19844-STATE] pc=0x80019950 v0=0x00000000 v1=0xFFFFFFFF a0=0x80039268 a1=0x0000000A a0m0=0x00000000 a0m1=0x00000000 a1m0=0x00000000 a1m1=0x00000000 s0=0x00000003 s1=0x0000000A ra=0x8001994C c2a8=0x1F801814 c2ac=0x1F801110 t0=0x1C080000 t1=0x0000041F f=12
[BLACKSCREEN][INTERP-LOCALJ] start=0x80019844 pc=0x80019950 target=0x8001995C sp=0x801FFFD0 ra=0x8001994C f=12
[BLACKSCREEN][INTERP-RA] pre-restore pc=0x8001995C sp=0x801FFFD0 ra=0x8001994C slot_now=0x80010EA4 f=12
[BLACKSCREEN][19844-STATE] pc=0x80019960 v0=0x00000001 v1=0xFFFFFFFF a0=0x80039268 a1=0x0000000A a0m0=0x00000000 a0m1=0x00000000 a1m0=0x00000000 a1m1=0x00000000 s0=0x00000003 s1=0x0000000A ra=0x80010EA4 c2a8=0x1F801814 c2ac=0x1F801110 t0=0x1C080000 t1=0x00000420 f=12
[BLACKSCREEN][19844-STATE] pc=0x80019980 v0=0x00000001 v1=0xFFFFFFFF a0=0x80039268 a1=0x0000000A a0m0=0x00000000 a0m1=0x00000000 a1m0=0x00000000 a1m1=0x00000000 s0=0x00000000 s1=0x00000000 ra=0x80010EA4 c2a8=0x1F801814 c2ac=0x1F801110 t0=0x1C080000 t1=0x00000421 f=12
[BLACKSCREEN][INTERP] start=0x80019844 end=0x80019980 steps=54 reason=jr_ra target=0x80010EA4 ra=0x80010EA4 sp=0x80200000 f=12
[BLACKSCREEN][NO-GPU-EVENT] #13 tag=main_present f=13 ra=0x80010EA4 sp=0x80200000
[BLACKSCREEN][NO-GPU-EVENT] chain 0x80015650 0x80015650 0x80015308 0x80015308 0x80015308 0x80015308 0x8001A110 0x8001A110 0x8001A65C 0x8001A65C 0x80019844 0x80015650
[BLACKSCREEN][RendererPresent] present=13 f=13 disp=(0,0 320x240) vis=320x240 uv=(0.000,0.000)-(1.000,1.000)
[BLACKSCREEN][INTERP] enter start=0x80019844 instr0=0x27BDFFD0 a0=0x80039268 ra=0x80010EA4 sp=0x80200000 f=13
[BLACKSCREEN][INTERP-RA] pre-save pc=0x80019890 sp=0x801FFFD0 ra=0x80010EA4 slot_before=0x80010EA4 f=13
[BLACKSCREEN][DISP-CALL] start=0x80019844 pc=0x80019914 target=0x8001A65C v0=0x00000000 v1=0x80032A24 a0=0x00000068 a1=0x0000000A a2=0x00000002 a3=0x00000000 sp=0x801FFFD0 ra=0x8001991C f=13
[BLACKSCREEN][CALL] route=compiled_early #15 addr=0x8001A65C ra=0x8001991C f=13
[BLACKSCREEN][DISP-RET] start=0x80019844 call_pc=0x80019914 target=0x8001A65C v0_before=0x00000000 v1_before=0x80032A24 v0_after=0x00000000 v1_after=0x80032A24 sp_before=0x801FFFD0 sp_after=0x801FFFD0 ra=0x8001991C f=13
[BLACKSCREEN][19844-STATE] pc=0x80019944 v0=0x00000000 v1=0x80032A24 a0=0x00000000 a1=0x0000000A a0m0=0x00000000 a0m1=0x00000000 a1m0=0x00000000 a1m1=0x00000000 s0=0x00000003 s1=0x0000000A ra=0x8001991C c2a8=0x1F801814 c2ac=0x1F801110 t0=0x1C080000 t1=0x00000422 f=13
[BLACKSCREEN][DISP-CALL] start=0x80019844 pc=0x80019944 target=0x8001A110 v0=0x00000000 v1=0x80032A24 a0=0x00000000 a1=0x00000002 a2=0x00000002 a3=0x00000000 sp=0x801FFFD0 ra=0x8001994C f=13
[BLACKSCREEN][INTERP] enter start=0x8001A110 instr0=0x27BDFFC8 a0=0x00000000 ra=0x8001994C sp=0x801FFFD0 f=13
[BLACKSCREEN][INTERP] start=0x8001A110 end=0x8001A388 steps=108 reason=jr_ra target=0x8001994C ra=0x8001994C sp=0x801FFFD0 f=13
[BLACKSCREEN][DISP-RET] start=0x80019844 call_pc=0x80019944 target=0x8001A110 v0_before=0x00000000 v1_before=0x80032A24 v0_after=0x00000002 v1_after=0xFFFFFFFF sp_before=0x801FFFD0 sp_after=0x801FFFD0 ra=0x8001994C f=13
[BLACKSCREEN][19844-STATE] pc=0x8001994C v0=0x00000002 v1=0xFFFFFFFF a0=0x80039268 a1=0x0000000A a0m0=0x00000000 a0m1=0x00000000 a1m0=0x00000000 a1m1=0x00000000 s0=0x00000003 s1=0x0000000A ra=0x8001994C c2a8=0x1F801814 c2ac=0x1F801110 t0=0x1C080000 t1=0x00000425 f=13
[BLACKSCREEN][19844-STATE] pc=0x80019950 v0=0x00000000 v1=0xFFFFFFFF a0=0x80039268 a1=0x0000000A a0m0=0x00000000 a0m1=0x00000000 a1m0=0x00000000 a1m1=0x00000000 s0=0x00000003 s1=0x0000000A ra=0x8001994C c2a8=0x1F801814 c2ac=0x1F801110 t0=0x1C080000 t1=0x00000426 f=13
[BLACKSCREEN][INTERP-LOCALJ] start=0x80019844 pc=0x80019950 target=0x8001995C sp=0x801FFFD0 ra=0x8001994C f=13
[BLACKSCREEN][INTERP-RA] pre-restore pc=0x8001995C sp=0x801FFFD0 ra=0x8001994C slot_now=0x80010EA4 f=13
[BLACKSCREEN][19844-STATE] pc=0x80019960 v0=0x00000001 v1=0xFFFFFFFF a0=0x80039268 a1=0x0000000A a0m0=0x00000000 a0m1=0x00000000 a1m0=0x00000000 a1m1=0x00000000 s0=0x00000003 s1=0x0000000A ra=0x80010EA4 c2a8=0x1F801814 c2ac=0x1F801110 t0=0x1C080000 t1=0x00000427 f=13
[BLACKSCREEN][19844-STATE] pc=0x80019980 v0=0x00000001 v1=0xFFFFFFFF a0=0x80039268 a1=0x0000000A a0m0=0x00000000 a0m1=0x00000000 a1m0=0x00000000 a1m1=0x00000000 s0=0x00000000 s1=0x00000000 ra=0x80010EA4 c2a8=0x1F801814 c2ac=0x1F801110 t0=0x1C080000 t1=0x00000428 f=13
[BLACKSCREEN][INTERP] start=0x80019844 end=0x80019980 steps=54 reason=jr_ra target=0x80010EA4 ra=0x80010EA4 sp=0x80200000 f=13
[BLACKSCREEN][NO-GPU-EVENT] #14 tag=main_present f=14 ra=0x80010EA4 sp=0x80200000
[BLACKSCREEN][NO-GPU-EVENT] chain 0x80015650 0x80015650 0x80015308 0x80015308 0x80015308 0x80015308 0x8001A110 0x8001A110 0x8001A65C 0x8001A65C 0x80019844 0x80015650
[BLACKSCREEN][RendererPresent] present=14 f=14 disp=(0,0 320x240) vis=320x240 uv=(0.000,0.000)-(1.000,1.000)
[BLACKSCREEN][INTERP] enter start=0x80019844 instr0=0x27BDFFD0 a0=0x80039268 ra=0x80010EA4 sp=0x80200000 f=14
[BLACKSCREEN][INTERP-RA] pre-save pc=0x80019890 sp=0x801FFFD0 ra=0x80010EA4 slot_before=0x80010EA4 f=14
[BLACKSCREEN][DISP-CALL] start=0x80019844 pc=0x80019914 target=0x8001A65C v0=0x00000000 v1=0x80032A24 a0=0x00000068 a1=0x0000000A a2=0x00000002 a3=0x00000000 sp=0x801FFFD0 ra=0x8001991C f=14
[BLACKSCREEN][CALL] route=compiled_early #16 addr=0x8001A65C ra=0x8001991C f=14
[BLACKSCREEN][DISP-RET] start=0x80019844 call_pc=0x80019914 target=0x8001A65C v0_before=0x00000000 v1_before=0x80032A24 v0_after=0x00000000 v1_after=0x80032A24 sp_before=0x801FFFD0 sp_after=0x801FFFD0 ra=0x8001991C f=14
[BLACKSCREEN][19844-STATE] pc=0x80019944 v0=0x00000000 v1=0x80032A24 a0=0x00000000 a1=0x0000000A a0m0=0x00000000 a0m1=0x00000000 a1m0=0x00000000 a1m1=0x00000000 s0=0x00000003 s1=0x0000000A ra=0x8001991C c2a8=0x1F801814 c2ac=0x1F801110 t0=0x1C080000 t1=0x00000429 f=14
[BLACKSCREEN][DISP-CALL] start=0x80019844 pc=0x80019944 target=0x8001A110 v0=0x00000000 v1=0x80032A24 a0=0x00000000 a1=0x00000002 a2=0x00000002 a3=0x00000000 sp=0x801FFFD0 ra=0x8001994C f=14
[BLACKSCREEN][INTERP] enter start=0x8001A110 instr0=0x27BDFFC8 a0=0x00000000 ra=0x8001994C sp=0x801FFFD0 f=14
[BLACKSCREEN][INTERP] start=0x8001A110 end=0x8001A388 steps=108 reason=jr_ra target=0x8001994C ra=0x8001994C sp=0x801FFFD0 f=14
[BLACKSCREEN][DISP-RET] start=0x80019844 call_pc=0x80019944 target=0x8001A110 v0_before=0x00000000 v1_before=0x80032A24 v0_after=0x00000002 v1_after=0xFFFFFFFF sp_before=0x801FFFD0 sp_after=0x801FFFD0 ra=0x8001994C f=14
[BLACKSCREEN][19844-STATE] pc=0x8001994C v0=0x00000002 v1=0xFFFFFFFF a0=0x80039268 a1=0x0000000A a0m0=0x00000000 a0m1=0x00000000 a1m0=0x00000000 a1m1=0x00000000 s0=0x00000003 s1=0x0000000A ra=0x8001994C c2a8=0x1F801814 c2ac=0x1F801110 t0=0x1C080000 t1=0x0000042C f=14
[BLACKSCREEN][19844-STATE] pc=0x80019950 v0=0x00000000 v1=0xFFFFFFFF a0=0x80039268 a1=0x0000000A a0m0=0x00000000 a0m1=0x00000000 a1m0=0x00000000 a1m1=0x00000000 s0=0x00000003 s1=0x0000000A ra=0x8001994C c2a8=0x1F801814 c2ac=0x1F801110 t0=0x1C080000 t1=0x0000042D f=14
[BLACKSCREEN][INTERP-LOCALJ] start=0x80019844 pc=0x80019950 target=0x8001995C sp=0x801FFFD0 ra=0x8001994C f=14
[BLACKSCREEN][INTERP-RA] pre-restore pc=0x8001995C sp=0x801FFFD0 ra=0x8001994C slot_now=0x80010EA4 f=14
[BLACKSCREEN][19844-STATE] pc=0x80019960 v0=0x00000001 v1=0xFFFFFFFF a0=0x80039268 a1=0x0000000A a0m0=0x00000000 a0m1=0x00000000 a1m0=0x00000000 a1m1=0x00000000 s0=0x00000003 s1=0x0000000A ra=0x80010EA4 c2a8=0x1F801814 c2ac=0x1F801110 t0=0x1C080000 t1=0x0000042E f=14
[BLACKSCREEN][19844-STATE] pc=0x80019980 v0=0x00000001 v1=0xFFFFFFFF a0=0x80039268 a1=0x0000000A a0m0=0x00000000 a0m1=0x00000000 a1m0=0x00000000 a1m1=0x00000000 s0=0x00000000 s1=0x00000000 ra=0x80010EA4 c2a8=0x1F801814 c2ac=0x1F801110 t0=0x1C080000 t1=0x0000042F f=14
[BLACKSCREEN][INTERP] start=0x80019844 end=0x80019980 steps=54 reason=jr_ra target=0x80010EA4 ra=0x80010EA4 sp=0x80200000 f=14
[BLACKSCREEN][NO-GPU-EVENT] #15 tag=main_present f=15 ra=0x80010EA4 sp=0x80200000
[BLACKSCREEN][NO-GPU-EVENT] chain 0x80015650 0x80015650 0x80015308 0x80015308 0x80015308 0x80015308 0x8001A110 0x8001A110 0x8001A65C 0x8001A65C 0x80019844 0x80015650
[BLACKSCREEN][RendererPresent] present=15 f=15 disp=(0,0 320x240) vis=320x240 uv=(0.000,0.000)-(1.000,1.000)
[BLACKSCREEN][INTERP] enter start=0x80019844 instr0=0x27BDFFD0 a0=0x80039268 ra=0x80010EA4 sp=0x80200000 f=15
[BLACKSCREEN][INTERP-RA] pre-save pc=0x80019890 sp=0x801FFFD0 ra=0x80010EA4 slot_before=0x80010EA4 f=15
[BLACKSCREEN][DISP-CALL] start=0x80019844 pc=0x80019914 target=0x8001A65C v0=0x00000000 v1=0x80032A24 a0=0x00000068 a1=0x0000000A a2=0x00000002 a3=0x00000000 sp=0x801FFFD0 ra=0x8001991C f=15
[BLACKSCREEN][CALL] route=compiled_early #17 addr=0x8001A65C ra=0x8001991C f=15
[BLACKSCREEN][DISP-RET] start=0x80019844 call_pc=0x80019914 target=0x8001A65C v0_before=0x00000000 v1_before=0x80032A24 v0_after=0x00000000 v1_after=0x80032A24 sp_before=0x801FFFD0 sp_after=0x801FFFD0 ra=0x8001991C f=15
[BLACKSCREEN][19844-STATE] pc=0x80019944 v0=0x00000000 v1=0x80032A24 a0=0x00000000 a1=0x0000000A a0m0=0x00000000 a0m1=0x00000000 a1m0=0x00000000 a1m1=0x00000000 s0=0x00000003 s1=0x0000000A ra=0x8001991C c2a8=0x1F801814 c2ac=0x1F801110 t0=0x1C080000 t1=0x00000430 f=15
[BLACKSCREEN][DISP-CALL] start=0x80019844 pc=0x80019944 target=0x8001A110 v0=0x00000000 v1=0x80032A24 a0=0x00000000 a1=0x00000002 a2=0x00000002 a3=0x00000000 sp=0x801FFFD0 ra=0x8001994C f=15
[BLACKSCREEN][INTERP] enter start=0x8001A110 instr0=0x27BDFFC8 a0=0x00000000 ra=0x8001994C sp=0x801FFFD0 f=15
[BLACKSCREEN][INTERP] start=0x8001A110 end=0x8001A388 steps=108 reason=jr_ra target=0x8001994C ra=0x8001994C sp=0x801FFFD0 f=15
[BLACKSCREEN][DISP-RET] start=0x80019844 call_pc=0x80019944 target=0x8001A110 v0_before=0x00000000 v1_before=0x80032A24 v0_after=0x00000002 v1_after=0xFFFFFFFF sp_before=0x801FFFD0 sp_after=0x801FFFD0 ra=0x8001994C f=15
[BLACKSCREEN][19844-STATE] pc=0x8001994C v0=0x00000002 v1=0xFFFFFFFF a0=0x80039268 a1=0x0000000A a0m0=0x00000000 a0m1=0x00000000 a1m0=0x00000000 a1m1=0x00000000 s0=0x00000003 s1=0x0000000A ra=0x8001994C c2a8=0x1F801814 c2ac=0x1F801110 t0=0x1C080000 t1=0x00000433 f=15
[BLACKSCREEN][19844-STATE] pc=0x80019950 v0=0x00000000 v1=0xFFFFFFFF a0=0x80039268 a1=0x0000000A a0m0=0x00000000 a0m1=0x00000000 a1m0=0x00000000 a1m1=0x00000000 s0=0x00000003 s1=0x0000000A ra=0x8001994C c2a8=0x1F801814 c2ac=0x1F801110 t0=0x1C080000 t1=0x00000434 f=15
[BLACKSCREEN][INTERP-LOCALJ] start=0x80019844 pc=0x80019950 target=0x8001995C sp=0x801FFFD0 ra=0x8001994C f=15
[BLACKSCREEN][INTERP-RA] pre-restore pc=0x8001995C sp=0x801FFFD0 ra=0x8001994C slot_now=0x80010EA4 f=15
[BLACKSCREEN][19844-STATE] pc=0x80019960 v0=0x00000001 v1=0xFFFFFFFF a0=0x80039268 a1=0x0000000A a0m0=0x00000000 a0m1=0x00000000 a1m0=0x00000000 a1m1=0x00000000 s0=0x00000003 s1=0x0000000A ra=0x80010EA4 c2a8=0x1F801814 c2ac=0x1F801110 t0=0x1C080000 t1=0x00000435 f=15
[BLACKSCREEN][19844-STATE] pc=0x80019980 v0=0x00000001 v1=0xFFFFFFFF a0=0x80039268 a1=0x0000000A a0m0=0x00000000 a0m1=0x00000000 a1m0=0x00000000 a1m1=0x00000000 s0=0x00000000 s1=0x00000000 ra=0x80010EA4 c2a8=0x1F801814 c2ac=0x1F801110 t0=0x1C080000 t1=0x00000436 f=15
[BLACKSCREEN][INTERP] start=0x80019844 end=0x80019980 steps=54 reason=jr_ra target=0x80010EA4 ra=0x80010EA4 sp=0x80200000 f=15
[BLACKSCREEN][NO-GPU-EVENT] #16 tag=main_present f=16 ra=0x80010EA4 sp=0x80200000
[BLACKSCREEN][NO-GPU-EVENT] chain 0x80015650 0x80015650 0x80015308 0x80015308 0x80015308 0x80015308 0x8001A110 0x8001A110 0x8001A65C 0x8001A65C 0x80019844 0x80015650
[BLACKSCREEN][RendererPresent] present=16 f=16 disp=(0,0 320x240) vis=320x240 uv=(0.000,0.000)-(1.000,1.000)
[BLACKSCREEN][INTERP] enter start=0x80019844 instr0=0x27BDFFD0 a0=0x80039268 ra=0x80010EA4 sp=0x80200000 f=16
[BLACKSCREEN][INTERP-RA] pre-save pc=0x80019890 sp=0x801FFFD0 ra=0x80010EA4 slot_before=0x80010EA4 f=16
[BLACKSCREEN][DISP-CALL] start=0x80019844 pc=0x80019914 target=0x8001A65C v0=0x00000000 v1=0x80032A24 a0=0x00000068 a1=0x0000000A a2=0x00000002 a3=0x00000000 sp=0x801FFFD0 ra=0x8001991C f=16
[BLACKSCREEN][CALL] route=compiled_early #18 addr=0x8001A65C ra=0x8001991C f=16
[BLACKSCREEN][DISP-RET] start=0x80019844 call_pc=0x80019914 target=0x8001A65C v0_before=0x00000000 v1_before=0x80032A24 v0_after=0x00000000 v1_after=0x80032A24 sp_before=0x801FFFD0 sp_after=0x801FFFD0 ra=0x8001991C f=16
[BLACKSCREEN][19844-STATE] pc=0x80019944 v0=0x00000000 v1=0x80032A24 a0=0x00000000 a1=0x0000000A a0m0=0x00000000 a0m1=0x00000000 a1m0=0x00000000 a1m1=0x00000000 s0=0x00000003 s1=0x0000000A ra=0x8001991C c2a8=0x1F801814 c2ac=0x1F801110 t0=0x1C080000 t1=0x00000437 f=16
[BLACKSCREEN][DISP-CALL] start=0x80019844 pc=0x80019944 target=0x8001A110 v0=0x00000000 v1=0x80032A24 a0=0x00000000 a1=0x00000002 a2=0x00000002 a3=0x00000000 sp=0x801FFFD0 ra=0x8001994C f=16
[BLACKSCREEN][INTERP] enter start=0x8001A110 instr0=0x27BDFFC8 a0=0x00000000 ra=0x8001994C sp=0x801FFFD0 f=16
[BLACKSCREEN][INTERP] start=0x8001A110 end=0x8001A388 steps=108 reason=jr_ra target=0x8001994C ra=0x8001994C sp=0x801FFFD0 f=16
[BLACKSCREEN][DISP-RET] start=0x80019844 call_pc=0x80019944 target=0x8001A110 v0_before=0x00000000 v1_before=0x80032A24 v0_after=0x00000002 v1_after=0xFFFFFFFF sp_before=0x801FFFD0 sp_after=0x801FFFD0 ra=0x8001994C f=16
[BLACKSCREEN][19844-STATE] pc=0x8001994C v0=0x00000002 v1=0xFFFFFFFF a0=0x80039268 a1=0x0000000A a0m0=0x00000000 a0m1=0x00000000 a1m0=0x00000000 a1m1=0x00000000 s0=0x00000003 s1=0x0000000A ra=0x8001994C c2a8=0x1F801814 c2ac=0x1F801110 t0=0x1C080000 t1=0x0000043A f=16
[BLACKSCREEN][19844-STATE] pc=0x80019950 v0=0x00000000 v1=0xFFFFFFFF a0=0x80039268 a1=0x0000000A a0m0=0x00000000 a0m1=0x00000000 a1m0=0x00000000 a1m1=0x00000000 s0=0x00000003 s1=0x0000000A ra=0x8001994C c2a8=0x1F801814 c2ac=0x1F801110 t0=0x1C080000 t1=0x0000043B f=16
[BLACKSCREEN][INTERP-LOCALJ] start=0x80019844 pc=0x80019950 target=0x8001995C sp=0x801FFFD0 ra=0x8001994C f=16
[BLACKSCREEN][INTERP-RA] pre-restore pc=0x8001995C sp=0x801FFFD0 ra=0x8001994C slot_now=0x80010EA4 f=16
[BLACKSCREEN][19844-STATE] pc=0x80019960 v0=0x00000001 v1=0xFFFFFFFF a0=0x80039268 a1=0x0000000A a0m0=0x00000000 a0m1=0x00000000 a1m0=0x00000000 a1m1=0x00000000 s0=0x00000003 s1=0x0000000A ra=0x80010EA4 c2a8=0x1F801814 c2ac=0x1F801110 t0=0x1C080000 t1=0x0000043C f=16
[BLACKSCREEN][19844-STATE] pc=0x80019980 v0=0x00000001 v1=0xFFFFFFFF a0=0x80039268 a1=0x0000000A a0m0=0x00000000 a0m1=0x00000000 a1m0=0x00000000 a1m1=0x00000000 s0=0x00000000 s1=0x00000000 ra=0x80010EA4 c2a8=0x1F801814 c2ac=0x1F801110 t0=0x1C080000 t1=0x0000043D f=16
[BLACKSCREEN][INTERP] start=0x80019844 end=0x80019980 steps=54 reason=jr_ra target=0x80010EA4 ra=0x80010EA4 sp=0x80200000 f=16
[BLACKSCREEN][NO-GPU-EVENT] #17 tag=main_present f=17 ra=0x80010EA4 sp=0x80200000
[BLACKSCREEN][NO-GPU-EVENT] chain 0x80015650 0x80015650 0x80015308 0x80015308 0x80015308 0x80015308 0x8001A110 0x8001A110 0x8001A65C 0x8001A65C 0x80019844 0x80015650
[BLACKSCREEN][RendererPresent] present=17 f=17 disp=(0,0 320x240) vis=320x240 uv=(0.000,0.000)-(1.000,1.000)
[BLACKSCREEN][INTERP] enter start=0x80019844 instr0=0x27BDFFD0 a0=0x80039268 ra=0x80010EA4 sp=0x80200000 f=17
[BLACKSCREEN][INTERP-RA] pre-save pc=0x80019890 sp=0x801FFFD0 ra=0x80010EA4 slot_before=0x80010EA4 f=17
[BLACKSCREEN][DISP-CALL] start=0x80019844 pc=0x80019914 target=0x8001A65C v0=0x00000000 v1=0x80032A24 a0=0x00000068 a1=0x0000000A a2=0x00000002 a3=0x00000000 sp=0x801FFFD0 ra=0x8001991C f=17
[BLACKSCREEN][CALL] route=compiled_early #19 addr=0x8001A65C ra=0x8001991C f=17
[BLACKSCREEN][DISP-RET] start=0x80019844 call_pc=0x80019914 target=0x8001A65C v0_before=0x00000000 v1_before=0x80032A24 v0_after=0x00000000 v1_after=0x80032A24 sp_before=0x801FFFD0 sp_after=0x801FFFD0 ra=0x8001991C f=17
[BLACKSCREEN][19844-STATE] pc=0x80019944 v0=0x00000000 v1=0x80032A24 a0=0x00000000 a1=0x0000000A a0m0=0x00000000 a0m1=0x00000000 a1m0=0x00000000 a1m1=0x00000000 s0=0x00000003 s1=0x0000000A ra=0x8001991C c2a8=0x1F801814 c2ac=0x1F801110 t0=0x1C080000 t1=0x0000043E f=17
[BLACKSCREEN][DISP-CALL] start=0x80019844 pc=0x80019944 target=0x8001A110 v0=0x00000000 v1=0x80032A24 a0=0x00000000 a1=0x00000002 a2=0x00000002 a3=0x00000000 sp=0x801FFFD0 ra=0x8001994C f=17
[BLACKSCREEN][INTERP] enter start=0x8001A110 instr0=0x27BDFFC8 a0=0x00000000 ra=0x8001994C sp=0x801FFFD0 f=17
[BLACKSCREEN][INTERP] start=0x8001A110 end=0x8001A388 steps=108 reason=jr_ra target=0x8001994C ra=0x8001994C sp=0x801FFFD0 f=17
[BLACKSCREEN][DISP-RET] start=0x80019844 call_pc=0x80019944 target=0x8001A110 v0_before=0x00000000 v1_before=0x80032A24 v0_after=0x00000002 v1_after=0xFFFFFFFF sp_before=0x801FFFD0 sp_after=0x801FFFD0 ra=0x8001994C f=17
[BLACKSCREEN][19844-STATE] pc=0x8001994C v0=0x00000002 v1=0xFFFFFFFF a0=0x80039268 a1=0x0000000A a0m0=0x00000000 a0m1=0x00000000 a1m0=0x00000000 a1m1=0x00000000 s0=0x00000003 s1=0x0000000A ra=0x8001994C c2a8=0x1F801814 c2ac=0x1F801110 t0=0x1C080000 t1=0x00000441 f=17
[BLACKSCREEN][19844-STATE] pc=0x80019950 v0=0x00000000 v1=0xFFFFFFFF a0=0x80039268 a1=0x0000000A a0m0=0x00000000 a0m1=0x00000000 a1m0=0x00000000 a1m1=0x00000000 s0=0x00000003 s1=0x0000000A ra=0x8001994C c2a8=0x1F801814 c2ac=0x1F801110 t0=0x1C080000 t1=0x00000442 f=17
[BLACKSCREEN][INTERP-LOCALJ] start=0x80019844 pc=0x80019950 target=0x8001995C sp=0x801FFFD0 ra=0x8001994C f=17
[BLACKSCREEN][INTERP-RA] pre-restore pc=0x8001995C sp=0x801FFFD0 ra=0x8001994C slot_now=0x80010EA4 f=17
[BLACKSCREEN][19844-STATE] pc=0x80019960 v0=0x00000001 v1=0xFFFFFFFF a0=0x80039268 a1=0x0000000A a0m0=0x00000000 a0m1=0x00000000 a1m0=0x00000000 a1m1=0x00000000 s0=0x00000003 s1=0x0000000A ra=0x80010EA4 c2a8=0x1F801814 c2ac=0x1F801110 t0=0x1C080000 t1=0x00000443 f=17
[BLACKSCREEN][19844-STATE] pc=0x80019980 v0=0x00000001 v1=0xFFFFFFFF a0=0x80039268 a1=0x0000000A a0m0=0x00000000 a0m1=0x00000000 a1m0=0x00000000 a1m1=0x00000000 s0=0x00000000 s1=0x00000000 ra=0x80010EA4 c2a8=0x1F801814 c2ac=0x1F801110 t0=0x1C080000 t1=0x00000444 f=17
[BLACKSCREEN][INTERP] start=0x80019844 end=0x80019980 steps=54 reason=jr_ra target=0x80010EA4 ra=0x80010EA4 sp=0x80200000 f=17
[BLACKSCREEN][NO-GPU-EVENT] #18 tag=main_present f=18 ra=0x80010EA4 sp=0x80200000
[BLACKSCREEN][NO-GPU-EVENT] chain 0x80015650 0x80015650 0x80015308 0x80015308 0x80015308 0x80015308 0x8001A110 0x8001A110 0x8001A65C 0x8001A65C 0x80019844 0x80015650
[BLACKSCREEN][RendererPresent] present=18 f=18 disp=(0,0 320x240) vis=320x240 uv=(0.000,0.000)-(1.000,1.000)
[BLACKSCREEN][INTERP] enter start=0x80019844 instr0=0x27BDFFD0 a0=0x80039268 ra=0x80010EA4 sp=0x80200000 f=18
[BLACKSCREEN][INTERP-RA] pre-save pc=0x80019890 sp=0x801FFFD0 ra=0x80010EA4 slot_before=0x80010EA4 f=18
[BLACKSCREEN][DISP-CALL] start=0x80019844 pc=0x80019914 target=0x8001A65C v0=0x00000000 v1=0x80032A24 a0=0x00000068 a1=0x0000000A a2=0x00000002 a3=0x00000000 sp=0x801FFFD0 ra=0x8001991C f=18
[BLACKSCREEN][CALL] route=compiled_early #20 addr=0x8001A65C ra=0x8001991C f=18
[BLACKSCREEN][DISP-RET] start=0x80019844 call_pc=0x80019914 target=0x8001A65C v0_before=0x00000000 v1_before=0x80032A24 v0_after=0x00000000 v1_after=0x80032A24 sp_before=0x801FFFD0 sp_after=0x801FFFD0 ra=0x8001991C f=18
[BLACKSCREEN][19844-STATE] pc=0x80019944 v0=0x00000000 v1=0x80032A24 a0=0x00000000 a1=0x0000000A a0m0=0x00000000 a0m1=0x00000000 a1m0=0x00000000 a1m1=0x00000000 s0=0x00000003 s1=0x0000000A ra=0x8001991C c2a8=0x1F801814 c2ac=0x1F801110 t0=0x1C080000 t1=0x00000445 f=18
[BLACKSCREEN][DISP-CALL] start=0x80019844 pc=0x80019944 target=0x8001A110 v0=0x00000000 v1=0x80032A24 a0=0x00000000 a1=0x00000002 a2=0x00000002 a3=0x00000000 sp=0x801FFFD0 ra=0x8001994C f=18
[BLACKSCREEN][INTERP] enter start=0x8001A110 instr0=0x27BDFFC8 a0=0x00000000 ra=0x8001994C sp=0x801FFFD0 f=18
[BLACKSCREEN][INTERP] start=0x8001A110 end=0x8001A388 steps=108 reason=jr_ra target=0x8001994C ra=0x8001994C sp=0x801FFFD0 f=18
[BLACKSCREEN][DISP-RET] start=0x80019844 call_pc=0x80019944 target=0x8001A110 v0_before=0x00000000 v1_before=0x80032A24 v0_after=0x00000002 v1_after=0xFFFFFFFF sp_before=0x801FFFD0 sp_after=0x801FFFD0 ra=0x8001994C f=18
[BLACKSCREEN][19844-STATE] pc=0x8001994C v0=0x00000002 v1=0xFFFFFFFF a0=0x80039268 a1=0x0000000A a0m0=0x00000000 a0m1=0x00000000 a1m0=0x00000000 a1m1=0x00000000 s0=0x00000003 s1=0x0000000A ra=0x8001994C c2a8=0x1F801814 c2ac=0x1F801110 t0=0x1C080000 t1=0x00000448 f=18
[BLACKSCREEN][19844-STATE] pc=0x80019950 v0=0x00000000 v1=0xFFFFFFFF a0=0x80039268 a1=0x0000000A a0m0=0x00000000 a0m1=0x00000000 a1m0=0x00000000 a1m1=0x00000000 s0=0x00000003 s1=0x0000000A ra=0x8001994C c2a8=0x1F801814 c2ac=0x1F801110 t0=0x1C080000 t1=0x00000449 f=18
[BLACKSCREEN][INTERP-LOCALJ] start=0x80019844 pc=0x80019950 target=0x8001995C sp=0x801FFFD0 ra=0x8001994C f=18
[BLACKSCREEN][INTERP-RA] pre-restore pc=0x8001995C sp=0x801FFFD0 ra=0x8001994C slot_now=0x80010EA4 f=18
[BLACKSCREEN][19844-STATE] pc=0x80019960 v0=0x00000001 v1=0xFFFFFFFF a0=0x80039268 a1=0x0000000A a0m0=0x00000000 a0m1=0x00000000 a1m0=0x00000000 a1m1=0x00000000 s0=0x00000003 s1=0x0000000A ra=0x80010EA4 c2a8=0x1F801814 c2ac=0x1F801110 t0=0x1C080000 t1=0x0000044A f=18
[BLACKSCREEN][19844-STATE] pc=0x80019980 v0=0x00000001 v1=0xFFFFFFFF a0=0x80039268 a1=0x0000000A a0m0=0x00000000 a0m1=0x00000000 a1m0=0x00000000 a1m1=0x00000000 s0=0x00000000 s1=0x00000000 ra=0x80010EA4 c2a8=0x1F801814 c2ac=0x1F801110 t0=0x1C080000 t1=0x0000044B f=18
[BLACKSCREEN][INTERP] start=0x80019844 end=0x80019980 steps=54 reason=jr_ra target=0x80010EA4 ra=0x80010EA4 sp=0x80200000 f=18
[BLACKSCREEN][NO-GPU-EVENT] #19 tag=main_present f=19 ra=0x80010EA4 sp=0x80200000
[BLACKSCREEN][NO-GPU-EVENT] chain 0x80015650 0x80015650 0x80015308 0x80015308 0x80015308 0x80015308 0x8001A110 0x8001A110 0x8001A65C 0x8001A65C 0x80019844 0x80015650
[BLACKSCREEN][RendererPresent] present=19 f=19 disp=(0,0 320x240) vis=320x240 uv=(0.000,0.000)-(1.000,1.000)
[BLACKSCREEN][INTERP] enter start=0x80019844 instr0=0x27BDFFD0 a0=0x80039268 ra=0x80010EA4 sp=0x80200000 f=19
[BLACKSCREEN][INTERP-RA] pre-save pc=0x80019890 sp=0x801FFFD0 ra=0x80010EA4 slot_before=0x80010EA4 f=19
[BLACKSCREEN][DISP-CALL] start=0x80019844 pc=0x80019914 target=0x8001A65C v0=0x00000000 v1=0x80032A24 a0=0x00000068 a1=0x0000000A a2=0x00000002 a3=0x00000000 sp=0x801FFFD0 ra=0x8001991C f=19
[BLACKSCREEN][CALL] route=compiled_early #21 addr=0x8001A65C ra=0x8001991C f=19
[BLACKSCREEN][DISP-RET] start=0x80019844 call_pc=0x80019914 target=0x8001A65C v0_before=0x00000000 v1_before=0x80032A24 v0_after=0x00000000 v1_after=0x80032A24 sp_before=0x801FFFD0 sp_after=0x801FFFD0 ra=0x8001991C f=19
[BLACKSCREEN][19844-STATE] pc=0x80019944 v0=0x00000000 v1=0x80032A24 a0=0x00000000 a1=0x0000000A a0m0=0x00000000 a0m1=0x00000000 a1m0=0x00000000 a1m1=0x00000000 s0=0x00000003 s1=0x0000000A ra=0x8001991C c2a8=0x1F801814 c2ac=0x1F801110 t0=0x1C080000 t1=0x0000044C f=19
[BLACKSCREEN][DISP-CALL] start=0x80019844 pc=0x80019944 target=0x8001A110 v0=0x00000000 v1=0x80032A24 a0=0x00000000 a1=0x00000002 a2=0x00000002 a3=0x00000000 sp=0x801FFFD0 ra=0x8001994C f=19
[BLACKSCREEN][INTERP] enter start=0x8001A110 instr0=0x27BDFFC8 a0=0x00000000 ra=0x8001994C sp=0x801FFFD0 f=19
[BLACKSCREEN][INTERP] start=0x8001A110 end=0x8001A388 steps=108 reason=jr_ra target=0x8001994C ra=0x8001994C sp=0x801FFFD0 f=19
[BLACKSCREEN][DISP-RET] start=0x80019844 call_pc=0x80019944 target=0x8001A110 v0_before=0x00000000 v1_before=0x80032A24 v0_after=0x00000002 v1_after=0xFFFFFFFF sp_before=0x801FFFD0 sp_after=0x801FFFD0 ra=0x8001994C f=19
[BLACKSCREEN][19844-STATE] pc=0x8001994C v0=0x00000002 v1=0xFFFFFFFF a0=0x80039268 a1=0x0000000A a0m0=0x00000000 a0m1=0x00000000 a1m0=0x00000000 a1m1=0x00000000 s0=0x00000003 s1=0x0000000A ra=0x8001994C c2a8=0x1F801814 c2ac=0x1F801110 t0=0x1C080000 t1=0x0000044F f=19
[BLACKSCREEN][19844-STATE] pc=0x80019950 v0=0x00000000 v1=0xFFFFFFFF a0=0x80039268 a1=0x0000000A a0m0=0x00000000 a0m1=0x00000000 a1m0=0x00000000 a1m1=0x00000000 s0=0x00000003 s1=0x0000000A ra=0x8001994C c2a8=0x1F801814 c2ac=0x1F801110 t0=0x1C080000 t1=0x00000450 f=19
[BLACKSCREEN][INTERP-LOCALJ] start=0x80019844 pc=0x80019950 target=0x8001995C sp=0x801FFFD0 ra=0x8001994C f=19
[BLACKSCREEN][INTERP-RA] pre-restore pc=0x8001995C sp=0x801FFFD0 ra=0x8001994C slot_now=0x80010EA4 f=19
[BLACKSCREEN][19844-STATE] pc=0x80019960 v0=0x00000001 v1=0xFFFFFFFF a0=0x80039268 a1=0x0000000A a0m0=0x00000000 a0m1=0x00000000 a1m0=0x00000000 a1m1=0x00000000 s0=0x00000003 s1=0x0000000A ra=0x80010EA4 c2a8=0x1F801814 c2ac=0x1F801110 t0=0x1C080000 t1=0x00000451 f=19
[BLACKSCREEN][19844-STATE] pc=0x80019980 v0=0x00000001 v1=0xFFFFFFFF a0=0x80039268 a1=0x0000000A a0m0=0x00000000 a0m1=0x00000000 a1m0=0x00000000 a1m1=0x00000000 s0=0x00000000 s1=0x00000000 ra=0x80010EA4 c2a8=0x1F801814 c2ac=0x1F801110 t0=0x1C080000 t1=0x00000452 f=19
[BLACKSCREEN][INTERP] start=0x80019844 end=0x80019980 steps=54 reason=jr_ra target=0x80010EA4 ra=0x80010EA4 sp=0x80200000 f=19
[BLACKSCREEN][NO-GPU-EVENT] #20 tag=main_present f=20 ra=0x80010EA4 sp=0x80200000
[BLACKSCREEN][NO-GPU-EVENT] chain 0x80015650 0x80015650 0x80015308 0x80015308 0x80015308 0x80015308 0x8001A110 0x8001A110 0x8001A65C 0x8001A65C 0x80019844 0x80015650
[BLACKSCREEN][RendererPresent] present=20 f=20 disp=(0,0 320x240) vis=320x240 uv=(0.000,0.000)-(1.000,1.000)
[BLACKSCREEN][INTERP] enter start=0x80019844 instr0=0x27BDFFD0 a0=0x80039268 ra=0x80010EA4 sp=0x80200000 f=20
[BLACKSCREEN][INTERP-RA] pre-save pc=0x80019890 sp=0x801FFFD0 ra=0x80010EA4 slot_before=0x80010EA4 f=20
[BLACKSCREEN][DISP-CALL] start=0x80019844 pc=0x80019914 target=0x8001A65C v0=0x00000000 v1=0x80032A24 a0=0x00000068 a1=0x0000000A a2=0x00000002 a3=0x00000000 sp=0x801FFFD0 ra=0x8001991C f=20
[BLACKSCREEN][CALL] route=compiled_early #22 addr=0x8001A65C ra=0x8001991C f=20
[BLACKSCREEN][DISP-RET] start=0x80019844 call_pc=0x80019914 target=0x8001A65C v0_before=0x00000000 v1_before=0x80032A24 v0_after=0x00000000 v1_after=0x80032A24 sp_before=0x801FFFD0 sp_after=0x801FFFD0 ra=0x8001991C f=20
[BLACKSCREEN][19844-STATE] pc=0x80019944 v0=0x00000000 v1=0x80032A24 a0=0x00000000 a1=0x0000000A a0m0=0x00000000 a0m1=0x00000000 a1m0=0x00000000 a1m1=0x00000000 s0=0x00000003 s1=0x0000000A ra=0x8001991C c2a8=0x1F801814 c2ac=0x1F801110 t0=0x1C080000 t1=0x00000453 f=20
[BLACKSCREEN][DISP-CALL] start=0x80019844 pc=0x80019944 target=0x8001A110 v0=0x00000000 v1=0x80032A24 a0=0x00000000 a1=0x00000002 a2=0x00000002 a3=0x00000000 sp=0x801FFFD0 ra=0x8001994C f=20
[BLACKSCREEN][INTERP] enter start=0x8001A110 instr0=0x27BDFFC8 a0=0x00000000 ra=0x8001994C sp=0x801FFFD0 f=20
[BLACKSCREEN][INTERP] start=0x8001A110 end=0x8001A388 steps=108 reason=jr_ra target=0x8001994C ra=0x8001994C sp=0x801FFFD0 f=20
[BLACKSCREEN][DISP-RET] start=0x80019844 call_pc=0x80019944 target=0x8001A110 v0_before=0x00000000 v1_before=0x80032A24 v0_after=0x00000002 v1_after=0xFFFFFFFF sp_before=0x801FFFD0 sp_after=0x801FFFD0 ra=0x8001994C f=20
[BLACKSCREEN][19844-STATE] pc=0x8001994C v0=0x00000002 v1=0xFFFFFFFF a0=0x80039268 a1=0x0000000A a0m0=0x00000000 a0m1=0x00000000 a1m0=0x00000000 a1m1=0x00000000 s0=0x00000003 s1=0x0000000A ra=0x8001994C c2a8=0x1F801814 c2ac=0x1F801110 t0=0x1C080000 t1=0x00000456 f=20
[BLACKSCREEN][19844-STATE] pc=0x80019950 v0=0x00000000 v1=0xFFFFFFFF a0=0x80039268 a1=0x0000000A a0m0=0x00000000 a0m1=0x00000000 a1m0=0x00000000 a1m1=0x00000000 s0=0x00000003 s1=0x0000000A ra=0x8001994C c2a8=0x1F801814 c2ac=0x1F801110 t0=0x1C080000 t1=0x00000457 f=20
[BLACKSCREEN][INTERP-LOCALJ] start=0x80019844 pc=0x80019950 target=0x8001995C sp=0x801FFFD0 ra=0x8001994C f=20
[BLACKSCREEN][INTERP-RA] pre-restore pc=0x8001995C sp=0x801FFFD0 ra=0x8001994C slot_now=0x80010EA4 f=20
[BLACKSCREEN][19844-STATE] pc=0x80019960 v0=0x00000001 v1=0xFFFFFFFF a0=0x80039268 a1=0x0000000A a0m0=0x00000000 a0m1=0x00000000 a1m0=0x00000000 a1m1=0x00000000 s0=0x00000003 s1=0x0000000A ra=0x80010EA4 c2a8=0x1F801814 c2ac=0x1F801110 t0=0x1C080000 t1=0x00000458 f=20
[BLACKSCREEN][19844-STATE] pc=0x80019980 v0=0x00000001 v1=0xFFFFFFFF a0=0x80039268 a1=0x0000000A a0m0=0x00000000 a0m1=0x00000000 a1m0=0x00000000 a1m1=0x00000000 s0=0x00000000 s1=0x00000000 ra=0x80010EA4 c2a8=0x1F801814 c2ac=0x1F801110 t0=0x1C080000 t1=0x00000459 f=20
[BLACKSCREEN][INTERP] start=0x80019844 end=0x80019980 steps=54 reason=jr_ra target=0x80010EA4 ra=0x80010EA4 sp=0x80200000 f=20
[BLACKSCREEN][NO-GPU-EVENT] #21 tag=main_present f=21 ra=0x80010EA4 sp=0x80200000
[BLACKSCREEN][NO-GPU-EVENT] chain 0x80015650 0x80015650 0x80015308 0x80015308 0x80015308 0x80015308 0x8001A110 0x8001A110 0x8001A65C 0x8001A65C 0x80019844 0x80015650
[BLACKSCREEN][INTERP] enter start=0x80019844 instr0=0x27BDFFD0 a0=0x80039268 ra=0x80010EA4 sp=0x80200000 f=21
[BLACKSCREEN][INTERP-RA] pre-save pc=0x80019890 sp=0x801FFFD0 ra=0x80010EA4 slot_before=0x80010EA4 f=21
[BLACKSCREEN][DISP-CALL] start=0x80019844 pc=0x80019914 target=0x8001A65C v0=0x00000000 v1=0x80032A24 a0=0x00000068 a1=0x0000000A a2=0x00000002 a3=0x00000000 sp=0x801FFFD0 ra=0x8001991C f=21
[BLACKSCREEN][CALL] route=compiled_early #23 addr=0x8001A65C ra=0x8001991C f=21
[BLACKSCREEN][DISP-RET] start=0x80019844 call_pc=0x80019914 target=0x8001A65C v0_before=0x00000000 v1_before=0x80032A24 v0_after=0x00000000 v1_after=0x80032A24 sp_before=0x801FFFD0 sp_after=0x801FFFD0 ra=0x8001991C f=21
[BLACKSCREEN][19844-STATE] pc=0x80019944 v0=0x00000000 v1=0x80032A24 a0=0x00000000 a1=0x0000000A a0m0=0x00000000 a0