[Launcher] Disc: C:\Users\Leona\Documents\GitHub\psxrecomp\CastlevaniaRecomp\isos\Castlevania - Symphony of the Night (USA).cue
=== PSXRecomp v2 ===
EXE: C:\Users\Leona\Documents\GitHub\psxrecomp\CastlevaniaRecomp\isos\SLUS_000.67
CUE: C:\Users\Leona\Documents\GitHub\psxrecomp\CastlevaniaRecomp\isos\Castlevania - Symphony of the Night (USA).cue

[KeyConfig] Loading from C:/Users/Leona/Documents/GitHub/psxrecomp/CastlevaniaRecomp/build/keyconfig.ini
[XA] Volume set to 50%
[KeyConfig] UP=265 DOWN=264 CROSS=83 START=257
[XA] Opened C:\Users\Leona\Documents\GitHub\psxrecomp\CastlevaniaRecomp\isos\Castlevania - Symphony of the Night (USA) (Track 1).bin
[XA] WAV capture: C:/temp/xa_capture.wav (up to 30s)
[XA] Audio ready (decode 37800 Hz → waveOut 44100 Hz)
[FMV] Opened C:\Users\Leona\Documents\GitHub\psxrecomp\CastlevaniaRecomp\isos\Castlevania - Symphony of the Night (USA) (Track 1).bin
[SPU] Initialised — 24 voices, 44100 Hz stereo
Detected PS-X header, skipping 2048 bytes
Loaded 561152 bytes
Loaded into PS1 RAM at 0x80010000
[OpenGLRenderer] Initialize() called
[OpenGLRenderer] InitializeWindow() - Creating GLFW window...
[OpenGLRenderer] GLFW window created successfully (960x720)
[OpenGLRenderer] InitializeOpenGL() - Loading OpenGL functions...
[OpenGLRenderer] OpenGL initialized successfully!
[OpenGLRenderer]   Version:  3.3.0 - Build 31.0.101.5522
[OpenGLRenderer]   Renderer: Intel(R) Iris(R) Xe Graphics
[OpenGLRenderer]   Vendor:   Intel
[OpenGLRenderer] OpenGL 3.3 Core Profile ready
[OpenGLRenderer] InitializeShaders() - Compiling shaders...
[OpenGLRenderer]   - Primitive shader compiled (program ID: 3)
[OpenGLRenderer]   - Textured shader compiled (program ID: 4)
[OpenGLRenderer]   - Fill shader compiled (program ID: 5)
[OpenGLRenderer]   - Copy shader compiled (program ID: 6)
[OpenGLRenderer] All 4 shaders compiled successfully!
[OpenGLRenderer] InitializeBuffers() - Creating VAO and VBO...
[OpenGLRenderer] VAO and VBO created (max 4096 vertices per batch)
[OpenGLRenderer] InitializeVRAM() - Creating VRAM texture and FBO...
[OpenGLRenderer] VRAM texture created (1024x512, RGB5A1, 1024 KB)
[OpenGLRenderer] VRAM FBO created and verified (complete)
[OpenGLRenderer] Initialization complete!
Renderer ready

Calling entry point 0x80010DF4...
[BLACKSCREEN][PROBE] dynamic probe enabled for 'Castlevania Recomp'
[BLACKSCREEN][CALL] enter #1 addr=0x80010DF4 kseg0=0x80010DF4 ra=0x00000000 sp=0x801FFF00 f=0
[OVERRIDE] runtime overrides: tomba=0 castlevania=1 for 'Castlevania Recomp'
[OVERRIDE] castlevania timer helper override=1 (env PSX_CASTLE_TIMER_OVERRIDE) 15308_override=1 (env PSX_CASTLE_15308_OVERRIDE)
[OVERRIDE] castlevania boot unblock override=0 (env PSX_CASTLE_BOOT_UNBLOCK)
[BLACKSCREEN][INIT] timer ptrs mode=default c2a8=0x1F801814 c2ac=0x1F801110
[BLACKSCREEN][CALL] stage=before_overlay #1 addr=0x80010DF4 ra=0x00000000 f=0
[BLACKSCREEN][CALL] stage=before_inbinary #1 addr=0x80010DF4 ra=0x00000000 f=0
[BLACKSCREEN][CALL] route=interp #1 addr=0x80010DF4 ra=0x00000000 f=0
[BLACKSCREEN][INTERP] enter start=0x80010DF4 instr0=0x03E00008 a0=0x00000000 ra=0x00000000 sp=0x801FFF00 f=0
[BLACKSCREEN][INTERP] start=0x80010DF4 end=0x80010DF4 steps=1 reason=invalid_target target=0x00000000 a0=0x00000000 ra=0x00000000 sp=0x801FFF00 f=0
Entry point returned.
[BLACKSCREEN] Entry 0x80010DF4 returned immediately; trying bootstrap entry 0x80010DFC
[BLACKSCREEN][CALL] enter #2 addr=0x80010DFC kseg0=0x80010DFC ra=0x00000000 sp=0x801FFF00 f=0
[BLACKSCREEN][CALL] stage=before_overlay #2 addr=0x80010DFC ra=0x00000000 f=0
[BLACKSCREEN][CALL] stage=before_inbinary #2 addr=0x80010DFC ra=0x00000000 f=0
[BLACKSCREEN][CALL] route=interp #2 addr=0x80010DFC ra=0x00000000 f=0
[BLACKSCREEN][INTERP] enter start=0x80010DFC instr0=0x3C028003 a0=0x00000000 ra=0x00000000 sp=0x801FFF00 f=0
[BLACKSCREEN][CALL] enter #3 addr=0x80010DF4 kseg0=0x80010DF4 ra=0x80010EC8 sp=0x801FFFE8 f=0
[BLACKSCREEN][CALL] stage=before_overlay #3 addr=0x80010DF4 ra=0x80010EC8 f=0
[BLACKSCREEN][CALL] stage=before_inbinary #3 addr=0x80010DF4 ra=0x80010EC8 f=0
[BLACKSCREEN][CALL] route=interp #3 addr=0x80010DF4 ra=0x80010EC8 f=0
[BLACKSCREEN][INTERP] enter start=0x80010DF4 instr0=0x03E00008 a0=0x00000000 ra=0x80010EC8 sp=0x801FFFE8 f=0
[BLACKSCREEN][INTERP] start=0x80010DF4 end=0x80010DF4 steps=1 reason=jr_ra target=0x80010EC8 ra=0x80010EC8 sp=0x801FFFE8 f=0
[BLACKSCREEN][INTERP-LOCALJ] start=0x80010DFC pc=0x80010FCC target=0x80011104 sp=0x801FFFE8 ra=0x80010FCC f=0
[BLACKSCREEN][INTERP] start=0x80010DFC end=0x80011124 steps=413467 reason=jr_ra target=0x80010EA4 ra=0x80010EA4 sp=0x80200000 f=0
[BLACKSCREEN] Bootstrap entry 0x80010DFC returned
[BLACKSCREEN] Entry returned before first PS1 frame; trying display entry 0x800191E0
[BLACKSCREEN][CALL] enter #4 addr=0x800191E0 kseg0=0x800191E0 ra=0x80010EA4 sp=0x80200000 f=0
[BLACKSCREEN][CALL] stage=before_overlay #4 addr=0x800191E0 ra=0x80010EA4 f=0
[BLACKSCREEN][CALL] stage=before_inbinary #4 addr=0x800191E0 ra=0x80010EA4 f=0
[BLACKSCREEN][CALL] route=interp #4 addr=0x800191E0 ra=0x80010EA4 f=0
[BLACKSCREEN][INTERP] enter start=0x800191E0 instr0=0x00000000 a0=0x00000002 ra=0x80010EA4 sp=0x80200000 f=0
[BLACKSCREEN][INTERP] start=0x800191E0 end=0x80019224 steps=14 reason=jr_ra target=0x80010EA4 ra=0x80010EA4 sp=0x80200000 f=0
[BLACKSCREEN] Display entry returned
[BLACKSCREEN] Display entry 0x800191E0 returned; trying alternate display entry 0x80019844
[BLACKSCREEN][CALL] enter #5 addr=0x80019844 kseg0=0x80019844 ra=0x80010EA4 sp=0x80200000 f=0
[BLACKSCREEN][CALL] stage=before_overlay #5 addr=0x80019844 ra=0x80010EA4 f=0
[BLACKSCREEN][CALL] stage=before_inbinary #5 addr=0x80019844 ra=0x80010EA4 f=0
[BLACKSCREEN][CALL] route=interp #5 addr=0x80019844 ra=0x80010EA4 f=0
[BLACKSCREEN][INTERP] enter start=0x80019844 instr0=0x27BDFFD0 a0=0x00000000 ra=0x80010EA4 sp=0x80200000 f=0
[BLACKSCREEN][INTERP-RA] pre-save pc=0x80019890 sp=0x801FFFD0 ra=0x80010EA4 slot_before=0x80010EA4 f=0
[BLACKSCREEN][A65C-OVR] #1 f=0 ra=0x8001991C sp=0x801FFFD0 a0=0x00000000 v0=0x00000000 timer=0x00000000
[BLACKSCREEN][19844-TAIL] pc=0x80019944 instr=0x0C006844 v0=0x00000000 a0=0x00000000 a1=0x801E0000 ra=0x8001991C sp=0x801FFFD0 f=0
[BLACKSCREEN][19844-STATE] pc=0x80019944 v0=0x00000000 v1=0x80032A24 a0=0x00000000 a1=0x801E0000 a0m0=0x00000000 a0m1=0x00000000 a1m0=0x00000000 a1m1=0x00000000 s0=0x00000003 s1=0x801E0000 ra=0x8001991C c2a8=0x1F801814 c2ac=0x1F801110 t0=0x1C080000 t1=0x00000001 f=0
[BLACKSCREEN][CALL] enter #6 addr=0x8001A110 kseg0=0x8001A110 ra=0x8001994C sp=0x801FFFD0 f=0
[BLACKSCREEN][CALL] stage=before_overlay #6 addr=0x8001A110 ra=0x8001994C f=0
[BLACKSCREEN][CALL] stage=before_inbinary #6 addr=0x8001A110 ra=0x8001994C f=0
[BLACKSCREEN][CALL] route=interp #6 addr=0x8001A110 ra=0x8001994C f=0
[BLACKSCREEN][INTERP] enter start=0x8001A110 instr0=0x27BDFFC8 a0=0x00000000 ra=0x8001994C sp=0x801FFFD0 f=0
[BLACKSCREEN][CALL] enter #7 addr=0x80015308 kseg0=0x80015308 ra=0x8001A144 sp=0x801FFF98 f=0
[BLACKSCREEN][CALL] enter #8 addr=0x80015308 kseg0=0x80015308 ra=0x8001A184 sp=0x801FFF98 f=0
[BLACKSCREEN][CALL] enter #9 addr=0x80015650 kseg0=0x80015650 ra=0x8001A24C sp=0x801FFF98 f=0
[BLACKSCREEN][CALL] stage=before_overlay #7 addr=0x80015650 ra=0x8001A24C f=0
[BLACKSCREEN][CALL] stage=before_inbinary #7 addr=0x80015650 ra=0x8001A24C f=0
[BLACKSCREEN][CALL] route=interp #7 addr=0x80015650 ra=0x8001A24C f=0
[BLACKSCREEN][INTERP] enter start=0x80015650 instr0=0x3C028003 a0=0xFFFFFFFF ra=0x8001A24C sp=0x801FFF98 f=0
[BLACKSCREEN][INTERP] start=0x80015650 end=0x80015658 steps=3 reason=jr_ra target=0x8001A24C ra=0x8001A24C sp=0x801FFF98 f=0
[BLACKSCREEN][CALL] enter #10 addr=0x80015308 kseg0=0x80015308 ra=0x8001A184 sp=0x801FFF98 f=0
[BLACKSCREEN][CALL] enter #11 addr=0x80015650 kseg0=0x80015650 ra=0x8001A24C sp=0x801FFF98 f=0
[BLACKSCREEN][CALL] stage=before_overlay #8 addr=0x80015650 ra=0x8001A24C f=0
[BLACKSCREEN][CALL] stage=before_inbinary #8 addr=0x80015650 ra=0x8001A24C f=0
[BLACKSCREEN][CALL] route=interp #8 addr=0x80015650 ra=0x8001A24C f=0
[BLACKSCREEN][INTERP] enter start=0x80015650 instr0=0x3C028003 a0=0xFFFFFFFF ra=0x8001A24C sp=0x801FFF98 f=0
[BLACKSCREEN][INTERP] start=0x80015650 end=0x80015658 steps=3 reason=jr_ra target=0x8001A24C ra=0x8001A24C sp=0x801FFF98 f=0
[BLACKSCREEN][CALL] enter #12 addr=0x80015308 kseg0=0x80015308 ra=0x8001A184 sp=0x801FFF98 f=0
[BLACKSCREEN][CALL] enter #13 addr=0x80015650 kseg0=0x80015650 ra=0x8001A24C sp=0x801FFF98 f=0
[BLACKSCREEN][CALL] stage=before_overlay #9 addr=0x80015650 ra=0x8001A24C f=0
[BLACKSCREEN][CALL] stage=before_inbinary #9 addr=0x80015650 ra=0x8001A24C f=0
[BLACKSCREEN][CALL] route=interp #9 addr=0x80015650 ra=0x8001A24C f=0
[BLACKSCREEN][INTERP] enter start=0x80015650 instr0=0x3C028003 a0=0xFFFFFFFF ra=0x8001A24C sp=0x801FFF98 f=0
[BLACKSCREEN][INTERP] start=0x80015650 end=0x80015658 steps=3 reason=jr_ra target=0x8001A24C ra=0x8001A24C sp=0x801FFF98 f=0
[BLACKSCREEN][CALL] enter #14 addr=0x80015308 kseg0=0x80015308 ra=0x8001A184 sp=0x801FFF98 f=0
[BLACKSCREEN][CALL] enter #15 addr=0x80015650 kseg0=0x80015650 ra=0x8001A24C sp=0x801FFF98 f=0
[BLACKSCREEN][CALL] stage=before_overlay #10 addr=0x80015650 ra=0x8001A24C f=0
[BLACKSCREEN][CALL] stage=before_inbinary #10 addr=0x80015650 ra=0x8001A24C f=0
[BLACKSCREEN][CALL] route=interp #10 addr=0x80015650 ra=0x8001A24C f=0
[BLACKSCREEN][INTERP] enter start=0x80015650 instr0=0x3C028003 a0=0xFFFFFFFF ra=0x8001A24C sp=0x801FFF98 f=0
[BLACKSCREEN][INTERP] start=0x80015650 end=0x80015658 steps=3 reason=jr_ra target=0x8001A24C ra=0x8001A24C sp=0x801FFF98 f=0
[BLACKSCREEN][CALL] enter #16 addr=0x80015308 kseg0=0x80015308 ra=0x8001A184 sp=0x801FFF98 f=0
[BLACKSCREEN][CALL] enter #17 addr=0x80015650 kseg0=0x80015650 ra=0x8001A24C sp=0x801FFF98 f=0
[BLACKSCREEN][CALL] stage=before_overlay #11 addr=0x80015650 ra=0x8001A24C f=0
[BLACKSCREEN][CALL] stage=before_inbinary #11 addr=0x80015650 ra=0x8001A24C f=0
[BLACKSCREEN][CALL] route=interp #11 addr=0x80015650 ra=0x8001A24C f=0
[BLACKSCREEN][INTERP] enter start=0x80015650 instr0=0x3C028003 a0=0xFFFFFFFF ra=0x8001A24C sp=0x801FFF98 f=0
[BLACKSCREEN][INTERP] start=0x80015650 end=0x80015658 steps=3 reason=jr_ra target=0x8001A24C ra=0x8001A24C sp=0x801FFF98 f=0
[BLACKSCREEN][CALL] enter #18 addr=0x80015308 kseg0=0x80015308 ra=0x8001A184 sp=0x801FFF98 f=0
[BLACKSCREEN][CALL] enter #19 addr=0x80015650 kseg0=0x80015650 ra=0x8001A24C sp=0x801FFF98 f=0
[BLACKSCREEN][CALL] stage=before_overlay #12 addr=0x80015650 ra=0x8001A24C f=0
[BLACKSCREEN][CALL] stage=before_inbinary #12 addr=0x80015650 ra=0x8001A24C f=0
[BLACKSCREEN][CALL] route=interp #12 addr=0x80015650 ra=0x8001A24C f=0
[BLACKSCREEN][INTERP] enter start=0x80015650 instr0=0x3C028003 a0=0xFFFFFFFF ra=0x8001A24C sp=0x801FFF98 f=0
[BLACKSCREEN][INTERP] start=0x80015650 end=0x80015658 steps=3 reason=jr_ra target=0x8001A24C ra=0x8001A24C sp=0x801FFF98 f=0
[BLACKSCREEN][CALL] enter #20 addr=0x80015308 kseg0=0x80015308 ra=0x8001A184 sp=0x801FFF98 f=0
[BLACKSCREEN][CALL] enter #21 addr=0x80015650 kseg0=0x80015650 ra=0x8001A24C sp=0x801FFF98 f=0
[BLACKSCREEN][CALL] stage=before_overlay #13 addr=0x80015650 ra=0x8001A24C f=0
[BLACKSCREEN][CALL] stage=before_inbinary #13 addr=0x80015650 ra=0x8001A24C f=0
[BLACKSCREEN][CALL] route=interp #13 addr=0x80015650 ra=0x8001A24C f=0
[BLACKSCREEN][INTERP] enter start=0x80015650 instr0=0x3C028003 a0=0xFFFFFFFF ra=0x8001A24C sp=0x801FFF98 f=0
[BLACKSCREEN][INTERP] start=0x80015650 end=0x80015658 steps=3 reason=jr_ra target=0x8001A24C ra=0x8001A24C sp=0x801FFF98 f=0
[BLACKSCREEN][CALL] enter #22 addr=0x80015308 kseg0=0x80015308 ra=0x8001A184 sp=0x801FFF98 f=0
[BLACKSCREEN][CALL] enter #23 addr=0x80015650 kseg0=0x80015650 ra=0x8001A24C sp=0x801FFF98 f=0
[BLACKSCREEN][CALL] stage=before_overlay #14 addr=0x80015650 ra=0x8001A24C f=0
[BLACKSCREEN][CALL] stage=before_inbinary #14 addr=0x80015650 ra=0x8001A24C f=0
[BLACKSCREEN][CALL] route=interp #14 addr=0x80015650 ra=0x8001A24C f=0
[BLACKSCREEN][INTERP] enter start=0x80015650 instr0=0x3C028003 a0=0xFFFFFFFF ra=0x8001A24C sp=0x801FFF98 f=0
[BLACKSCREEN][INTERP] start=0x80015650 end=0x80015658 steps=3 reason=jr_ra target=0x8001A24C ra=0x8001A24C sp=0x801FFF98 f=0
[BLACKSCREEN][CALL] enter #24 addr=0x80015308 kseg0=0x80015308 ra=0x8001A184 sp=0x801FFF98 f=0
[BLACKSCREEN][CALL] enter #25 addr=0x80015650 kseg0=0x80015650 ra=0x8001A24C sp=0x801FFF98 f=0
[BLACKSCREEN][CALL] stage=before_overlay #15 addr=0x80015650 ra=0x8001A24C f=0
[BLACKSCREEN][CALL] stage=before_inbinary #15 addr=0x80015650 ra=0x8001A24C f=0
[BLACKSCREEN][CALL] route=interp #15 addr=0x80015650 ra=0x8001A24C f=0
[BLACKSCREEN][INTERP] enter start=0x80015650 instr0=0x3C028003 a0=0xFFFFFFFF ra=0x8001A24C sp=0x801FFF98 f=0
[BLACKSCREEN][INTERP] start=0x80015650 end=0x80015658 steps=3 reason=jr_ra target=0x8001A24C ra=0x8001A24C sp=0x801FFF98 f=0
[BLACKSCREEN][CALL] enter #26 addr=0x80015308 kseg0=0x80015308 ra=0x8001A184 sp=0x801FFF98 f=0
[BLACKSCREEN][CALL] enter #27 addr=0x80015650 kseg0=0x80015650 ra=0x8001A24C sp=0x801FFF98 f=0
[BLACKSCREEN][CALL] stage=before_overlay #16 addr=0x80015650 ra=0x8001A24C f=0
[BLACKSCREEN][CALL] stage=before_inbinary #16 addr=0x80015650 ra=0x8001A24C f=0
[BLACKSCREEN][CALL] route=interp #16 addr=0x80015650 ra=0x8001A24C f=0
[BLACKSCREEN][INTERP] enter start=0x80015650 instr0=0x3C028003 a0=0xFFFFFFFF ra=0x8001A24C sp=0x801FFF98 f=0
[BLACKSCREEN][INTERP] start=0x80015650 end=0x80015658 steps=3 reason=jr_ra target=0x8001A24C ra=0x8001A24C sp=0x801FFF98 f=0
[BLACKSCREEN][CALL] enter #28 addr=0x80015308 kseg0=0x80015308 ra=0x8001A184 sp=0x801FFF98 f=0
[BLACKSCREEN][CALL] enter #29 addr=0x80015650 kseg0=0x80015650 ra=0x8001A24C sp=0x801FFF98 f=0
[BLACKSCREEN][CALL] stage=before_overlay #17 addr=0x80015650 ra=0x8001A24C f=0
[BLACKSCREEN][CALL] stage=before_inbinary #17 addr=0x80015650 ra=0x8001A24C f=0
[BLACKSCREEN][CALL] route=interp #17 addr=0x80015650 ra=0x8001A24C f=0
[BLACKSCREEN][INTERP] enter start=0x80015650 instr0=0x3C028003 a0=0xFFFFFFFF ra=0x8001A24C sp=0x801FFF98 f=0
[BLACKSCREEN][INTERP] start=0x80015650 end=0x80015658 steps=3 reason=jr_ra target=0x8001A24C ra=0x8001A24C sp=0x801FFF98 f=0
[BLACKSCREEN][CALL] enter #30 addr=0x80015308 kseg0=0x80015308 ra=0x8001A184 sp=0x801FFF98 f=0
[BLACKSCREEN][CALL] enter #31 addr=0x80015650 kseg0=0x80015650 ra=0x8001A24C sp=0x801FFF98 f=0
[BLACKSCREEN][CALL] stage=before_overlay #18 addr=0x80015650 ra=0x8001A24C f=0
[BLACKSCREEN][CALL] stage=before_inbinary #18 addr=0x80015650 ra=0x8001A24C f=0
[BLACKSCREEN][CALL] route=interp #18 addr=0x80015650 ra=0x8001A24C f=0
[BLACKSCREEN][INTERP] enter start=0x80015650 instr0=0x3C028003 a0=0xFFFFFFFF ra=0x8001A24C sp=0x801FFF98 f=0
[BLACKSCREEN][INTERP] start=0x80015650 end=0x80015658 steps=3 reason=jr_ra target=0x8001A24C ra=0x8001A24C sp=0x801FFF98 f=0
[BLACKSCREEN][CALL] enter #32 addr=0x80015308 kseg0=0x80015308 ra=0x8001A184 sp=0x801FFF98 f=0
[BLACKSCREEN][CALL] enter #33 addr=0x80015650 kseg0=0x80015650 ra=0x8001A24C sp=0x801FFF98 f=0
[BLACKSCREEN][CALL] stage=before_overlay #19 addr=0x80015650 ra=0x8001A24C f=0
[BLACKSCREEN][CALL] stage=before_inbinary #19 addr=0x80015650 ra=0x8001A24C f=0
[BLACKSCREEN][CALL] route=interp #19 addr=0x80015650 ra=0x8001A24C f=0
[BLACKSCREEN][INTERP] enter start=0x80015650 instr0=0x3C028003 a0=0xFFFFFFFF ra=0x8001A24C sp=0x801FFF98 f=0
[BLACKSCREEN][INTERP] start=0x80015650 end=0x80015658 steps=3 reason=jr_ra target=0x8001A24C ra=0x8001A24C sp=0x801FFF98 f=0
[BLACKSCREEN][CALL] enter #34 addr=0x80015308 kseg0=0x80015308 ra=0x8001A184 sp=0x801FFF98 f=0
[BLACKSCREEN][CALL] enter #35 addr=0x80015650 kseg0=0x80015650 ra=0x8001A24C sp=0x801FFF98 f=0
[BLACKSCREEN][CALL] stage=before_overlay #20 addr=0x80015650 ra=0x8001A24C f=0
[BLACKSCREEN][CALL] stage=before_inbinary #20 addr=0x80015650 ra=0x8001A24C f=0
[BLACKSCREEN][CALL] route=interp #20 addr=0x80015650 ra=0x8001A24C f=0
[BLACKSCREEN][INTERP] enter start=0x80015650 instr0=0x3C028003 a0=0xFFFFFFFF ra=0x8001A24C sp=0x801FFF98 f=0
[BLACKSCREEN][INTERP] start=0x80015650 end=0x80015658 steps=3 reason=jr_ra target=0x8001A24C ra=0x8001A24C sp=0x801FFF98 f=0
[BLACKSCREEN][CALL] enter #36 addr=0x80015308 kseg0=0x80015308 ra=0x8001A184 sp=0x801FFF98 f=0
[BLACKSCREEN][CALL] enter #37 addr=0x80015650 kseg0=0x80015650 ra=0x8001A24C sp=0x801FFF98 f=0
[BLACKSCREEN][CALL] stage=before_overlay #21 addr=0x80015650 ra=0x8001A24C f=0
[BLACKSCREEN][CALL] stage=before_inbinary #21 addr=0x80015650 ra=0x8001A24C f=0
[BLACKSCREEN][CALL] route=interp #21 addr=0x80015650 ra=0x8001A24C f=0
[BLACKSCREEN][INTERP] enter start=0x80015650 instr0=0x3C028003 a0=0xFFFFFFFF ra=0x8001A24C sp=0x801FFF98 f=0
[BLACKSCREEN][INTERP] start=0x80015650 end=0x80015658 steps=3 reason=jr_ra target=0x8001A24C ra=0x8001A24C sp=0x801FFF98 f=0
[BLACKSCREEN][CALL] enter #38 addr=0x80015308 kseg0=0x80015308 ra=0x8001A184 sp=0x801FFF98 f=0
[BLACKSCREEN][CALL] enter #39 addr=0x80015650 kseg0=0x80015650 ra=0x8001A24C sp=0x801FFF98 f=0
[BLACKSCREEN][CALL] stage=before_overlay #22 addr=0x80015650 ra=0x8001A24C f=0
[BLACKSCREEN][CALL] stage=before_inbinary #22 addr=0x80015650 ra=0x8001A24C f=0
[BLACKSCREEN][CALL] route=interp #22 addr=0x80015650 ra=0x8001A24C f=0
[BLACKSCREEN][INTERP] enter start=0x80015650 instr0=0x3C028003 a0=0xFFFFFFFF ra=0x8001A24C sp=0x801FFF98 f=0
[BLACKSCREEN][INTERP] start=0x80015650 end=0x80015658 steps=3 reason=jr_ra target=0x8001A24C ra=0x8001A24C sp=0x801FFF98 f=0
[BLACKSCREEN][CALL] enter #40 addr=0x80015308 kseg0=0x80015308 ra=0x8001A184 sp=0x801FFF98 f=0
[BLACKSCREEN][CALL] enter #41 addr=0x80015650 kseg0=0x80015650 ra=0x8001A24C sp=0x801FFF98 f=0
[BLACKSCREEN][CALL] stage=before_overlay #23 addr=0x80015650 ra=0x8001A24C f=0
[BLACKSCREEN][CALL] stage=before_inbinary #23 addr=0x80015650 ra=0x8001A24C f=0
[BLACKSCREEN][CALL] route=interp #23 addr=0x80015650 ra=0x8001A24C f=0
[BLACKSCREEN][INTERP] enter start=0x80015650 instr0=0x3C028003 a0=0xFFFFFFFF ra=0x8001A24C sp=0x801FFF98 f=0
[BLACKSCREEN][INTERP] start=0x80015650 end=0x80015658 steps=3 reason=jr_ra target=0x8001A24C ra=0x8001A24C sp=0x801FFF98 f=0
[BLACKSCREEN][CALL] enter #42 addr=0x80015308 kseg0=0x80015308 ra=0x8001A184 sp=0x801FFF98 f=0
[BLACKSCREEN][CALL] enter #43 addr=0x80015650 kseg0=0x80015650 ra=0x8001A24C sp=0x801FFF98 f=0
[BLACKSCREEN][CALL] stage=before_overlay #24 addr=0x80015650 ra=0x8001A24C f=0
[BLACKSCREEN][CALL] stage=before_inbinary #24 addr=0x80015650 ra=0x8001A24C f=0
[BLACKSCREEN][CALL] route=interp #24 addr=0x80015650 ra=0x8001A24C f=0
[BLACKSCREEN][INTERP] enter start=0x80015650 instr0=0x3C028003 a0=0xFFFFFFFF ra=0x8001A24C sp=0x801FFF98 f=0
[BLACKSCREEN][INTERP] start=0x80015650 end=0x80015658 steps=3 reason=jr_ra target=0x8001A24C ra=0x8001A24C sp=0x801FFF98 f=0
[BLACKSCREEN][CALL] enter #44 addr=0x80015308 kseg0=0x80015308 ra=0x8001A184 sp=0x801FFF98 f=0
[BLACKSCREEN][CALL] enter #45 addr=0x80015650 kseg0=0x80015650 ra=0x8001A24C sp=0x801FFF98 f=0
[BLACKSCREEN][CALL] stage=before_overlay #25 addr=0x80015650 ra=0x8001A24C f=0
[BLACKSCREEN][CALL] stage=before_inbinary #25 addr=0x80015650 ra=0x8001A24C f=0
[BLACKSCREEN][CALL] route=interp #25 addr=0x80015650 ra=0x8001A24C f=0
[BLACKSCREEN][INTERP] enter start=0x80015650 instr0=0x3C028003 a0=0xFFFFFFFF ra=0x8001A24C sp=0x801FFF98 f=0
[BLACKSCREEN][INTERP] start=0x80015650 end=0x80015658 steps=3 reason=jr_ra target=0x8001A24C ra=0x8001A24C sp=0x801FFF98 f=0
[BLACKSCREEN][CALL] enter #46 addr=0x80015308 kseg0=0x80015308 ra=0x8001A184 sp=0x801FFF98 f=0
[BLACKSCREEN][CALL] enter #47 addr=0x80015650 kseg0=0x80015650 ra=0x8001A24C sp=0x801FFF98 f=0
[BLACKSCREEN][CALL] stage=before_overlay #26 addr=0x80015650 ra=0x8001A24C f=0
[BLACKSCREEN][CALL] stage=before_inbinary #26 addr=0x80015650 ra=0x8001A24C f=0
[BLACKSCREEN][CALL] route=interp #26 addr=0x80015650 ra=0x8001A24C f=0
[BLACKSCREEN][INTERP] enter start=0x80015650 instr0=0x3C028003 a0=0xFFFFFFFF ra=0x8001A24C sp=0x801FFF98 f=0
[BLACKSCREEN][INTERP] start=0x80015650 end=0x80015658 steps=3 reason=jr_ra target=0x8001A24C ra=0x8001A24C sp=0x801FFF98 f=0
[BLACKSCREEN][CALL] enter #48 addr=0x80015308 kseg0=0x80015308 ra=0x8001A184 sp=0x801FFF98 f=0
[BLACKSCREEN][CALL] enter #49 addr=0x80015650 kseg0=0x80015650 ra=0x8001A24C sp=0x801FFF98 f=0
[BLACKSCREEN][CALL] stage=before_overlay #27 addr=0x80015650 ra=0x8001A24C f=0
[BLACKSCREEN][CALL] stage=before_inbinary #27 addr=0x80015650 ra=0x8001A24C f=0
[BLACKSCREEN][CALL] route=interp #27 addr=0x80015650 ra=0x8001A24C f=0
[BLACKSCREEN][INTERP] enter start=0x80015650 instr0=0x3C028003 a0=0xFFFFFFFF ra=0x8001A24C sp=0x801FFF98 f=0
[BLACKSCREEN][INTERP] start=0x80015650 end=0x80015658 steps=3 reason=jr_ra target=0x8001A24C ra=0x8001A24C sp=0x801FFF98 f=0
[BLACKSCREEN][CALL] enter #50 addr=0x80015308 kseg0=0x80015308 ra=0x8001A184 sp=0x801FFF98 f=0
[BLACKSCREEN][CALL] enter #51 addr=0x80015650 kseg0=0x80015650 ra=0x8001A24C sp=0x801FFF98 f=0
[BLACKSCREEN][CALL] stage=before_overlay #28 addr=0x80015650 ra=0x8001A24C f=0
[BLACKSCREEN][CALL] stage=before_inbinary #28 addr=0x80015650 ra=0x8001A24C f=0
[BLACKSCREEN][CALL] route=interp #28 addr=0x80015650 ra=0x8001A24C f=0
[BLACKSCREEN][INTERP] enter start=0x80015650 instr0=0x3C028003 a0=0xFFFFFFFF ra=0x8001A24C sp=0x801FFF98 f=0
[BLACKSCREEN][INTERP] start=0x80015650 end=0x80015658 steps=3 reason=jr_ra target=0x8001A24C ra=0x8001A24C sp=0x801FFF98 f=0
[BLACKSCREEN][CALL] enter #52 addr=0x80015308 kseg0=0x80015308 ra=0x8001A184 sp=0x801FFF98 f=0
[BLACKSCREEN][CALL] enter #53 addr=0x80015650 kseg0=0x80015650 ra=0x8001A24C sp=0x801FFF98 f=0
[BLACKSCREEN][CALL] stage=before_overlay #29 addr=0x80015650 ra=0x8001A24C f=0
[BLACKSCREEN][CALL] stage=before_inbinary #29 addr=0x80015650 ra=0x8001A24C f=0
[BLACKSCREEN][CALL] route=interp #29 addr=0x80015650 ra=0x8001A24C f=0
[BLACKSCREEN][INTERP] enter start=0x80015650 instr0=0x3C028003 a0=0xFFFFFFFF ra=0x8001A24C sp=0x801FFF98 f=0
[BLACKSCREEN][INTERP] start=0x80015650 end=0x80015658 steps=3 reason=jr_ra target=0x8001A24C ra=0x8001A24C sp=0x801FFF98 f=0
[BLACKSCREEN][CALL] enter #54 addr=0x80015308 kseg0=0x80015308 ra=0x8001A184 sp=0x801FFF98 f=0
[BLACKSCREEN][CALL] enter #55 addr=0x80015650 kseg0=0x80015650 ra=0x8001A24C sp=0x801FFF98 f=0
[BLACKSCREEN][CALL] stage=before_overlay #30 addr=0x80015650 ra=0x8001A24C f=0
[BLACKSCREEN][CALL] stage=before_inbinary #30 addr=0x80015650 ra=0x8001A24C f=0
[BLACKSCREEN][CALL] route=interp #30 addr=0x80015650 ra=0x8001A24C f=0
[BLACKSCREEN][INTERP] enter start=0x80015650 instr0=0x3C028003 a0=0xFFFFFFFF ra=0x8001A24C sp=0x801FFF98 f=0
[BLACKSCREEN][INTERP] start=0x80015650 end=0x80015658 steps=3 reason=jr_ra target=0x8001A24C ra=0x8001A24C sp=0x801FFF98 f=0
[BLACKSCREEN][CALL] enter #56 addr=0x80015308 kseg0=0x80015308 ra=0x8001A184 sp=0x801FFF98 f=0
[BLACKSCREEN][CALL] enter #57 addr=0x80015650 kseg0=0x80015650 ra=0x8001A24C sp=0x801FFF98 f=0
[BLACKSCREEN][CALL] stage=before_overlay #31 addr=0x80015650 ra=0x8001A24C f=0
[BLACKSCREEN][CALL] stage=before_inbinary #31 addr=0x80015650 ra=0x8001A24C f=0
[BLACKSCREEN][CALL] route=interp #31 addr=0x80015650 ra=0x8001A24C f=0
[BLACKSCREEN][INTERP] enter start=0x80015650 instr0=0x3C028003 a0=0xFFFFFFFF ra=0x8001A24C sp=0x801FFF98 f=0
[BLACKSCREEN][INTERP] start=0x80015650 end=0x80015658 steps=3 reason=jr_ra target=0x8001A24C ra=0x8001A24C sp=0x801FFF98 f=0
[BLACKSCREEN][CALL] enter #58 addr=0x80015308 kseg0=0x80015308 ra=0x8001A184 sp=0x801FFF98 f=0
[BLACKSCREEN][CALL] enter #59 addr=0x80015650 kseg0=0x80015650 ra=0x8001A24C sp=0x801FFF98 f=0
[BLACKSCREEN][CALL] stage=before_overlay #32 addr=0x80015650 ra=0x8001A24C f=0
[BLACKSCREEN][CALL] stage=before_inbinary #32 addr=0x80015650 ra=0x8001A24C f=0
[BLACKSCREEN][CALL] route=interp #32 addr=0x80015650 ra=0x8001A24C f=0
[BLACKSCREEN][INTERP] enter start=0x80015650 instr0=0x3C028003 a0=0xFFFFFFFF ra=0x8001A24C sp=0x801FFF98 f=0
[BLACKSCREEN][INTERP] start=0x80015650 end=0x80015658 steps=3 reason=jr_ra target=0x8001A24C ra=0x8001A24C sp=0x801FFF98 f=0
[BLACKSCREEN][CALL] enter #60 addr=0x80015308 kseg0=0x80015308 ra=0x8001A184 sp=0x801FFF98 f=0
[BLACKSCREEN][CALL] enter #61 addr=0x80015650 kseg0=0x80015650 ra=0x8001A24C sp=0x801FFF98 f=0
[BLACKSCREEN][CALL] stage=before_overlay #33 addr=0x80015650 ra=0x8001A24C f=0
[BLACKSCREEN][CALL] stage=before_inbinary #33 addr=0x80015650 ra=0x8001A24C f=0
[BLACKSCREEN][CALL] route=interp #33 addr=0x80015650 ra=0x8001A24C f=0
[BLACKSCREEN][INTERP] enter start=0x80015650 instr0=0x3C028003 a0=0xFFFFFFFF ra=0x8001A24C sp=0x801FFF98 f=0
[BLACKSCREEN][INTERP] start=0x80015650 end=0x80015658 steps=3 reason=jr_ra target=0x8001A24C ra=0x8001A24C sp=0x801FFF98 f=0
[BLACKSCREEN][CALL] enter #62 addr=0x80015308 kseg0=0x80015308 ra=0x8001A184 sp=0x801FFF98 f=0
[BLACKSCREEN][CALL] enter #63 addr=0x80015650 kseg0=0x80015650 ra=0x8001A24C sp=0x801FFF98 f=0
[BLACKSCREEN][CALL] stage=before_overlay #34 addr=0x80015650 ra=0x8001A24C f=0
[BLACKSCREEN][CALL] stage=before_inbinary #34 addr=0x80015650 ra=0x8001A24C f=0
[BLACKSCREEN][CALL] route=interp #34 addr=0x80015650 ra=0x8001A24C f=0
[BLACKSCREEN][INTERP] enter start=0x80015650 instr0=0x3C028003 a0=0xFFFFFFFF ra=0x8001A24C sp=0x801FFF98 f=0
[BLACKSCREEN][INTERP] start=0x80015650 end=0x80015658 steps=3 reason=jr_ra target=0x8001A24C ra=0x8001A24C sp=0x801FFF98 f=0
[BLACKSCREEN][CALL] enter #64 addr=0x80015308 kseg0=0x80015308 ra=0x8001A184 sp=0x801FFF98 f=0
[BLACKSCREEN][CALL] enter #65 addr=0x80015650 kseg0=0x80015650 ra=0x8001A24C sp=0x801FFF98 f=0
[BLACKSCREEN][CALL] stage=before_overlay #35 addr=0x80015650 ra=0x8001A24C f=0
[BLACKSCREEN][CALL] stage=before_inbinary #35 addr=0x80015650 ra=0x8001A24C f=0
[BLACKSCREEN][CALL] route=interp #35 addr=0x80015650 ra=0x8001A24C f=0
[BLACKSCREEN][INTERP] enter start=0x80015650 instr0=0x3C028003 a0=0xFFFFFFFF ra=0x8001A24C sp=0x801FFF98 f=0
[BLACKSCREEN][INTERP] start=0x80015650 end=0x80015658 steps=3 reason=jr_ra target=0x8001A24C ra=0x8001A24C sp=0x801FFF98 f=0
[BLACKSCREEN][CALL] enter #66 addr=0x80015308 kseg0=0x80015308 ra=0x8001A184 sp=0x801FFF98 f=0
[BLACKSCREEN][CALL] enter #67 addr=0x80015650 kseg0=0x80015650 ra=0x8001A24C sp=0x801FFF98 f=0
[BLACKSCREEN][CALL] stage=before_overlay #36 addr=0x80015650 ra=0x8001A24C f=0
[BLACKSCREEN][CALL] stage=before_inbinary #36 addr=0x80015650 ra=0x8001A24C f=0
[BLACKSCREEN][CALL] route=interp #36 addr=0x80015650 ra=0x8001A24C f=0
[BLACKSCREEN][INTERP] enter start=0x80015650 instr0=0x3C028003 a0=0xFFFFFFFF ra=0x8001A24C sp=0x801FFF98 f=0
[BLACKSCREEN][INTERP] start=0x80015650 end=0x80015658 steps=3 reason=jr_ra target=0x8001A24C ra=0x8001A24C sp=0x801FFF98 f=0
[BLACKSCREEN][CALL] enter #68 addr=0x80015308 kseg0=0x80015308 ra=0x8001A184 sp=0x801FFF98 f=0
[BLACKSCREEN][CALL] enter #69 addr=0x80015650 kseg0=0x80015650 ra=0x8001A24C sp=0x801FFF98 f=0
[BLACKSCREEN][CALL] stage=before_overlay #37 addr=0x80015650 ra=0x8001A24C f=0
[BLACKSCREEN][CALL] stage=before_inbinary #37 addr=0x80015650 ra=0x8001A24C f=0
[BLACKSCREEN][CALL] route=interp #37 addr=0x80015650 ra=0x8001A24C f=0
[BLACKSCREEN][INTERP] enter start=0x80015650 instr0=0x3C028003 a0=0xFFFFFFFF ra=0x8001A24C sp=0x801FFF98 f=0
[BLACKSCREEN][INTERP] start=0x80015650 end=0x80015658 steps=3 reason=jr_ra target=0x8001A24C ra=0x8001A24C sp=0x801FFF98 f=0
[BLACKSCREEN][CALL] enter #70 addr=0x80015308 kseg0=0x80015308 ra=0x8001A184 sp=0x801FFF98 f=0
[BLACKSCREEN][CALL] enter #71 addr=0x80015650 kseg0=0x80015650 ra=0x8001A24C sp=0x801FFF98 f=0
[BLACKSCREEN][CALL] stage=before_overlay #38 addr=0x80015650 ra=0x8001A24C f=0
[BLACKSCREEN][CALL] stage=before_inbinary #38 addr=0x80015650 ra=0x8001A24C f=0
[BLACKSCREEN][CALL] route=interp #38 addr=0x80015650 ra=0x8001A24C f=0
[BLACKSCREEN][INTERP] enter start=0x80015650 instr0=0x3C028003 a0=0xFFFFFFFF ra=0x8001A24C sp=0x801FFF98 f=0
[BLACKSCREEN][INTERP] start=0x80015650 end=0x80015658 steps=3 reason=jr_ra target=0x8001A24C ra=0x8001A24C sp=0x801FFF98 f=0
[BLACKSCREEN][CALL] enter #72 addr=0x80015308 kseg0=0x80015308 ra=0x8001A184 sp=0x801FFF98 f=0
[BLACKSCREEN][CALL] enter #73 addr=0x80015650 kseg0=0x80015650 ra=0x8001A24C sp=0x801FFF98 f=0
[BLACKSCREEN][CALL] stage=before_overlay #39 addr=0x80015650 ra=0x8001A24C f=0
[BLACKSCREEN][CALL] stage=before_inbinary #39 addr=0x80015650 ra=0x8001A24C f=0
[BLACKSCREEN][CALL] route=interp #39 addr=0x80015650 ra=0x8001A24C f=0
[BLACKSCREEN][INTERP] enter start=0x80015650 instr0=0x3C028003 a0=0xFFFFFFFF ra=0x8001A24C sp=0x801FFF98 f=0
[BLACKSCREEN][INTERP] start=0x80015650 end=0x80015658 steps=3 reason=jr_ra target=0x8001A24C ra=0x8001A24C sp=0x801FFF98 f=0
[BLACKSCREEN][CALL] enter #74 addr=0x80015308 kseg0=0x80015308 ra=0x8001A184 sp=0x801FFF98 f=0
[BLACKSCREEN][CALL] enter #75 addr=0x80015650 kseg0=0x80015650 ra=0x8001A24C sp=0x801FFF98 f=0
[BLACKSCREEN][CALL] stage=before_overlay #40 addr=0x80015650 ra=0x8001A24C f=0
[BLACKSCREEN][CALL] stage=before_inbinary #40 addr=0x80015650 ra=0x8001A24C f=0
[BLACKSCREEN][CALL] route=interp #40 addr=0x80015650 ra=0x8001A24C f=0
[BLACKSCREEN][INTERP] enter start=0x80015650 instr0=0x3C028003 a0=0xFFFFFFFF ra=0x8001A24C sp=0x801FFF98 f=0
[BLACKSCREEN][INTERP] start=0x80015650 end=0x80015658 steps=3 reason=jr_ra target=0x8001A24C ra=0x8001A24C sp=0x801FFF98 f=0
[BLACKSCREEN][CALL] enter #76 addr=0x80015308 kseg0=0x80015308 ra=0x8001A184 sp=0x801FFF98 f=0
[BLACKSCREEN][CALL] enter #77 addr=0x80015650 kseg0=0x80015650 ra=0x8001A24C sp=0x801FFF98 f=0
[BLACKSCREEN][CALL] stage=before_overlay #41 addr=0x80015650 ra=0x8001A24C f=0
[BLACKSCREEN][CALL] stage=before_inbinary #41 addr=0x80015650 ra=0x8001A24C f=0
[BLACKSCREEN][CALL] route=interp #41 addr=0x80015650 ra=0x8001A24C f=0
[BLACKSCREEN][INTERP] enter start=0x80015650 instr0=0x3C028003 a0=0xFFFFFFFF ra=0x8001A24C sp=0x801FFF98 f=0
[BLACKSCREEN][INTERP] start=0x80015650 end=0x80015658 steps=3 reason=jr_ra target=0x8001A24C ra=0x8001A24C sp=0x801FFF98 f=0
[BLACKSCREEN][CALL] enter #78 addr=0x80015308 kseg0=0x80015308 ra=0x8001A184 sp=0x801FFF98 f=0
[BLACKSCREEN][CALL] enter #79 addr=0x80015650 kseg0=0x80015650 ra=0x8001A24C sp=0x801FFF98 f=0
[BLACKSCREEN][CALL] stage=before_overlay #42 addr=0x80015650 ra=0x8001A24C f=0
[BLACKSCREEN][CALL] stage=before_inbinary #42 addr=0x80015650 ra=0x8001A24C f=0
[BLACKSCREEN][CALL] route=interp #42 addr=0x80015650 ra=0x8001A24C f=0
[BLACKSCREEN][INTERP] enter start=0x80015650 instr0=0x3C028003 a0=0xFFFFFFFF ra=0x8001A24C sp=0x801FFF98 f=0
[BLACKSCREEN][INTERP] start=0x80015650 end=0x80015658 steps=3 reason=jr_ra target=0x8001A24C ra=0x8001A24C sp=0x801FFF98 f=0
[BLACKSCREEN][CALL] enter #80 addr=0x80015308 kseg0=0x80015308 ra=0x8001A184 sp=0x801FFF98 f=0
[BLACKSCREEN][CALL] stage=before_overlay #43 addr=0x80015650 ra=0x8001A24C f=0
[BLACKSCREEN][CALL] stage=before_inbinary #43 addr=0x80015650 ra=0x8001A24C f=0
[BLACKSCREEN][CALL] route=interp #43 addr=0x80015650 ra=0x8001A24C f=0
[BLACKSCREEN][INTERP] enter start=0x80015650 instr0=0x3C028003 a0=0xFFFFFFFF ra=0x8001A24C sp=0x801FFF98 f=0
[BLACKSCREEN][INTERP] start=0x80015650 end=0x80015658 steps=3 reason=jr_ra target=0x8001A24C ra=0x8001A24C sp=0x801FFF98 f=0
[BLACKSCREEN][CALL] stage=before_overlay #44 addr=0x80015650 ra=0x8001A24C f=0
[BLACKSCREEN][CALL] stage=before_inbinary #44 addr=0x80015650 ra=0x8001A24C f=0
[BLACKSCREEN][CALL] route=interp #44 addr=0x80015650 ra=0x8001A24C f=0
[BLACKSCREEN][INTERP] enter start=0x80015650 instr0=0x3C028003 a0=0xFFFFFFFF ra=0x8001A24C sp=0x801FFF98 f=0
[BLACKSCREEN][INTERP] start=0x80015650 end=0x80015658 steps=3 reason=jr_ra target=0x8001A24C ra=0x8001A24C sp=0x801FFF98 f=0
[BLACKSCREEN][CALL] stage=before_overlay #45 addr=0x80015650 ra=0x8001A24C f=0
[BLACKSCREEN][CALL] stage=before_inbinary #45 addr=0x80015650 ra=0x8001A24C f=0
[BLACKSCREEN][CALL] route=interp #45 addr=0x80015650 ra=0x8001A24C f=0
[BLACKSCREEN][INTERP] enter start=0x80015650 instr0=0x3C028003 a0=0xFFFFFFFF ra=0x8001A24C sp=0x801FFF98 f=0
[BLACKSCREEN][INTERP] start=0x80015650 end=0x80015658 steps=3 reason=jr_ra target=0x8001A24C ra=0x8001A24C sp=0x801FFF98 f=0
[BLACKSCREEN][CALL] stage=before_overlay #46 addr=0x80015650 ra=0x8001A24C f=0
[BLACKSCREEN][CALL] stage=before_inbinary #46 addr=0x80015650 ra=0x8001A24C f=0
[BLACKSCREEN][CALL] route=interp #46 addr=0x80015650 ra=0x8001A24C f=0
[BLACKSCREEN][INTERP] enter start=0x80015650 instr0=0x3C028003 a0=0xFFFFFFFF ra=0x8001A24C sp=0x801FFF98 f=0
[BLACKSCREEN][INTERP] start=0x80015650 end=0x80015658 steps=3 reason=jr_ra target=0x8001A24C ra=0x8001A24C sp=0x801FFF98 f=0
[BLACKSCREEN][CALL] stage=before_overlay #47 addr=0x80015650 ra=0x8001A24C f=0
[BLACKSCREEN][CALL] stage=before_inbinary #47 addr=0x80015650 ra=0x8001A24C f=0
[BLACKSCREEN][CALL] route=interp #47 addr=0x80015650 ra=0x8001A24C f=0
[BLACKSCREEN][INTERP] enter start=0x80015650 instr0=0x3C028003 a0=0xFFFFFFFF ra=0x8001A24C sp=0x801FFF98 f=0
[BLACKSCREEN][INTERP] start=0x80015650 end=0x80015658 steps=3 reason=jr_ra target=0x8001A24C ra=0x8001A24C sp=0x801FFF98 f=0
[BLACKSCREEN][CALL] stage=before_overlay #48 addr=0x80015650 ra=0x8001A24C f=0
[BLACKSCREEN][CALL] stage=before_inbinary #48 addr=0x80015650 ra=0x8001A24C f=0
[BLACKSCREEN][CALL] route=interp #48 addr=0x80015650 ra=0x8001A24C f=0
[BLACKSCREEN][INTERP] enter start=0x80015650 instr0=0x3C028003 a0=0xFFFFFFFF ra=0x8001A24C sp=0x801FFF98 f=0
[BLACKSCREEN][INTERP] start=0x80015650 end=0x80015658 steps=3 reason=jr_ra target=0x8001A24C ra=0x8001A24C sp=0x801FFF98 f=0
[BLACKSCREEN][CALL] stage=before_overlay #49 addr=0x80015650 ra=0x8001A24C f=0
[BLACKSCREEN][CALL] stage=before_inbinary #49 addr=0x80015650 ra=0x8001A24C f=0
[BLACKSCREEN][CALL] route=interp #49 addr=0x80015650 ra=0x8001A24C f=0
[BLACKSCREEN][INTERP] enter start=0x80015650 instr0=0x3C028003 a0=0xFFFFFFFF ra=0x8001A24C sp=0x801FFF98 f=0
[BLACKSCREEN][INTERP] start=0x80015650 end=0x80015658 steps=3 reason=jr_ra target=0x8001A24C ra=0x8001A24C sp=0x801FFF98 f=0
[BLACKSCREEN][CALL] stage=before_overlay #50 addr=0x80015650 ra=0x8001A24C f=0
[BLACKSCREEN][CALL] stage=before_inbinary #50 addr=0x80015650 ra=0x8001A24C f=0
[BLACKSCREEN][CALL] route=interp #50 addr=0x80015650 ra=0x8001A24C f=0
[BLACKSCREEN][INTERP] enter start=0x80015650 instr0=0x3C028003 a0=0xFFFFFFFF ra=0x8001A24C sp=0x801FFF98 f=0
[BLACKSCREEN][INTERP] start=0x80015650 end=0x80015658 steps=3 reason=jr_ra target=0x8001A24C ra=0x8001A24C sp=0x801FFF98 f=0
[BLACKSCREEN][CALL] stage=before_overlay #51 addr=0x80015650 ra=0x8001A24C f=0
[BLACKSCREEN][CALL] stage=before_inbinary #51 addr=0x80015650 ra=0x8001A24C f=0
[BLACKSCREEN][CALL] route=interp #51 addr=0x80015650 ra=0x8001A24C f=0
[BLACKSCREEN][INTERP] enter start=0x80015650 instr0=0x3C028003 a0=0xFFFFFFFF ra=0x8001A24C sp=0x801FFF98 f=0
[BLACKSCREEN][INTERP] start=0x80015650 end=0x80015658 steps=3 reason=jr_ra target=0x8001A24C ra=0x8001A24C sp=0x801FFF98 f=0
[BLACKSCREEN][CALL] stage=before_overlay #52 addr=0x80015650 ra=0x8001A24C f=0
[BLACKSCREEN][CALL] stage=before_inbinary #52 addr=0x80015650 ra=0x8001A24C f=0
[BLACKSCREEN][CALL] route=interp #52 addr=0x80015650 ra=0x8001A24C f=0
[BLACKSCREEN][INTERP] enter start=0x80015650 instr0=0x3C028003 a0=0xFFFFFFFF ra=0x8001A24C sp=0x801FFF98 f=0
[BLACKSCREEN][INTERP] start=0x80015650 end=0x80015658 steps=3 reason=jr_ra target=0x8001A24C ra=0x8001A24C sp=0x801FFF98 f=0
[BLACKSCREEN][CALL] stage=before_overlay #53 addr=0x80015650 ra=0x8001A24C f=0
[BLACKSCREEN][CALL] stage=before_inbinary #53 addr=0x80015650 ra=0x8001A24C f=0
[BLACKSCREEN][CALL] route=interp #53 addr=0x80015650 ra=0x8001A24C f=0
[BLACKSCREEN][INTERP] enter start=0x80015650 instr0=0x3C028003 a0=0xFFFFFFFF ra=0x8001A24C sp=0x801FFF98 f=0
[BLACKSCREEN][INTERP] start=0x80015650 end=0x80015658 steps=3 reason=jr_ra target=0x8001A24C ra=0x8001A24C sp=0x801FFF98 f=0
[BLACKSCREEN][CALL] stage=before_overlay #54 addr=0x80015650 ra=0x8001A24C f=0
[BLACKSCREEN][CALL] stage=before_inbinary #54 addr=0x80015650 ra=0x8001A24C f=0
[BLACKSCREEN][CALL] route=interp #54 addr=0x80015650 ra=0x8001A24C f=0
[BLACKSCREEN][INTERP] enter start=0x80015650 instr0=0x3C028003 a0=0xFFFFFFFF ra=0x8001A24C sp=0x801FFF98 f=0
[BLACKSCREEN][INTERP] start=0x80015650 end=0x80015658 steps=3 reason=jr_ra target=0x8001A24C ra=0x8001A24C sp=0x801FFF98 f=0
[BLACKSCREEN][CALL] stage=before_overlay #55 addr=0x80015650 ra=0x8001A24C f=0
[BLACKSCREEN][CALL] stage=before_inbinary #55 addr=0x80015650 ra=0x8001A24C f=0
[BLACKSCREEN][CALL] route=interp #55 addr=0x80015650 ra=0x8001A24C f=0
[BLACKSCREEN][INTERP] enter start=0x80015650 instr0=0x3C028003 a0=0xFFFFFFFF ra=0x8001A24C sp=0x801FFF98 f=0
[BLACKSCREEN][INTERP] start=0x80015650 end=0x80015658 steps=3 reason=jr_ra target=0x8001A24C ra=0x8001A24C sp=0x801FFF98 f=0
[BLACKSCREEN][CALL] stage=before_overlay #56 addr=0x80015650 ra=0x8001A24C f=0
[BLACKSCREEN][CALL] stage=before_inbinary #56 addr=0x80015650 ra=0x8001A24C f=0
[BLACKSCREEN][CALL] route=interp #56 addr=0x80015650 ra=0x8001A24C f=0
[BLACKSCREEN][INTERP] enter start=0x80015650 instr0=0x3C028003 a0=0xFFFFFFFF ra=0x8001A24C sp=0x801FFF98 f=0
[BLACKSCREEN][INTERP] start=0x80015650 end=0x80015658 steps=3 reason=jr_ra target=0x8001A24C ra=0x8001A24C sp=0x801FFF98 f=0
[BLACKSCREEN][CALL] stage=before_overlay #57 addr=0x80015650 ra=0x8001A24C f=0
[BLACKSCREEN][CALL] stage=before_inbinary #57 addr=0x80015650 ra=0x8001A24C f=0
[BLACKSCREEN][CALL] route=interp #57 addr=0x80015650 ra=0x8001A24C f=0
[BLACKSCREEN][INTERP] enter start=0x80015650 instr0=0x3C028003 a0=0xFFFFFFFF ra=0x8001A24C sp=0x801FFF98 f=0
[BLACKSCREEN][INTERP] start=0x80015650 end=0x80015658 steps=3 reason=jr_ra target=0x8001A24C ra=0x8001A24C sp=0x801FFF98 f=0
[BLACKSCREEN][CALL] stage=before_overlay #58 addr=0x80015650 ra=0x8001A24C f=0
[BLACKSCREEN][CALL] stage=before_inbinary #58 addr=0x80015650 ra=0x8001A24C f=0
[BLACKSCREEN][CALL] route=interp #58 addr=0x80015650 ra=0x8001A24C f=0
[BLACKSCREEN][INTERP] enter start=0x80015650 instr0=0x3C028003 a0=0xFFFFFFFF ra=0x8001A24C sp=0x801FFF98 f=0
[BLACKSCREEN][INTERP] start=0x80015650 end=0x80015658 steps=3 reason=jr_ra target=0x8001A24C ra=0x8001A24C sp=0x801FFF98 f=0
[BLACKSCREEN][CALL] stage=before_overlay #59 addr=0x80015650 ra=0x8001A24C f=0
[BLACKSCREEN][CALL] stage=before_inbinary #59 addr=0x80015650 ra=0x8001A24C f=0
[BLACKSCREEN][CALL] route=interp #59 addr=0x80015650 ra=0x8001A24C f=0
[BLACKSCREEN][INTERP] enter start=0x80015650 instr0=0x3C028003 a0=0xFFFFFFFF ra=0x8001A24C sp=0x801FFF98 f=0
[BLACKSCREEN][INTERP] start=0x80015650 end=0x80015658 steps=3 reason=jr_ra target=0x8001A24C ra=0x8001A24C sp=0x801FFF98 f=0
[BLACKSCREEN][CALL] stage=before_overlay #60 addr=0x80015650 ra=0x8001A24C f=0
[BLACKSCREEN][CALL] stage=before_inbinary #60 addr=0x80015650 ra=0x8001A24C f=0
[BLACKSCREEN][CALL] route=interp #60 addr=0x80015650 ra=0x8001A24C f=0
[BLACKSCREEN][INTERP] enter start=0x80015650 instr0=0x3C028003 a0=0xFFFFFFFF ra=0x8001A24C sp=0x801FFF98 f=0
[BLACKSCREEN][INTERP] start=0x80015650 end=0x80015658 steps=3 reason=jr_ra target=0x8001A24C ra=0x8001A24C sp=0x801FFF98 f=0
[BLACKSCREEN][CALL] stage=before_overlay #61 addr=0x80015650 ra=0x8001A24C f=0
[BLACKSCREEN][CALL] stage=before_inbinary #61 addr=0x80015650 ra=0x8001A24C f=0
[BLACKSCREEN][CALL] route=interp #61 addr=0x80015650 ra=0x8001A24C f=0
[BLACKSCREEN][INTERP] enter start=0x80015650 instr0=0x3C028003 a0=0xFFFFFFFF ra=0x8001A24C sp=0x801FFF98 f=0
[BLACKSCREEN][INTERP] start=0x80015650 end=0x80015658 steps=3 reason=jr_ra target=0x8001A24C ra=0x8001A24C sp=0x801FFF98 f=0
[BLACKSCREEN][CALL] stage=before_overlay #62 addr=0x80015650 ra=0x8001A24C f=0
[BLACKSCREEN][CALL] stage=before_inbinary #62 addr=0x80015650 ra=0x8001A24C f=0
[BLACKSCREEN][CALL] route=interp #62 addr=0x80015650 ra=0x8001A24C f=0
[BLACKSCREEN][INTERP] enter start=0x80015650 instr0=0x3C028003 a0=0xFFFFFFFF ra=0x8001A24C sp=0x801FFF98 f=0
[BLACKSCREEN][INTERP] start=0x80015650 end=0x80015658 steps=3 reason=jr_ra target=0x8001A24C ra=0x8001A24C sp=0x801FFF98 f=0
[BLACKSCREEN][CALL] stage=before_overlay #63 addr=0x80015650 ra=0x8001A24C f=0
[BLACKSCREEN][CALL] stage=before_inbinary #63 addr=0x80015650 ra=0x8001A24C f=0
[BLACKSCREEN][CALL] route=interp #63 addr=0x80015650 ra=0x8001A24C f=0
[BLACKSCREEN][INTERP] enter start=0x80015650 instr0=0x3C028003 a0=0xFFFFFFFF ra=0x8001A24C sp=0x801FFF98 f=0
[BLACKSCREEN][INTERP] start=0x80015650 end=0x80015658 steps=3 reason=jr_ra target=0x8001A24C ra=0x8001A24C sp=0x801FFF98 f=0
[BLACKSCREEN][CALL] stage=before_overlay #64 addr=0x80015650 ra=0x8001A24C f=0
[BLACKSCREEN][CALL] stage=before_inbinary #64 addr=0x80015650 ra=0x8001A24C f=0
[BLACKSCREEN][CALL] route=interp #64 addr=0x80015650 ra=0x8001A24C f=0
[BLACKSCREEN][INTERP] enter start=0x80015650 instr0=0x3C028003 a0=0xFFFFFFFF ra=0x8001A24C sp=0x801FFF98 f=0
[BLACKSCREEN][INTERP] start=0x80015650 end=0x80015658 steps=3 reason=jr_ra target=0x8001A24C ra=0x8001A24C sp=0x801FFF98 f=0
[BLACKSCREEN][CALL] stage=before_overlay #65 addr=0x80015650 ra=0x8001A24C f=0
[BLACKSCREEN][CALL] stage=before_inbinary #65 addr=0x80015650 ra=0x8001A24C f=0
[BLACKSCREEN][CALL] route=interp #65 addr=0x80015650 ra=0x8001A24C f=0
[BLACKSCREEN][INTERP] enter start=0x80015650 instr0=0x3C028003 a0=0xFFFFFFFF ra=0x8001A24C sp=0x801FFF98 f=0
[BLACKSCREEN][INTERP] start=0x80015650 end=0x80015658 steps=3 reason=jr_ra target=0x8001A24C ra=0x8001A24C sp=0x801FFF98 f=0
[BLACKSCREEN][CALL] stage=before_overlay #66 addr=0x80015650 ra=0x8001A24C f=0
[BLACKSCREEN][CALL] stage=before_inbinary #66 addr=0x80015650 ra=0x8001A24C f=0
[BLACKSCREEN][CALL] route=interp #66 addr=0x80015650 ra=0x8001A24C f=0
[BLACKSCREEN][INTERP] enter start=0x80015650 instr0=0x3C028003 a0=0xFFFFFFFF ra=0x8001A24C sp=0x801FFF98 f=0
[BLACKSCREEN][INTERP] start=0x80015650 end=0x80015658 steps=3 reason=jr_ra target=0x8001A24C ra=0x8001A24C sp=0x801FFF98 f=0
[BLACKSCREEN][CALL] stage=before_overlay #67 addr=0x80015650 ra=0x8001A24C f=0
[BLACKSCREEN][CALL] stage=before_inbinary #67 addr=0x80015650 ra=0x8001A24C f=0
[BLACKSCREEN][CALL] route=interp #67 addr=0x80015650 ra=0x8001A24C f=0
[BLACKSCREEN][INTERP] enter start=0x80015650 instr0=0x3C028003 a0=0xFFFFFFFF ra=0x8001A24C sp=0x801FFF98 f=0
[BLACKSCREEN][INTERP] start=0x80015650 end=0x80015658 steps=3 reason=jr_ra target=0x8001A24C ra=0x8001A24C sp=0x801FFF98 f=0
[BLACKSCREEN][CALL] stage=before_overlay #68 addr=0x80015650 ra=0x8001A24C f=0
[BLACKSCREEN][CALL] stage=before_inbinary #68 addr=0x80015650 ra=0x8001A24C f=0
[BLACKSCREEN][CALL] route=interp #68 addr=0x80015650 ra=0x8001A24C f=0
[BLACKSCREEN][INTERP] enter start=0x80015650 instr0=0x3C028003 a0=0xFFFFFFFF ra=0x8001A24C sp=0x801FFF98 f=0
[BLACKSCREEN][INTERP] start=0x80015650 end=0x80015658 steps=3 reason=jr_ra target=0x8001A24C ra=0x8001A24C sp=0x801FFF98 f=0
[BLACKSCREEN][CALL] stage=before_overlay #69 addr=0x80015650 ra=0x8001A24C f=0
[BLACKSCREEN][CALL] stage=before_inbinary #69 addr=0x80015650 ra=0x8001A24C f=0
[BLACKSCREEN][CALL] route=interp #69 addr=0x80015650 ra=0x8001A24C f=0
[BLACKSCREEN][INTERP] enter start=0x80015650 instr0=0x3C028003 a0=0xFFFFFFFF ra=0x8001A24C sp=0x801FFF98 f=0
[BLACKSCREEN][INTERP] start=0x80015650 end=0x80015658 steps=3 reason=jr_ra target=0x8001A24C ra=0x8001A24C sp=0x801FFF98 f=0
[BLACKSCREEN][CALL] stage=before_overlay #70 addr=0x80015650 ra=0x8001A24C f=0
[BLACKSCREEN][CALL] stage=before_inbinary #70 addr=0x80015650 ra=0x8001A24C f=0
[BLACKSCREEN][CALL] route=interp #70 addr=0x80015650 ra=0x8001A24C f=0
[BLACKSCREEN][INTERP] enter start=0x80015650 instr0=0x3C028003 a0=0xFFFFFFFF ra=0x8001A24C sp=0x801FFF98 f=0
[BLACKSCREEN][INTERP] start=0x80015650 end=0x80015658 steps=3 reason=jr_ra target=0x8001A24C ra=0x8001A24C sp=0x801FFF98 f=0
[BLACKSCREEN][CALL] stage=before_overlay #71 addr=0x80015650 ra=0x8001A24C f=0
[BLACKSCREEN][CALL] stage=before_inbinary #71 addr=0x80015650 ra=0x8001A24C f=0
[BLACKSCREEN][CALL] route=interp #71 addr=0x80015650 ra=0x8001A24C f=0
[BLACKSCREEN][INTERP] enter start=0x80015650 instr0=0x3C028003 a0=0xFFFFFFFF ra=0x8001A24C sp=0x801FFF98 f=0
[BLACKSCREEN][INTERP] start=0x80015650 end=0x80015658 steps=3 reason=jr_ra target=0x8001A24C ra=0x8001A24C sp=0x801FFF98 f=0
[BLACKSCREEN][CALL] stage=before_overlay #72 addr=0x80015650 ra=0x8001A24C f=0
[BLACKSCREEN][CALL] stage=before_inbinary #72 addr=0x80015650 ra=0x8001A24C f=0
[BLACKSCREEN][CALL] route=interp #72 addr=0x80015650 ra=0x8001A24C f=0
[BLACKSCREEN][INTERP] enter start=0x80015650 instr0=0x3C028003 a0=0xFFFFFFFF ra=0x8001A24C sp=0x801FFF98 f=0
[BLACKSCREEN][INTERP] start=0x80015650 end=0x80015658 steps=3 reason=jr_ra target=0x8001A24C ra=0x8001A24C sp=0x801FFF98 f=0
[BLACKSCREEN][CALL] stage=before_overlay #73 addr=0x80015650 ra=0x8001A24C f=0
[BLACKSCREEN][CALL] stage=before_inbinary #73 addr=0x80015650 ra=0x8001A24C f=0
[BLACKSCREEN][CALL] route=interp #73 addr=0x80015650 ra=0x8001A24C f=0
[BLACKSCREEN][INTERP] enter start=0x80015650 instr0=0x3C028003 a0=0xFFFFFFFF ra=0x8001A24C sp=0x801FFF98 f=0
[BLACKSCREEN][INTERP] start=0x80015650 end=0x80015658 steps=3 reason=jr_ra target=0x8001A24C ra=0x8001A24C sp=0x801FFF98 f=0
[BLACKSCREEN][CALL] stage=before_overlay #74 addr=0x80015650 ra=0x8001A24C f=0
[BLACKSCREEN][CALL] stage=before_inbinary #74 addr=0x80015650 ra=0x8001A24C f=0
[BLACKSCREEN][CALL] route=interp #74 addr=0x80015650 ra=0x8001A24C f=0
[BLACKSCREEN][INTERP] enter start=0x80015650 instr0=0x3C028003 a0=0xFFFFFFFF ra=0x8001A24C sp=0x801FFF98 f=0
[BLACKSCREEN][INTERP] start=0x80015650 end=0x80015658 steps=3 reason=jr_ra target=0x8001A24C ra=0x8001A24C sp=0x801FFF98 f=0
[BLACKSCREEN][CALL] stage=before_overlay #75 addr=0x80015650 ra=0x8001A24C f=0
[BLACKSCREEN][CALL] stage=before_inbinary #75 addr=0x80015650 ra=0x8001A24C f=0
[BLACKSCREEN][CALL] route=interp #75 addr=0x80015650 ra=0x8001A24C f=0
[BLACKSCREEN][INTERP] enter start=0x80015650 instr0=0x3C028003 a0=0xFFFFFFFF ra=0x8001A24C sp=0x801FFF98 f=0
[BLACKSCREEN][INTERP] start=0x80015650 end=0x80015658 steps=3 reason=jr_ra target=0x8001A24C ra=0x8001A24C sp=0x801FFF98 f=0
[BLACKSCREEN][CALL] stage=before_overlay #76 addr=0x80015650 ra=0x8001A24C f=0
[BLACKSCREEN][CALL] stage=before_inbinary #76 addr=0x80015650 ra=0x8001A24C f=0
[BLACKSCREEN][CALL] route=interp #76 addr=0x80015650 ra=0x8001A24C f=0
[BLACKSCREEN][INTERP] enter start=0x80015650 instr0=0x3C028003 a0=0xFFFFFFFF ra=0x8001A24C sp=0x801FFF98 f=0
[BLACKSCREEN][INTERP] start=0x80015650 end=0x80015658 steps=3 reason=jr_ra target=0x8001A24C ra=0x8001A24C sp=0x801FFF98 f=0
[BLACKSCREEN][CALL] stage=before_overlay #77 addr=0x80015650 ra=0x8001A24C f=0
[BLACKSCREEN][CALL] stage=before_inbinary #77 addr=0x80015650 ra=0x8001A24C f=0
[BLACKSCREEN][CALL] route=interp #77 addr=0x80015650 ra=0x8001A24C f=0
[BLACKSCREEN][INTERP] enter start=0x80015650 instr0=0x3C028003 a0=0xFFFFFFFF ra=0x8001A24C sp=0x801FFF98 f=0
[BLACKSCREEN][INTERP] start=0x80015650 end=0x80015658 steps=3 reason=jr_ra target=0x8001A24C ra=0x8001A24C sp=0x801FFF98 f=0
[BLACKSCREEN][CALL] stage=before_overlay #78 addr=0x80015650 ra=0x8001A24C f=0
[BLACKSCREEN][CALL] stage=before_inbinary #78 addr=0x80015650 ra=0x8001A24C f=0
[BLACKSCREEN][CALL] route=interp #78 addr=0x80015650 ra=0x8001A24C f=0
[BLACKSCREEN][INTERP] enter start=0x80015650 instr0=0x3C028003 a0=0xFFFFFFFF ra=0x8001A24C sp=0x801FFF98 f=0
[BLACKSCREEN][INTERP] start=0x80015650 end=0x80015658 steps=3 reason=jr_ra target=0x8001A24C ra=0x8001A24C sp=0x801FFF98 f=0
[BLACKSCREEN][CALL] stage=before_overlay #79 addr=0x80015650 ra=0x8001A24C f=0
[BLACKSCREEN][CALL] stage=before_inbinary #79 addr=0x80015650 ra=0x8001A24C f=0
[BLACKSCREEN][CALL] route=interp #79 addr=0x80015650 ra=0x8001A24C f=0
[BLACKSCREEN][INTERP] enter start=0x80015650 instr0=0x3C028003 a0=0xFFFFFFFF ra=0x8001A24C sp=0x801FFF98 f=0
[BLACKSCREEN][INTERP] start=0x80015650 end=0x80015658 steps=3 reason=jr_ra target=0x8001A24C ra=0x8001A24C sp=0x801FFF98 f=0
[BLACKSCREEN][CALL] stage=before_overlay #80 addr=0x80015650 ra=0x8001A24C f=0
[BLACKSCREEN][CALL] stage=before_inbinary #80 addr=0x80015650 ra=0x8001A24C f=0
[BLACKSCREEN][CALL] route=interp #80 addr=0x80015650 ra=0x8001A24C f=0
[BLACKSCREEN][INTERP] enter start=0x80015650 instr0=0x3C028003 a0=0xFFFFFFFF ra=0x8001A24C sp=0x801FFF98 f=0
[BLACKSCREEN][INTERP] start=0x80015650 end=0x80015658 steps=3 reason=jr_ra target=0x8001A24C ra=0x8001A24C sp=0x801FFF98 f=0
[BLACKSCREEN][INTERP] enter start=0x80015650 instr0=0x3C028003 a0=0xFFFFFFFF ra=0x8001A24C sp=0x801FFF98 f=0
[BLACKSCREEN][INTERP] start=0x80015650 end=0x80015658 steps=3 reason=jr_ra target=0x8001A24C ra=0x8001A24C sp=0x801FFF98 f=0
[BLACKSCREEN][INTERP] enter start=0x80015650 instr0=0x3C028003 a0=0xFFFFFFFF ra=0x8001A24C sp=0x801FFF98 f=0
[BLACKSCREEN][INTERP] start=0x80015650 end=0x80015658 steps=3 reason=jr_ra target=0x8001A24C ra=0x8001A24C sp=0x801FFF98 f=0
[BLACKSCREEN][INTERP] enter start=0x80015650 instr0=0x3C028003 a0=0xFFFFFFFF ra=0x8001A24C sp=0x801FFF98 f=0
[BLACKSCREEN][INTERP] start=0x80015650 end=0x80015658 steps=3 reason=jr_ra target=0x8001A24C ra=0x8001A24C sp=0x801FFF98 f=0
[BLACKSCREEN][INTERP] enter start=0x80015650 instr0=0x3C028003 a0=0xFFFFFFFF ra=0x8001A24C sp=0x801FFF98 f=0
[BLACKSCREEN][INTERP] start=0x80015650 end=0x80015658 steps=3 reason=jr_ra target=0x8001A24C ra=0x8001A24C sp=0x801FFF98 f=0
[BLACKSCREEN][INTERP] enter start=0x80015650 instr0=0x3C028003 a0=0xFFFFFFFF ra=0x8001A24C sp=0x801FFF98 f=0
[BLACKSCREEN][INTERP] start=0x80015650 end=0x80015658 steps=3 reason=jr_ra target=0x8001A24C ra=0x8001A24C sp=0x801FFF98 f=0
[BLACKSCREEN][INTERP] enter start=0x80015650 instr0=0x3C028003 a0=0xFFFFFFFF ra=0x8001A24C sp=0x801FFF98 f=0
[BLACKSCREEN][INTERP] start=0x80015650 end=0x80015658 steps=3 reason=jr_ra target=0x8001A24C ra=0x8001A24C sp=0x801FFF98 f=0
[BLACKSCREEN][INTERP] enter start=0x80015650 instr0=0x3C028003 a0=0xFFFFFFFF ra=0x8001A24C sp=0x801FFF98 f=0
[BLACKSCREEN][INTERP] start=0x80015650 end=0x80015658 steps=3 reason=jr_ra target=0x8001A24C ra=0x8001A24C sp=0x801FFF98 f=0
[BLACKSCREEN][INTERP] enter start=0x80015650 instr0=0x3C028003 a0=0xFFFFFFFF ra=0x8001A24C sp=0x801FFF98 f=0
[BLACKSCREEN][INTERP] start=0x80015650 end=0x80015658 steps=3 reason=jr_ra target=0x8001A24C ra=0x8001A24C sp=0x801FFF98 f=0
[BLACKSCREEN][INTERP] enter start=0x80015650 instr0=0x3C028003 a0=0xFFFFFFFF ra=0x8001A24C sp=0x801FFF98 f=0
[BLACKSCREEN][INTERP] start=0x80015650 end=0x80015658 steps=3 reason=jr_ra target=0x8001A24C ra=0x8001A24C sp=0x801FFF98 f=0
[BLACKSCREEN][INTERP] enter start=0x80015650 instr0=0x3C028003 a0=0xFFFFFFFF ra=0x8001A24C sp=0x801FFF98 f=0
[BLACKSCREEN][INTERP] start=0x80015650 end=0x80015658 steps=3 reason=jr_ra target=0x8001A24C ra=0x8001A24C sp=0x801FFF98 f=0
[BLACKSCREEN][INTERP] enter start=0x80015650 instr0=0x3C028003 a0=0xFFFFFFFF ra=0x8001A24C sp=0x801FFF98 f=0
[BLACKSCREEN][INTERP] start=0x80015650 end=0x80015658 steps=3 reason=jr_ra target=0x8001A24C ra=0x8001A24C sp=0x801FFF98 f=0
[BLACKSCREEN][INTERP] enter start=0x80015650 instr0=0x3C028003 a0=0xFFFFFFFF ra=0x8001A24C sp=0x801FFF98 f=0
[BLACKSCREEN][INTERP] start=0x80015650 end=0x80015658 steps=3 reason=jr_ra target=0x8001A24C ra=0x8001A24C sp=0x801FFF98 f=0
[BLACKSCREEN][INTERP] enter start=0x80015650 instr0=0x3C028003 a0=0xFFFFFFFF ra=0x8001A24C sp=0x801FFF98 f=0
[BLACKSCREEN][INTERP] start=0x80015650 end=0x80015658 steps=3 reason=jr_ra target=0x8001A24C ra=0x8001A24C sp=0x801FFF98 f=0
[BLACKSCREEN][INTERP] enter start=0x80015650 instr0=0x3C028003 a0=0xFFFFFFFF ra=0x8001A24C sp=0x801FFF98 f=0
[BLACKSCREEN][INTERP] start=0x80015650 end=0x80015658 steps=3 reason=jr_ra target=0x8001A24C ra=0x8001A24C sp=0x801FFF98 f=0
[BLACKSCREEN][INTERP] enter start=0x80015650 instr0=0x3C028003 a0=0xFFFFFFFF ra=0x8001A24C sp=0x801FFF98 f=0
[BLACKSCREEN][INTERP] start=0x80015650 end=0x80015658 steps=3 reason=jr_ra target=0x8001A24C ra=0x8001A24C sp=0x801FFF98 f=0
[BLACKSCREEN][INTERP] enter start=0x80015650 instr0=0x3C028003 a0=0xFFFFFFFF ra=0x8001A24C sp=0x801FFF98 f=0
[BLACKSCREEN][INTERP] start=0x80015650 end=0x80015658 steps=3 reason=jr_ra target=0x8001A24C ra=0x8001A24C sp=0x801FFF98 f=0
[BLACKSCREEN][INTERP] enter start=0x80015650 instr0=0x3C028003 a0=0xFFFFFFFF ra=0x8001A24C sp=0x801FFF98 f=0
[BLACKSCREEN][INTERP] start=0x80015650 end=0x80015658 steps=3 reason=jr_ra target=0x8001A24C ra=0x8001A24C sp=0x801FFF98 f=0
[BLACKSCREEN][INTERP] enter start=0x80015650 instr0=0x3C028003 a0=0xFFFFFFFF ra=0x8001A24C sp=0x801FFF98 f=0
[BLACKSCREEN][INTERP] start=0x80015650 end=0x80015658 steps=3 reason=jr_ra target=0x8001A24C ra=0x8001A24C sp=0x801FFF98 f=0
[BLACKSCREEN][INTERP] enter start=0x80015650 instr0=0x3C028003 a0=0xFFFFFFFF ra=0x8001A24C sp=0x801FFF98 f=0
[BLACKSCREEN][INTERP] start=0x80015650 end=0x80015658 steps=3 reason=jr_ra target=0x8001A24C ra=0x8001A24C sp=0x801FFF98 f=0
[BLACKSCREEN][INTERP] enter start=0x80015650 instr0=0x3C028003 a0=0xFFFFFFFF ra=0x8001A24C sp=0x801FFF98 f=0
[BLACKSCREEN][INTERP] start=0x80015650 end=0x80015658 steps=3 reason=jr_ra target=0x8001A24C ra=0x8001A24C sp=0x801FFF98 f=0
[BLACKSCREEN][INTERP] enter start=0x80015650 instr0=0x3C028003 a0=0xFFFFFFFF ra=0x8001A24C sp=0x801FFF98 f=0
[BLACKSCREEN][INTERP] start=0x80015650 end=0x80015658 steps=3 reason=jr_ra target=0x8001A24C ra=0x8001A24C sp=0x801FFF98 f=0
[BLACKSCREEN][INTERP] enter start=0x80015650 instr0=0x3C028003 a0=0xFFFFFFFF ra=0x8001A24C sp=0x801FFF98 f=0
[BLACKSCREEN][INTERP] start=0x80015650 end=0x80015658 steps=3 reason=jr_ra target=0x8001A24C ra=0x8001A24C sp=0x801FFF98 f=0
[BLACKSCREEN][INTERP] enter start=0x80015650 instr0=0x3C028003 a0=0xFFFFFFFF ra=0x8001A24C sp=0x801FFF98 f=0
[BLACKSCREEN][INTERP] start=0x80015650 end=0x80015658 steps=3 reason=jr_ra target=0x8001A24C ra=0x8001A24C sp=0x801FFF98 f=0
[BLACKSCREEN][INTERP] enter start=0x80015650 instr0=0x3C028003 a0=0xFFFFFFFF ra=0x8001A24C sp=0x801FFF98 f=0
[BLACKSCREEN][INTERP] start=0x80015650 end=0x80015658 steps=3 reason=jr_ra target=0x8001A24C ra=0x8001A24C sp=0x801FFF98 f=0
[BLACKSCREEN][INTERP] enter start=0x80015650 instr0=0x3C028003 a0=0xFFFFFFFF ra=0x8001A24C sp=0x801FFF98 f=0
[BLACKSCREEN][INTERP] start=0x80015650 end=0x80015658 steps=3 reason=jr_ra target=0x8001A24C ra=0x8001A24C sp=0x801FFF98 f=0
[BLACKSCREEN][INTERP] enter start=0x80015650 instr0=0x3C028003 a0=0xFFFFFFFF ra=0x8001A24C sp=0x801FFF98 f=0
[BLACKSCREEN][INTERP] start=0x80015650 end=0x80015658 steps=3 reason=jr_ra target=0x8001A24C ra=0x8001A24C sp=0x801FFF98 f=0
[BLACKSCREEN][INTERP] enter start=0x80015650 instr0=0x3C028003 a0=0xFFFFFFFF ra=0x8001A24C sp=0x801FFF98 f=0
[BLACKSCREEN][INTERP] start=0x80015650 end=0x80015658 steps=3 reason=jr_ra target=0x8001A24C ra=0x8001A24C sp=0x801FFF98 f=0
[BLACKSCREEN][INTERP] enter start=0x80015650 instr0=0x3C028003 a0=0xFFFFFFFF ra=0x8001A24C sp=0x801FFF98 f=0
[BLACKSCREEN][INTERP] start=0x80015650 end=0x80015658 steps=3 reason=jr_ra target=0x8001A24C ra=0x8001A24C sp=0x801FFF98 f=0
[BLACKSCREEN][INTERP] enter start=0x80015650 instr0=0x3C028003 a0=0xFFFFFFFF ra=0x8001A24C sp=0x801FFF98 f=0
[BLACKSCREEN][INTERP] start=0x80015650 end=0x80015658 steps=3 reason=jr_ra target=0x8001A24C ra=0x8001A24C sp=0x801FFF98 f=0
[BLACKSCREEN][INTERP] enter start=0x80015650 instr0=0x3C028003 a0=0xFFFFFFFF ra=0x8001A24C sp=0x801FFF98 f=0
[BLACKSCREEN][INTERP] start=0x80015650 end=0x80015658 steps=3 reason=jr_ra target=0x8001A24C ra=0x8001A24C sp=0x801FFF98 f=0
[BLACKSCREEN][INTERP] enter start=0x80015650 instr0=0x3C028003 a0=0xFFFFFFFF ra=0x8001A24C sp=0x801FFF98 f=0
[BLACKSCREEN][INTERP] start=0x80015650 end=0x80015658 steps=3 reason=jr_ra target=0x8001A24C ra=0x8001A24C sp=0x801FFF98 f=0
[BLACKSCREEN][INTERP] enter start=0x80015650 instr0=0x3C028003 a0=0xFFFFFFFF ra=0x8001A24C sp=0x801FFF98 f=0
[BLACKSCREEN][INTERP] start=0x80015650 end=0x80015658 steps=3 reason=jr_ra target=0x8001A24C ra=0x8001A24C sp=0x801FFF98 f=0
[BLACKSCREEN][INTERP] enter start=0x80015650 instr0=0x3C028003 a0=0xFFFFFFFF ra=0x8001A24C sp=0x801FFF98 f=0
[BLACKSCREEN][INTERP] start=0x80015650 end=0x80015658 steps=3 reason=jr_ra target=0x8001A24C ra=0x8001A24C sp=0x801FFF98 f=0
[BLACKSCREEN][INTERP] enter start=0x80015650 instr0=0x3C028003 a0=0xFFFFFFFF ra=0x8001A24C sp=0x801FFF98 f=0
[BLACKSCREEN][INTERP] start=0x80015650 end=0x80015658 steps=3 reason=jr_ra target=0x8001A24C ra=0x8001A24C sp=0x801FFF98 f=0
[BLACKSCREEN][INTERP] enter start=0x80015650 instr0=0x3C028003 a0=0xFFFFFFFF ra=0x8001A24C sp=0x801FFF98 f=0
[BLACKSCREEN][INTERP] start=0x80015650 end=0x80015658 steps=3 reason=jr_ra target=0x8001A24C ra=0x8001A24C sp=0x801FFF98 f=0
[BLACKSCREEN][INTERP] enter start=0x80015650 instr0=0x3C028003 a0=0xFFFFFFFF ra=0x8001A24C sp=0x801FFF98 f=0
[BLACKSCREEN][INTERP] start=0x80015650 end=0x80015658 steps=3 reason=jr_ra target=0x8001A24C ra=0x8001A24C sp=0x801FFF98 f=0
[BLACKSCREEN][INTERP] enter start=0x80015650 instr0=0x3C028003 a0=0xFFFFFFFF ra=0x8001A24C sp=0x801FFF98 f=0
[BLACKSCREEN][INTERP] start=0x80015650 end=0x80015658 steps=3 reason=jr_ra target=0x8001A24C ra=0x8001A24C sp=0x801FFF98 f=0
[BLACKSCREEN][INTERP] enter start=0x80015650 instr0=0x3C028003 a0=0xFFFFFFFF ra=0x8001A24C sp=0x801FFF98 f=0
[BLACKSCREEN][INTERP] start=0x80015650 end=0x80015658 steps=3 reason=jr_ra target=0x8001A24C ra=0x8001A24C sp=0x801FFF98 f=0
[BLACKSCREEN][INTERP] enter start=0x80015650 instr0=0x3C028003 a0=0xFFFFFFFF ra=0x8001A24C sp=0x801FFF98 f=0
[BLACKSCREEN][INTERP] start=0x80015650 end=0x80015658 steps=3 reason=jr_ra target=0x8001A24C ra=0x8001A24C sp=0x801FFF98 f=0
[BLACKSCREEN][INTERP] enter start=0x80015650 instr0=0x3C028003 a0=0xFFFFFFFF ra=0x8001A24C sp=0x801FFF98 f=0
[BLACKSCREEN][INTERP] start=0x80015650 end=0x80015658 steps=3 reason=jr_ra target=0x8001A24C ra=0x8001A24C sp=0x801FFF98 f=0
[BLACKSCREEN][INTERP] start=0x80015650 end=0x80015658 steps=3 reason=jr_ra target=0x8001A24C ra=0x8001A24C sp=0x801FFF98 f=0
[BLACKSCREEN][INTERP] start=0x80015650 end=0x80015658 steps=3 reason=jr_ra target=0x8001A24C ra=0x8001A24C sp=0x801FFF98 f=0
[BLACKSCREEN][INTERP] start=0x8001A110 end=0x8001A388 steps=25028 reason=jr_ra target=0x8001994C ra=0x8001994C sp=0x801FFFD0 f=0
[BLACKSCREEN][19844-TAIL] pc=0x8001994C instr=0x38420002 v0=0xFFFFFFFF a0=0x00000001 a1=0x8001072C ra=0x8001994C sp=0x801FFFD0 f=0
[BLACKSCREEN][19844-STATE] pc=0x8001994C v0=0xFFFFFFFF v1=0x1F801020 a0=0x00000001 a1=0x8001072C a0m0=0x00000000 a0m1=0x00000000 a1m0=0x735F4443 a1m1=0x00636E79 s0=0x00000003 s1=0x801E0000 ra=0x8001994C c2a8=0x1F801814 c2ac=0x1F801110 t0=0x1C080000 t1=0x000003C4 f=0
[BLACKSCREEN][19844-TAIL] pc=0x80019950 instr=0x08006657 v0=0xFFFFFFFD a0=0x00000001 a1=0x8001072C ra=0x8001994C sp=0x801FFFD0 f=0
[BLACKSCREEN][19844-STATE] pc=0x80019950 v0=0xFFFFFFFD v1=0x1F801020 a0=0x00000001 a1=0x8001072C a0m0=0x00000000 a0m1=0x00000000 a1m0=0x735F4443 a1m1=0x00636E79 s0=0x00000003 s1=0x801E0000 ra=0x8001994C c2a8=0x1F801814 c2ac=0x1F801110 t0=0x1C080000 t1=0x000003C5 f=0
[BLACKSCREEN][INTERP-LOCALJ] start=0x80019844 pc=0x80019950 target=0x8001995C sp=0x801FFFD0 ra=0x8001994C f=0
[BLACKSCREEN][INTERP-RA] pre-restore pc=0x8001995C sp=0x801FFFD0 ra=0x8001994C slot_now=0x80010EA4 f=0
[BLACKSCREEN][19844-TAIL] pc=0x80019960 instr=0x8FB60028 v0=0x00000000 a0=0x00000001 a1=0x8001072C ra=0x80010EA4 sp=0x801FFFD0 f=0
[BLACKSCREEN][19844-STATE] pc=0x80019960 v0=0x00000000 v1=0x1F801020 a0=0x00000001 a1=0x8001072C a0m0=0x00000000 a0m1=0x00000000 a1m0=0x735F4443 a1m1=0x00636E79 s0=0x00000003 s1=0x801E0000 ra=0x80010EA4 c2a8=0x1F801814 c2ac=0x1F801110 t0=0x1C080000 t1=0x000003C6 f=0
[BLACKSCREEN][19844-TAIL] pc=0x80019964 instr=0x8FB50024 v0=0x00000000 a0=0x00000001 a1=0x8001072C ra=0x80010EA4 sp=0x801FFFD0 f=0
[BLACKSCREEN][19844-TAIL] pc=0x80019968 instr=0x8FB40020 v0=0x00000000 a0=0x00000001 a1=0x8001072C ra=0x80010EA4 sp=0x801FFFD0 f=0
[BLACKSCREEN][19844-TAIL] pc=0x8001996C instr=0x8FB3001C v0=0x00000000 a0=0x00000001 a1=0x8001072C ra=0x80010EA4 sp=0x801FFFD0 f=0
[BLACKSCREEN][19844-TAIL] pc=0x80019970 instr=0x8FB20018 v0=0x00000000 a0=0x00000001 a1=0x8001072C ra=0x80010EA4 sp=0x801FFFD0 f=0
[BLACKSCREEN][19844-TAIL] pc=0x80019974 instr=0x8FB10014 v0=0x00000000 a0=0x00000001 a1=0x8001072C ra=0x80010EA4 sp=0x801FFFD0 f=0
[BLACKSCREEN][19844-TAIL] pc=0x80019978 instr=0x8FB00010 v0=0x00000000 a0=0x00000001 a1=0x8001072C ra=0x80010EA4 sp=0x801FFFD0 f=0
[BLACKSCREEN][19844-TAIL] pc=0x8001997C instr=0x27BD0030 v0=0x00000000 a0=0x00000001 a1=0x8001072C ra=0x80010EA4 sp=0x801FFFD0 f=0
[BLACKSCREEN][19844-TAIL] pc=0x80019980 instr=0x03E00008 v0=0x00000000 a0=0x00000001 a1=0x8001072C ra=0x80010EA4 sp=0x80200000 f=0
[BLACKSCREEN][19844-STATE] pc=0x80019980 v0=0x00000000 v1=0x1F801020 a0=0x00000001 a1=0x8001072C a0m0=0x00000000 a0m1=0x00000000 a1m0=0x735F4443 a1m1=0x00636E79 s0=0x00000000 s1=0x00000000 ra=0x80010EA4 c2a8=0x1F801814 c2ac=0x1F801110 t0=0x1C080000 t1=0x000003C7 f=0
[BLACKSCREEN][INTERP] start=0x80019844 end=0x80019980 steps=54 reason=jr_ra target=0x80010EA4 ra=0x80010EA4 sp=0x80200000 f=0
[BLACKSCREEN] Alternate display entry 0x80019844 returned
[BLACKSCREEN] Enabling display pump fallback at 0x80019844
[BLACKSCREEN][INTERP] enter start=0x80019844 instr0=0x27BDFFD0 a0=0x00000001 ra=0x80010EA4 sp=0x80200000 f=0
[BLACKSCREEN][INTERP-RA] pre-save pc=0x80019890 sp=0x801FFFD0 ra=0x80010EA4 slot_before=0x80010EA4 f=0
[BLACKSCREEN][A65C-OVR] #2 f=0 ra=0x8001991C sp=0x801FFFD0 a0=0x00000001 v0=0x000003C8 timer=0x000003C8
[BLACKSCREEN][A65C-OVR] #3 f=0 ra=0x8001991C sp=0x801FFFD0 a0=0x00000001 v0=0x000003C9 timer=0x000003C9
[BLACKSCREEN][A65C-OVR] #4 f=0 ra=0x8001991C sp=0x801FFFD0 a0=0x00000001 v0=0x000003CA timer=0x000003CA
[BLACKSCREEN][A65C-OVR] #5 f=0 ra=0x8001991C sp=0x801FFFD0 a0=0x00000001 v0=0x000003CB timer=0x000003CB
[BLACKSCREEN][19844-TAIL] pc=0x80019958 instr=0x00001021 v0=0xFFFFFFFF a0=0x00000000 a1=0x8001072C ra=0x8001991C sp=0x801FFFD0 f=0
[BLACKSCREEN][19844-STATE] pc=0x80019958 v0=0xFFFFFFFF v1=0x80032A24 a0=0x00000000 a1=0x8001072C a0m0=0x00000000 a0m1=0x00000000 a1m0=0x735F4443 a1m1=0x00636E79 s0=0xFFFFFFFF s1=0x8001072C ra=0x8001991C c2a8=0x1F801814 c2ac=0x1F801110 t0=0x1C080000 t1=0x000003CC f=0
[BLACKSCREEN][INTERP-RA] pre-restore pc=0x8001995C sp=0x801FFFD0 ra=0x8001991C slot_now=0x80010EA4 f=0
[BLACKSCREEN][19844-TAIL] pc=0x80019960 instr=0x8FB60028 v0=0x00000000 a0=0x00000000 a1=0x8001072C ra=0x80010EA4 sp=0x801FFFD0 f=0
[BLACKSCREEN][19844-STATE] pc=0x80019960 v0=0x00000000 v1=0x80032A24 a0=0x00000000 a1=0x8001072C a0m0=0x00000000 a0m1=0x00000000 a1m0=0x735F4443 a1m1=0x00636E79 s0=0xFFFFFFFF s1=0x8001072C ra=0x80010EA4 c2a8=0x1F801814 c2ac=0x1F801110 t0=0x1C080000 t1=0x000003CD f=0
[BLACKSCREEN][19844-TAIL] pc=0x80019964 instr=0x8FB50024 v0=0x00000000 a0=0x00000000 a1=0x8001072C ra=0x80010EA4 sp=0x801FFFD0 f=0
[BLACKSCREEN][19844-TAIL] pc=0x80019968 instr=0x8FB40020 v0=0x00000000 a0=0x00000000 a1=0x8001072C ra=0x80010EA4 sp=0x801FFFD0 f=0
[BLACKSCREEN][19844-TAIL] pc=0x8001996C instr=0x8FB3001C v0=0x00000000 a0=0x00000000 a1=0x8001072C ra=0x80010EA4 sp=0x801FFFD0 f=0
[BLACKSCREEN][19844-TAIL] pc=0x80019970 instr=0x8FB20018 v0=0x00000000 a0=0x00000000 a1=0x8001072C ra=0x80010EA4 sp=0x801FFFD0 f=0
[BLACKSCREEN][19844-TAIL] pc=0x80019974 instr=0x8FB10014 v0=0x00000000 a0=0x00000000 a1=0x8001072C ra=0x80010EA4 sp=0x801FFFD0 f=0
[BLACKSCREEN][19844-TAIL] pc=0x80019978 instr=0x8FB00010 v0=0x00000000 a0=0x00000000 a1=0x8001072C ra=0x80010EA4 sp=0x801FFFD0 f=0
[BLACKSCREEN][19844-TAIL] pc=0x8001997C instr=0x27BD0030 v0=0x00000000 a0=0x00000000 a1=0x8001072C ra=0x80010EA4 sp=0x801FFFD0 f=0
[BLACKSCREEN][19844-TAIL] pc=0x80019980 instr=0x03E00008 v0=0x00000000 a0=0x00000000 a1=0x8001072C ra=0x80010EA4 sp=0x80200000 f=0
[BLACKSCREEN][19844-STATE] pc=0x80019980 v0=0x00000000 v1=0x80032A24 a0=0x00000000 a1=0x8001072C a0m0=0x00000000 a0m1=0x00000000 a1m0=0x735F4443 a1m1=0x00636E79 s0=0x00000000 s1=0x00000000 ra=0x80010EA4 c2a8=0x1F801814 c2ac=0x1F801110 t0=0x1C080000 t1=0x000003CE f=0
[BLACKSCREEN][INTERP] start=0x80019844 end=0x80019980 steps=106 reason=jr_ra target=0x80010EA4 ra=0x80010EA4 sp=0x80200000 f=0
[BLACKSCREEN][NO-GPU-EVENT] #1 tag=main_present f=1 ra=0x80010EA4 sp=0x80200000
[BLACKSCREEN][NO-GPU-EVENT] chain 0x8001A65C 0x8001A65C 0x8001A65C 0x8001A65C 0x8001A65C 0x8001A65C 0x8001A65C 0x8001A65C 0x80019844 0x8001AB2C 0x8001AB2C 0x80016124
[BLACKSCREEN][RendererPresent] present=1 f=1 disp=(0,0 320x240) vis=320x240 uv=(0.000,0.000)-(1.000,1.000)
[frame 1]
[BLACKSCREEN][DISCOVER] callee=0x80019844 ra=0x80010EA4 f=1
[BLACKSCREEN][INTERP] enter start=0x80019844 instr0=0x27BDFFD0 a0=0x00000000 ra=0x80010EA4 sp=0x80200000 f=1
[BLACKSCREEN][INTERP-RA] pre-save pc=0x80019890 sp=0x801FFFD0 ra=0x80010EA4 slot_before=0x80010EA4 f=1
[BLACKSCREEN][A65C-CALLER] unique=1 ra=0x8001991C f=1
[BLACKSCREEN][DISCOVER] callee=0x8001A65C ra=0x8001991C f=1
[BLACKSCREEN][A65C-OVR] #6 f=1 ra=0x8001991C sp=0x801FFFD0 a0=0x00000000 v0=0x000003CF timer=0x000003CF
[BLACKSCREEN][A65C-OVR] #7 f=1 ra=0x8001991C sp=0x801FFFD0 a0=0x00000000 v0=0x000003D0 timer=0x000003D0
[BLACKSCREEN][A65C-OVR] #8 f=1 ra=0x8001991C sp=0x801FFFD0 a0=0x00000000 v0=0x000003D1 timer=0x000003D1
[BLACKSCREEN][A65C-OVR] #9 f=1 ra=0x8001991C sp=0x801FFFD0 a0=0x00000000 v0=0x000003D2 timer=0x000003D2
[BLACKSCREEN][19844-TAIL] pc=0x80019958 instr=0x00001021 v0=0xFFFFFFFF a0=0x00000000 a1=0x8001072C ra=0x8001991C sp=0x801FFFD0 f=1
[BLACKSCREEN][19844-STATE] pc=0x80019958 v0=0xFFFFFFFF v1=0x80032A24 a0=0x00000000 a1=0x8001072C a0m0=0x00000000 a0m1=0x00000000 a1m0=0x735F4443 a1m1=0x00636E79 s0=0xFFFFFFFF s1=0x8001072C ra=0x8001991C c2a8=0x1F801814 c2ac=0x1F801110 t0=0x1C080000 t1=0x000003D3 f=1
[BLACKSCREEN][INTERP-RA] pre-restore pc=0x8001995C sp=0x801FFFD0 ra=0x8001991C slot_now=0x80010EA4 f=1
[BLACKSCREEN][19844-TAIL] pc=0x80019960 instr=0x8FB60028 v0=0x00000000 a0=0x00000000 a1=0x8001072C ra=0x80010EA4 sp=0x801FFFD0 f=1
[BLACKSCREEN][19844-STATE] pc=0x80019960 v0=0x00000000 v1=0x80032A24 a0=0x00000000 a1=0x8001072C a0m0=0x00000000 a0m1=0x00000000 a1m0=0x735F4443 a1m1=0x00636E79 s0=0xFFFFFFFF s1=0x8001072C ra=0x80010EA4 c2a8=0x1F801814 c2ac=0x1F801110 t0=0x1C080000 t1=0x000003D4 f=1
[BLACKSCREEN][19844-TAIL] pc=0x80019964 instr=0x8FB50024 v0=0x00000000 a0=0x00000000 a1=0x8001072C ra=0x80010EA4 sp=0x801FFFD0 f=1
[BLACKSCREEN][19844-TAIL] pc=0x80019968 instr=0x8FB40020 v0=0x00000000 a0=0x00000000 a1=0x8001072C ra=0x80010EA4 sp=0x801FFFD0 f=1
[BLACKSCREEN][19844-TAIL] pc=0x8001996C instr=0x8FB3001C v0=0x00000000 a0=0x00000000 a1=0x8001072C ra=0x80010EA4 sp=0x801FFFD0 f=1
[BLACKSCREEN][19844-TAIL] pc=0x80019970 instr=0x8FB20018 v0=0x00000000 a0=0x00000000 a1=0x8001072C ra=0x80010EA4 sp=0x801FFFD0 f=1
[BLACKSCREEN][19844-TAIL] pc=0x80019974 instr=0x8FB10014 v0=0x00000000 a0=0x00000000 a1=0x8001072C ra=0x80010EA4 sp=0x801FFFD0 f=1
[BLACKSCREEN][19844-TAIL] pc=0x80019978 instr=0x8FB00010 v0=0x00000000 a0=0x00000000 a1=0x8001072C ra=0x80010EA4 sp=0x801FFFD0 f=1
[BLACKSCREEN][19844-TAIL] pc=0x8001997C instr=0x27BD0030 v0=0x00000000 a0=0x00000000 a1=0x8001072C ra=0x80010EA4 sp=0x801FFFD0 f=1
[BLACKSCREEN][19844-TAIL] pc=0x80019980 instr=0x03E00008 v0=0x00000000 a0=0x00000000 a1=0x8001072C ra=0x80010EA4 sp=0x80200000 f=1
[BLACKSCREEN][19844-STATE] pc=0x80019980 v0=0x00000000 v1=0x80032A24 a0=0x00000000 a1=0x8001072C a0m0=0x00000000 a0m1=0x00000000 a1m0=0x735F4443 a1m1=0x00636E79 s0=0x00000000 s1=0x00000000 ra=0x80010EA4 c2a8=0x1F801814 c2ac=0x1F801110 t0=0x1C080000 t1=0x000003D5 f=1
[BLACKSCREEN][INTERP] start=0x80019844 end=0x80019980 steps=126 reason=jr_ra target=0x80010EA4 ra=0x80010EA4 sp=0x80200000 f=1
[BLACKSCREEN][NO-GPU-EVENT] #2 tag=main_present f=2 ra=0x80010EA4 sp=0x80200000
[BLACKSCREEN][NO-GPU-EVENT] chain 0x8001A65C 0x8001A65C 0x8001A65C 0x8001A65C 0x8001A65C 0x8001A65C 0x8001A65C 0x8001A65C 0x80019844 0x8001A65C 0x8001A65C 0x8001A65C
[BLACKSCREEN][RendererPresent] present=2 f=2 disp=(0,0 320x240) vis=320x240 uv=(0.000,0.000)-(1.000,1.000)
[frame 2]
[BLACKSCREEN][INTERP] enter start=0x80019844 instr0=0x27BDFFD0 a0=0x00000000 ra=0x80010EA4 sp=0x80200000 f=2
[BLACKSCREEN][INTERP-RA] pre-save pc=0x80019890 sp=0x801FFFD0 ra=0x80010EA4 slot_before=0x80010EA4 f=2
[BLACKSCREEN][A65C-OVR] #10 f=2 ra=0x8001991C sp=0x801FFFD0 a0=0x00000000 v0=0x000003D6 timer=0x000003D6
[BLACKSCREEN][A65C-OVR] #11 f=2 ra=0x8001991C sp=0x801FFFD0 a0=0x00000000 v0=0x000003D7 timer=0x000003D7
[BLACKSCREEN][A65C-OVR] #12 f=2 ra=0x8001991C sp=0x801FFFD0 a0=0x00000000 v0=0x000003D8 timer=0x000003D8
[BLACKSCREEN][A65C-OVR] #13 f=2 ra=0x8001991C sp=0x801FFFD0 a0=0x00000000 v0=0x000003D9 timer=0x000003D9
[BLACKSCREEN][19844-TAIL] pc=0x80019958 instr=0x00001021 v0=0xFFFFFFFF a0=0x00000000 a1=0x8001072C ra=0x8001991C sp=0x801FFFD0 f=2
[BLACKSCREEN][19844-STATE] pc=0x80019958 v0=0xFFFFFFFF v1=0x80032A24 a0=0x00000000 a1=0x8001072C a0m0=0x00000000 a0m1=0x00000000 a1m0=0x735F4443 a1m1=0x00636E79 s0=0xFFFFFFFF s1=0x8001072C ra=0x8001991C c2a8=0x1F801814 c2ac=0x1F801110 t0=0x1C080000 t1=0x000003DA f=2
[BLACKSCREEN][INTERP-RA] pre-restore pc=0x8001995C sp=0x801FFFD0 ra=0x8001991C slot_now=0x80010EA4 f=2
[BLACKSCREEN][19844-TAIL] pc=0x80019960 instr=0x8FB60028 v0=0x00000000 a0=0x00000000 a1=0x8001072C ra=0x80010EA4 sp=0x801FFFD0 f=2
[BLACKSCREEN][19844-STATE] pc=0x80019960 v0=0x00000000 v1=0x80032A24 a0=0x00000000 a1=0x8001072C a0m0=0x00000000 a0m1=0x00000000 a1m0=0x735F4443 a1m1=0x00636E79 s0=0xFFFFFFFF s1=0x8001072C ra=0x80010EA4 c2a8=0x1F801814 c2ac=0x1F801110 t0=0x1C080000 t1=0x000003DB f=2
[BLACKSCREEN][19844-TAIL] pc=0x80019964 instr=0x8FB50024 v0=0x00000000 a0=0x00000000 a1=0x8001072C ra=0x80010EA4 sp=0x801FFFD0 f=2
[BLACKSCREEN][19844-TAIL] pc=0x80019968 instr=0x8FB40020 v0=0x00000000 a0=0x00000000 a1=0x8001072C ra=0x80010EA4 sp=0x801FFFD0 f=2
[BLACKSCREEN][19844-TAIL] pc=0x8001996C instr=0x8FB3001C v0=0x00000000 a0=0x00000000 a1=0x8001072C ra=0x80010EA4 sp=0x801FFFD0 f=2
[BLACKSCREEN][19844-TAIL] pc=0x80019970 instr=0x8FB20018 v0=0x00000000 a0=0x00000000 a1=0x8001072C ra=0x80010EA4 sp=0x801FFFD0 f=2
[BLACKSCREEN][19844-TAIL] pc=0x80019974 instr=0x8FB10014 v0=0x00000000 a0=0x00000000 a1=0x8001072C ra=0x80010EA4 sp=0x801FFFD0 f=2
[BLACKSCREEN][19844-TAIL] pc=0x80019978 instr=0x8FB00010 v0=0x00000000 a0=0x00000000 a1=0x8001072C ra=0x80010EA4 sp=0x801FFFD0 f=2
[BLACKSCREEN][19844-TAIL] pc=0x8001997C instr=0x27BD0030 v0=0x00000000 a0=0x00000000 a1=0x8001072C ra=0x80010EA4 sp=0x801FFFD0 f=2
[BLACKSCREEN][19844-TAIL] pc=0x80019980 instr=0x03E00008 v0=0x00000000 a0=0x00000000 a1=0x8001072C ra=0x80010EA4 sp=0x80200000 f=2
[BLACKSCREEN][19844-STATE] pc=0x80019980 v0=0x00000000 v1=0x80032A24 a0=0x00000000 a1=0x8001072C a0m0=0x00000000 a0m1=0x00000000 a1m0=0x735F4443 a1m1=0x00636E79 s0=0x00000000 s1=0x00000000 ra=0x80010EA4 c2a8=0x1F801814 c2ac=0x1F801110 t0=0x1C080000 t1=0x000003DC f=2
[BLACKSCREEN][INTERP] start=0x80019844 end=0x80019980 steps=126 reason=jr_ra target=0x80010EA4 ra=0x80010EA4 sp=0x80200000 f=2
[BLACKSCREEN][NO-GPU-EVENT] #3 tag=main_present f=3 ra=0x80010EA4 sp=0x80200000
[BLACKSCREEN][NO-GPU-EVENT] chain 0x8001A65C 0x8001A65C 0x8001A65C 0x8001A65C 0x8001A65C 0x8001A65C 0x8001A65C 0x8001A65C 0x80019844 0x8001A65C 0x8001A65C 0x8001A65C
[BLACKSCREEN][RendererPresent] present=3 f=3 disp=(0,0 320x240) vis=320x240 uv=(0.000,0.000)-(1.000,1.000)
[frame 3]
[BLACKSCREEN][INTERP] enter start=0x80019844 instr0=0x27BDFFD0 a0=0x00000000 ra=0x80010EA4 sp=0x80200000 f=3
[BLACKSCREEN][INTERP-RA] pre-save pc=0x80019890 sp=0x801FFFD0 ra=0x80010EA4 slot_before=0x80010EA4 f=3
[BLACKSCREEN][A65C-OVR] #14 f=3 ra=0x8001991C sp=0x801FFFD0 a0=0x00000000 v0=0x000003DD timer=0x000003DD
[BLACKSCREEN][A65C-OVR] #15 f=3 ra=0x8001991C sp=0x801FFFD0 a0=0x00000000 v0=0x000003DE timer=0x000003DE
[BLACKSCREEN][A65C-OVR] #16 f=3 ra=0x8001991C sp=0x801FFFD0 a0=0x00000000 v0=0x000003DF timer=0x000003DF
[BLACKSCREEN][A65C-OVR] #17 f=3 ra=0x8001991C sp=0x801FFFD0 a0=0x00000000 v0=0x000003E0 timer=0x000003E0
[BLACKSCREEN][19844-TAIL] pc=0x80019958 instr=0x00001021 v0=0xFFFFFFFF a0=0x00000000 a1=0x8001072C ra=0x8001991C sp=0x801FFFD0 f=3
[BLACKSCREEN][19844-STATE] pc=0x80019958 v0=0xFFFFFFFF v1=0x80032A24 a0=0x00000000 a1=0x8001072C a0m0=0x00000000 a0m1=0x00000000 a1m0=0x735F4443 a1m1=0x00636E79 s0=0xFFFFFFFF s1=0x8001072C ra=0x8001991C c2a8=0x1F801814 c2ac=0x1F801110 t0=0x1C080000 t1=0x000003E1 f=3
[BLACKSCREEN][INTERP-RA] pre-restore pc=0x8001995C sp=0x801FFFD0 ra=0x8001991C slot_now=0x80010EA4 f=3
[BLACKSCREEN][19844-TAIL] pc=0x80019960 instr=0x8FB60028 v0=0x00000000 a0=0x00000000 a1=0x8001072C ra=0x80010EA4 sp=0x801FFFD0 f=3
[BLACKSCREEN][19844-STATE] pc=0x80019960 v0=0x00000000 v1=0x80032A24 a0=0x00000000 a1=0x8001072C a0m0=0x00000000 a0m1=0x00000000 a1m0=0x735F4443 a1m1=0x00636E79 s0=0xFFFFFFFF s1=0x8001072C ra=0x80010EA4 c2a8=0x1F801814 c2ac=0x1F801110 t0=0x1C080000 t1=0x000003E2 f=3
[BLACKSCREEN][19844-TAIL] pc=0x80019964 instr=0x8FB50024 v0=0x00000000 a0=0x00000000 a1=0x8001072C ra=0x80010EA4 sp=0x801FFFD0 f=3
[BLACKSCREEN][19844-TAIL] pc=0x80019968 instr=0x8FB40020 v0=0x00000000 a0=0x00000000 a1=0x8001072C ra=0x80010EA4 sp=0x801FFFD0 f=3
[BLACKSCREEN][19844-TAIL] pc=0x8001996C instr=0x8FB3001C v0=0x00000000 a0=0x00000000 a1=0x8001072C ra=0x80010EA4 sp=0x801FFFD0 f=3
[BLACKSCREEN][19844-TAIL] pc=0x80019970 instr=0x8FB20018 v0=0x00000000 a0=0x00000000 a1=0x8001072C ra=0x80010EA4 sp=0x801FFFD0 f=3
[BLACKSCREEN][19844-TAIL] pc=0x80019974 instr=0x8FB10014 v0=0x00000000 a0=0x00000000 a1=0x8001072C ra=0x80010EA4 sp=0x801FFFD0 f=3
[BLACKSCREEN][19844-TAIL] pc=0x80019978 instr=0x8FB00010 v0=0x00000000 a0=0x00000000 a1=0x8001072C ra=0x80010EA4 sp=0x801FFFD0 f=3
[BLACKSCREEN][19844-TAIL] pc=0x8001997C instr=0x27BD0030 v0=0x00000000 a0=0x00000000 a1=0x8001072C ra=0x80010EA4 sp=0x801FFFD0 f=3
[BLACKSCREEN][19844-TAIL] pc=0x80019980 instr=0x03E00008 v0=0x00000000 a0=0x00000000 a1=0x8001072C ra=0x80010EA4 sp=0x80200000 f=3
[BLACKSCREEN][19844-STATE] pc=0x80019980 v0=0x00000000 v1=0x80032A24 a0=0x00000000 a1=0x8001072C a0m0=0x00000000 a0m1=0x00000000 a1m0=0x735F4443 a1m1=0x00636E79 s0=0x00000000 s1=0x00000000 ra=0x80010EA4 c2a8=0x1F801814 c2ac=0x1F801110 t0=0x1C080000 t1=0x000003E3 f=3
[BLACKSCREEN][INTERP] start=0x80019844 end=0x80019980 steps=126 reason=jr_ra target=0x80010EA4 ra=0x80010EA4 sp=0x80200000 f=3
[BLACKSCREEN][NO-GPU-EVENT] #4 tag=main_present f=4 ra=0x80010EA4 sp=0x80200000
[BLACKSCREEN][NO-GPU-EVENT] chain 0x8001A65C 0x8001A65C 0x8001A65C 0x8001A65C 0x8001A65C 0x8001A65C 0x8001A65C 0x8001A65C 0x80019844 0x8001A65C 0x8001A65C 0x8001A65C
[BLACKSCREEN][RendererPresent] present=4 f=4 disp=(0,0 320x240) vis=320x240 uv=(0.000,0.000)-(1.000,1.000)
[frame 4]
[BLACKSCREEN][INTERP] enter start=0x80019844 instr0=0x27BDFFD0 a0=0x00000000 ra=0x80010EA4 sp=0x80200000 f=4
[BLACKSCREEN][INTERP-RA] pre-save pc=0x80019890 sp=0x801FFFD0 ra=0x80010EA4 slot_before=0x80010EA4 f=4
[BLACKSCREEN][A65C-OVR] #18 f=4 ra=0x8001991C sp=0x801FFFD0 a0=0x00000000 v0=0x000003E4 timer=0x000003E4
[BLACKSCREEN][A65C-OVR] #19 f=4 ra=0x8001991C sp=0x801FFFD0 a0=0x00000000 v0=0x000003E5 timer=0x000003E5
[BLACKSCREEN][A65C-OVR] #20 f=4 ra=0x8001991C sp=0x801FFFD0 a0=0x00000000 v0=0x000003E6 timer=0x000003E6
[BLACKSCREEN][A65C-OVR] #21 f=4 ra=0x8001991C sp=0x801FFFD0 a0=0x00000000 v0=0x000003E7 timer=0x000003E7
[BLACKSCREEN][19844-TAIL] pc=0x80019958 instr=0x00001021 v0=0xFFFFFFFF a0=0x00000000 a1=0x8001072C ra=0x8001991C sp=0x801FFFD0 f=4
[BLACKSCREEN][19844-STATE] pc=0x80019958 v0=0xFFFFFFFF v1=0x80032A24 a0=0x00000000 a1=0x8001072C a0m0=0x00000000 a0m1=0x00000000 a1m0=0x735F4443 a1m1=0x00636E79 s0=0xFFFFFFFF s1=0x8001072C ra=0x8001991C c2a8=0x1F801814 c2ac=0x1F801110 t0=0x1C080000 t1=0x000003E8 f=4
[BLACKSCREEN][INTERP-RA] pre-restore pc=0x8001995C sp=0x801FFFD0 ra=0x8001991C slot_now=0x80010EA4 f=4
[BLACKSCREEN][19844-TAIL] pc=0x80019960 instr=0x8FB60028 v0=0x00000000 a0=0x00000000 a1=0x8001072C ra=0x80010EA4 sp=0x801FFFD0 f=4
[BLACKSCREEN][19844-STATE] pc=0x80019960 v0=0x00000000 v1=0x80032A24 a0=0x00000000 a1=0x8001072C a0m0=0x00000000 a0m1=0x00000000 a1m0=0x735F4443 a1m1=0x00636E79 s0=0xFFFFFFFF s1=0x8001072C ra=0x80010EA4 c2a8=0x1F801814 c2ac=0x1F801110 t0=0x1C080000 t1=0x000003E9 f=4
[BLACKSCREEN][19844-TAIL] pc=0x80019964 instr=0x8FB50024 v0=0x00000000 a0=0x00000000 a1=0x8001072C ra=0x80010EA4 sp=0x801FFFD0 f=4
[BLACKSCREEN][19844-TAIL] pc=0x80019968 instr=0x8FB40020 v0=0x00000000 a0=0x00000000 a1=0x8001072C ra=0x80010EA4 sp=0x801FFFD0 f=4
[BLACKSCREEN][19844-TAIL] pc=0x8001996C instr=0x8FB3001C v0=0x00000000 a0=0x00000000 a1=0x8001072C ra=0x80010EA4 sp=0x801FFFD0 f=4
[BLACKSCREEN][19844-TAIL] pc=0x80019970 instr=0x8FB20018 v0=0x00000000 a0=0x00000000 a1=0x8001072C ra=0x80010EA4 sp=0x801FFFD0 f=4
[BLACKSCREEN][19844-TAIL] pc=0x80019974 instr=0x8FB10014 v0=0x00000000 a0=0x00000000 a1=0x8001072C ra=0x80010EA4 sp=0x801FFFD0 f=4
[BLACKSCREEN][19844-TAIL] pc=0x80019978 instr=0x8FB00010 v0=0x00000000 a0=0x00000000 a1=0x8001072C ra=0x80010EA4 sp=0x801FFFD0 f=4
[BLACKSCREEN][19844-TAIL] pc=0x8001997C instr=0x27BD0030 v0=0x00000000 a0=0x00000000 a1=0x8001072C ra=0x80010EA4 sp=0x801FFFD0 f=4
[BLACKSCREEN][19844-TAIL] pc=0x80019980 instr=0x03E00008 v0=0x00000000 a0=0x00000000 a1=0x8001072C ra=0x80010EA4 sp=0x80200000 f=4
[BLACKSCREEN][19844-STATE] pc=0x80019980 v0=0x00000000 v1=0x80032A24 a0=0x00000000 a1=0x8001072C a0m0=0x00000000 a0m1=0x00000000 a1m0=0x735F4443 a1m1=0x00636E79 s0=0x00000000 s1=0x00000000 ra=0x80010EA4 c2a8=0x1F801814 c2ac=0x1F801110 t0=0x1C080000 t1=0x000003EA f=4
[BLACKSCREEN][INTERP] start=0x80019844 end=0x80019980 steps=126 reason=jr_ra target=0x80010EA4 ra=0x80010EA4 sp=0x80200000 f=4
[BLACKSCREEN][NO-GPU-EVENT] #5 tag=main_present f=5 ra=0x80010EA4 sp=0x80200000
[BLACKSCREEN][NO-GPU-EVENT] chain 0x8001A65C 0x8001A65C 0x8001A65C 0x8001A65C 0x8001A65C 0x8001A65C 0x8001A65C 0x8001A65C 0x80019844 0x8001A65C 0x8001A65C 0x8001A65C
[BLACKSCREEN][RendererPresent] present=5 f=5 disp=(0,0 320x240) vis=320x240 uv=(0.000,0.000)-(1.000,1.000)
[frame 5]
[BLACKSCREEN][INTERP] enter start=0x80019844 instr0=0x27BDFFD0 a0=0x00000000 ra=0x80010EA4 sp=0x80200000 f=5
[BLACKSCREEN][INTERP-RA] pre-save pc=0x80019890 sp=0x801FFFD0 ra=0x80010EA4 slot_before=0x80010EA4 f=5
[BLACKSCREEN][A65C-OVR] #22 f=5 ra=0x8001991C sp=0x801FFFD0 a0=0x00000000 v0=0x000003EB timer=0x000003EB
[BLACKSCREEN][A65C-OVR] #23 f=5 ra=0x8001991C sp=0x801FFFD0 a0=0x00000000 v0=0x000003EC timer=0x000003EC
[BLACKSCREEN][A65C-OVR] #24 f=5 ra=0x8001991C sp=0x801FFFD0 a0=0x00000000 v0=0x000003ED timer=0x000003ED
[BLACKSCREEN][A65C-OVR] #25 f=5 ra=0x8001991C sp=0x801FFFD0 a0=0x00000000 v0=0x000003EE timer=0x000003EE
[BLACKSCREEN][19844-TAIL] pc=0x80019958 instr=0x00001021 v0=0xFFFFFFFF a0=0x00000000 a1=0x8001072C ra=0x8001991C sp=0x801FFFD0 f=5
[BLACKSCREEN][19844-STATE] pc=0x80019958 v0=0xFFFFFFFF v1=0x80032A24 a0=0x00000000 a1=0x8001072C a0m0=0x00000000 a0m1=0x00000000 a1m0=0x735F4443 a1m1=0x00636E79 s0=0xFFFFFFFF s1=0x8001072C ra=0x8001991C c2a8=0x1F801814 c2ac=0x1F801110 t0=0x1C080000 t1=0x000003EF f=5
[BLACKSCREEN][INTERP-RA] pre-restore pc=0x8001995C sp=0x801FFFD0 ra=0x8001991C slot_now=0x80010EA4 f=5
[BLACKSCREEN][19844-TAIL] pc=0x80019960 instr=0x8FB60028 v0=0x00000000 a0=0x00000000 a1=0x8001072C ra=0x80010EA4 sp=0x801FFFD0 f=5
[BLACKSCREEN][19844-STATE] pc=0x80019960 v0=0x00000000 v1=0x80032A24 a0=0x00000000 a1=0x8001072C a0m0=0x00000000 a0m1=0x00000000 a1m0=0x735F4443 a1m1=0x00636E79 s0=0xFFFFFFFF s1=0x8001072C ra=0x80010EA4 c2a8=0x1F801814 c2ac=0x1F801110 t0=0x1C080000 t1=0x000003F0 f=5
[BLACKSCREEN][19844-STATE] pc=0x80019980 v0=0x00000000 v1=0x80032A24 a0=0x00000000 a1=0x8001072C a0m0=0x00000000 a0m1=0x00000000 a1m0=0x735F4443 a1m1=0x00636E79 s0=0x00000000 s1=0x00000000 ra=0x80010EA4 c2a8=0x1F801814 c2ac=0x1F801110 t0=0x1C080000 t1=0x000003F1 f=5
[BLACKSCREEN][INTERP] start=0x80019844 end=0x80019980 steps=126 reason=jr_ra target=0x80010EA4 ra=0x80010EA4 sp=0x80200000 f=5
[BLACKSCREEN][NO-GPU-EVENT] #6 tag=main_present f=6 ra=0x80010EA4 sp=0x80200000
[BLACKSCREEN][NO-GPU-EVENT] chain 0x8001A65C 0x8001A65C 0x8001A65C 0x8001A65C 0x8001A65C 0x8001A65C 0x8001A65C 0x8001A65C 0x80019844 0x8001A65C 0x8001A65C 0x8001A65C
[BLACKSCREEN][RendererPresent] present=6 f=6 disp=(0,0 320x240) vis=320x240 uv=(0.000,0.000)-(1.000,1.000)
[BLACKSCREEN][INTERP] enter start=0x80019844 instr0=0x27BDFFD0 a0=0x00000000 ra=0x80010EA4 sp=0x80200000 f=6
[BLACKSCREEN][INTERP-RA] pre-save pc=0x80019890 sp=0x801FFFD0 ra=0x80010EA4 slot_before=0x80010EA4 f=6
[BLACKSCREEN][A65C-OVR] #26 f=6 ra=0x8001991C sp=0x801FFFD0 a0=0x00000000 v0=0x000003F2 timer=0x000003F2
[BLACKSCREEN][A65C-OVR] #27 f=6 ra=0x8001991C sp=0x801FFFD0 a0=0x00000000 v0=0x000003F3 timer=0x000003F3
[BLACKSCREEN][A65C-OVR] #28 f=6 ra=0x8001991C sp=0x801FFFD0 a0=0x00000000 v0=0x000003F4 timer=0x000003F4
[BLACKSCREEN][A65C-OVR] #29 f=6 ra=0x8001991C sp=0x801FFFD0 a0=0x00000000 v0=0x000003F5 timer=0x000003F5
[BLACKSCREEN][19844-STATE] pc=0x80019958 v0=0xFFFFFFFF v1=0x80032A24 a0=0x00000000 a1=0x8001072C a0m0=0x00000000 a0m1=0x00000000 a1m0=0x735F4443 a1m1=0x00636E79 s0=0xFFFFFFFF s1=0x8001072C ra=0x8001991C c2a8=0x1F801814 c2ac=0x1F801110 t0=0x1C080000 t1=0x000003F6 f=6
[BLACKSCREEN][INTERP-RA] pre-restore pc=0x8001995C sp=0x801FFFD0 ra=0x8001991C slot_now=0x80010EA4 f=6
[BLACKSCREEN][19844-STATE] pc=0x80019960 v0=0x00000000 v1=0x80032A24 a0=0x00000000 a1=0x8001072C a0m0=0x00000000 a0m1=0x00000000 a1m0=0x735F4443 a1m1=0x00636E79 s0=0xFFFFFFFF s1=0x8001072C ra=0x80010EA4 c2a8=0x1F801814 c2ac=0x1F801110 t0=0x1C080000 t1=0x000003F7 f=6
[BLACKSCREEN][19844-STATE] pc=0x80019980 v0=0x00000000 v1=0x80032A24 a0=0x00000000 a1=0x8001072C a0m0=0x00000000 a0m1=0x00000000 a1m0=0x735F4443 a1m1=0x00636E79 s0=0x00000000 s1=0x00000000 ra=0x80010EA4 c2a8=0x1F801814 c2ac=0x1F801110 t0=0x1C080000 t1=0x000003F8 f=6
[BLACKSCREEN][INTERP] start=0x80019844 end=0x80019980 steps=126 reason=jr_ra target=0x80010EA4 ra=0x80010EA4 sp=0x80200000 f=6
[BLACKSCREEN][NO-GPU-EVENT] #7 tag=main_present f=7 ra=0x80010EA4 sp=0x80200000
[BLACKSCREEN][NO-GPU-EVENT] chain 0x8001A65C 0x8001A65C 0x8001A65C 0x8001A65C 0x8001A65C 0x8001A65C 0x8001A65C 0x8001A65C 0x80019844 0x8001A65C 0x8001A65C 0x8001A65C
[BLACKSCREEN][RendererPresent] present=7 f=7 disp=(0,0 320x240) vis=320x240 uv=(0.000,0.000)-(1.000,1.000)
[BLACKSCREEN][INTERP] enter start=0x80019844 instr0=0x27BDFFD0 a0=0x00000000 ra=0x80010EA4 sp=0x80200000 f=7
[BLACKSCREEN][INTERP-RA] pre-save pc=0x80019890 sp=0x801FFFD0 ra=0x80010EA4 slot_before=0x80010EA4 f=7
[BLACKSCREEN][A65C-OVR] #30 f=7 ra=0x8001991C sp=0x801FFFD0 a0=0x00000000 v0=0x000003F9 timer=0x000003F9
[BLACKSCREEN][A65C-OVR] #31 f=7 ra=0x8001991C sp=0x801FFFD0 a0=0x00000000 v0=0x000003FA timer=0x000003FA
[BLACKSCREEN][A65C-OVR] #32 f=7 ra=0x8001991C sp=0x801FFFD0 a0=0x00000000 v0=0x000003FB timer=0x000003FB
[BLACKSCREEN][A65C-OVR] #33 f=7 ra=0x8001991C sp=0x801FFFD0 a0=0x00000000 v0=0x000003FC timer=0x000003FC
[BLACKSCREEN][19844-STATE] pc=0x80019958 v0=0xFFFFFFFF v1=0x80032A24 a0=0x00000000 a1=0x8001072C a0m0=0x00000000 a0m1=0x00000000 a1m0=0x735F4443 a1m1=0x00636E79 s0=0xFFFFFFFF s1=0x8001072C ra=0x8001991C c2a8=0x1F801814 c2ac=0x1F801110 t0=0x1C080000 t1=0x000003FD f=7
[BLACKSCREEN][INTERP-RA] pre-restore pc=0x8001995C sp=0x801FFFD0 ra=0x8001991C slot_now=0x80010EA4 f=7
[BLACKSCREEN][19844-STATE] pc=0x80019960 v0=0x00000000 v1=0x80032A24 a0=0x00000000 a1=0x8001072C a0m0=0x00000000 a0m1=0x00000000 a1m0=0x735F4443 a1m1=0x00636E79 s0=0xFFFFFFFF s1=0x8001072C ra=0x80010EA4 c2a8=0x1F801814 c2ac=0x1F801110 t0=0x1C080000 t1=0x000003FE f=7
[BLACKSCREEN][19844-STATE] pc=0x80019980 v0=0x00000000 v1=0x80032A24 a0=0x00000000 a1=0x8001072C a0m0=0x00000000 a0m1=0x00000000 a1m0=0x735F4443 a1m1=0x00636E79 s0=0x00000000 s1=0x00000000 ra=0x80010EA4 c2a8=0x1F801814 c2ac=0x1F801110 t0=0x1C080000 t1=0x000003FF f=7
[BLACKSCREEN][INTERP] start=0x80019844 end=0x80019980 steps=126 reason=jr_ra target=0x80010EA4 ra=0x80010EA4 sp=0x80200000 f=7
[BLACKSCREEN][NO-GPU-EVENT] #8 tag=main_present f=8 ra=0x80010EA4 sp=0x80200000
[BLACKSCREEN][NO-GPU-EVENT] chain 0x8001A65C 0x8001A65C 0x8001A65C 0x8001A65C 0x8001A65C 0x8001A65C 0x8001A65C 0x8001A65C 0x80019844 0x8001A65C 0x8001A65C 0x8001A65C
[BLACKSCREEN][RendererPresent] present=8 f=8 disp=(0,0 320x240) vis=320x240 uv=(0.000,0.000)-(1.000,1.000)
[BLACKSCREEN][INTERP] enter start=0x80019844 instr0=0x27BDFFD0 a0=0x00000000 ra=0x80010EA4 sp=0x80200000 f=8
[BLACKSCREEN][INTERP-RA] pre-save pc=0x80019890 sp=0x801FFFD0 ra=0x80010EA4 slot_before=0x80010EA4 f=8
[BLACKSCREEN][A65C-OVR] #34 f=8 ra=0x8001991C sp=0x801FFFD0 a0=0x00000000 v0=0x00000400 timer=0x00000400
[BLACKSCREEN][A65C-OVR] #35 f=8 ra=0x8001991C sp=0x801FFFD0 a0=0x00000000 v0=0x00000401 timer=0x00000401
[BLACKSCREEN][A65C-OVR] #36 f=8 ra=0x8001991C sp=0x801FFFD0 a0=0x00000000 v0=0x00000402 timer=0x00000402
[BLACKSCREEN][A65C-OVR] #37 f=8 ra=0x8001991C sp=0x801FFFD0 a0=0x00000000 v0=0x00000403 timer=0x00000403
[BLACKSCREEN][19844-STATE] pc=0x80019958 v0=0xFFFFFFFF v1=0x80032A24 a0=0x00000000 a1=0x8001072C a0m0=0x00000000 a0m1=0x00000000 a1m0=0x735F4443 a1m1=0x00636E79 s0=0xFFFFFFFF s1=0x8001072C ra=0x8001991C c2a8=0x1F801814 c2ac=0x1F801110 t0=0x1C080000 t1=0x00000404 f=8
[BLACKSCREEN][INTERP-RA] pre-restore pc=0x8001995C sp=0x801FFFD0 ra=0x8001991C slot_now=0x80010EA4 f=8
[BLACKSCREEN][19844-STATE] pc=0x80019960 v0=0x00000000 v1=0x80032A24 a0=0x00000000 a1=0x8001072C a0m0=0x00000000 a0m1=0x00000000 a1m0=0x735F4443 a1m1=0x00636E79 s0=0xFFFFFFFF s1=0x8001072C ra=0x80010EA4 c2a8=0x1F801814 c2ac=0x1F801110 t0=0x1C080000 t1=0x00000405 f=8
[BLACKSCREEN][19844-STATE] pc=0x80019980 v0=0x00000000 v1=0x80032A24 a0=0x00000000 a1=0x8001072C a0m0=0x00000000 a0m1=0x00000000 a1m0=0x735F4443 a1m1=0x00636E79 s0=0x00000000 s1=0x00000000 ra=0x80010EA4 c2a8=0x1F801814 c2ac=0x1F801110 t0=0x1C080000 t1=0x00000406 f=8
[BLACKSCREEN][INTERP] start=0x80019844 end=0x80019980 steps=126 reason=jr_ra target=0x80010EA4 ra=0x80010EA4 sp=0x80200000 f=8
[BLACKSCREEN][NO-GPU-EVENT] #9 tag=main_present f=9 ra=0x80010EA4 sp=0x80200000
[BLACKSCREEN][NO-GPU-EVENT] chain 0x8001A65C 0x8001A65C 0x8001A65C 0x8001A65C 0x8001A65C 0x8001A65C 0x8001A65C 0x8001A65C 0x80019844 0x8001A65C 0x8001A65C 0x8001A65C
[BLACKSCREEN][RendererPresent] present=9 f=9 disp=(0,0 320x240) vis=320x240 uv=(0.000,0.000)-(1.000,1.000)
[BLACKSCREEN][INTERP] enter start=0x80019844 instr0=0x27BDFFD0 a0=0x00000000 ra=0x80010EA4 sp=0x80200000 f=9
[BLACKSCREEN][INTERP-RA] pre-save pc=0x80019890 sp=0x801FFFD0 ra=0x80010EA4 slot_before=0x80010EA4 f=9
[BLACKSCREEN][A65C-OVR] #38 f=9 ra=0x8001991C sp=0x801FFFD0 a0=0x00000000 v0=0x00000407 timer=0x00000407
[BLACKSCREEN][A65C-OVR] #39 f=9 ra=0x8001991C sp=0x801FFFD0 a0=0x00000000 v0=0x00000408 timer=0x00000408
[BLACKSCREEN][A65C-OVR] #40 f=9 ra=0x8001991C sp=0x801FFFD0 a0=0x00000000 v0=0x00000409 timer=0x00000409
[BLACKSCREEN][19844-STATE] pc=0x80019958 v0=0xFFFFFFFF v1=0x80032A24 a0=0x00000000 a1=0x8001072C a0m0=0x00000000 a0m1=0x00000000 a1m0=0x735F4443 a1m1=0x00636E79 s0=0xFFFFFFFF s1=0x8001072C ra=0x8001991C c2a8=0x1F801814 c2ac=0x1F801110 t0=0x1C080000 t1=0x0000040B f=9
[BLACKSCREEN][INTERP-RA] pre-restore pc=0x8001995C sp=0x801FFFD0 ra=0x8001991C slot_now=0x80010EA4 f=9
[BLACKSCREEN][19844-STATE] pc=0x80019960 v0=0x00000000 v1=0x80032A24 a0=0x00000000 a1=0x8001072C a0m0=0x00000000 a0m1=0x00000000 a1m0=0x735F4443 a1m1=0x00636E79 s0=0xFFFFFFFF s1=0x8001072C ra=0x80010EA4 c2a8=0x1F801814 c2ac=0x1F801110 t0=0x1C080000 t1=0x0000040C f=9
[BLACKSCREEN][19844-STATE] pc=0x80019980 v0=0x00000000 v1=0x80032A24 a0=0x00000000 a1=0x8001072C a0m0=0x00000000 a0m1=0x00000000 a1m0=0x735F4443 a1m1=0x00636E79 s0=0x00000000 s1=0x00000000 ra=0x80010EA4 c2a8=0x1F801814 c2ac=0x1F801110 t0=0x1C080000 t1=0x0000040D f=9
[BLACKSCREEN][INTERP] start=0x80019844 end=0x80019980 steps=126 reason=jr_ra target=0x80010EA4 ra=0x80010EA4 sp=0x80200000 f=9
[BLACKSCREEN][NO-GPU-EVENT] #10 tag=main_present f=10 ra=0x80010EA4 sp=0x80200000
[BLACKSCREEN][NO-GPU-EVENT] chain 0x8001A65C 0x8001A65C 0x8001A65C 0x8001A65C 0x8001A65C 0x8001A65C 0x8001A65C 0x8001A65C 0x80019844 0x8001A65C 0x8001A65C 0x8001A65C
[BLACKSCREEN][RendererPresent] present=10 f=10 disp=(0,0 320x240) vis=320x240 uv=(0.000,0.000)-(1.000,1.000)
[BLACKSCREEN][INTERP] enter start=0x80019844 instr0=0x27BDFFD0 a0=0x00000000 ra=0x80010EA4 sp=0x80200000 f=10
[BLACKSCREEN][INTERP-RA] pre-save pc=0x80019890 sp=0x801FFFD0 ra=0x80010EA4 slot_before=0x80010EA4 f=10
[BLACKSCREEN][19844-STATE] pc=0x80019958 v0=0xFFFFFFFF v1=0x80032A24 a0=0x00000000 a1=0x8001072C a0m0=0x00000000 a0m1=0x00000000 a1m0=0x735F4443 a1m1=0x00636E79 s0=0xFFFFFFFF s1=0x8001072C ra=0x8001991C c2a8=0x1F801814 c2ac=0x1F801110 t0=0x1C080000 t1=0x00000412 f=10
[BLACKSCREEN][INTERP-RA] pre-restore pc=0x8001995C sp=0x801FFFD0 ra=0x8001991C slot_now=0x80010EA4 f=10
[BLACKSCREEN][19844-STATE] pc=0x80019960 v0=0x00000000 v1=0x80032A24 a0=0x00000000 a1=0x8001072C a0m0=0x00000000 a0m1=0x00000000 a1m0=0x735F4443 a1m1=0x00636E79 s0=0xFFFFFFFF s1=0x8001072C ra=0x80010EA4 c2a8=0x1F801814 c2ac=0x1F801110 t0=0x1C080000 t1=0x00000413 f=10
[BLACKSCREEN][19844-STATE] pc=0x80019980 v0=0x00000000 v1=0x80032A24 a0=0x00000000 a1=0x8001072C a0m0=0x00000000 a0m1=0x00000000 a1m0=0x735F4443 a1m1=0x00636E79 s0=0x00000000 s1=0x00000000 ra=0x80010EA4 c2a8=0x1F801814 c2ac=0x1F801110 t0=0x1C080000 t1=0x00000414 f=10
[BLACKSCREEN][INTERP] start=0x80019844 end=0x80019980 steps=126 reason=jr_ra target=0x80010EA4 ra=0x80010EA4 sp=0x80200000 f=10
[BLACKSCREEN][NO-GPU-EVENT] #11 tag=main_present f=11 ra=0x80010EA4 sp=0x80200000
[BLACKSCREEN][NO-GPU-EVENT] chain 0x8001A65C 0x8001A65C 0x8001A65C 0x8001A65C 0x8001A65C 0x8001A65C 0x8001A65C 0x8001A65C 0x80019844 0x8001A65C 0x8001A65C 0x8001A65C
[BLACKSCREEN][RendererPresent] present=11 f=11 disp=(0,0 320x240) vis=320x240 uv=(0.000,0.000)-(1.000,1.000)
[BLACKSCREEN][INTERP] enter start=0x80019844 instr0=0x27BDFFD0 a0=0x00000000 ra=0x80010EA4 sp=0x80200000 f=11
[BLACKSCREEN][INTERP-RA] pre-save pc=0x80019890 sp=0x801FFFD0 ra=0x80010EA4 slot_before=0x80010EA4 f=11
[BLACKSCREEN][19844-STATE] pc=0x80019958 v0=0xFFFFFFFF v1=0x80032A24 a0=0x00000000 a1=0x8001072C a0m0=0x00000000 a0m1=0x00000000 a1m0=0x735F4443 a1m1=0x00636E79 s0=0xFFFFFFFF s1=0x8001072C ra=0x8001991C c2a8=0x1F801814 c2ac=0x1F801110 t0=0x1C080000 t1=0x00000419 f=11
[BLACKSCREEN][INTERP-RA] pre-restore pc=0x8001995C sp=0x801FFFD0 ra=0x8001991C slot_now=0x80010EA4 f=11
[BLACKSCREEN][19844-STATE] pc=0x80019960 v0=0x00000000 v1=0x80032A24 a0=0x00000000 a1=0x8001072C a0m0=0x00000000 a0m1=0x00000000 a1m0=0x735F4443 a1m1=0x00636E79 s0=0xFFFFFFFF s1=0x8001072C ra=0x80010EA4 c2a8=0x1F801814 c2ac=0x1F801110 t0=0x1C080000 t1=0x0000041A f=11
[BLACKSCREEN][19844-STATE] pc=0x80019980 v0=0x00000000 v1=0x80032A24 a0=0x00000000 a1=0x8001072C a0m0=0x00000000 a0m1=0x00000000 a1m0=0x735F4443 a1m1=0x00636E79 s0=0x00000000 s1=0x00000000 ra=0x80010EA4 c2a8=0x1F801814 c2ac=0x1F801110 t0=0x1C080000 t1=0x0000041B f=11
[BLACKSCREEN][INTERP] start=0x80019844 end=0x80019980 steps=126 reason=jr_ra target=0x80010EA4 ra=0x80010EA4 sp=0x80200000 f=11
[BLACKSCREEN][NO-GPU-EVENT] #12 tag=main_present f=12 ra=0x80010EA4 sp=0x80200000
[BLACKSCREEN][NO-GPU-EVENT] chain 0x8001A65C 0x8001A65C 0x8001A65C 0x8001A65C 0x8001A65C 0x8001A65C 0x8001A65C 0x8001A65C 0x80019844 0x8001A65C 0x8001A65C 0x8001A65C
[BLACKSCREEN][RendererPresent] present=12 f=12 disp=(0,0 320x240) vis=320x240 uv=(0.000,0.000)-(1.000,1.000)
[BLACKSCREEN][INTERP] enter start=0x80019844 instr0=0x27BDFFD0 a0=0x00000000 ra=0x80010EA4 sp=0x80200000 f=12
[BLACKSCREEN][INTERP-RA] pre-save pc=0x80019890 sp=0x801FFFD0 ra=0x80010EA4 slot_before=0x80010EA4 f=12
[BLACKSCREEN][19844-STATE] pc=0x80019958 v0=0xFFFFFFFF v1=0x80032A24 a0=0x00000000 a1=0x8001072C a0m0=0x00000000 a0m1=0x00000000 a1m0=0x735F4443 a1m1=0x00636E79 s0=0xFFFFFFFF s1=0x8001072C ra=0x8001991C c2a8=0x1F801814 c2ac=0x1F801110 t0=0x1C080000 t1=0x00000420 f=12
[BLACKSCREEN][INTERP-RA] pre-restore pc=0x8001995C sp=0x801FFFD0 ra=0x8001991C slot_now=0x80010EA4 f=12
[BLACKSCREEN][19844-STATE] pc=0x80019960 v0=0x00000000 v1=0x80032A24 a0=0x00000000 a1=0x8001072C a0m0=0x00000000 a0m1=0x00000000 a1m0=0x735F4443 a1m1=0x00636E79 s0=0xFFFFFFFF s1=0x8001072C ra=0x80010EA4 c2a8=0x1F801814 c2ac=0x1F801110 t0=0x1C080000 t1=0x00000421 f=12
[BLACKSCREEN][19844-STATE] pc=0x80019980 v0=0x00000000 v1=0x80032A24 a0=0x00000000 a1=0x8001072C a0m0=0x00000000 a0m1=0x00000000 a1m0=0x735F4443 a1m1=0x00636E79 s0=0x00000000 s1=0x00000000 ra=0x80010EA4 c2a8=0x1F801814 c2ac=0x1F801110 t0=0x1C080000 t1=0x00000422 f=12
[BLACKSCREEN][INTERP] start=0x80019844 end=0x80019980 steps=126 reason=jr_ra target=0x80010EA4 ra=0x80010EA4 sp=0x80200000 f=12
[BLACKSCREEN][NO-GPU-EVENT] #13 tag=main_present f=13 ra=0x80010EA4 sp=0x80200000
[BLACKSCREEN][NO-GPU-EVENT] chain 0x8001A65C 0x8001A65C 0x8001A65C 0x8001A65C 0x8001A65C 0x8001A65C 0x8001A65C 0x8001A65C 0x80019844 0x8001A65C 0x8001A65C 0x8001A65C
[BLACKSCREEN][RendererPresent] present=13 f=13 disp=(0,0 320x240) vis=320x240 uv=(0.000,0.000)-(1.000,1.000)
[BLACKSCREEN][INTERP] enter start=0x80019844 instr0=0x27BDFFD0 a0=0x00000000 ra=0x80010EA4 sp=0x80200000 f=13
[BLACKSCREEN][INTERP-RA] pre-save pc=0x80019890 sp=0x801FFFD0 ra=0x80010EA4 slot_before=0x80010EA4 f=13
[BLACKSCREEN][19844-STATE] pc=0x80019958 v0=0xFFFFFFFF v1=0x80032A24 a0=0x00000000 a1=0x8001072C a0m0=0x00000000 a0m1=0x00000000 a1m0=0x735F4443 a1m1=0x00636E79 s0=0xFFFFFFFF s1=0x8001072C ra=0x8001991C c2a8=0x1F801814 c2ac=0x1F801110 t0=0x1C080000 t1=0x00000427 f=13
[BLACKSCREEN][INTERP-RA] pre-restore pc=0x8001995C sp=0x801FFFD0 ra=0x8001991C slot_now=0x80010EA4 f=13
[BLACKSCREEN][19844-STATE] pc=0x80019960 v0=0x00000000 v1=0x80032A24 a0=0x00000000 a1=0x8001072C a0m0=0x00000000 a0m1=0x00000000 a1m0=0x735F4443 a1m1=0x00636E79 s0=0xFFFFFFFF s1=0x8001072C ra=0x80010EA4 c2a8=0x1F801814 c2ac=0x1F801110 t0=0x1C080000 t1=0x00000428 f=13
[BLACKSCREEN][19844-STATE] pc=0x80019980 v0=0x00000000 v1=0x80032A24 a0=0x00000000 a1=0x8001072C a0m0=0x00000000 a0m1=0x00000000 a1m0=0x735F4443 a1m1=0x00636E79 s0=0x00000000 s1=0x00000000 ra=0x80010EA4 c2a8=0x1F801814 c2ac=0x1F801110 t0=0x1C080000 t1=0x00000429 f=13
[BLACKSCREEN][INTERP] start=0x80019844 end=0x80019980 steps=126 reason=jr_ra target=0x80010EA4 ra=0x80010EA4 sp=0x80200000 f=13
[BLACKSCREEN][NO-GPU-EVENT] #14 tag=main_present f=14 ra=0x80010EA4 sp=0x80200000
[BLACKSCREEN][NO-GPU-EVENT] chain 0x8001A65C 0x8001A65C 0x8001A65C 0x8001A65C 0x8001A65C 0x8001A65C 0x8001A65C 0x8001A65C 0x80019844 0x8001A65C 0x8001A65C 0x8001A65C
[BLACKSCREEN][RendererPresent] present=14 f=14 disp=(0,0 320x240) vis=320x240 uv=(0.000,0.000)-(1.000,1.000)
[BLACKSCREEN][INTERP] enter start=0x80019844 instr0=0x27BDFFD0 a0=0x00000000 ra=0x80010EA4 sp=0x80200000 f=14
[BLACKSCREEN][INTERP-RA] pre-save pc=0x80019890 sp=0x801FFFD0 ra=0x80010EA4 slot_before=0x80010EA4 f=14
[BLACKSCREEN][A65C-OVR] #60 f=14 ra=0x8001991C sp=0x801FFFD0 a0=0x00000000 v0=0x0000042C timer=0x0000042C
[BLACKSCREEN][19844-STATE] pc=0x80019958 v0=0xFFFFFFFF v1=0x80032A24 a0=0x00000000 a1=0x8001072C a0m0=0x00000000 a0m1=0x00000000 a1m0=0x735F4443 a1m1=0x00636E79 s0=0xFFFFFFFF s1=0x8001072C ra=0x8001991C c2a8=0x1F801814 c2ac=0x1F801110 t0=0x1C080000 t1=0x0000042E f=14
[BLACKSCREEN][INTERP-RA] pre-restore pc=0x8001995C sp=0x801FFFD0 ra=0x8001991C slot_now=0x80010EA4 f=14
[BLACKSCREEN][19844-STATE] pc=0x80019960 v0=0x00000000 v1=0x80032A24 a0=0x00000000 a1=0x8001072C a0m0=0x00000000 a0m1=0x00000000 a1m0=0x735F4443 a1m1=0x00636E79 s0=0xFFFFFFFF s1=0x8001072C ra=0x80010EA4 c2a8=0x1F801814 c2ac=0x1F801110 t0=0x1C080000 t1=0x0000042F f=14
[BLACKSCREEN][19844-STATE] pc=0x80019980 v0=0x00000000 v1=0x80032A24 a0=0x00000000 a1=0x8001072C a0m0=0x00000000 a0m1=0x00000000 a1m0=0x735F4443 a1m1=0x00636E79 s0=0x00000000 s1=0x00000000 ra=0x80010EA4 c2a8=0x1F801814 c2ac=0x1F801110 t0=0x1C080000 t1=0x00000430 f=14
[BLACKSCREEN][INTERP] start=0x80019844 end=0x80019980 steps=126 reason=jr_ra target=0x80010EA4 ra=0x80010EA4 sp=0x80200000 f=14
[BLACKSCREEN][NO-GPU-EVENT] #15 tag=main_present f=15 ra=0x80010EA4 sp=0x80200000
[BLACKSCREEN][NO-GPU-EVENT] chain 0x8001A65C 0x8001A65C 0x8001A65C 0x8001A65C 0x8001A65C 0x8001A65C 0x8001A65C 0x8001A65C 0x80019844 0x8001A65C 0x8001A65C 0x8001A65C
[BLACKSCREEN][RendererPresent] present=15 f=15 disp=(0,0 320x240) vis=320x240 uv=(0.000,0.000)-(1.000,1.000)
[BLACKSCREEN][INTERP] enter start=0x80019844 instr0=0x27BDFFD0 a0=0x00000000 ra=0x80010EA4 sp=0x80200000 f=15
[BLACKSCREEN][INTERP-RA] pre-save pc=0x80019890 sp=0x801FFFD0 ra=0x80010EA4 slot_before=0x80010EA4 f=15
[BLACKSCREEN][19844-STATE] pc=0x80019958 v0=0xFFFFFFFF v1=0x80032A24 a0=0x00000000 a1=0x8001072C a0m0=0x00000000 a0m1=0x00000000 a1m0=0x735F4443 a1m1=0x00636E79 s0=0xFFFFFFFF s1=0x8001072C ra=0x8001991C c2a8=0x1F801814 c2ac=0x1F801110 t0=0x1C080000 t1=0x00000435 f=15
[BLACKSCREEN][INTERP-RA] pre-restore pc=0x8001995C sp=0x801FFFD0 ra=0x8001991C slot_now=0x80010EA4 f=15
[BLACKSCREEN][19844-STATE] pc=0x80019960 v0=0x00000000 v1=0x80032A24 a0=0x00000000 a1=0x8001072C a0m0=0x00000000 a0m1=0x00000000 a1m0=0x735F4443 a1m1=0x00636E79 s0=0xFFFFFFFF s1=0x8001072C ra=0x80010EA4 c2a8=0x1F801814 c2ac=0x1F801110 t0=0x1C080000 t1=0x00000436 f=15
[BLACKSCREEN][19844-STATE] pc=0x80019980 v0=0x00000000 v1=0x80032A24 a0=0x00000000 a1=0x8001072C a0m0=0x00000000 a0m1=0x00000000 a1m0=0x735F4443 a1m1=0x00636E79 s0=0x00000000 s1=0x00000000 ra=0x80010EA4 c2a8=0x1F801814 c2ac=0x1F801110 t0=0x1C080000 t1=0x00000437 f=15
[BLACKSCREEN][INTERP] start=0x80019844 end=0x80019980 steps=126 reason=jr_ra target=0x80010EA4 ra=0x80010EA4 sp=0x80200000 f=15
[BLACKSCREEN][NO-GPU-EVENT] #16 tag=main_present f=16 ra=0x80010EA4 sp=0x80200000
[BLACKSCREEN][NO-GPU-EVENT] chain 0x8001A65C 0x8001A65C 0x8001A65C 0x8001A65C 0x8001A65C 0x8001A65C 0x8001A65C 0x8001A65C 0x80019844 0x8001A65C 0x8001A65C 0x8001A65C
[BLACKSCREEN][RendererPresent] present=16 f=16 disp=(0,0 320x240) vis=320x240 uv=(0.000,0.000)-(1.000,1.000)
[BLACKSCREEN][INTERP] enter start=0x80019844 instr0=0x27BDFFD0 a0=0x00000000 ra=0x80010EA4 sp=0x80200000 f=16
[BLACKSCREEN][INTERP-RA] pre-save pc=0x80019890 sp=0x801FFFD0 ra=0x80010EA4 slot_before=0x80010EA4 f=16
[BLACKSCREEN][19844-STATE] pc=0x80019958 v0=0xFFFFFFFF v1=0x80032A24 a0=0x00000000 a1=0x8001072C a0m0=0x00000000 a0m1=0x00000000 a1m0=0x735F4443 a1m1=0x00636E79 s0=0xFFFFFFFF s1=0x8001072C ra=0x8001991C c2a8=0x1F801814 c2ac=0x1F801110 t0=0x1C080000 t1=0x0000043C f=16
[BLACKSCREEN][INTERP-RA] pre-restore pc=0x8001995C sp=0x801FFFD0 ra=0x8001991C slot_now=0x80010EA4 f=16
[BLACKSCREEN][19844-STATE] pc=0x80019960 v0=0x00000000 v1=0x80032A24 a0=0x00000000 a1=0x8001072C a0m0=0x00000000 a0m1=0x00000000 a1m0=0x735F4443 a1m1=0x00636E79 s0=0xFFFFFFFF s1=0x8001072C ra=0x80010EA4 c2a8=0x1F801814 c2ac=0x1F801110 t0=0x1C080000 t1=0x0000043D f=16
[BLACKSCREEN][19844-STATE] pc=0x80019980 v0=0x00000000 v1=0x80032A24 a0=0x00000000 a1=0x8001072C a0m0=0x00000000 a0m1=0x00000000 a1m0=0x735F4443 a1m1=0x00636E79 s0=0x00000000 s1=0x00000000 ra=0x80010EA4 c2a8=0x1F801814 c2ac=0x1F801110 t0=0x1C080000 t1=0x0000043E f=16
[BLACKSCREEN][INTERP] start=0x80019844 end=0x80019980 steps=126 reason=jr_ra target=0x80010EA4 ra=0x80010EA4 sp=0x80200000 f=16
[BLACKSCREEN][NO-GPU-EVENT] #17 tag=main_present f=17 ra=0x80010EA4 sp=0x80200000
[BLACKSCREEN][NO-GPU-EVENT] chain 0x8001A65C 0x8001A65C 0x8001A65C 0x8001A65C 0x8001A65C 0x8001A65C 0x8001A65C 0x8001A65C 0x80019844 0x8001A65C 0x8001A65C 0x8001A65C
[BLACKSCREEN][RendererPresent] present=17 f=17 disp=(0,0 320x240) vis=320x240 uv=(0.000,0.000)-(1.000,1.000)
[BLACKSCREEN][INTERP] enter start=0x80019844 instr0=0x27BDFFD0 a0=0x00000000 ra=0x80010EA4 sp=0x80200000 f=17
[BLACKSCREEN][INTERP-RA] pre-save pc=0x80019890 sp=0x801FFFD0 ra=0x80010EA4 slot_before=0x80010EA4 f=17
[BLACKSCREEN][19844-STATE] pc=0x80019958 v0=0xFFFFFFFF v1=0x80032A24 a0=0x00000000 a1=0x8001072C a0m0=0x00000000 a0m1=0x00000000 a1m0=0x735F4443 a1m1=0x00636E79 s0=0xFFFFFFFF s1=0x8001072C ra=0x8001991C c2a8=0x1F801814 c2ac=0x1F801110 t0=0x1C080000 t1=0x00000443 f=17
[BLACKSCREEN][INTERP-RA] pre-restore pc=0x8001995C sp=0x801FFFD0 ra=0x8001991C slot_now=0x80010EA4 f=17
[BLACKSCREEN][19844-STATE] pc=0x80019960 v0=0x00000000 v1=0x80032A24 a0=0x00000000 a1=0x8001072C a0m0=0x00000000 a0m1=0x00000000 a1m0=0x735F4443 a1m1=0x00636E79 s0=0xFFFFFFFF s1=0x8001072C ra=0x80010EA4 c2a8=0x1F801814 c2ac=0x1F801110 t0=0x1C080000 t1=0x00000444 f=17
[BLACKSCREEN][19844-STATE] pc=0x80019980 v0=0x00000000 v1=0x80032A24 a0=0x00000000 a1=0x8001072C a0m0=0x00000000 a0m1=0x00000000 a1m0=0x735F4443 a1m1=0x00636E79 s0=0x00000000 s1=0x00000000 ra=0x80010EA4 c2a8=0x1F801814 c2ac=0x1F801110 t0=0x1C080000 t1=0x00000445 f=17
[BLACKSCREEN][INTERP] start=0x80019844 end=0x80019980 steps=126 reason=jr_ra target=0x80010EA4 ra=0x80010EA4 sp=0x80200000 f=17
[BLACKSCREEN][NO-GPU-EVENT] #18 tag=main_present f=18 ra=0x80010EA4 sp=0x80200000
[BLACKSCREEN][NO-GPU-EVENT] chain 0x8001A65C 0x8001A65C 0x8001A65C 0x8001A65C 0x8001A65C 0x8001A65C 0x8001A65C 0x8001A65C 0x80019844 0x8001A65C 0x8001A65C 0x8001A65C
[BLACKSCREEN][RendererPresent] present=18 f=18 disp=(0,0 320x240) vis=320x240 uv=(0.000,0.000)-(1.000,1.000)
[BLACKSCREEN][INTERP] enter start=0x80019844 instr0=0x27BDFFD0 a0=0x00000000 ra=0x80010EA4 sp=0x80200000 f=18
[BLACKSCREEN][INTERP-RA] pre-save pc=0x80019890 sp=0x801FFFD0 ra=0x80010EA4 slot_before=0x80010EA4 f=18
[BLACKSCREEN][19844-STATE] pc=0x80019958 v0=0xFFFFFFFF v1=0x80032A24 a0=0x00000000 a1=0x8001072C a0m0=0x00000000 a0m1=0x00000000 a1m0=0x735F4443 a1m1=0x00636E79 s0=0xFFFFFFFF s1=0x8001072C ra=0x8001991C c2a8=0x1F801814 c2ac=0x1F801110 t0=0x1C080000 t1=0x0000044A f=18
[BLACKSCREEN][INTERP-RA] pre-restore pc=0x8001995C sp=0x801FFFD0 ra=0x8001991C slot_now=0x80010EA4 f=18
[BLACKSCREEN][19844-STATE] pc=0x80019960 v0=0x00000000 v1=0x80032A24 a0=0x00000000 a1=0x8001072C a0m0=0x00000000 a0m1=0x00000000 a1m0=0x735F4443 a1m1=0x00636E79 s0=0xFFFFFFFF s1=0x8001072C ra=0x80010EA4 c2a8=0x1F801814 c2ac=0x1F801110 t0=0x1C080000 t1=0x0000044B f=18
[BLACKSCREEN][19844-STATE] pc=0x80019980 v0=0x00000000 v1=0x80032A24 a0=0x00000000 a1=0x8001072C a0m0=0x00000000 a0m1=0x00000000 a1m0=0x735F4443 a1m1=0x00636E79 s0=0x00000000 s1=0x00000000 ra=0x80010EA4 c2a8=0x1F801814 c2ac=0x1F801110 t0=0x1C080000 t1=0x0000044C f=18
[BLACKSCREEN][INTERP] start=0x80019844 end=0x80019980 steps=126 reason=jr_ra target=0x80010EA4 ra=0x80010EA4 sp=0x80200000 f=18
[BLACKSCREEN][NO-GPU-EVENT] #19 tag=main_present f=19 ra=0x80010EA4 sp=0x80200000
[BLACKSCREEN][NO-GPU-EVENT] chain 0x8001A65C 0x8001A65C 0x8001A65C 0x8001A65C 0x8001A65C 0x8001A65C 0x8001A65C 0x8001A65C 0x80019844 0x8001A65C 0x8001A65C 0x8001A65C
[BLACKSCREEN][RendererPresent] present=19 f=19 disp=(0,0 320x240) vis=320x240 uv=(0.000,0.000)-(1.000,1.000)
[BLACKSCREEN][INTERP] enter start=0x80019844 instr0=0x27BDFFD0 a0=0x00000000 ra=0x80010EA4 sp=0x80200000 f=19
[BLACKSCREEN][INTERP-RA] pre-save pc=0x80019890 sp=0x801FFFD0 ra=0x80010EA4 slot_before=0x80010EA4 f=19
[BLACKSCREEN][A65C-OVR] #80 f=19 ra=0x8001991C sp=0x801FFFD0 a0=0x00000000 v0=0x0000044F timer=0x0000044F
[BLACKSCREEN][19844-STATE] pc=0x80019958 v0=0xFFFFFFFF v1=0x80032A24 a0=0x00000000 a1=0x8001072C a0m0=0x00000000 a0m1=0x00000000 a1m0=0x735F4443 a1m1=0x00636E79 s0=0xFFFFFFFF s1=0x8001072C ra=0x8001991C c2a8=0x1F801814 c2ac=0x1F801110 t0=0x1C080000 t1=0x00000451 f=19
[BLACKSCREEN][INTERP-RA] pre-restore pc=0x8001995C sp=0x801FFFD0 ra=0x8001991C slot_now=0x80010EA4 f=19
[BLACKSCREEN][19844-STATE] pc=0x80019960 v0=0x00000000 v1=0x80032A24 a0=0x00000000 a1=0x8001072C a0m0=0x00000000 a0m1=0x00000000 a1m0=0x735F4443 a1m1=0x00636E79 s0=0xFFFFFFFF s1=0x8001072C ra=0x80010EA4 c2a8=0x1F801814 c2ac=0x1F801110 t0=0x1C080000 t1=0x00000452 f=19
[BLACKSCREEN][19844-STATE] pc=0x80019980 v0=0x00000000 v1=0x80032A24 a0=0x00000000 a1=0x8001072C a0m0=0x00000000 a0m1=0x00000000 a1m0=0x735F4443 a1m1=0x00636E79 s0=0x00000000 s1=0x00000000 ra=0x80010EA4 c2a8=0x1F801814 c2ac=0x1F801110 t0=0x1C080000 t1=0x00000453 f=19
[BLACKSCREEN][INTERP] start=0x80019844 end=0x80019980 steps=126 reason=jr_ra target=0x80010EA4 ra=0x80010EA4 sp=0x80200000 f=19
[BLACKSCREEN][NO-GPU-EVENT] #20 tag=main_present f=20 ra=0x80010EA4 sp=0x80200000
[BLACKSCREEN][NO-GPU-EVENT] chain 0x8001A65C 0x8001A65C 0x8001A65C 0x8001A65C 0x8001A65C 0x8001A65C 0x8001A65C 0x8001A65C 0x80019844 0x8001A65C 0x8001A65C 0x8001A65C
[BLACKSCREEN][RendererPresent] present=20 f=20 disp=(0,0 320x240) vis=320x240 uv=(0.000,0.000)-(1.000,1.000)
[BLACKSCREEN][INTERP] enter start=0x80019844 instr0=0x27BDFFD0 a0=0x00000000 ra=0x80010EA4 sp=0x80200000 f=20
[BLACKSCREEN][INTERP-RA] pre-save pc=0x80019890 sp=0x801FFFD0 ra=0x80010EA4 slot_before=0x80010EA4 f=20
[BLACKSCREEN][19844-STATE] pc=0x80019958 v0=0xFFFFFFFF v1=0x80032A24 a0=0x00000000 a1=0x8001072C a0m0=0x00000000 a0m1=0x00000000 a1m0=0x735F4443 a1m1=0x00636E79 s0=0xFFFFFFFF s1=0x8001072C ra=0x8001991C c2a8=0x1F801814 c2ac=0x1F801110 t0=0x1C080000 t1=0x00000458 f=20
[BLACKSCREEN][INTERP-RA] pre-restore pc=0x8001995C sp=0x801FFFD0 ra=0x8001991C slot_now=0x80010EA4 f=20
[BLACKSCREEN][19844-STATE] pc=0x80019960 v0=0x00000000 v1=0x80032A24 a0=0x00000000 a1=0x8001072C a0m0=0x00000000 a0m1=0x00000000 a1m0=0x735F4443 a1m1=0x00636E79 s0=0xFFFFFFFF s1=0x8001072C ra=0x80010EA4 c2a8=0x1F801814 c2ac=0x1F801110 t0=0x1C080000 t1=0x00000459 f=20
[BLACKSCREEN][19844-STATE] pc=0x80019980 v0=0x00000000 v1=0x80032A24 a0=0x00000000 a1=0x8001072C a0m0=0x00000000 a0m1=0x00000000 a1m0=0x735F4443 a1m1=0x00636E79 s0=0x00000000 s1=0x00000000 ra=0x80010EA4 c2a8=0x1F801814 c2ac=0x1F801110 t0=0x1C080000 t1=0x0000045A f=20
[BLACKSCREEN][INTERP] start=0x80019844 end=0x80019980 steps=126 reason=jr_ra target=0x80010EA4 ra=0x80010EA4 sp=0x80200000 f=20
[BLACKSCREEN][NO-GPU-EVENT] #21 tag=main_present f=21 ra=0x80010EA4 sp=0x80200000
[BLACKSCREEN][NO-GPU-EVENT] chain 0x8001A65C 0x8001A65C 0x8001A65C 0x8001A65C 0x8001A65C 0x8001A65C 0x8001A65C 0x8001A65C 0x80019844 0x8001A65C 0x8001A65C 0x8001A65C
[BLACKSCREEN][INTERP] enter start=0x80019844 instr0=0x27BDFFD0 a0=0x00000000 ra=0x80010EA4 sp=0x80200000 f=21
[BLACKSCREEN][INTERP-RA] pre-save pc=0x80019890 sp=0x801FFFD0 ra=0x80010EA4 slot_before=0x80010EA4 f=21
[BLACKSCREEN][19844-STATE] pc=0x80019958 v0=0xFFFFFFFF v1=0x80032A24 a0=0x00000000 a1=0x8001072C a0m0=0x00000000 a0m1=0x00000000 a1m0=0x735F4443 a1m1=0x00636E79 s0=0xFFFFFFFF s1=0x8001072C ra=0x8001991C c2a8=0x1F801814 c2ac=0x1F801110 t0=0x1C080000 t1=0x0000045F f=21
[BLACKSCREEN][INTERP-RA] pre-restore pc=0x8001995C sp=0x801FFFD0 ra=0x8001991C slot_now=0x80010EA4 f=21
[BLACKSCREEN][19844-STATE] pc=0x80019960 v0=0x00000000 v1=0x80032A24 a0=0x00000000 a1=0x8001072C a0m0=0x00000000 a0m1=0x00000000 a1m0=0x735F4443 a1m1=0x00636E79 s0=0xFFFFFFFF s1=0x8001072C ra=0x80010EA4 c2a8=0x1F801814 c2ac=0x1F801110 t0=0x1C080000 t1=0x00000460 f=21
[BLACKSCREEN][19844-STATE] pc=0x80019980 v0=0x00000000 v1=0x80032A24 a0=0x00000000 a1=0x8001072C a0m0=0x00000000 a0m1=0x00000000 a1m0=0x735F4443 a1m1=0x00636E79 s0=0x00000000 s1=0x00000000 ra=0x80010EA4 c2a8=0x1F801814 c2ac=0x1F801110 t0=0x1C080000 t1=0x00000461 f=21
[BLACKSCREEN][INTERP] start=0x80019844 end=0x80019980 steps=126 reason=jr_ra target=0x80010EA4 ra=0x80010EA4 sp=0x80200000 f=21
[BLACKSCREEN][NO-GPU-EVENT] #22 tag=main_present f=22 ra=0x80010EA4 sp=0x80200000
[BLACKSCREEN][NO-GPU-EVENT] chain 0x8001A65C 0x8001A65C 0x8001A65C 0x8001A65C 0x8001A65C 0x8001A65C 0x8001A65C 0x8001A65C 0x80019844 0x8001A65C 0x8001A65C 0x8001A65C
[BLACKSCREEN][INTERP] enter start=0x80019844 instr0=0x27BDFFD0 a0=0x00000000 ra=0x80010EA4 sp=0x80200000 f=22
[BLACKSCREEN][INTERP-RA] pre-save pc=0x80019890 sp=0x801FFFD0 ra=0x80010EA4 slot_before=0x80010EA4 f=22
[BLACKSCREEN][19844-STATE] pc=0x80019958 v0=0xFFFFFFFF v1=0x80032A24 a0=0x00000000 a1=0x8001072C a0m0=0x00000000 a0m1=0x00000000 a1m0=0x735F4443 a1m1=0x00636E79 s0=0xFFFFFFFF s1=0x8001072C ra=0x8001991C c2a8=0x1F801814 c2ac=0x1F801110 t0=0x1C080000 t1=0x00000466 f=22
[BLACKSCREEN][INTERP-RA] pre-restore pc=0x8001995C sp=0x801FFFD0 ra=0x8001991C slot_now=0x80010EA4 f=22
[BLACKSCREEN][19844-STATE] pc=0x80019960 v0=0x00000000 v1=0x80032A24 a0=0x00000000 a1=0x8001072C a0m0=0x00000000 a0m1=0x00000000 a1m0=0x735F4443 a1m1=0x00636E79 s0=0xFFFFFFFF s1=0x8001072C ra=0x80010EA4 c2a8=0x1F801814 c2ac=0x1F801110 t0=0x1C080000 t1=0x00000467 f=22
[BLACKSCREEN][19844-STATE] pc=0x80019980 v0=0x00000000 v1=0x80032A24 a0=0x00000000 a1=0x8001072C a0m0=0x00000000 a0m1=0x00000000 a1m0=0x735F4443 a1m1=0x00636E79 s0=0x00000000 s1=0x00000000 ra=0x80010EA4 c2a8=0x1F801814 c2ac=0x1F801110 t0=0x1C080000 t1=0x00000468 f=22
[BLACKSCREEN][INTERP] start=0x80019844 end=0x80019980 steps=126 reason=jr_ra target=0x80010EA4 ra=0x80010EA4 sp=0x80200000 f=22
[BLACKSCREEN][NO-GPU-EVENT] #23 tag=main_present f=23 ra=0x80010EA4 sp=0x80200000
[BLACKSCREEN][NO-GPU-EVENT] chain 0x8001A65C 0x8001A65C 0x8001A65C 0x8001A65C 0x8001A65C 0x8001A65C 0x8001A65C 0x8001A65C 0x80019844 0x8001A65C 0x8001A65C 0x8001A65C
[BLACKSCREEN][INTERP] enter start=0x80019844 instr0=0x27BDFFD0 a0=0x00000000 ra=0x80010EA4 sp=0x80200000 f=23
[BLACKSCREEN][INTERP-RA] pre-save pc=0x80019890 sp=0x801FFFD0 ra=0x80010EA4 slot_before=0x80010EA4 f=23
[BLACKSCREEN][19844-STATE] pc=0x80019958 v0=0xFFFFFFFF v1=0x80032A24 a0=0x00000000 a1=0x8001072C a0m0=0x00000000 a0m1=0x00000000 a1m0=0x735F4443 a1m1=0x00636E79 s0=0xFFFFFFFF s1=0x8001072C ra=0x8001991C c2a8=0x1F801814 c2ac=0x1F801110 t0=0x1C080000 t1=0x0000046D f=23
[BLACKSCREEN][INTERP-RA] pre-restore pc=0x8001995C sp=0x801FFFD0 ra=0x8001991C slot_now=0x80010EA4 f=23
[BLACKSCREEN][19844-STATE] pc=0x80019960 v0=0x00000000 v1=0x80032A24 a0=0x00000000 a1=0x8001072C a0m0=0x00000000 a0m1=0x00000000 a1m0=0x735F4443 a1m1=0x00636E79 s0=0xFFFFFFFF s1=0x8001072C ra=0x80010EA4 c2a8=0x1F801814 c2ac=0x1F801110 t0=0x1C080000 t1=0x0000046E f=23
[BLACKSCREEN][19844-STATE] pc=0x80019980 v0=0x00000000 v1=0x80032A24 a0=0x00000000 a1=0x8001072C a0m0=0x00000000 a0m1=0x00000000 a1m0=0x735F4443 a1m1=0x00636E79 s0=0x00000000 s1=0x00000000 ra=0x80010EA4 c2a8=0x1F801814 c2ac=0x1F801110 t0=0x1C080000 t1=0x0000046F f=23
[BLACKSCREEN][INTERP] start=0x80019844 end=0x80019980 steps=126 reason=jr_ra target=0x80010EA4 ra=0x80010EA4 sp=0x80200000 f=23
[BLACKSCREEN][NO-GPU-EVENT] #24 tag=main_present f=24 ra=0x80010EA4 sp=0x80200000
[BLACKSCREEN][NO-GPU-EVENT] chain 0x8001A65C 0x8001A65C 0x8001A65C 0x8001A65C 0x8001A65C 0x8001A65C 0x8001A65C 0x8001A65C 0x80019844 0x8001A65C 0x8001A65C 0x8001A65C
[BLACKSCREEN][INTERP] enter start=0x80019844 instr0=0x27BDFFD0 a0=0x00000000 ra=0x80010EA4 sp=0x80200000 f=24
[BLACKSCREEN][INTERP-RA] pre-save pc=0x80019890 sp=0x801FFFD0 ra=0x80010EA4 slot_before=0x80010EA4 f=24
[BLACKSCREEN][A65C-OVR] #100 f=24 ra=0x8001991C sp=0x801FFFD0 a0=0x00000000 v0=0x00000472 timer=0x00000472
[BLACKSCREEN][19844-STATE] pc=0x80019958 v0=0xFFFFFFFF v1=0x80032A24 a0=0x00000000 a1=0x8001072C a0m0=0x00000000 a0m1=0x00000000 a1m0=0x735F4443 a1m1=0x00636E79 s0=0xFFFFFFFF s1=0x8001072C ra=0x8001991C c2a8=0x1F801814 c2ac=0x1F801110 t0=0x1C080000 t1=0x00000474 f=24
[BLACKSCREEN][INTERP-RA] pre-restore pc=0x8001995C sp=0x801FFFD0 ra=0x8001991C slot_now=0x80010EA4 f=24
[BLACKSCREEN][19844-STATE] pc=0x80019960 v0=0x00000000 v1=0x80032A24 a0=0x00000000 a1=0x8001072C a0m0=0x00000000 a0m1=0x00000000 a1m0=0x735F4443 a1m1=0x00636E79 s0=0xFFFFFFFF s1=0x8001072C ra=0x80010EA4 c2a8=0x1F801814 c2ac=0x1F801110 t0=0x1C080000 t1=0x00000475 f=24
[BLACKSCREEN][19844-STATE] pc=0x80019980 v0=0x00000000 v1=0x80032A24 a0=0x00000000 a1=0x8001072C a0m0=0x00000000 a0m1=0x00000000 a1m0=0x735F4443 a1m1=0x00636E79 s0=0x00000000 s1=0x00000000 ra=0x80010EA4 c2a8=0x1F801814 c2ac=0x1F801110 t0=0x1C080000 t1=0x00000476 f=24
[BLACKSCREEN][INTERP] start=0x80019844 end=0x80019980 steps=126 reason=jr_ra target=0x80010EA4 ra=0x80010EA4 sp=0x80200000 f=24
[BLACKSCREEN][NO-GPU-EVENT] #25 tag=main_present f=25 ra=0x80010EA4 sp=0x80200000
[BLACKSCREEN][NO-GPU-EVENT] chain 0x8001A65C 0x8001A65C 0x8001A65C 0x8001A65C 0x8001A65C 0x8001A65C 0x8001A65C 0x8001A65C 0x80019844 0x8001A65C 0x8001A65C 0x8001A65C
[BLACKSCREEN][INTERP] enter start=0x80019844 instr0=0x27BDFFD0 a0=0x00000000 ra=0x80010EA4 sp=0x80200000 f=25
[BLACKSCREEN][INTERP-RA] pre-save pc=0x80019890 sp=0x801FFFD0 ra=0x80010EA4 slot_before=0x80010EA4 f=25
[BLACKSCREEN][19844-STATE] pc=0x80019958 v0=0xFFFFFFFF v1=0x80032A24 a0=0x00000000 a1=0x8001072C a0m0=0x00000000 a0m1=0x00000000 a1m0=0x735F4443 a1m1=0x00636E79 s0=0xFFFFFFFF s1=0x8001072C ra=0x8001991C c2a8=0x1F801814 c2ac=0x1F801110 t0=0x1C080000 t1=0x0000047B f=25
[BLACKSCREEN][INTERP-RA] pre-restore pc=0x8001995C sp=0x801FFFD0 ra=0x8001991C slot_now=0x80010EA4 f=25
[BLACKSCREEN][19844-STATE] pc=0x80019960 v0=0x00000000 v1=0x80032A24 a0=0x00000000 a1=0x8001072C a0m0=0x00000000 a0m1=0x00000000 a1m0=0x735F4443 a1m1=0x00636E79 s0=0xFFFFFFFF s1=0x8001072C ra=0x80010EA4 c2a8=0x1F801814 c2ac=0x1F801110 t0=0x1C080000 t1=0x0000047C f=25
[BLACKSCREEN][19844-STATE] pc=0x80019980 v0=0x00000000 v1=0x80032A24 a0=0x00000000 a1=0x8001072C a0m0=0x00000000 a0m1=0x00000000 a1m0=0x735F4443 a1m1=0x00636E79 s0=0x00000000 s1=0x00000000 ra=0x80010EA4 c2a8=0x1F801814 c2ac=0x1F801110 t0=0x1C080000 t1=0x0000047D f=25
[BLACKSCREEN][INTERP] start=0x80019844 end=0x80019980 steps=126 reason=jr_ra target=0x80010EA4 ra=0x80010EA4 sp=0x80200000 f=25
[BLACKSCREEN][NO-GPU-EVENT] #26 tag=main_present f=26 ra=0x80010EA4 sp=0x80200000
[BLACKSCREEN][NO-GPU-EVENT] chain 0x8001A65C 0x8001A65C 0x8001A65C 0x8001A65C 0x8001A65C 0x8001A65C 0x8001A65C 0x8001A65C 0x80019844 0x8001A65C 0x8001A65C 0x8001A65C
[BLACKSCREEN][INTERP] enter start=0x80019844 instr0=0x27BDFFD0 a0=0x00000000 ra=0x80010EA4 sp=0x80200000 f=26
[BLACKSCREEN][INTERP-RA] pre-save pc=0x80019890 sp=0x801FFFD0 ra=0x80010EA4 slot_before=0x80010EA4 f=26
[BLACKSCREEN][19844-STATE] pc=0x80019958 v0=0xFFFFFFFF v1=0x80032A24 a0=0x00000000 a1=0x8001072C a0m0=0x00000000 a0m1=0x00000000 a1m0=0x735F4443 a1m1=0x00636E79 s0=0xFFFFFFFF s1=0x8001072C ra=0x8001991C c2a8=0x1F801814 c2ac=0x1F801110 t0=0x1C080000 t1=0x00000482 f=26
[BLACKSCREEN][INTERP-RA] pre-restore pc=0x8001995C sp=0x801FFFD0 ra=0x8001991C slot_now=0x80010EA4 f=26
[BLACKSCREEN][19844-STATE] pc=0x80019960 v0=0x00000000 v1=0x80032A24 a0=0x00000000 a1=0x8001072C a0m0=0x00000000 a0m1=0x00000000 a1m0=0x735F4443 a1m1=0x00636E79 s0=0xFFFFFFFF s1=0x8001072C ra=0x80010EA4 c2a8=0x1F801814 c2ac=0x1F801110 t0=0x1C080000 t1=0x00000483 f=26
[BLACKSCREEN][19844-STATE] pc=0x80019980 v0=0x00000000 v1=0x80032A24 a0=0x00000000 a1=0x8001072C a0m0=0x00000000 a0m1=0x00000000 a1m0=0x735F4443 a1m1=0x00636E79 s0=0x00000000 s1=0x00000000 ra=0x80010EA4 c2a8=0x1F801814 c2ac=0x1F801110 t0=0x1C080000 t1=0x00000484 f=26
[BLACKSCREEN][INTERP] start=0x80019844 end=0x80019980 steps=126 reason=jr_ra target=0x80010EA4 ra=0x80010EA4 sp=0x80200000 f=26
[BLACKSCREEN][NO-GPU-EVENT] #27 tag=main_present f=27 ra=0x80010EA4 sp=0x80200000
[BLACKSCREEN][NO-GPU-EVENT] chain 0x8001A65C 0x8001A65C 0x8001A65C 0x8001A65C 0x8001A65C 0x8001A65C 0x8001A65C 0x8001A65C 0x80019844 0x8001A65C 0x8001A65C 0x8001A65C
[BLACKSCREEN][INTERP] enter start=0x80019844 instr0=0x27BDFFD0 a0=0x00000000 ra=0x80010EA4 sp=0x80200000 f=27
[BLACKSCREEN][INTERP-RA] pre-save pc=0x80019890 sp=0x801FFFD0 ra=0x80010EA4 slot_before=0x80010EA4 f=27
[BLACKSCREEN][19844-STATE] pc=0x80019958 v0=0xFFFFFFFF v1=0x80032A24 a0=0x00000000 a1=0x8001072C a0m0=0x00000000 a0m1=0x00000000 a1m0=0x735F4443 a1m1=0x00636E79 s0=0xFFFFFFFF s1=0x8001072C ra=0x8001991C c2a8=0x1F801814 c2ac=0x1F801110 t0=0x1C080000 t1=0x00000489 f=27
[BLACKSCREEN][INTERP-RA] pre-restore pc=0x8001995C sp=0x801FFFD0 ra=0x8001991C slot_now=0x80010EA4 f=27
[BLACKSCREEN][19844-STATE] pc=0x80019960 v0=0x00000000 v1=0x80032A24 a0=0x00000000 a1=0x8001072C a0m0=0x00000000 a0m1=0x00000000 a1m0=0x735F4443 a1m1=0x00636E79 s0=0xFFFFFFFF s1=0x8001072C ra=0x80010EA4 c2a8=0x1F801814 c2ac=0x1F801110 t0=0x1C080000 t1=0x0000048A f=27
[BLACKSCREEN][19844-STATE] pc=0x80019980 v0=0x00000000 v1=0x80032A24 a0=0x00000000 a1=0x8001072C a0m0=0x00000000 a0m1=0x00000000 a1m0=0x735F4443 a1m1=0x00636E79 s0=0x00000000 s1=0x00000000 ra=0x80010EA4 c2a8=0x1F801814 c2ac=0x1F801110 t0=0x1C080000 t1=0x0000048B f=27
[BLACKSCREEN][INTERP] start=0x80019844 end=0x80019980 steps=126 reason=jr_ra target=0x80010EA4 ra=0x80010EA4 sp=0x80200000 f=27
[BLACKSCREEN][NO-GPU-EVENT] #28 tag=main_present f=28 ra=0x80010EA4 sp=0x80200000
[BLACKSCREEN][NO-GPU-EVENT] chain 0x8001A65C 0x8001A65C 0x8001A65C 0x8001A65C 0x8001A65C 0x8001A65C 0x8001A65C 0x8001A65C 0x80019844 0x8001A65C 0x8001A65C 0x8001A65C
[BLACKSCREEN][INTERP] enter start=0x80019844 instr0=0x27BDFFD0 a0=0x00000000 ra=0x80010EA4 sp=0x80200000 f=28
[BLACKSCREEN][INTERP-RA] pre-save pc=0x80019890 sp=0x801FFFD0 ra=0x80010EA4 slot_before=0x80010EA4 f=28
[BLACKSCREEN][19844-STATE] pc=0x80019958 v0=0xFFFFFFFF v1=0x80032A24 a0=0x00000000 a1=0x8001072C a0m0=0x00000000 a0m1=0x00000000 a1m0=0x735F4443 a1m1=0x00636E79 s0=0xFFFFFFFF s1=0x8001072C ra=0x8001991C c2a8=0x1F801814 c2ac=0x1F801110 t0=0x1C080000 t1=0x00000490 f=28
[BLACKSCREEN][INTERP-RA] pre-restore pc=0x8001995C sp=0x801FFFD0 ra=0x8001991C slot_now=0x80010EA4 f=28
[BLACKSCREEN][19844-STATE] pc=0x80019960 v0=0x00000000 v1=0x80032A24 a0=0x00000000 a1=0x8001072C a0m0=0x00000000 a0m1=0x00000000 a1m0=0x735F4443 a1m1=0x00636E79 s0=0xFFFFFFFF s1=0x8001072C ra=0x80010EA4 c2a8=0x1F801814 c2ac=0x1F801110 t0=0x1C080000 t1=0x00000491 f=28
[BLACKSCREEN][19844-STATE] pc=0x80019980 v0=0x00000000 v1=0x80032A24 a0=0x00000000 a1=0x8001072C a0m0=0x00000000 a0m1=0x00000000 a1m0=0x735F4443 a1m1=0x00636E79 s0=0x00000000 s1=0x00000000 ra=0x80010EA4 c2a8=0x1F801814 c2ac=0x1F801110 t0=0x1C080000 t1=0x00000492 f=28
[BLACKSCREEN][INTERP] start=0x80019844 end=0x80019980 steps=126 reason=jr_ra target=0x80010EA4 ra=0x80010EA4 sp=0x80200000 f=28
[BLACKSCREEN][NO-GPU-EVENT] #29 tag=main_present f=29 ra=0x80010EA4 sp=0x80200000
[BLACKSCREEN][NO-GPU-EVENT] chain 0x8001A65C 0x8001A65C 0x8001A65C 0x8001A65C 0x8001A65C 0x8001A65C 0x8001A65C 0x8001A65C 0x80019844 0x8001A65C 0x8001A65C 0x8001A65C
[BLACKSCREEN][INTERP] enter start=0x80019844 instr0=0x27BDFFD0 a0=0x00000000 ra=0x80010EA4 sp=0x80200000 f=29
[BLACKSCREEN][INTERP-RA] pre-save pc=0x80019890 sp=0x801FFFD0 ra=0x80010EA4 slot_before=0x80010EA4 f=29
[BLACKSCREEN][A65C-OVR] #120 f=29 ra=0x8001991C sp=0x801FFFD0 a0=0x00000000 v0=0x00000495 timer=0x00000495
[BLACKSCREEN][19844-STATE] pc=0x80019958 v0=0xFFFFFFFF v1=0x80032A24 a0=0x00000000 a1=0x8001072C a0m0=0x00000000 a0m1=0x00000000 a1m0=0x735F4443 a1m1=0x00636E79 s0=0xFFFFFFFF s1=0x8001072C ra=0x8001991C c2a8=0x1F801814 c2ac=0x1F801110 t0=0x1C080000 t1=0x00000497 f=29
[BLACKSCREEN][INTERP-RA] pre-restore pc=0x8001995C sp=0x801FFFD0 ra=0x8001991C slot_now=0x80010EA4 f=29
[BLACKSCREEN][19844-STATE] pc=0x80019960 v0=0x00000000 v1=0x80032A24 a0=0x00000000 a1=0x8001072C a0m0=0x00000000 a0m1=0x00000000 a1m0=0x735F4443 a1m1=0x00636E79 s0=0xFFFFFFFF s1=0x8001072C ra=0x80010EA4 c2a8=0x1F801814 c2ac=0x1F801110 t0=0x1C080000 t1=0x00000498 f=29
[BLACKSCREEN][19844-STATE] pc=0x80019980 v0=0x00000000 v1=0x80032A24 a0=0x00000000 a1=0x8001072C a0m0=0x00000000 a0m1=0x00000000 a1m0=0x735F4443 a1m1=0x00636E79 s0=0x00000000 s1=0x00000000 ra=0x80010EA4 c2a8=0x1F801814 c2ac=0x1F801110 t0=0x1C080000 t1=0x00000499 f=29
[BLACKSCREEN][INTERP] start=0x80019844 end=0x80019980 steps=126 reason=jr_ra target=0x80010EA4 ra=0x80010EA4 sp=0x80200000 f=29
[BLACKSCREEN][NO-GPU-EVENT] #30 tag=main_present f=30 ra=0x80010EA4 sp=0x80200000
[BLACKSCREEN][NO-GPU-EVENT] chain 0x8001A65C 0x8001A65C 0x8001A65C 0x8001A65C 0x8001A65C 0x8001A65C 0x8001A65C 0x8001A65C 0x80019844 0x8001A65C 0x8001A65C 0x8001A65C
[BLACKSCREEN][INTERP] enter start=0x80019844 instr0=0x27BDFFD0 a0=0x00000000 ra=0x80010EA4 sp=0x80200000 f=30
[BLACKSCREEN][INTERP-RA] pre-save pc=0x80019890 sp=0x801FFFD0 ra=0x80010EA4 slot_before=0x80010EA4 f=30
[BLACKSCREEN][19844-STATE] pc=0x80019958 v0=0xFFFFFFFF v1=0x80032A24 a0=0x00000000 a1=0x8001072C a0m0=0x00000000 a0m1=0x00000000 a1m0=0x735F4443 a1m1=0x00636E79 s0=0xFFFFFFFF s1=0x8001072C ra=0x8001991C c2a8=0x1F801814 c2ac=0x1F801110 t0=0x1C080000 t1=0x0000049E f=30
[BLACKSCREEN][INTERP-RA] pre-restore pc=0x8001995C sp=0x801FFFD0 ra=0x8001991C slot_now=0x80010EA4 f=30
[BLACKSCREEN][19844-STATE] pc=0x80019960 v0=0x00000000 v1=0x80032A24 a0=0x00000000 a1=0x8001072C a0m0=0x00000000 a0m1=0x00000000 a1m0=0x735F4443 a1m1=0x00636E79 s0=0xFFFFFFFF s1=0x8001072C ra=0x80010EA4 c2a8=0x1F801814 c2ac=0x1F801110 t0=0x1C080000 t1=0x0000049F f=30
[BLACKSCREEN][19844-STATE] pc=0x80019980 v0=0x00000000 v1=0x80032A24 a0=0x00000000 a1=0x8001072C a0m0=0x00000000 a0m1=0x00000000 a1m0=0x735F4443 a1m1=0x00636E79 s0=0x00000000 s1=0x00000000 ra=0x80010EA4 c2a8=0x1F801814 c2ac=0x1F801110 t0=0x1C080000 t1=0x000004A0 f=30
[BLACKSCREEN][INTERP] start=0x80019844 end=0x80019980 steps=126 reason=jr_ra target=0x80010EA4 ra=0x80010EA4 sp=0x80200000 f=30
[BLACKSCREEN][NO-GPU-EVENT] #31 tag=main_present f=31 ra=0x80010EA4 sp=0x80200000
[BLACKSCREEN][NO-GPU-EVENT] chain 0x8001A65C 0x8001A65C 0x8001A65C 0x8001A65C 0x8001A65C 0x8001A65C 0x8001A65C 0x8001A65C 0x80019844 0x8001A65C 0x8001A65C 0x8001A65C
[BLACKSCREEN][INTERP] enter start=0x80019844 instr0=0x27BDFFD0 a0=0x00000000 ra=0x80010EA4 sp=0x80200000 f=31
[BLACKSCREEN][INTERP-RA] pre-save pc=0x80019890 sp=0x801FFFD0 ra=0x80010EA4 slot_before=0x80010EA4 f=31
[BLACKSCREEN][19844-STATE] pc=0x80019958 v0=0xFFFFFFFF v1=0x80032A24 a0=0x00000000 a1=0x8001072C a0m0=0x00000000 a0m1=0x00000000 a1m0=0x735F4443 a1m1=0x00636E79 s0=0xFFFFFFFF s1=0x8001072C ra=0x8001991C c2a8=0x1F801814 c2ac=0x1F801110 t0=0x1C080000 t1=0x000004A5 f=31
[BLACKSCREEN][INTERP-RA] pre-restore pc=0x8001995C sp=0x801FFFD0 ra=0x8001991C slot_now=0x80010EA4 f=31
[BLACKSCREEN][19844-STATE] pc=0x80019960 v0=0x00000000 v1=0x80032A24 a0=0x00000000 a1=0x8001072C a0m0=0x00000000 a0m1=0x00000000 a1m0=0x735F4443 a1m1=0x00636E79 s0=0xFFFFFFFF s1=0x8001072C ra=0x80010EA4 c2a8=0x1F801814 c2ac=0x1F801110 t0=0x1C080000 t1=0x000004A6 f=31
[BLACKSCREEN][19844-STATE] pc=0x80019980 v0=0x00000000 v1=0x80032A24 a0=0x00000000 a1=0x8001072C a0m0=0x00000000 a0m1=0x00000000 a1m0=0x735F4443 a1m1=0x00636E79 s0=0x00000000 s1=0x00000000 ra=0x80010EA4 c2a8=0x1F801814 c2ac=0x1F801110 t0=0x1C080000 t1=0x000004A7 f=31
[BLACKSCREEN][INTERP] start=0x80019844 end=0x80019980 steps=126 reason=jr_ra target=0x80010EA4 ra=0x80010EA4 sp=0x80200000 f=31
[BLACKSCREEN][NO-GPU-EVENT] #32 tag=main_present f=32 ra=0x80010EA4 sp=0x80200000
[BLACKSCREEN][NO-GPU-EVENT] chain 0x8001A65C 0x8001A65C 0x8001A65C 0x8001A65C 0x8001A65C 0x8001A65C 0x8001A65C 0x8001A65C 0x80019844 0x8001A65C 0x8001A65C 0x8001A65C
[BLACKSCREEN][INTERP] enter start=0x80019844 instr0=0x27BDFFD0 a0=0x00000000 ra=0x80010EA4 sp=0x80200000 f=32
[BLACKSCREEN][INTERP-RA] pre-save pc=0x80019890 sp=0x801FFFD0 ra=0x80010EA4 slot_before=0x80010EA4 f=32
[BLACKSCREEN][19844-STATE] pc=0x80019958 v0=0xFFFFFFFF v1=0x80032A24 a0=0x00000000 a1=0x8001072C a0m0=0x00000000 a0m1=0x00000000 a1m0=0x735F4443 a1m1=0x00636E79 s0=0xFFFFFFFF s1=0x8001072C ra=0x8001991C c2a8=0x1F801814 c2ac=0x1F801110 t0=0x1C080000 t1=0x000004AC f=32
[BLACKSCREEN][INTERP-RA] pre-restore pc=0x8001995C sp=0x801FFFD0 ra=0x8001991C slot_now=0x80010EA4 f=32
[BLACKSCREEN][19844-STATE] pc=0x80019960 v0=0x00000000 v1=0x80032A24 a0=0x00000000 a1=0x8001072C a0m0=0x00000000 a0m1=0x00000000 a1m0=0x735F4443 a1m1=0x00636E79 s0=0xFFFFFFFF s1=0x8001072C ra=0x80010EA4 c2a8=0x1F801814 c2ac=0x1F801110 t0=0x1C080000 t1=0x000004AD f=32
[BLACKSCREEN][19844-STATE] pc=0x80019980 v0=0x00000000 v1=0x80032A24 a0=0x00000000 a1=0x8001072C a0m0=0x00000000 a0m1=0x00000000 a1m0=0x735F4443 a1m1=0x00636E79 s0=0x00000000 s1=0x00000000 ra=0x80010EA4 c2a8=0x1F801814 c2ac=0x1F801110 t0=0x1C080000 t1=0x000004AE f=32
[BLACKSCREEN][INTERP] start=0x80019844 end=0x80019980 steps=126 reason=jr_ra target=0x80010EA4 ra=0x80010EA4 sp=0x80200000 f=32
[BLACKSCREEN][NO-GPU-EVENT] #33 tag=main_present f=33 ra=0x80010EA4 sp=0x80200000
[BLACKSCREEN][NO-GPU-EVENT] chain 0x8001A65C 0x8001A65C 0x8001A65C 0x8001A65C 0x8001A65C 0x8001A65C 0x8001A65C 0x8001A65C 0x80019844 0x8001A65C 0x8001A65C 0x8001A65C
[BLACKSCREEN][INTERP] enter start=0x80019844 instr0=0x27BDFFD0 a0=0x00000000 ra=0x80010EA4 sp=0x80200000 f=33
[BLACKSCREEN][INTERP-RA] pre-save pc=0x80019890 sp=0x801FFFD0 ra=0x80010EA4 slot_before=0x80010EA4 f=33
[BLACKSCREEN][19844-STATE] pc=0x80019958 v0=0xFFFFFFFF v1=0x80032A24 a0=0x00000000 a1=0x8001072C a0m0=0x00000000 a0m1=0x00000000 a1m0=0x735F4443 a1m1=0x00636E79 s0=0xFFFFFFFF s1=0x8001072C ra=0x8001991C c2a8=0x1F801814 c2ac=0x1F801110 t0=0x1C080000 t1=0x000004B3 f=33
[BLACKSCREEN][INTERP-RA] pre-restore pc=0x8001995C sp=0x801FFFD0 ra=0x8001991C slot_now=0x80010EA4 f=33
[BLACKSCREEN][19844-STATE] pc=0x80019960 v0=0x00000000 v1=0x80032A24 a0=0x00000000 a1=0x8001072C a0m0=0x00000000 a0m1=0x00000000 a1m0=0x735F4443 a1m1=0x00636E79 s0=0xFFFFFFFF s1=0x8001072C ra=0x80010EA4 c2a8=0x1F801814 c2ac=0x1F801110 t0=0x1C080000 t1=0x000004B4 f=33
[BLACKSCREEN][19844-STATE] pc=0x80019980 v0=0x00000000 v1=0x80032A24 a0=0x00000000 a1=0x8001072C a0m0=0x00000000 a0m1=0x00000000 a1m0=0x735F4443 a1m1=0x00636E79 s0=0x00000000 s1=0x00000000 ra=0x80010EA4 c2a8=0x1F801814 c2ac=0x1F801110 t0=0x1C080000 t1=0x000004B5 f=33
[BLACKSCREEN][INTERP] start=0x80019844 end=0x80019980 steps=126 reason=jr_ra target=0x80010EA4 ra=0x80010EA4 sp=0x80200000 f=33
[BLACKSCREEN][NO-GPU-EVENT] #34 tag=main_present f=34 ra=0x80010EA4 sp=0x80200000
[BLACKSCREEN][NO-GPU-EVENT] chain 0x8001A65C 0x8001A65C 0x8001A65C 0x8001A65C 0x8001A65C 0x8001A65C 0x8001A65C 0x8001A65C 0x80019844 0x8001A65C 0x8001A65C 0x8001A65C
[BLACKSCREEN][INTERP] enter start=0x80019844 instr0=0x27BDFFD0 a0=0x00000000 ra=0x80010EA4 sp=0x80200000 f=34
[BLACKSCREEN][INTERP-RA] pre-save pc=0x80019890 sp=0x801FFFD0 ra=0x80010EA4 slot_before=0x80010EA4 f=34
[BLACKSCREEN][19844-STATE] pc=0x80019958 v0=0xFFFFFFFF v1=0x80032A24 a0=0x00000000 a1=0x8001072C a0m0=0x00000000 a0m1=0x00000000 a1m0=0x735F4443 a1m1=0x00636E79 s0=0xFFFFFFFF s1=0x8001072C ra=0x8001991C c2a8=0x1F801814 c2ac=0x1F801110 t0=0x1C080000 t1=0x000004BA f=34
[BLACKSCREEN][INTERP-RA] pre-restore pc=0x8001995C sp=0x801FFFD0 ra=0x8001991C slot_now=0x80010EA4 f=34
[BLACKSCREEN][19844-STATE] pc=0x80019960 v0=0x00000000 v1=0x80032A24 a0=0x00000000 a1=0x8001072C a0m0=0x00000000 a0m1=0x00000000 a1m0=0x735F4443 a1m1=0x00636E79 s0=0xFFFFFFFF s1=0x8001072C ra=0x80010EA4 c2a8=0x1F801814 c2ac=0x1F801110 t0=0x1C080000 t1=0x000004BB f=34
[BLACKSCREEN][19844-STATE] pc=0x80019980 v0=0x00000000 v1=0x80032A24 a0=0x00000000 a1=0x8001072C a0m0=0x00000000 a0m1=0x00000000 a1m0=0x735F4443 a1m1=0x00636E79 s0=0x00000000 s1=0x00000000 ra=0x80010EA4 c2a8=0x1F801814 c2ac=0x1F801110 t0=0x1C080000 t1=0x000004BC f=34
[BLACKSCREEN][INTERP] start=0x80019844 end=0x80019980 steps=126 reason=jr_ra target=0x80010EA4 ra=0x80010EA4 sp=0x80200000 f=34
[BLACKSCREEN][NO-GPU-EVENT] #35 tag=main_present f=35 ra=0x80010EA4 sp=0x80200000
[BLACKSCREEN][NO-GPU-EVENT] chain 0x8001A65C 0x8001A65C 0x8001A65C 0x8001A65C 0x8001A65C 0x8001A65C 0x8001A65C 0x8001A65C 0x80019844 0x8001A65C 0x8001A65C 0x8001A65C
[BLACKSCREEN][INTERP] enter start=0x80019844 instr0=0x27BDFFD0 a0=0x00000000 ra=0x80010EA4 sp=0x80200000 f=35
[BLACKSCREEN][INTERP-RA] pre-save pc=0x80019890 sp=0x801FFFD0 ra=0x80010EA4 slot_before=0x80010EA4 f=35
[BLACKSCREEN][19844-STATE] pc=0x80019958 v0=0xFFFFFFFF v1=0x80032A24 a0=0x00000000 a1=0x8001072C a0m0=0x00000000 a0m1=0x00000000 a1m0=0x735F4443 a1m1=0x00636E79 s0=0xFFFFFFFF s1=0x8001072C ra=0x8001991C c2a8=0x1F801814 c2ac=0x1F801110 t0=0x1C080000 t1=0x000004C1 f=35
[BLACKSCREEN][INTERP-RA] pre-restore pc=0x8001995C sp=0x801FFFD0 ra=0x8001991C slot_now=0x80010EA4 f=35
[BLACKSCREEN][19844-STATE] pc=0x80019960 v0=0x00000000 v1=0x80032A24 a0=0x00000000 a1=0x8001072C a0m0=0x00000000 a0m1=0x00000000 a1m0=0x735F4443 a1m1=0x00636E79 s0=0xFFFFFFFF s1=0x8001072C ra=0x80010EA4 c2a8=0x1F801814 c2ac=0x1F801110 t0=0x1C080000 t1=0x000004C2 f=35
[BLACKSCREEN][19844-STATE] pc=0x80019980 v0=0x00000000 v1=0x80032A24 a0=0x00000000 a1=0x8001072C a0m0=0x00000000 a0m1=0x00000000 a1m0=0x735F4443 a1m1=0x00636E79 s0=0x00000000 s1=0x00000000 ra=0x80010EA4 c2a8=0x1F801814 c2ac=0x1F801110 t0=0x1C080000 t1=0x000004C3 f=35
[BLACKSCREEN][INTERP] start=0x80019844 end=0x80019980 steps=126 reason=jr_ra target=0x80010EA4 ra=0x80010EA4 sp=0x80200000 f=35
[BLACKSCREEN][NO-GPU-EVENT] #36 tag=main_present f=36 ra=0x80010EA4 sp=0x80200000
[BLACKSCREEN][NO-GPU-EVENT] chain 0x8001A65C 0x8001A65C 0x8001A65C 0x8001A65C 0x8001A65C 0x8001A65C 0x8001A65C 0x8001A65C 0x80019844 0x8001A65C 0x8001A65C 0x8001A65C
[BLACKSCREEN][INTERP] enter start=0x80019844 instr0=0x27BDFFD0 a0=0x00000000 ra=0x80010EA4 sp=0x80200000 f=36
[BLACKSCREEN][INTERP-RA] pre-save pc=0x80019890 sp=0x801FFFD0 ra=0x80010EA4 slot_before=0x80010EA4 f=36
[BLACKSCREEN][19844-STATE] pc=0x80019958 v0=0xFFFFFFFF v1=0x80032A24 a0=0x00000000 a1=0x8001072C a0m0=0x00000000 a0m1=0x00000000 a1m0=0x735F4443 a1m1=0x00636E79 s0=0xFFFFFFFF s1=0x8001072C ra=0x8001991C c2a8=0x1F801814 c2ac=0x1F801110 t0=0x1C080000 t1=0x000004C8 f=36
[BLACKSCREEN][INTERP-RA] pre-restore pc=0x8001995C sp=0x801FFFD0 ra=0x8001991C slot_now=0x80010EA4 f=36
[BLACKSCREEN][19844-STATE] pc=0x80019960 v0=0x00000000 v1=0x80032A24 a0=0x00000000 a1=0x8001072C a0m0=0x00000000 a0m1=0x00000000 a1m0=0x735F4443 a1m1=0x00636E79 s0=0xFFFFFFFF s1=0x8001072C ra=0x80010EA4 c2a8=0x1F801814 c2ac=0x1F801110 t0=0x1C080000 t1=0x000004C9 f=36
[BLACKSCREEN][19844-STATE] pc=0x80019980 v0=0x00000000 v1=0x80032A24 a0=0x00000000 a1=0x8001072C a0m0=0x00000000 a0m1=0x00000000 a1m0=0x735F4443 a1m1=0x00636E79 s0=0x00000000 s1=0x00000000 ra=0x80010EA4 c2a8=0x1F801814 c2ac=0x1F801110 t0=0x1C080000 t1=0x000004CA f=36
[BLACKSCREEN][INTERP] start=0x80019844 end=0x80019980 steps=126 reason=jr_ra target=0x80010EA4 ra=0x80010EA4 sp=0x80200000 f=36
[BLACKSCREEN][NO-GPU-EVENT] #37 tag=main_present f=37 ra=0x80010EA4 sp=0x80200000
[BLACKSCREEN][NO-GPU-EVENT] chain 0x8001A65C 0x8001A65C 0x8001A65C 0x8001A65C 0x8001A65C 0x8001A65C 0x8001A65C 0x8001A65C 0x80019844 0x8001A65C 0x8001A65C 0x8001A65C
[BLACKSCREEN][INTERP] enter start=0x80019844 instr0=0x27BDFFD0 a0=0x00000000 ra=0x80010EA4 sp=0x80200000 f=37
[BLACKSCREEN][INTERP-RA] pre-save pc=0x80019890 sp=0x801FFFD0 ra=0x80010EA4 slot_before=0x80010EA4 f=37
[BLACKSCREEN][19844-STATE] pc=0x80019958 v0=0xFFFFFFFF v1=0x80032A24 a0=0x00000000 a1=0x8001072C a0m0=0x00000000 a0m1=0x00000000 a1m0=0x735F4443 a1m1=0x00636E79 s0=0xFFFFFFFF s1=0x8001072C ra=0x8001991C c2a8=0x1F801814 c2ac=0x1F801110 t0=0x1C080000 t1=0x000004CF f=37
[BLACKSCREEN][INTERP-RA] pre-restore pc=0x8001995C sp=0x801FFFD0 ra=0x8001991C slot_now=0x80010EA4 f=37
[BLACKSCREEN][19844-STATE] pc=0x80019960 v0=0x00000000 v1=0x80032A24 a0=0x00000000 a1=0x8001072C a0m0=0x00000000 a0m1=0x00000000 a1m0=0x735F4443 a1m1=0x00636E79 s0=0xFFFFFFFF s1=0x8001072C ra=0x80010EA4 c2a8=0x1F801814 c2ac=0x1F801110 t0=0x1C080000 t1=0x000004D0 f=37
[BLACKSCREEN][19844-STATE] pc=0x80019980 v0=0x00000000 v1=0x80032A24 a0=0x00000000 a1=0x8001072C a0m0=0x00000000 a0m1=0x00000000 a1m0=0x735F4443 a1m1=0x00636E79 s0=0x00000000 s1=0x00000000 ra=0x80010EA4 c2a8=0x1F801814 c2ac=0x1F801110 t0=0x1C080000 t1=0x000004D1 f=37
[BLACKSCREEN][INTERP] start=0x80019844 end=0x80019980 steps=126 reason=jr_ra target=0x80010EA4 ra=0x80010EA4 sp=0x80200000 f=37
[BLACKSCREEN][NO-GPU-EVENT] #38 tag=main_present f=38 ra=0x80010EA4 sp=0x80200000
[BLACKSCREEN][NO-GPU-EVENT] chain 0x8001A65C 0x8001A65C 0x8001A65C 0x8001A65C 0x8001A65C 0x8001A65C 0x8001A65C 0x8001A65C 0x80019844 0x8001A65C 0x8001A65C 0x8001A65C
[BLACKSCREEN][INTERP] enter start=0x80019844 instr0=0x27BDFFD0 a0=0x00000000 ra=0x80010EA4 sp=0x80200000 f=38
[BLACKSCREEN][INTERP-RA] pre-save pc=0x80019890 sp=0x801FFFD0 ra=0x80010EA4 slot_before=0x80010EA4 f=38
[BLACKSCREEN][19844-STATE] pc=0x80019958 v0=0xFFFFFFFF v1=0x80032A24 a0=0x00000000 a1=0x8001072C a0m0=0x00000000 a0m1=0x00000000 a1m0=0x735F4443 a1m1=0x00636E79 s0=0xFFFFFFFF s1=0x8001072C ra=0x8001991C c2a8=0x1F801814 c2ac=0x1F801110 t0=0x1C080000 t1=0x000004D6 f=38
[BLACKSCREEN][INTERP-RA] pre-restore pc=0x8001995C sp=0x801FFFD0 ra=0x8001991C slot_now=0x80010EA4 f=38
[BLACKSCREEN][INTERP] start=0x80019844 end=0x80019980 steps=126 reason=jr_ra target=0x80010EA4 ra=0x80010EA4 sp=0x80200000 f=38
[BLACKSCREEN][NO-GPU-EVENT] #39 tag=main_present f=39 ra=0x80010EA4 sp=0x80200000
[BLACKSCREEN][NO-GPU-EVENT] chain 0x8001A65C 0x8001A65C 0x8001A65C 0x8001A65C 0x8001A65C 0x8001A65C 0x8001A65C 0x8001A65C 0x80019844 0x8001A65C 0x8001A65C 0x8001A65C
[BLACKSCREEN][INTERP] enter start=0x80019844 instr0=0x27BDFFD0 a0=0x00000000 ra=0x80010EA4 sp=0x80200000 f=39
[BLACKSCREEN][INTERP-RA] pre-save pc=0x80019890 sp=0x801FFFD0 ra=0x80010EA4 slot_before=0x80010EA4 f=39
[BLACKSCREEN][INTERP-RA] pre-restore pc=0x8001995C sp=0x801FFFD0 ra=0x8001991C slot_now=0x80010EA4 f=39
[BLACKSCREEN][INTERP] start=0x80019844 end=0x80019980 steps=126 reason=jr_ra target=0x80010EA4 ra=0x80010EA4 sp=0x80200000 f=39
[BLACKSCREEN][NO-GPU-EVENT] #40 tag=main_present f=40 ra=0x80010EA4 sp=0x80200000
[BLACKSCREEN][NO-GPU-EVENT] chain 0x8001A65C 0x8001A65C 0x8001A65C 0x8001A65C 0x8001A65C 0x8001A65C 0x8001A65C 0x8001A65C 0x80019844 0x8001A65C 0x8001A65C 0x8001A65C
[BLACKSCREEN][INTERP] enter start=0x80019844 instr0=0x27BDFFD0 a0=0x00000000 ra=0x80010EA4 sp=0x80200000 f=40
[BLACKSCREEN][INTERP-RA] pre-save pc=0x80019890 sp=0x801FFFD0 ra=0x80010EA4 slot_before=0x80010EA4 f=40
[BLACKSCREEN][INTERP-RA] pre-restore pc=0x8001995C sp=0x801FFFD0 ra=0x8001991C slot_now=0x80010EA4 f=40
[BLACKSCREEN][INTERP] start=0x80019844 end=0x80019980 steps=126 reason=jr_ra target=0x80010EA4 ra=0x80010EA4 sp=0x80200000 f=40
[BLACKSCREEN][INTERP] enter start=0x80019844 instr0=0x27BDFFD0 a0=0x00000000 ra=0x80010EA4 sp=0x80200000 f=41
[BLACKSCREEN][INTERP-RA] pre-save pc=0x80019890 sp=0x801FFFD0 ra=0x80010EA4 slot_before=0x80010EA4 f=41
[BLACKSCREEN][INTERP-RA] pre-restore pc=0x8001995C sp=0x801FFFD0 ra=0x8001991C slot_now=0x80010EA4 f=41
[BLACKSCREEN][INTERP] start=0x80019844 end=0x80019980 steps=126 reason=jr_ra target=0x80010EA4 ra=0x80010EA4 sp=0x80200000 f=41
[BLACKSCREEN][INTERP] enter start=0x80019844 instr0=0x27BDFFD0 a0=0x00000000 ra=0x80010EA4 sp=0x80200000 f=42
[BLACKSCREEN][INTERP-RA] pre-save pc=0x80019890 sp=0x801FFFD0 ra=0x80010EA4 slot_before=0x80010EA4 f=42
[BLACKSCREEN][INTERP-RA] pre-restore pc=0x8001995C sp=0x801FFFD0 ra=0x8001991C slot_now=0x80010EA4 f=42
[BLACKSCREEN][INTERP] start=0x80019844 end=0x80019980 steps=126 reason=jr_ra target=0x80010EA4 ra=0x80010EA4 sp=0x80200000 f=42
[BLACKSCREEN][INTERP] enter start=0x80019844 instr0=0x27BDFFD0 a0=0x00000000 ra=0x80010EA4 sp=0x80200000 f=43
[BLACKSCREEN][INTERP-RA] pre-save pc=0x80019890 sp=0x801FFFD0 ra=0x80010EA4 slot_before=0x80010EA4 f=43
[BLACKSCREEN][INTERP-RA] pre-restore pc=0x8001995C sp=0x801FFFD0 ra=0x8001991C slot_now=0x80010EA4 f=43
[BLACKSCREEN][INTERP] start=0x80019844 end=0x80019980 steps=126 reason=jr_ra target=0x80010EA4 ra=0x80010EA4 sp=0x80200000 f=43
[BLACKSCREEN][INTERP] enter start=0x80019844 instr0=0x27BDFFD0 a0=0x00000000 ra=0x80010EA4 sp=0x80200000 f=44
[BLACKSCREEN][INTERP-RA] pre-save pc=0x80019890 sp=0x801FFFD0 ra=0x80010EA4 slot_before=0x80010EA4 f=44
[BLACKSCREEN][INTERP-RA] pre-restore pc=0x8001995C sp=0x801FFFD0 ra=0x8001991C slot_now=0x80010EA4 f=44
[BLACKSCREEN][INTERP] start=0x80019844 end=0x80019980 steps=126 reason=jr_ra target=0x80010EA4 ra=0x80010EA4 sp=0x80200000 f=44
[BLACKSCREEN][INTERP] enter start=0x80019844 instr0=0x27BDFFD0 a0=0x00000000 ra=0x80010EA4 sp=0x80200000 f=45
[BLACKSCREEN][INTERP-RA] pre-save pc=0x80019890 sp=0x801FFFD0 ra=0x80010EA4 slot_before=0x80010EA4 f=45
[BLACKSCREEN][INTERP-RA] pre-restore pc=0x8001995C sp=0x801FFFD0 ra=0x8001991C slot_now=0x80010EA4 f=45
[BLACKSCREEN][INTERP] start=0x80019844 end=0x80019980 steps=126 reason=jr_ra target=0x80010EA4 ra=0x80010EA4 sp=0x80200000 f=45
[BLACKSCREEN][INTERP] enter start=0x80019844 instr0=0x27BDFFD0 a0=0x00000000 ra=0x80010EA4 sp=0x80200000 f=46
[BLACKSCREEN][INTERP-RA] pre-save pc=0x80019890 sp=0x801FFFD0 ra=0x80010EA4 slot_before=0x80010EA4 f=46
[BLACKSCREEN][INTERP-RA] pre-restore pc=0x8001995C sp=0x801FFFD0 ra=0x8001991C slot_now=0x80010EA4 f=46
[BLACKSCREEN][INTERP] start=0x80019844 end=0x80019980 steps=126 reason=jr_ra target=0x80010EA4 ra=0x80010EA4 sp=0x80200000 f=46
[BLACKSCREEN][INTERP] enter start=0x80019844 instr0=0x27BDFFD0 a0=0x00000000 ra=0x80010EA4 sp=0x80200000 f=47
[BLACKSCREEN][INTERP-RA] pre-save pc=0x80019890 sp=0x801FFFD0 ra=0x80010EA4 slot_before=0x80010EA4 f=47
[BLACKSCREEN][INTERP-RA] pre-restore pc=0x8001995C sp=0x801FFFD0 ra=0x8001991C slot_now=0x80010EA4 f=47
[BLACKSCREEN][INTERP] start=0x80019844 end=0x80019980 steps=126 reason=jr_ra target=0x80010EA4 ra=0x80010EA4 sp=0x80200000 f=47
[BLACKSCREEN][INTERP] enter start=0x80019844 instr0=0x27BDFFD0 a0=0x00000000 ra=0x80010EA4 sp=0x80200000 f=48
[BLACKSCREEN][INTERP-RA] pre-save pc=0x80019890 sp=0x801FFFD0 ra=0x80010EA4 slot_before=0x80010EA4 f=48
[BLACKSCREEN][INTERP-RA] pre-restore pc=0x8001995C sp=0x801FFFD0 ra=0x8001991C slot_now=0x80010EA4 f=48
[BLACKSCREEN][INTERP] start=0x80019844 end=0x80019980 steps=126 reason=jr_ra target=0x80010EA4 ra=0x80010EA4 sp=0x80200000 f=48
[BLACKSCREEN][INTERP] enter start=0x80019844 instr0=0x27BDFFD0 a0=0x00000000 ra=0x80010EA4 sp=0x80200000 f=49
[BLACKSCREEN][INTERP-RA] pre-save pc=0x80019890 sp=0x801FFFD0 ra=0x80010EA4 slot_before=0x80010EA4 f=49
[BLACKSCREEN][INTERP-RA] pre-restore pc=0x8001995C sp=0x801FFFD0 ra=0x8001991C slot_now=0x80010EA4 f=49
[BLACKSCREEN][INTERP] start=0x80019844 end=0x80019980 steps=126 reason=jr_ra target=0x80010EA4 ra=0x80010EA4 sp=0x80200000 f=49
[BLACKSCREEN][INTERP] enter start=0x80019844 instr0=0x27BDFFD0 a0=0x00000000 ra=0x80010EA4 sp=0x80200000 f=50
[BLACKSCREEN][INTERP-RA] pre-save pc=0x80019890 sp=0x801FFFD0 ra=0x80010EA4 slot_before=0x80010EA4 f=50
[BLACKSCREEN][INTERP-RA] pre-restore pc=0x8001995C sp=0x801FFFD0 ra=0x8001991C slot_now=0x80010EA4 f=50
[BLACKSCREEN][INTERP] start=0x80019844 end=0x80019980 steps=126 reason=jr_ra target=0x80010EA4 ra=0x80010EA4 sp=0x80200000 f=50
[BLACKSCREEN][INTERP] enter start=0x80019844 instr0=0x27BDFFD0 a0=0x00000000 ra=0x80010EA4 sp=0x80200000 f=51
[BLACKSCREEN][INTERP-RA] pre-save pc=0x80019890 sp=0x801FFFD0 ra=0x80010EA4 slot_before=0x80010EA4 f=51
[BLACKSCREEN][INTERP-RA] pre-restore pc=0x8001995C sp=0x801FFFD0 ra=0x8001991C slot_now=0x80010EA4 f=51
[BLACKSCREEN][INTERP] start=0x80019844 end=0x80019980 steps=126 reason=jr_ra target=0x80010EA4 ra=0x80010EA4 sp=0x80200000 f=51
[BLACKSCREEN][INTERP] enter start=0x80019844 instr0=0x27BDFFD0 a0=0x00000000 ra=0x80010EA4 sp=0x80200000 f=52
[BLACKSCREEN][INTERP-RA] pre-save pc=0x80019890 sp=0x801FFFD0 ra=0x80010EA4 slot_before=0x80010EA4 f=52
[BLACKSCREEN][INTERP-RA] pre-restore pc=0x8001995C sp=0x801FFFD0 ra=0x8001991C slot_now=0x80010EA4 f=52
[BLACKSCREEN][INTERP] start=0x80019844 end=0x80019980 steps=126 reason=jr_ra target=0x80010EA4 ra=0x80010EA4 sp=0x80200000 f=52
[BLACKSCREEN][INTERP] enter start=0x80019844 instr0=0x27BDFFD0 a0=0x00000000 ra=0x80010EA4 sp=0x80200000 f=53
[BLACKSCREEN][INTERP-RA] pre-save pc=0x80019890 sp=0x801FFFD0 ra=0x80010EA4 slot_before=0x80010EA4 f=53
[BLACKSCREEN][INTERP-RA] pre-restore pc=0x8001995C sp=0x801FFFD0 ra=0x8001991C slot_now=0x80010EA4 f=53
[BLACKSCREEN][INTERP] start=0x80019844 end=0x80019980 steps=126 reason=jr_ra target=0x80010EA4 ra=0x80010EA4 sp=0x80200000 f=53
[BLACKSCREEN][INTERP] enter start=0x80019844 instr0=0x27BDFFD0 a0=0x00000000 ra=0x80010EA4 sp=0x80200000 f=54
[BLACKSCREEN][INTERP-RA] pre-save pc=0x80019890 sp=0x801FFFD0 ra=0x80010EA4 slot_before=0x80010EA4 f=54
[BLACKSCREEN][INTERP-RA] pre-restore pc=0x8001995C sp=0x801FFFD0 ra=0x8001991C slot_now=0x80010EA4 f=54
[BLACKSCREEN][INTERP] start=0x80019844 end=0x80019980 steps=126 reason=jr_ra target=0x80010EA4 ra=0x80010EA4 sp=0x80200000 f=54
[BLACKSCREEN][INTERP] enter start=0x80019844 instr0=0x27BDFFD0 a0=0x00000000 ra=0x80010EA4 sp=0x80200000 f=55
[BLACKSCREEN][INTERP-RA] pre-save pc=0x80019890 sp=0x801FFFD0 ra=0x80010EA4 slot_before=0x80010EA4 f=55
[BLACKSCREEN][INTERP-RA] pre-restore pc=0x8001995C sp=0x801FFFD0 ra=0x8001991C slot_now=0x80010EA4 f=55
[BLACKSCREEN][INTERP] start=0x80019844 end=0x80019980 steps=126 reason=jr_ra target=0x80010EA4 ra=0x80010EA4 sp=0x80200000 f=55
[BLACKSCREEN][INTERP] enter start=0x80019844 instr0=0x27BDFFD0 a0=0x00000000 ra=0x80010EA4 sp=0x80200000 f=56
[BLACKSCREEN][INTERP-RA] pre-save pc=0x80019890 sp=0x801FFFD0 ra=0x80010EA4 slot_before=0x80010EA4 f=56
[BLACKSCREEN][INTERP-RA] pre-restore pc=0x8001995C sp=0x801FFFD0 ra=0x8001991C slot_now=0x80010EA4 f=56
[BLACKSCREEN][INTERP] start=0x80019844 end=0x80019980 steps=126 reason=jr_ra target=0x80010EA4 ra=0x80010EA4 sp=0x80200000 f=56
[BLACKSCREEN][INTERP] enter start=0x80019844 instr0=0x27BDFFD0 a0=0x00000000 ra=0x80010EA4 sp=0x80200000 f=57
[BLACKSCREEN][INTERP-RA] pre-save pc=0x80019890 sp=0x801FFFD0 ra=0x80010EA4 slot_before=0x80010EA4 f=57
[BLACKSCREEN][INTERP-RA] pre-restore pc=0x8001995C sp=0x801FFFD0 ra=0x8001991C slot_now=0x80010EA4 f=57
[BLACKSCREEN][INTERP] start=0x80019844 end=0x80019980 steps=126 reason=jr_ra target=0x80010EA4 ra=0x80010EA4 sp=0x80200000 f=57
[BLACKSCREEN][INTERP] enter start=0x80019844 instr0=0x27BDFFD0 a0=0x00000000 ra=0x80010EA4 sp=0x80200000 f=58
[BLACKSCREEN][INTERP-RA] pre-save pc=0x80019890 sp=0x801FFFD0 ra=0x80010EA4 slot_before=0x80010EA4 f=58
[BLACKSCREEN][INTERP-RA] pre-restore pc=0x8001995C sp=0x801FFFD0 ra=0x8001991C slot_now=0x80010EA4 f=58
[BLACKSCREEN][INTERP] start=0x80019844 end=0x80019980 steps=126 reason=jr_ra target=0x80010EA4 ra=0x80010EA4 sp=0x80200000 f=58
[BLACKSCREEN][INTERP] enter start=0x80019844 instr0=0x27BDFFD0 a0=0x00000000 ra=0x80010EA4 sp=0x80200000 f=59
[BLACKSCREEN][INTERP-RA] pre-save pc=0x80019890 sp=0x801FFFD0 ra=0x80010EA4 slot_before=0x80010EA4 f=59
[BLACKSCREEN][INTERP-RA] pre-restore pc=0x8001995C sp=0x801FFFD0 ra=0x8001991C slot_now=0x80010EA4 f=59
[BLACKSCREEN][INTERP] start=0x80019844 end=0x80019980 steps=126 reason=jr_ra target=0x80010EA4 ra=0x80010EA4 sp=0x80200000 f=59
[frame 60]
[BLACKSCREEN][INTERP] enter start=0x80019844 instr0=0x27BDFFD0 a0=0x00000000 ra=0x80010EA4 sp=0x80200000 f=60
[BLACKSCREEN][INTERP-RA] pre-save pc=0x80019890 sp=0x801FFFD0 ra=0x80010EA4 slot_before=0x80010EA4 f=60
[BLACKSCREEN][INTERP-RA] pre-restore pc=0x8001995C sp=0x801FFFD0 ra=0x8001991C slot_now=0x80010EA4 f=60
[BLACKSCREEN][INTERP] start=0x80019844 end=0x80019980 steps=126 reason=jr_ra target=0x80010EA4 ra=0x80010EA4 sp=0x80200000 f=60
[BLACKSCREEN][INTERP] enter start=0x80019844 instr0=0x27BDFFD0 a0=0x00000000 ra=0x80010EA4 sp=0x80200000 f=61
[BLACKSCREEN][INTERP-RA] pre-save pc=0x80019890 sp=0x801FFFD0 ra=0x80010EA4 slot_before=0x80010EA4 f=61
[BLACKSCREEN][INTERP-RA] pre-restore pc=0x8001995C sp=0x801FFFD0 ra=0x8001991C slot_now=0x80010EA4 f=61
[BLACKSCREEN][INTERP] start=0x80019844 end=0x80019980 steps=126 reason=jr_ra target=0x80010EA4 ra=0x80010EA4 sp=0x80200000 f=61
[BLACKSCREEN][INTERP] enter start=0x80019844 instr0=0x27BDFFD0 a0=0x00000000 ra=0x80010EA4 sp=0x80200000 f=62
[BLACKSCREEN][INTERP-RA] pre-save pc=0x80019890 sp=0x801FFFD0 ra=0x80010EA4 slot_before=0x80010EA4 f=62
[BLACKSCREEN][INTERP-RA] pre-restore pc=0x8001995C sp=0x801FFFD0 ra=0x8001991C slot_now=0x80010EA4 f=62
[BLACKSCREEN][INTERP] start=0x80019844 end=0x80019980 steps=126 reason=jr_ra target=0x80010EA4 ra=0x80010EA4 sp=0x80200000 f=62
[BLACKSCREEN][INTERP] enter start=0x80019844 instr0=0x27BDFFD0 a0=0x00000000 ra=0x80010EA4 sp=0x80200000 f=63
[BLACKSCREEN][INTERP-RA] pre-save pc=0x80019890 sp=0x801FFFD0 ra=0x80010EA4 slot_before=0x80010EA4 f=63
[BLACKSCREEN][INTERP-RA] pre-restore pc=0x8001995C sp=0x801FFFD0 ra=0x8001991C slot_now=0x80010EA4 f=63
[BLACKSCREEN][INTERP] start=0x80019844 end=0x80019980 steps=126 reason=jr_ra target=0x80010EA4 ra=0x80010EA4 sp=0x80200000 f=63
[BLACKSCREEN][INTERP] enter start=0x80019844 instr0=0x27BDFFD0 a0=0x00000000 ra=0x80010EA4 sp=0x80200000 f=64
[BLACKSCREEN][INTERP-RA] pre-save pc=0x80019890 sp=0x801FFFD0 ra=0x80010EA4 slot_before=0x80010EA4 f=64
[BLACKSCREEN][INTERP-RA] pre-restore pc=0x8001995C sp=0x801FFFD0 ra=0x8001991C slot_now=0x80010EA4 f=64
[BLACKSCREEN][INTERP] start=0x80019844 end=0x80019980 steps=126 reason=jr_ra target=0x80010EA4 ra=0x80010EA4 sp=0x80200000 f=64
[BLACKSCREEN][INTERP] enter start=0x80019844 instr0=0x27BDFFD0 a0=0x00000000 ra=0x80010EA4 sp=0x80200000 f=65
[BLACKSCREEN][INTERP-RA] pre-save pc=0x80019890 sp=0x801FFFD0 ra=0x80010EA4 slot_before=0x80010EA4 f=65
[BLACKSCREEN][INTERP-RA] pre-restore pc=0x8001995C sp=0x801FFFD0 ra=0x8001991C slot_now=0x80010EA4 f=65
[BLACKSCREEN][INTERP] start=0x80019844 end=0x80019980 steps=126 reason=jr_ra target=0x80010EA4 ra=0x80010EA4 sp=0x80200000 f=65
[BLACKSCREEN][INTERP] enter start=0x80019844 instr0=0x27BDFFD0 a0=0x00000000 ra=0x80010EA4 sp=0x80200000 f=66
[BLACKSCREEN][INTERP-RA] pre-save pc=0x80019890 sp=0x801FFFD0 ra=0x80010EA4 slot_before=0x80010EA4 f=66
[BLACKSCREEN][INTERP-RA] pre-restore pc=0x8001995C sp=0x801FFFD0 ra=0x8001991C slot_now=0x80010EA4 f=66
[BLACKSCREEN][INTERP] start=0x80019844 end=0x80019980 steps=126 reason=jr_ra target=0x80010EA4 ra=0x80010EA4 sp=0x80200000 f=66
[BLACKSCREEN][INTERP] enter start=0x80019844 instr0=0x27BDFFD0 a0=0x00000000 ra=0x80010EA4 sp=0x80200000 f=67
[BLACKSCREEN][INTERP-RA] pre-save pc=0x80019890 sp=0x801FFFD0 ra=0x80010EA4 slot_before=0x80010EA4 f=67
[BLACKSCREEN][INTERP-RA] pre-restore pc=0x8001995C sp=0x801FFFD0 ra=0x8001991C slot_now=0x80010EA4 f=67
[BLACKSCREEN][INTERP] start=0x80019844 end=0x80019980 steps=126 reason=jr_ra target=0x80010EA4 ra=0x80010EA4 sp=0x80200000 f=67
[BLACKSCREEN][INTERP] enter start=0x80019844 instr0=0x27BDFFD0 a0=0x00000000 ra=0x80010EA4 sp=0x80200000 f=68
[BLACKSCREEN][INTERP-RA] pre-save pc=0x80019890 sp=0x801FFFD0 ra=0x80010EA4 slot_before=0x80010EA4 f=68
[BLACKSCREEN][INTERP-RA] pre-restore pc=0x8001995C sp=0x801FFFD0 ra=0x8001991C slot_now=0x80010EA4 f=68
[BLACKSCREEN][INTERP] start=0x80019844 end=0x80019980 steps=126 reason=jr_ra target=0x80010EA4 ra=0x80010EA4 sp=0x80200000 f=68
[BLACKSCREEN][INTERP] enter start=0x80019844 instr0=0x27BDFFD0 a0=0x00000000 ra=0x80010EA4 sp=0x80200000 f=69
[BLACKSCREEN][INTERP-RA] pre-save pc=0x80019890 sp=0x801FFFD0 ra=0x80010EA4 slot_before=0x80010EA4 f=69
[BLACKSCREEN][INTERP-RA] pre-restore pc=0x8001995C sp=0x801FFFD0 ra=0x8001991C slot_now=0x80010EA4 f=69
[BLACKSCREEN][INTERP] start=0x80019844 end=0x80019980 steps=126 reason=jr_ra target=0x80010EA4 ra=0x80010EA4 sp=0x80200000 f=69
[BLACKSCREEN][INTERP] enter start=0x80019844 instr0=0x27BDFFD0 a0=0x00000000 ra=0x80010EA4 sp=0x80200000 f=70
[BLACKSCREEN][INTERP-RA] pre-save pc=0x80019890 sp=0x801FFFD0 ra=0x80010EA4 slot_before=0x80010EA4 f=70
[BLACKSCREEN][INTERP-RA] pre-restore pc=0x8001995C sp=0x801FFFD0 ra=0x8001991C slot_now=0x80010EA4 f=70
[BLACKSCREEN][INTERP] start=0x80019844 end=0x80019980 steps=126 reason=jr_ra target=0x80010EA4 ra=0x80010EA4 sp=0x80200000 f=70
[BLACKSCREEN][INTERP] enter start=0x80019844 instr0=0x27BDFFD0 a0=0x00000000 ra=0x80010EA4 sp=0x80200000 f=71
[BLACKSCREEN][INTERP-RA] pre-save pc=0x80019890 sp=0x801FFFD0 ra=0x80010EA4 slot_before=0x80010EA4 f=71
[BLACKSCREEN][INTERP-RA] pre-restore pc=0x8001995C sp=0x801FFFD0 ra=0x8001991C slot_now=0x80010EA4 f=71
[BLACKSCREEN][INTERP] start=0x80019844 end=0x80019980 steps=126 reason=jr_ra target=0x80010EA4 ra=0x80010EA4 sp=0x80200000 f=71
[BLACKSCREEN][INTERP] enter start=0x80019844 instr0=0x27BDFFD0 a0=0x00000000 ra=0x80010EA4 sp=0x80200000 f=72
[BLACKSCREEN][INTERP-RA] pre-save pc=0x80019890 sp=0x801FFFD0 ra=0x80010EA4 slot_before=0x80010EA4 f=72
[BLACKSCREEN][INTERP-RA] pre-restore pc=0x8001995C sp=0x801FFFD0 ra=0x8001991C slot_now=0x80010EA4 f=72
[BLACKSCREEN][INTERP] start=0x80019844 end=0x80019980 steps=126 reason=jr_ra target=0x80010EA4 ra=0x80010EA4 sp=0x80200000 f=72
[BLACKSCREEN][INTERP] enter start=0x80019844 instr0=0x27BDFFD0 a0=0x00000000 ra=0x80010EA4 sp=0x80200000 f=73
[BLACKSCREEN][INTERP-RA] pre-save pc=0x80019890 sp=0x801FFFD0 ra=0x80010EA4 slot_before=0x80010EA4 f=73
[BLACKSCREEN][INTERP-RA] pre-restore pc=0x8001995C sp=0x801FFFD0 ra=0x8001991C slot_now=0x80010EA4 f=73
[BLACKSCREEN][INTERP] start=0x80019844 end=0x80019980 steps=126 reason=jr_ra target=0x80010EA4 ra=0x80010EA4 sp=0x80200000 f=73
[BLACKSCREEN][INTERP] enter start=0x80019844 instr0=0x27BDFFD0 a0=0x00000000 ra=0x80010EA4 sp=0x80200000 f=74
[BLACKSCREEN][INTERP-RA] pre-save pc=0x80019890 sp=0x801FFFD0 ra=0x80010EA4 slot_before=0x80010EA4 f=74
[BLACKSCREEN][INTERP-RA] pre-restore pc=0x8001995C sp=0x801FFFD0 ra=0x8001991C slot_now=0x80010EA4 f=74
[BLACKSCREEN][INTERP] start=0x80019844 end=0x80019980 steps=126 reason=jr_ra target=0x80010EA4 ra=0x80010EA4 sp=0x80200000 f=74
[BLACKSCREEN][INTERP] enter start=0x80019844 instr0=0x27BDFFD0 a0=0x00000000 ra=0x80010EA4 sp=0x80200000 f=75
[BLACKSCREEN][INTERP-RA] pre-save pc=0x80019890 sp=0x801FFFD0 ra=0x80010EA4 slot_before=0x80010EA4 f=75
[BLACKSCREEN][INTERP-RA] pre-restore pc=0x8001995C sp=0x801FFFD0 ra=0x8001991C slot_now=0x80010EA4 f=75
[BLACKSCREEN][INTERP] start=0x80019844 end=0x80019980 steps=126 reason=jr_ra target=0x80010EA4 ra=0x80010EA4 sp=0x80200000 f=75
[BLACKSCREEN][INTERP] enter start=0x80019844 instr0=0x27BDFFD0 a0=0x00000000 ra=0x80010EA4 sp=0x80200000 f=76
[BLACKSCREEN][INTERP-RA] pre-save pc=0x80019890 sp=0x801FFFD0 ra=0x80010EA4 slot_before=0x80010EA4 f=76
[BLACKSCREEN][INTERP-RA] pre-restore pc=0x8001995C sp=0x801FFFD0 ra=0x8001991C slot_now=0x80010EA4 f=76
[BLACKSCREEN][INTERP] start=0x80019844 end=0x80019980 steps=126 reason=jr_ra target=0x80010EA4 ra=0x80010EA4 sp=0x80200000 f=76
[BLACKSCREEN][INTERP] enter start=0x80019844 instr0=0x27BDFFD0 a0=0x00000000 ra=0x80010EA4 sp=0x80200000 f=77
[BLACKSCREEN][INTERP-RA] pre-save pc=0x80019890 sp=0x801FFFD0 ra=0x80010EA4 slot_before=0x80010EA4 f=77
[BLACKSCREEN][INTERP-RA] pre-restore pc=0x8001995C sp=0x801FFFD0 ra=0x8001991C slot_now=0x80010EA4 f=77
[BLACKSCREEN][INTERP] start=0x80019844 end=0x80019980 steps=126 reason=jr_ra target=0x80010EA4 ra=0x80010EA4 sp=0x80200000 f=77
[BLACKSCREEN][INTERP] enter start=0x80019844 instr0=0x27BDFFD0 a0=0x00000000 ra=0x80010EA4 sp=0x80200000 f=78
[BLACKSCREEN][INTERP-RA] pre-save pc=0x80019890 sp=0x801FFFD0 ra=0x80010EA4 slot_before=0x80010EA4 f=78
[BLACKSCREEN][INTERP-RA] pre-restore pc=0x8001995C sp=0x801FFFD0 ra=0x8001991C slot_now=0x80010EA4 f=78
[BLACKSCREEN][INTERP] start=0x80019844 end=0x80019980 steps=126 reason=jr_ra target=0x80010EA4 ra=0x80010EA4 sp=0x80200000 f=78
[BLACKSCREEN][INTERP] enter start=0x80019844 instr0=0x27BDFFD0 a0=0x00000000 ra=0x80010EA4 sp=0x80200000 f=79
[BLACKSCREEN][INTERP-RA] pre-save pc=0x80019890 sp=0x801FFFD0 ra=0x80010EA4 slot_before=0x80010EA4 f=79
[BLACKSCREEN][INTERP-RA] pre-restore pc=0x8001995C sp=0x801FFFD0 ra=0x8001991C slot_now=0x80010EA4 f=79
[BLACKSCREEN][INTERP] start=0x80019844 end=0x80019980 steps=126 reason=jr_ra target=0x80010EA4 ra=0x80010EA4 sp=0x80200000 f=79
[BLACKSCREEN][INTERP] enter start=0x80019844 instr0=0x27BDFFD0 a0=0x00000000 ra=0x80010EA4 sp=0x80200000 f=80
[BLACKSCREEN][INTERP-RA] pre-save pc=0x80019890 sp=0x801FFFD0 ra=0x80010EA4 slot_before=0x80010EA4 f=80
[BLACKSCREEN][INTERP-RA] pre-restore pc=0x8001995C sp=0x801FFFD0 ra=0x8001991C slot_now=0x80010EA4 f=80
[BLACKSCREEN][INTERP] start=0x80019844 end=0x80019980 steps=126 reason=jr_ra target=0x80010EA4 ra=0x80010EA4 sp=0x80200000 f=80
[BLACKSCREEN][INTERP] enter start=0x80019844 instr0=0x27BDFFD0 a0=0x00000000 ra=0x80010EA4 sp=0x80200000 f=81
[BLACKSCREEN][INTERP-RA] pre-save pc=0x80019890 sp=0x801FFFD0 ra=0x80010EA4 slot_before=0x80010EA4 f=81
[BLACKSCREEN][INTERP-RA] pre-restore pc=0x8001995C sp=0x801FFFD0 ra=0x8001991C slot_now=0x80010EA4 f=81
[BLACKSCREEN][INTERP] start=0x80019844 end=0x80019980 steps=126 reason=jr_ra target=0x80010EA4 ra=0x80010EA4 sp=0x80200000 f=81
[BLACKSCREEN][INTERP] enter start=0x80019844 instr0=0x27BDFFD0 a0=0x00000000 ra=0x80010EA4 sp=0x80200000 f=82
[BLACKSCREEN][INTERP-RA] pre-save pc=0x80019890 sp=0x801FFFD0 ra=0x80010EA4 slot_before=0x80010EA4 f=82
[BLACKSCREEN][INTERP-RA] pre-restore pc=0x8001995C sp=0x801FFFD0 ra=0x8001991C slot_now=0x80010EA4 f=82
[BLACKSCREEN][INTERP] start=0x80019844 end=0x80019980 steps=126 reason=jr_ra target=0x80010EA4 ra=0x80010EA4 sp=0x80200000 f=82
[BLACKSCREEN][INTERP] enter start=0x80019844 instr0=0x27BDFFD0 a0=0x00000000 ra=0x80010EA4 sp=0x80200000 f=83
[BLACKSCREEN][INTERP-RA] pre-save pc=0x80019890 sp=0x801FFFD0 ra=0x80010EA4 slot_before=0x80010EA4 f=83
[BLACKSCREEN][INTERP-RA] pre-restore pc=0x8001995C sp=0x801FFFD0 ra=0x8001991C slot_now=0x80010EA4 f=83
[BLACKSCREEN][INTERP] start=0x80019844 end=0x80019980 steps=126 reason=jr_ra target=0x80010EA4 ra=0x80010EA4 sp=0x80200000 f=83
[BLACKSCREEN][INTERP] enter start=0x80019844 instr0=0x27BDFFD0 a0=0x00000000 ra=0x80010EA4 sp=0x80200000 f=84
[BLACKSCREEN][INTERP-RA] pre-save pc=0x80019890 sp=0x801FFFD0 ra=0x80010EA4 slot_before=0x80010EA4 f=84
[BLACKSCREEN][INTERP-RA] pre-restore pc=0x8001995C sp=0x801FFFD0 ra=0x8001991C slot_now=0x80010EA4 f=84
[BLACKSCREEN][INTERP] start=0x80019844 end=0x80019980 steps=126 reason=jr_ra target=0x80010EA4 ra=0x80010EA4 sp=0x80200000 f=84
[BLACKSCREEN][INTERP] enter start=0x80019844 instr0=0x27BDFFD0 a0=0x00000000 ra=0x80010EA4 sp=0x80200000 f=85
[BLACKSCREEN][INTERP-RA] pre-save pc=0x80019890 sp=0x801FFFD0 ra=0x80010EA4 slot_before=0x80010EA4 f=85
[BLACKSCREEN][INTERP-RA] pre-restore pc=0x8001995C sp=0x801FFFD0 ra=0x8001991C slot_now=0x80010EA4 f=85
[BLACKSCREEN][INTERP] start=0x80019844 end=0x80019980 steps=126 reason=jr_ra target=0x80010EA4 ra=0x80010EA4 sp=0x80200000 f=85
[BLACKSCREEN][INTERP] enter start=0x80019844 instr0=0x27BDFFD0 a0=0x00000000 ra=0x80010EA4 sp=0x80200000 f=86
[BLACKSCREEN][INTERP-RA] pre-save pc=0x80019890 sp=0x801FFFD0 ra=0x80010EA4 slot_before=0x80010EA4 f=86
[BLACKSCREEN][INTERP-RA] pre-restore pc=0x8001995C sp=0x801FFFD0 ra=0x8001991C slot_now=0x80010EA4 f=86
[BLACKSCREEN][INTERP] start=0x80019844 end=0x80019980 steps=126 reason=jr_ra target=0x80010EA4 ra=0x80010EA4 sp=0x80200000 f=86
[BLACKSCREEN][INTERP] enter start=0x80019844 instr0=0x27BDFFD0 a0=0x00000000 ra=0x80010EA4 sp=0x80200000 f=87
[BLACKSCREEN][INTERP-RA] pre-save pc=0x80019890 sp=0x801FFFD0 ra=0x80010EA4 slot_before=0x80010EA4 f=87
[BLACKSCREEN][INTERP-RA] pre-restore pc=0x8001995C sp=0x801FFFD0 ra=0x8001991C slot_now=0x80010EA4 f=87
[BLACKSCREEN][INTERP] start=0x80019844 end=0x80019980 steps=126 reason=jr_ra target=0x80010EA4 ra=0x80010EA4 sp=0x80200000 f=87
[BLACKSCREEN][INTERP] enter start=0x80019844 instr0=0x27BDFFD0 a0=0x00000000 ra=0x80010EA4 sp=0x80200000 f=88
[BLACKSCREEN][INTERP-RA] pre-save pc=0x80019890 sp=0x801FFFD0 ra=0x80010EA4 slot_before=0x80010EA4 f=88
[BLACKSCREEN][INTERP-RA] pre-restore pc=0x8001995C sp=0x801FFFD0 ra=0x8001991C slot_now=0x80010EA4 f=88
[BLACKSCREEN][INTERP] start=0x80019844 end=0x80019980 steps=126 reason=jr_ra target=0x80010EA4 ra=0x80010EA4 sp=0x80200000 f=88
[BLACKSCREEN][INTERP] enter start=0x80019844 instr0=0x27BDFFD0 a0=0x00000000 ra=0x80010EA4 sp=0x80200000 f=89
[BLACKSCREEN][INTERP-RA] pre-save pc=0x80019890 sp=0x801FFFD0 ra=0x80010EA4 slot_before=0x80010EA4 f=89
[BLACKSCREEN][INTERP-RA] pre-restore pc=0x8001995C sp=0x801FFFD0 ra=0x8001991C slot_now=0x80010EA4 f=89
[BLACKSCREEN][INTERP] start=0x80019844 end=0x80019980 steps=126 reason=jr_ra target=0x80010EA4 ra=0x80010EA4 sp=0x80200000 f=89
[BLACKSCREEN][INTERP] enter start=0x80019844 instr0=0x27BDFFD0 a0=0x00000000 ra=0x80010EA4 sp=0x80200000 f=90
[BLACKSCREEN][INTERP-RA] pre-save pc=0x80019890 sp=0x801FFFD0 ra=0x80010EA4 slot_before=0x80010EA4 f=90
[BLACKSCREEN][INTERP-RA] pre-restore pc=0x8001995C sp=0x801FFFD0 ra=0x8001991C slot_now=0x80010EA4 f=90
[BLACKSCREEN][INTERP] start=0x80019844 end=0x80019980 steps=126 reason=jr_ra target=0x80010EA4 ra=0x80010EA4 sp=0x80200000 f=90
[BLACKSCREEN][INTERP] enter start=0x80019844 instr0=0x27BDFFD0 a0=0x00000000 ra=0x80010EA4 sp=0x80200000 f=91
[BLACKSCREEN][INTERP-RA] pre-save pc=0x80019890 sp=0x801FFFD0 ra=0x80010EA4 slot_before=0x80010EA4 f=91
[BLACKSCREEN][INTERP-RA] pre-restore pc=0x8001995C sp=0x801FFFD0 ra=0x8001991C slot_now=0x80010EA4 f=91
[BLACKSCREEN][INTERP] start=0x80019844 end=0x80019980 steps=126 reason=jr_ra target=0x80010EA4 ra=0x80010EA4 sp=0x80200000 f=91
[BLACKSCREEN][INTERP] enter start=0x80019844 instr0=0x27BDFFD0 a0=0x00000000 ra=0x80010EA4 sp=0x80200000 f=92
[BLACKSCREEN][INTERP-RA] pre-save pc=0x80019890 sp=0x801FFFD0 ra=0x80010EA4 slot_before=0x80010EA4 f=92
[BLACKSCREEN][INTERP-RA] pre-restore pc=0x8001995C sp=0x801FFFD0 ra=0x8001991C slot_now=0x80010EA4 f=92
[BLACKSCREEN][INTERP] start=0x80019844 end=0x80019980 steps=126 reason=jr_ra target=0x80010EA4 ra=0x80010EA4 sp=0x80200000 f=92
[BLACKSCREEN][INTERP] enter start=0x80019844 instr0=0x27BDFFD0 a0=0x00000000 ra=0x80010EA4 sp=0x80200000 f=93
[BLACKSCREEN][INTERP-RA] pre-save pc=0x80019890 sp=0x801FFFD0 ra=0x80010EA4 slot_before=0x80010EA4 f=93
[BLACKSCREEN][INTERP-RA] pre-restore pc=0x8001995C sp=0x801FFFD0 ra=0x8001991C slot_now=0x80010EA4 f=93
[BLACKSCREEN][INTERP] start=0x80019844 end=0x80019980 steps=126 reason=jr_ra target=0x80010EA4 ra=0x80010EA4 sp=0x80200000 f=93
[BLACKSCREEN][INTERP] enter start=0x80019844 instr0=0x27BDFFD0 a0=0x00000000 ra=0x80010EA4 sp=0x80200000 f=94
[BLACKSCREEN][INTERP-RA] pre-save pc=0x80019890 sp=0x801FFFD0 ra=0x80010EA4 slot_before=0x80010EA4 f=94
[BLACKSCREEN][INTERP-RA] pre-restore pc=0x8001995C sp=0x801FFFD0 ra=0x8001991C slot_now=0x80010EA4 f=94
[BLACKSCREEN][INTERP] start=0x80019844 end=0x80019980 steps=126 reason=jr_ra target=0x80010EA4 ra=0x80010EA4 sp=0x80200000 f=94
[BLACKSCREEN][INTERP] enter start=0x80019844 instr0=0x27BDFFD0 a0=0x00000000 ra=0x80010EA4 sp=0x80200000 f=95
[BLACKSCREEN][INTERP-RA] pre-save pc=0x80019890 sp=0x801FFFD0 ra=0x80010EA4 slot_before=0x80010EA4 f=95
[BLACKSCREEN][INTERP-RA] pre-restore pc=0x8001995C sp=0x801FFFD0 ra=0x8001991C slot_now=0x80010EA4 f=95
[BLACKSCREEN][INTERP] start=0x80019844 end=0x80019980 steps=126 reason=jr_ra target=0x80010EA4 ra=0x80010EA4 sp=0x80200000 f=95
[BLACKSCREEN][INTERP] enter start=0x80019844 instr0=0x27BDFFD0 a0=0x00000000 ra=0x80010EA4 sp=0x80200000 f=96
[BLACKSCREEN][INTERP-RA] pre-save pc=0x80019890 sp=0x801FFFD0 ra=0x80010EA4 slot_before=0x80010EA4 f=96
[BLACKSCREEN][INTERP-RA] pre-restore pc=0x8001995C sp=0x801FFFD0 ra=0x8001991C slot_now=0x80010EA4 f=96
[BLACKSCREEN][INTERP] start=0x80019844 end=0x80019980 steps=126 reason=jr_ra target=0x80010EA4 ra=0x80010EA4 sp=0x80200000 f=96
[BLACKSCREEN][INTERP] enter start=0x80019844 instr0=0x27BDFFD0 a0=0x00000000 ra=0x80010EA4 sp=0x80200000 f=97
[BLACKSCREEN][INTERP-RA] pre-save pc=0x80019890 sp=0x801FFFD0 ra=0x80010EA4 slot_before=0x80010EA4 f=97
[BLACKSCREEN][INTERP-RA] pre-restore pc=0x8001995C sp=0x801FFFD0 ra=0x8001991C slot_now=0x80010EA4 f=97
[BLACKSCREEN][INTERP] start=0x80019844 end=0x80019980 steps=126 reason=jr_ra target=0x80010EA4 ra=0x80010EA4 sp=0x80200000 f=97
[BLACKSCREEN][INTERP] enter start=0x80019844 instr0=0x27BDFFD0 a0=0x00000000 ra=0x80010EA4 sp=0x80200000 f=98
[BLACKSCREEN][INTERP-RA] pre-save pc=0x80019890 sp=0x801FFFD0 ra=0x80010EA4 slot_before=0x80010EA4 f=98
[BLACKSCREEN][INTERP-RA] pre-restore pc=0x8001995C sp=0x801FFFD0 ra=0x8001991C slot_now=0x80010EA4 f=98
[BLACKSCREEN][INTERP] start=0x80019844 end=0x80019980 steps=126 reason=jr_ra target=0x80010EA4 ra=0x80010EA4 sp=0x80200000 f=98
[BLACKSCREEN][INTERP] enter start=0x80019844 instr0=0x27BDFFD0 a0=0x00000000 ra=0x80010EA4 sp=0x80200000 f=99
[BLACKSCREEN][INTERP-RA] pre-save pc=0x80019890 sp=0x801FFFD0 ra=0x80010EA4 slot_before=0x80010EA4 f=99
[BLACKSCREEN][INTERP-RA] pre-restore pc=0x8001995C sp=0x801FFFD0 ra=0x8001991C slot_now=0x80010EA4 f=99
[BLACKSCREEN][INTERP] start=0x80019844 end=0x80019980 steps=126 reason=jr_ra target=0x80010EA4 ra=0x80010EA4 sp=0x80200000 f=99
[BLACKSCREEN][INTERP] enter start=0x80019844 instr0=0x27BDFFD0 a0=0x00000000 ra=0x80010EA4 sp=0x80200000 f=100
[BLACKSCREEN][INTERP-RA] pre-save pc=0x80019890 sp=0x801FFFD0 ra=0x80010EA4 slot_before=0x80010EA4 f=100
[BLACKSCREEN][INTERP-RA] pre-restore pc=0x8001995C sp=0x801FFFD0 ra=0x8001991C slot_now=0x80010EA4 f=100
[BLACKSCREEN][INTERP] start=0x80019844 end=0x80019980 steps=126 reason=jr_ra target=0x80010EA4 ra=0x80010EA4 sp=0x80200000 f=100
[BLACKSCREEN][INTERP] enter start=0x80019844 instr0=0x27BDFFD0 a0=0x00000000 ra=0x80010EA4 sp=0x80200000 f=101
[BLACKSCREEN][INTERP-RA] pre-save pc=0x80019890 sp=0x801FFFD0 ra=0x80010EA4 slot_before=0x80010EA4 f=101
[BLACKSCREEN][INTERP-RA] pre-restore pc=0x8001995C sp=0x801FFFD0 ra=0x8001991C slot_now=0x80010EA4 f=101
[BLACKSCREEN][INTERP] start=0x80019844 end=0x80019980 steps=126 reason=jr_ra target=0x80010EA4 ra=0x80010EA4 sp=0x80200000 f=101
[BLACKSCREEN][INTERP] enter start=0x80019844 instr0=0x27BDFFD0 a0=0x00000000 ra=0x80010EA4 sp=0x80200000 f=102
[BLACKSCREEN][INTERP-RA] pre-save pc=0x80019890 sp=0x801FFFD0 ra=0x80010EA4 slot_before=0x80010EA4 f=102
[BLACKSCREEN][INTERP-RA] pre-restore pc=0x8001995C sp=0x801FFFD0 ra=0x8001991C slot_now=0x80010EA4 f=102
[BLACKSCREEN][INTERP] start=0x80019844 end=0x80019980 steps=126 reason=jr_ra target=0x80010EA4 ra=0x80010EA4 sp=0x80200000 f=102
[BLACKSCREEN][INTERP] enter start=0x80019844 instr0=0x27BDFFD0 a0=0x00000000 ra=0x80010EA4 sp=0x80200000 f=103
[BLACKSCREEN][INTERP-RA] pre-save pc=0x80019890 sp=0x801FFFD0 ra=0x80010EA4 slot_before=0x80010EA4 f=103
[BLACKSCREEN][INTERP-RA] pre-restore pc=0x8001995C sp=0x801FFFD0 ra=0x8001991C slot_now=0x80010EA4 f=103
[BLACKSCREEN][INTERP] start=0x80019844 end=0x80019980 steps=126 reason=jr_ra target=0x80010EA4 ra=0x80010EA4 sp=0x80200000 f=103
[BLACKSCREEN][INTERP] enter start=0x80019844 instr0=0x27BDFFD0 a0=0x00000000 ra=0x80010EA4 sp=0x80200000 f=104
[BLACKSCREEN][INTERP-RA] pre-save pc=0x80019890 sp=0x801FFFD0 ra=0x80010EA4 slot_before=0x80010EA4 f=104
[BLACKSCREEN][INTERP-RA] pre-restore pc=0x8001995C sp=0x801FFFD0 ra=0x8001991C slot_now=0x80010EA4 f=104
[BLACKSCREEN][INTERP] start=0x80019844 end=0x80019980 steps=126 reason=jr_ra target=0x80010EA4 ra=0x80010EA4 sp=0x80200000 f=104
[BLACKSCREEN][INTERP] enter start=0x80019844 instr0=0x27BDFFD0 a0=0x00000000 ra=0x80010EA4 sp=0x80200000 f=105
[BLACKSCREEN][INTERP-RA] pre-save pc=0x80019890 sp=0x801FFFD0 ra=0x80010EA4 slot_before=0x80010EA4 f=105
[BLACKSCREEN][INTERP-RA] pre-restore pc=0x8001995C sp=0x801FFFD0 ra=0x8001991C slot_now=0x80010EA4 f=105
[BLACKSCREEN][INTERP] start=0x80019844 end=0x80019980 steps=126 reason=jr_ra target=0x80010EA4 ra=0x80010EA4 sp=0x80200000 f=105
[BLACKSCREEN][INTERP] enter start=0x80019844 instr0=0x27BDFFD0 a0=0x00000000 ra=0x80010EA4 sp=0x80200000 f=106
[BLACKSCREEN][INTERP-RA] pre-save pc=0x80019890 sp=0x801FFFD0 ra=0x80010EA4 slot_before=0x80010EA4 f=106
[BLACKSCREEN][INTERP-RA] pre-restore pc=0x8001995C sp=0x801FFFD0 ra=0x8001991C slot_now=0x80010EA4 f=106
[BLACKSCREEN][INTERP] start=0x80019844 end=0x80019980 steps=126 reason=jr_ra target=0x80010EA4 ra=0x80010EA4 sp=0x80200000 f=106
[BLACKSCREEN][INTERP] enter start=0x80019844 instr0=0x27BDFFD0 a0=0x00000000 ra=0x80010EA4 sp=0x80200000 f=107
[BLACKSCREEN][INTERP-RA] pre-save pc=0x80019890 sp=0x801FFFD0 ra=0x80010EA4 slot_before=0x80010EA4 f=107
[BLACKSCREEN][INTERP-RA] pre-restore pc=0x8001995C sp=0x801FFFD0 ra=0x8001991C slot_now=0x80010EA4 f=107
[BLACKSCREEN][INTERP] start=0x80019844 end=0x80019980 steps=126 reason=jr_ra target=0x80010EA4 ra=0x80010EA4 sp=0x80200000 f=107
[BLACKSCREEN][INTERP] enter start=0x80019844 instr0=0x27BDFFD0 a0=0x00000000 ra=0x80010EA4 sp=0x80200000 f=108
[BLACKSCREEN][INTERP-RA] pre-save pc=0x80019890 sp=0x801FFFD0 ra=0x80010EA4 slot_before=0x80010EA4 f=108
[BLACKSCREEN][INTERP-RA] pre-restore pc=0x8001995C sp=0x801FFFD0 ra=0x8001991C slot_now=0x80010EA4 f=108
[BLACKSCREEN][INTERP] start=0x80019844 end=0x80019980 steps=126 reason=jr_ra target=0x80010EA4 ra=0x80010EA4 sp=0x80200000 f=108
[BLACKSCREEN][INTERP] enter start=0x80019844 instr0=0x27BDFFD0 a0=0x00000000 ra=0x80010EA4 sp=0x80200000 f=109
[BLACKSCREEN][INTERP-RA] pre-save pc=0x80019890 sp=0x801FFFD0 ra=0x80010EA4 slot_before=0x80010EA4 f=109
[BLACKSCREEN][INTERP-RA] pre-restore pc=0x8001995C sp=0x801FFFD0 ra=0x8001991C slot_now=0x80010EA4 f=109
[BLACKSCREEN][INTERP] start=0x80019844 end=0x80019980 steps=126 reason=jr_ra target=0x80010EA4 ra=0x80010EA4 sp=0x80200000 f=109
[BLACKSCREEN][INTERP] enter start=0x80019844 instr0=0x27BDFFD0 a0=0x00000000 ra=0x80010EA4 sp=0x80200000 f=110
[BLACKSCREEN][INTERP-RA] pre-save pc=0x80019890 sp=0x801FFFD0 ra=0x80010EA4 slot_before=0x80010EA4 f=110
[BLACKSCREEN][INTERP-RA] pre-restore pc=0x8001995C sp=0x801FFFD0 ra=0x8001991C slot_now=0x80010EA4 f=110
[BLACKSCREEN][INTERP] start=0x80019844 end=0x80019980 steps=126 reason=jr_ra target=0x80010EA4 ra=0x80010EA4 sp=0x80200000 f=110
[BLACKSCREEN][INTERP] enter start=0x80019844 instr0=0x27BDFFD0 a0=0x00000000 ra=0x80010EA4 sp=0x80200000 f=111
[BLACKSCREEN][INTERP-RA] pre-save pc=0x80019890 sp=0x801FFFD0 ra=0x80010EA4 slot_before=0x80010EA4 f=111
[BLACKSCREEN][INTERP-RA] pre-restore pc=0x8001995C sp=0x801FFFD0 ra=0x8001991C slot_now=0x80010EA4 f=111
[BLACKSCREEN][INTERP] start=0x80019844 end=0x80019980 steps=126 reason=jr_ra target=0x80010EA4 ra=0x80010EA4 sp=0x80200000 f=111
[BLACKSCREEN][INTERP] enter start=0x80019844 instr0=0x27BDFFD0 a0=0x00000000 ra=0x80010EA4 sp=0x80200000 f=112
[BLACKSCREEN][INTERP-RA] pre-save pc=0x80019890 sp=0x801FFFD0 ra=0x80010EA4 slot_before=0x80010EA4 f=112
[BLACKSCREEN][INTERP-RA] pre-restore pc=0x8001995C sp=0x801FFFD0 ra=0x8001991C slot_now=0x80010EA4 f=112
[BLACKSCREEN][INTERP] start=0x80019844 end=0x80019980 steps=126 reason=jr_ra target=0x80010EA4 ra=0x80010EA4 sp=0x80200000 f=112
[BLACKSCREEN][INTERP] enter start=0x80019844 instr0=0x27BDFFD0 a0=0x00000000 ra=0x80010EA4 sp=0x80200000 f=113
[BLACKSCREEN][INTERP-RA] pre-save pc=0x80019890 sp=0x801FFFD0 ra=0x80010EA4 slot_before=0x80010EA4 f=113
[BLACKSCREEN][INTERP-RA] pre-restore pc=0x8001995C sp=0x801FFFD0 ra=0x8001991C slot_now=0x80010EA4 f=113
[BLACKSCREEN][INTERP] start=0x80019844 end=0x80019980 steps=126 reason=jr_ra target=0x80010EA4 ra=0x80010EA4 sp=0x80200000 f=113
[BLACKSCREEN][INTERP] enter start=0x80019844 instr0=0x27BDFFD0 a0=0x00000000 ra=0x80010EA4 sp=0x80200000 f=114
[BLACKSCREEN][INTERP-RA] pre-save pc=0x80019890 sp=0x801FFFD0 ra=0x80010EA4 slot_before=0x80010EA4 f=114
[BLACKSCREEN][INTERP-RA] pre-restore pc=0x8001995C sp=0x801FFFD0 ra=0x8001991C slot_now=0x80010EA4 f=114
[BLACKSCREEN][INTERP] start=0x80019844 end=0x80019980 steps=126 reason=jr_ra target=0x80010EA4 ra=0x80010EA4 sp=0x80200000 f=114
[BLACKSCREEN][INTERP] enter start=0x80019844 instr0=0x27BDFFD0 a0=0x00000000 ra=0x80010EA4 sp=0x80200000 f=115
[BLACKSCREEN][INTERP-RA] pre-save pc=0x80019890 sp=0x801FFFD0 ra=0x80010EA4 slot_before=0x80010EA4 f=115
[BLACKSCREEN][INTERP-RA] pre-restore pc=0x8001995C sp=0x801FFFD0 ra=0x8001991C slot_now=0x80010EA4 f=115
[BLACKSCREEN][INTERP] start=0x80019844 end=0x80019980 steps=126 reason=jr_ra target=0x80010EA4 ra=0x80010EA4 sp=0x80200000 f=115
[BLACKSCREEN][INTERP] enter start=0x80019844 instr0=0x27BDFFD0 a0=0x00000000 ra=0x80010EA4 sp=0x80200000 f=116
[BLACKSCREEN][INTERP-RA] pre-save pc=0x80019890 sp=0x801FFFD0 ra=0x80010EA4 slot_before=0x80010EA4 f=116
[BLACKSCREEN][INTERP-RA] pre-restore pc=0x8001995C sp=0x801FFFD0 ra=0x8001991C slot_now=0x80010EA4 f=116
[BLACKSCREEN][INTERP] start=0x80019844 end=0x80019980 steps=126 reason=jr_ra target=0x80010EA4 ra=0x80010EA4 sp=0x80200000 f=116
[BLACKSCREEN][INTERP] enter start=0x80019844 instr0=0x27BDFFD0 a0=0x00000000 ra=0x80010EA4 sp=0x80200000 f=117
[BLACKSCREEN][INTERP-RA] pre-save pc=0x80019890 sp=0x801FFFD0 ra=0x80010EA4 slot_before=0x80010EA4 f=117
[BLACKSCREEN][INTERP-RA] pre-restore pc=0x8001995C sp=0x801FFFD0 ra=0x8001991C slot_now=0x80010EA4 f=117
[BLACKSCREEN][INTERP] start=0x80019844 end=0x80019980 steps=126 reason=jr_ra target=0x80010EA4 ra=0x80010EA4 sp=0x80200000 f=117
[BLACKSCREEN][INTERP] enter start=0x80019844 instr0=0x27BDFFD0 a0=0x00000000 ra=0x80010EA4 sp=0x80200000 f=118
[BLACKSCREEN][INTERP-RA] pre-save pc=0x80019890 sp=0x801FFFD0 ra=0x80010EA4 slot_before=0x80010EA4 f=118
[BLACKSCREEN][INTERP-RA] pre-restore pc=0x8001995C sp=0x801FFFD0 ra=0x8001991C slot_now=0x80010EA4 f=118
[BLACKSCREEN][INTERP] start=0x80019844 end=0x80019980 steps=126 reason=jr_ra target=0x80010EA4 ra=0x80010EA4 sp=0x80200000 f=118
[BLACKSCREEN][INTERP] enter start=0x80019844 instr0=0x27BDFFD0 a0=0x00000000 ra=0x80010EA4 sp=0x80200000 f=119
[BLACKSCREEN][INTERP-RA] pre-save pc=0x80019890 sp=0x801FFFD0 ra=0x80010EA4 slot_before=0x80010EA4 f=119
[BLACKSCREEN][INTERP-RA] pre-restore pc=0x8001995C sp=0x801FFFD0 ra=0x8001991C slot_now=0x80010EA4 f=119
[BLACKSCREEN][INTERP] start=0x80019844 end=0x80019980 steps=126 reason=jr_ra target=0x80010EA4 ra=0x80010EA4 sp=0x80200000 f=119
[BLACKSCREEN][NO-GPU-EVENT] #120 tag=main_present f=120 ra=0x80010EA4 sp=0x80200000
[BLACKSCREEN][NO-GPU-EVENT] chain 0x8001A65C 0x8001A65C 0x8001A65C 0x8001A65C 0x8001A65C 0x8001A65C 0x8001A65C 0x8001A65C 0x80019844 0x8001A65C 0x8001A65C 0x8001A65C
[frame 120]
[BLACKSCREEN][INTERP] enter start=0x80019844 instr0=0x27BDFFD0 a0=0x00000000 ra=0x80010EA4 sp=0x80200000 f=120
[BLACKSCREEN][INTERP-RA] pre-save pc=0x80019890 sp=0x801FFFD0 ra=0x80010EA4 slot_before=0x80010EA4 f=120
[BLACKSCREEN][INTERP-RA] pre-restore pc=0x8001995C sp=0x801FFFD0 ra=0x8001991C slot_now=0x80010EA4 f=120
[BLACKSCREEN][INTERP] start=0x80019844 end=0x80019980 steps=126 reason=jr_ra target=0x80010EA4 ra=0x80010EA4 sp=0x80200000 f=120
[BLACKSCREEN][INTERP] enter start=0x80019844 instr0=0x27BDFFD0 a0=0x00000000 ra=0x80010EA4 sp=0x80200000 f=121
[BLACKSCREEN][INTERP-RA] pre-save pc=0x80019890 sp=0x801FFFD0 ra=0x80010EA4 slot_before=0x80010EA4 f=121
[BLACKSCREEN][INTERP-RA] pre-restore pc=0x8001995C sp=0x801FFFD0 ra=0x8001991C slot_now=0x80010EA4 f=121
[BLACKSCREEN][INTERP] start=0x80019844 end=0x80019980 steps=126 reason=jr_ra target=0x80010EA4 ra=0x80010EA4 sp=0x80200000 f=121
[BLACKSCREEN][INTERP] enter start=0x80019844 instr0=0x27BDFFD0 a0=0x00000000 ra=0x80010EA4 sp=0x80200000 f=122
[BLACKSCREEN][INTERP-RA] pre-save pc=0x80019890 sp=0x801FFFD0 ra=0x80010EA4 slot_before=0x80010EA4 f=122
[BLACKSCREEN][INTERP-RA] pre-restore pc=0x8001995C sp=0x801FFFD0 ra=0x8001991C slot_now=0x80010EA4 f=122
[BLACKSCREEN][INTERP] start=0x80019844 end=0x80019980 steps=126 reason=jr_ra target=0x80010EA4 ra=0x80010EA4 sp=0x80200000 f=122
[BLACKSCREEN][INTERP] enter start=0x80019844 instr0=0x27BDFFD0 a0=0x00000000 ra=0x80010EA4 sp=0x80200000 f=123
[BLACKSCREEN][INTERP-RA] pre-save pc=0x80019890 sp=0x801FFFD0 ra=0x80010EA4 slot_before=0x80010EA4 f=123
[BLACKSCREEN][INTERP-RA] pre-restore pc=0x8001995C sp=0x801FFFD0 ra=0x8001991C slot_now=0x80010EA4 f=123
[BLACKSCREEN][INTERP] start=0x80019844 end=0x80019980 steps=126 reason=jr_ra target=0x80010EA4 ra=0x80010EA4 sp=0x80200000 f=123
[BLACKSCREEN][INTERP] enter start=0x80019844 instr0=0x27BDFFD0 a0=0x00000000 ra=0x80010EA4 sp=0x80200000 f=124
[BLACKSCREEN][INTERP-RA] pre-save pc=0x80019890 sp=0x801FFFD0 ra=0x80010EA4 slot_before=0x80010EA4 f=124
[BLACKSCREEN][INTERP-RA] pre-restore pc=0x8001995C sp=0x801FFFD0 ra=0x8001991C slot_now=0x80010EA4 f=124
[BLACKSCREEN][INTERP] start=0x80019844 end=0x80019980 steps=126 reason=jr_ra target=0x80010EA4 ra=0x80010EA4 sp=0x80200000 f=124
[BLACKSCREEN][INTERP] enter start=0x80019844 instr0=0x27BDFFD0 a0=0x00000000 ra=0x80010EA4 sp=0x80200000 f=125
[BLACKSCREEN][INTERP-RA] pre-save pc=0x80019890 sp=0x801FFFD0 ra=0x80010EA4 slot_before=0x80010EA4 f=125
[BLACKSCREEN][INTERP-RA] pre-restore pc=0x8001995C sp=0x801FFFD0 ra=0x8001991C slot_now=0x80010EA4 f=125
[BLACKSCREEN][INTERP] start=0x80019844 end=0x80019980 steps=126 reason=jr_ra target=0x80010EA4 ra=0x80010EA4 sp=0x80200000 f=125
[BLACKSCREEN][INTERP] enter start=0x80019844 instr0=0x27BDFFD0 a0=0x00000000 ra=0x80010EA4 sp=0x80200000 f=126
[BLACKSCREEN][INTERP-RA] pre-save pc=0x80019890 sp=0x801FFFD0 ra=0x80010EA4 slot_before=0x80010EA4 f=126
[BLACKSCREEN][INTERP-RA] pre-restore pc=0x8001995C sp=0x801FFFD0 ra=0x8001991C slot_now=0x80010EA4 f=126
[BLACKSCREEN][INTERP] start=0x80019844 end=0x80019980 steps=126 reason=jr_ra target=0x80010EA4 ra=0x80010EA4 sp=0x80200000 f=126
[BLACKSCREEN][INTERP] enter start=0x80019844 instr0=0x27BDFFD0 a0=0x00000000 ra=0x80010EA4 sp=0x80200000 f=127
[BLACKSCREEN][INTERP-RA] pre-save pc=0x80019890 sp=0x801FFFD0 ra=0x80010EA4 slot_before=0x80010EA4 f=127
[BLACKSCREEN][INTERP-RA] pre-restore pc=0x8001995C sp=0x801FFFD0 ra=0x8001991C slot_now=0x80010EA4 f=127
[BLACKSCREEN][INTERP] start=0x80019844 end=0x80019980 steps=126 reason=jr_ra target=0x80010EA4 ra=0x80010EA4 sp=0x80200000 f=127
[BLACKSCREEN][INTERP] enter start=0x80019844 instr0=0x27BDFFD0 a0=0x00000000 ra=0x80010EA4 sp=0x80200000 f=128
[BLACKSCREEN][INTERP-RA] pre-save pc=0x80019890 sp=0x801FFFD0 ra=0x80010EA4 slot_before=0x80010EA4 f=128
[BLACKSCREEN][INTERP-RA] pre-restore pc=0x8001995C sp=0x801FFFD0 ra=0x8001991C slot_now=0x80010EA4 f=128
[BLACKSCREEN][INTERP] start=0x80019844 end=0x80019980 steps=126 reason=jr_ra target=0x80010EA4 ra=0x80010EA4 sp=0x80200000 f=128
[BLACKSCREEN][INTERP] enter start=0x80019844 instr0=0x27BDFFD0 a0=0x00000000 ra=0x80010EA4 sp=0x80200000 f=129
[BLACKSCREEN][INTERP-RA] pre-save pc=0x80019890 sp=0x801FFFD0 ra=0x80010EA4 slot_before=0x80010EA4 f=129
[BLACKSCREEN][INTERP-RA] pre-restore pc=0x8001995C sp=0x801FFFD0 ra=0x8001991C slot_now=0x80010EA4 f=129
[BLACKSCREEN][INTERP] start=0x80019844 end=0x80019980 steps=126 reason=jr_ra target=0x80010EA4 ra=0x80010EA4 sp=0x80200000 f=129
[BLACKSCREEN][INTERP] enter start=0x80019844 instr0=0x27BDFFD0 a0=0x00000000 ra=0x80010EA4 sp=0x80200000 f=130
[BLACKSCREEN][INTERP-RA] pre-save pc=0x80019890 sp=0x801FFFD0 ra=0x80010EA4 slot_before=0x80010EA4 f=130
[BLACKSCREEN][INTERP-RA] pre-restore pc=0x8001995C sp=0x801FFFD0 ra=0x8001991C slot_now=0x80010EA4 f=130
[BLACKSCREEN][INTERP] start=0x80019844 end=0x80019980 steps=126 reason=jr_ra target=0x80010EA4 ra=0x80010EA4 sp=0x80200000 f=130
[BLACKSCREEN][INTERP] enter start=0x80019844 instr0=0x27BDFFD0 a0=0x00000000 ra=0x80010EA4 sp=0x80200000 f=131
[BLACKSCREEN][INTERP-RA] pre-save pc=0x80019890 sp=0x801FFFD0 ra=0x80010EA4 slot_before=0x80010EA4 f=131
[BLACKSCREEN][INTERP-RA] pre-restore pc=0x8001995C sp=0x801FFFD0 ra=0x8001991C slot_now=0x80010EA4 f=131
[BLACKSCREEN][INTERP] start=0x80019844 end=0x80019980 steps=126 reason=jr_ra target=0x80010EA4 ra=0x80010EA4 sp=0x80200000 f=131
[BLACKSCREEN][INTERP] enter start=0x80019844 instr0=0x27BDFFD0 a0=0x00000000 ra=0x80010EA4 sp=0x80200000 f=132
[BLACKSCREEN][INTERP-RA] pre-save pc=0x80019890 sp=0x801FFFD0 ra=0x80010EA4 slot_before=0x80010EA4 f=132
[BLACKSCREEN][INTERP-RA] pre-restore pc=0x8001995C sp=0x801FFFD0 ra=0x8001991C slot_now=0x80010EA4 f=132
[BLACKSCREEN][INTERP] start=0x80019844 end=0x80019980 steps=126 reason=jr_ra target=0x80010EA4 ra=0x80010EA4 sp=0x80200000 f=132
[BLACKSCREEN][INTERP] enter start=0x80019844 instr0=0x27BDFFD0 a0=0x00000000 ra=0x80010EA4 sp=0x80200000 f=133
[BLACKSCREEN][INTERP-RA] pre-save pc=0x80019890 sp=0x801FFFD0 ra=0x80010EA4 slot_before=0x80010EA4 f=133
[BLACKSCREEN][INTERP-RA] pre-restore pc=0x8001995C sp=0x801FFFD0 ra=0x8001991C slot_now=0x80010EA4 f=133
[BLACKSCREEN][INTERP] start=0x80019844 end=0x80019980 steps=126 reason=jr_ra target=0x80010EA4 ra=0x80010EA4 sp=0x80200000 f=133
[BLACKSCREEN][INTERP] enter start=0x80019844 instr0=0x27BDFFD0 a0=0x00000000 ra=0x80010EA4 sp=0x80200000 f=134
[BLACKSCREEN][INTERP-RA] pre-save pc=0x80019890 sp=0x801FFFD0 ra=0x80010EA4 slot_before=0x80010EA4 f=134
[BLACKSCREEN][INTERP-RA] pre-restore pc=0x8001995C sp=0x801FFFD0 ra=0x8001991C slot_now=0x80010EA4 f=134
[BLACKSCREEN][INTERP] start=0x80019844 end=0x80019980 steps=126 reason=jr_ra target=0x80010EA4 ra=0x80010EA4 sp=0x80200000 f=134
[BLACKSCREEN][INTERP] enter start=0x80019844 instr0=0x27BDFFD0 a0=0x00000000 ra=0x80010EA4 sp=0x80200000 f=135
[BLACKSCREEN][INTERP-RA] pre-save pc=0x80019890 sp=0x801FFFD0 ra=0x80010EA4 slot_before=0x80010EA4 f=135
[BLACKSCREEN][INTERP-RA] pre-restore pc=0x8001995C sp=0x801FFFD0 ra=0x8001991C slot_now=0x80010EA4 f=135
[BLACKSCREEN][INTERP] start=0x80019844 end=0x80019980 steps=126 reason=jr_ra target=0x80010EA4 ra=0x80010EA4 sp=0x80200000 f=135
[BLACKSCREEN][INTERP] enter start=0x80019844 instr0=0x27BDFFD0 a0=0x00000000 ra=0x80010EA4 sp=0x80200000 f=136
[BLACKSCREEN][INTERP-RA] pre-save pc=0x80019890 sp=0x801FFFD0 ra=0x80010EA4 slot_before=0x80010EA4 f=136
[BLACKSCREEN][INTERP-RA] pre-restore pc=0x8001995C sp=0x801FFFD0 ra=0x8001991C slot_now=0x80010EA4 f=136
[BLACKSCREEN][INTERP] start=0x80019844 end=0x80019980 steps=126 reason=jr_ra target=0x80010EA4 ra=0x80010EA4 sp=0x80200000 f=136
[BLACKSCREEN][INTERP] enter start=0x80019844 instr0=0x27BDFFD0 a0=0x00000000 ra=0x80010EA4 sp=0x80200000 f=137
[BLACKSCREEN][INTERP-RA] pre-save pc=0x80019890 sp=0x801FFFD0 ra=0x80010EA4 slot_before=0x80010EA4 f=137
[BLACKSCREEN][INTERP-RA] pre-restore pc=0x8001995C sp=0x801FFFD0 ra=0x8001991C slot_now=0x80010EA4 f=137
[BLACKSCREEN][INTERP] start=0x80019844 end=0x80019980 steps=126 reason=jr_ra target=0x80010EA4 ra=0x80010EA4 sp=0x80200000 f=137
[BLACKSCREEN][INTERP] enter start=0x80019844 instr0=0x27BDFFD0 a0=0x00000000 ra=0x80010EA4 sp=0x80200000 f=138
[BLACKSCREEN][INTERP-RA] pre-save pc=0x80019890 sp=0x801FFFD0 ra=0x80010EA4 slot_before=0x80010EA4 f=138
[BLACKSCREEN][INTERP-RA] pre-restore pc=0x8001995C sp=0x801FFFD0 ra=0x8001991C slot_now=0x80010EA4 f=138
[BLACKSCREEN][INTERP] start=0x80019844 end=0x80019980 steps=126 reason=jr_ra target=0x80010EA4 ra=0x80010EA4 sp=0x80200000 f=138
[BLACKSCREEN][INTERP] enter start=0x80019844 instr0=0x27BDFFD0 a0=0x00000000 ra=0x80010EA4 sp=0x80200000 f=139
[BLACKSCREEN][INTERP-RA] pre-save pc=0x80019890 sp=0x801FFFD0 ra=0x80010EA4 slot_before=0x80010EA4 f=139
[BLACKSCREEN][INTERP-RA] pre-restore pc=0x8001995C sp=0x801FFFD0 ra=0x8001991C slot_now=0x80010EA4 f=139
[BLACKSCREEN][INTERP] start=0x80019844 end=0x80019980 steps=126 reason=jr_ra target=0x80010EA4 ra=0x80010EA4 sp=0x80200000 f=139
[BLACKSCREEN][INTERP] enter start=0x80019844 instr0=0x27BDFFD0 a0=0x00000000 ra=0x80010EA4 sp=0x80200000 f=140
[BLACKSCREEN][INTERP-RA] pre-save pc=0x80019890 sp=0x801FFFD0 ra=0x80010EA4 slot_before=0x80010EA4 f=140
[BLACKSCREEN][INTERP-RA] pre-restore pc=0x8001995C sp=0x801FFFD0 ra=0x8001991C slot_now=0x80010EA4 f=140
[BLACKSCREEN][INTERP] start=0x80019844 end=0x80019980 steps=126 reason=jr_ra target=0x80010EA4 ra=0x80010EA4 sp=0x80200000 f=140
[BLACKSCREEN][INTERP] enter start=0x80019844 instr0=0x27BDFFD0 a0=0x00000000 ra=0x80010EA4 sp=0x80200000 f=141
[BLACKSCREEN][INTERP-RA] pre-save pc=0x80019890 sp=0x801FFFD0 ra=0x80010EA4 slot_before=0x80010EA4 f=141
[BLACKSCREEN][INTERP-RA] pre-restore pc=0x8001995C sp=0x801FFFD0 ra=0x8001991C slot_now=0x80010EA4 f=141
[BLACKSCREEN][INTERP] start=0x80019844 end=0x80019980 steps=126 reason=jr_ra target=0x80010EA4 ra=0x80010EA4 sp=0x80200000 f=141
[BLACKSCREEN][INTERP] enter start=0x80019844 instr0=0x27BDFFD0 a0=0x00000000 ra=0x80010EA4 sp=0x80200000 f=142
[BLACKSCREEN][INTERP-RA] pre-save pc=0x80019890 sp=0x801FFFD0 ra=0x80010EA4 slot_before=0x80010EA4 f=142
[BLACKSCREEN][INTERP-RA] pre-restore pc=0x8001995C sp=0x801FFFD0 ra=0x8001991C slot_now=0x80010EA4 f=142
[BLACKSCREEN][INTERP] start=0x80019844 end=0x80019980 steps=126 reason=jr_ra target=0x80010EA4 ra=0x80010EA4 sp=0x80200000 f=142
[BLACKSCREEN][INTERP] enter start=0x80019844 instr0=0x27BDFFD0 a0=0x00000000 ra=0x80010EA4 sp=0x80200000 f=143
[BLACKSCREEN][INTERP-RA] pre-save pc=0x80019890 sp=0x801FFFD0 ra=0x80010EA4 slot_before=0x80010EA4 f=143
[BLACKSCREEN][INTERP-RA] pre-restore pc=0x8001995C sp=0x801FFFD0 ra=0x8001991C slot_now=0x80010EA4 f=143
[BLACKSCREEN][INTERP] start=0x80019844 end=0x80019980 steps=126 reason=jr_ra target=0x80010EA4 ra=0x80010EA4 sp=0x80200000 f=143
[BLACKSCREEN][INTERP] enter start=0x80019844 instr0=0x27BDFFD0 a0=0x00000000 ra=0x80010EA4 sp=0x80200000 f=144
[BLACKSCREEN][INTERP-RA] pre-save pc=0x80019890 sp=0x801FFFD0 ra=0x80010EA4 slot_before=0x80010EA4 f=144
[BLACKSCREEN][INTERP-RA] pre-restore pc=0x8001995C sp=0x801FFFD0 ra=0x8001991C slot_now=0x80010EA4 f=144
[BLACKSCREEN][INTERP] start=0x80019844 end=0x80019980 steps=126 reason=jr_ra target=0x80010EA4 ra=0x80010EA4 sp=0x80200000 f=144
[BLACKSCREEN][INTERP] enter start=0x80019844 instr0=0x27BDFFD0 a0=0x00000000 ra=0x80010EA4 sp=0x80200000 f=145
[BLACKSCREEN][INTERP-RA] pre-save pc=0x80019890 sp=0x801FFFD0 ra=0x80010EA4 slot_before=0x80010EA4 f=145
[BLACKSCREEN][INTERP-RA] pre-restore pc=0x8001995C sp=0x801FFFD0 ra=0x8001991C slot_now=0x80010EA4 f=145
[BLACKSCREEN][INTERP] start=0x80019844 end=0x80019980 steps=126 reason=jr_ra target=0x80010EA4 ra=0x80010EA4 sp=0x80200000 f=145
[BLACKSCREEN][INTERP] enter start=0x80019844 instr0=0x27BDFFD0 a0=0x00000000 ra=0x80010EA4 sp=0x80200000 f=146
[BLACKSCREEN][INTERP-RA] pre-save pc=0x80019890 sp=0x801FFFD0 ra=0x80010EA4 slot_before=0x80010EA4 f=146
[BLACKSCREEN][INTERP-RA] pre-restore pc=0x8001995C sp=0x801FFFD0 ra=0x8001991C slot_now=0x80010EA4 f=146
[BLACKSCREEN][INTERP] start=0x80019844 end=0x80019980 steps=126 reason=jr_ra target=0x80010EA4 ra=0x80010EA4 sp=0x80200000 f=146
[BLACKSCREEN][INTERP] enter start=0x80019844 instr0=0x27BDFFD0 a0=0x00000000 ra=0x80010EA4 sp=0x80200000 f=147
[BLACKSCREEN][INTERP-RA] pre-save pc=0x80019890 sp=0x801FFFD0 ra=0x80010EA4 slot_before=0x80010EA4 f=147
[BLACKSCREEN][INTERP-RA] pre-restore pc=0x8001995C sp=0x801FFFD0 ra=0x8001991C slot_now=0x80010EA4 f=147
[BLACKSCREEN][INTERP] start=0x80019844 end=0x80019980 steps=126 reason=jr_ra target=0x80010EA4 ra=0x80010EA4 sp=0x80200000 f=147
[BLACKSCREEN][INTERP] enter start=0x80019844 instr0=0x27BDFFD0 a0=0x00000000 ra=0x80010EA4 sp=0x80200000 f=148
[BLACKSCREEN][INTERP-RA] pre-save pc=0x80019890 sp=0x801FFFD0 ra=0x80010EA4 slot_before=0x80010EA4 f=148
[BLACKSCREEN][INTERP-RA] pre-restore pc=0x8001995C sp=0x801FFFD0 ra=0x8001991C slot_now=0x80010EA4 f=148
[BLACKSCREEN][INTERP] start=0x80019844 end=0x80019980 steps=126 reason=jr_ra target=0x80010EA4 ra=0x80010EA4 sp=0x80200000 f=148
[BLACKSCREEN][INTERP] enter start=0x80019844 instr0=0x27BDFFD0 a0=0x00000000 ra=0x80010EA4 sp=0x80200000 f=149
[BLACKSCREEN][INTERP-RA] pre-save pc=0x80019890 sp=0x801FFFD0 ra=0x80010EA4 slot_before=0x80010EA4 f=149
[BLACKSCREEN][INTERP-RA] pre-restore pc=0x8001995C sp=0x801FFFD0 ra=0x8001991C slot_now=0x80010EA4 f=149
[BLACKSCREEN][INTERP] start=0x80019844 end=0x80019980 steps=126 reason=jr_ra target=0x80010EA4 ra=0x80010EA4 sp=0x80200000 f=149
[BLACKSCREEN][INTERP] enter start=0x80019844 instr0=0x27BDFFD0 a0=0x00000000 ra=0x80010EA4 sp=0x80200000 f=150
[BLACKSCREEN][INTERP-RA] pre-save pc=0x80019890 sp=0x801FFFD0 ra=0x80010EA4 slot_before=0x80010EA4 f=150
[BLACKSCREEN][INTERP-RA] pre-restore pc=0x8001995C sp=0x801FFFD0 ra=0x8001991C slot_now=0x80010EA4 f=150
[BLACKSCREEN][INTERP] start=0x80019844 end=0x80019980 steps=126 reason=jr_ra target=0x80010EA4 ra=0x80010EA4 sp=0x80200000 f=150
[BLACKSCREEN][INTERP] enter start=0x80019844 instr0=0x27BDFFD0 a0=0x00000000 ra=0x80010EA4 sp=0x80200000 f=151
[BLACKSCREEN][INTERP-RA] pre-save pc=0x80019890 sp=0x801FFFD0 ra=0x80010EA4 slot_before=0x80010EA4 f=151
[BLACKSCREEN][INTERP-RA] pre-restore pc=0x8001995C sp=0x801FFFD0 ra=0x8001991C slot_now=0x80010EA4 f=151
[BLACKSCREEN][INTERP] start=0x80019844 end=0x80019980 steps=126 reason=jr_ra target=0x80010EA4 ra=0x80010EA4 sp=0x80200000 f=151
[BLACKSCREEN][INTERP] enter start=0x80019844 instr0=0x27BDFFD0 a0=0x00000000 ra=0x80010EA4 sp=0x80200000 f=152
[BLACKSCREEN][INTERP-RA] pre-save pc=0x80019890 sp=0x801FFFD0 ra=0x80010EA4 slot_before=0x80010EA4 f=152
[BLACKSCREEN][INTERP-RA] pre-restore pc=0x8001995C sp=0x801FFFD0 ra=0x8001991C slot_now=0x80010EA4 f=152
[BLACKSCREEN][INTERP] start=0x80019844 end=0x80019980 steps=126 reason=jr_ra target=0x80010EA4 ra=0x80010EA4 sp=0x80200000 f=152
[BLACKSCREEN][INTERP] enter start=0x80019844 instr0=0x27BDFFD0 a0=0x00000000 ra=0x80010EA4 sp=0x80200000 f=153
[BLACKSCREEN][INTERP-RA] pre-save pc=0x80019890 sp=0x801FFFD0 ra=0x80010EA4 slot_before=0x80010EA4 f=153
[BLACKSCREEN][INTERP-RA] pre-restore pc=0x8001995C sp=0x801FFFD0 ra=0x8001991C slot_now=0x80010EA4 f=153
[BLACKSCREEN][INTERP] start=0x80019844 end=0x80019980 steps=126 reason=jr_ra target=0x80010EA4 ra=0x80010EA4 sp=0x80200000 f=153
[BLACKSCREEN][INTERP] enter start=0x80019844 instr0=0x27BDFFD0 a0=0x00000000 ra=0x80010EA4 sp=0x80200000 f=154
[BLACKSCREEN][INTERP-RA] pre-save pc=0x80019890 sp=0x801FFFD0 ra=0x80010EA4 slot_before=0x80010EA4 f=154
[BLACKSCREEN][INTERP-RA] pre-restore pc=0x8001995C sp=0x801FFFD0 ra=0x8001991C slot_now=0x80010EA4 f=154
[BLACKSCREEN][INTERP] start=0x80019844 end=0x80019980 steps=126 reason=jr_ra target=0x80010EA4 ra=0x80010EA4 sp=0x80200000 f=154
[BLACKSCREEN][INTERP] enter start=0x80019844 instr0=0x27BDFFD0 a0=0x00000000 ra=0x80010EA4 sp=0x80200000 f=155
[BLACKSCREEN][INTERP-RA] pre-save pc=0x80019890 sp=0x801FFFD0 ra=0x80010EA4 slot_before=0x80010EA4 f=155
[BLACKSCREEN][INTERP-RA] pre-restore pc=0x8001995C sp=0x801FFFD0 ra=0x8001991C slot_now=0x80010EA4 f=155
[BLACKSCREEN][INTERP] start=0x80019844 end=0x80019980 steps=126 reason=jr_ra target=0x80010EA4 ra=0x80010EA4 sp=0x80200000 f=155
[BLACKSCREEN][INTERP] enter start=0x80019844 instr0=0x27BDFFD0 a0=0x00000000 ra=0x80010EA4 sp=0x80200000 f=156
[BLACKSCREEN][INTERP-RA] pre-save pc=0x80019890 sp=0x801FFFD0 ra=0x80010EA4 slot_before=0x80010EA4 f=156
[BLACKSCREEN][INTERP-RA] pre-restore pc=0x8001995C sp=0x801FFFD0 ra=0x8001991C slot_now=0x80010EA4 f=156
[BLACKSCREEN][INTERP] start=0x80019844 end=0x80019980 steps=126 reason=jr_ra target=0x80010EA4 ra=0x80010EA4 sp=0x80200000 f=156
[BLACKSCREEN][INTERP] enter start=0x80019844 instr0=0x27BDFFD0 a0=0x00000000 ra=0x80010EA4 sp=0x80200000 f=157
[BLACKSCREEN][INTERP-RA] pre-save pc=0x80019890 sp=0x801FFFD0 ra=0x80010EA4 slot_before=0x80010EA4 f=157
[BLACKSCREEN][INTERP-RA] pre-restore pc=0x8001995C sp=0x801FFFD0 ra=0x8001991C slot_now=0x80010EA4 f=157
[BLACKSCREEN][INTERP] start=0x80019844 end=0x80019980 steps=126 reason=jr_ra target=0x80010EA4 ra=0x80010EA4 sp=0x80200000 f=157
[BLACKSCREEN][INTERP] enter start=0x80019844 instr0=0x27BDFFD0 a0=0x00000000 ra=0x80010EA4 sp=0x80200000 f=158
[BLACKSCREEN][INTERP-RA] pre-save pc=0x80019890 sp=0x801FFFD0 ra=0x80010EA4 slot_before=0x80010EA4 f=158
[BLACKSCREEN][INTERP-RA] pre-restore pc=0x8001995C sp=0x801FFFD0 ra=0x8001991C slot_now=0x80010EA4 f=158
[BLACKSCREEN][INTERP] start=0x80019844 end=0x80019980 steps=126 reason=jr_ra target=0x80010EA4 ra=0x80010EA4 sp=0x80200000 f=158
[BLACKSCREEN][INTERP] enter start=0x80019844 instr0=0x27BDFFD0 a0=0x00000000 ra=0x80010EA4 sp=0x80200000 f=159
[BLACKSCREEN][INTERP-RA] pre-save pc=0x80019890 sp=0x801FFFD0 ra=0x80010EA4 slot_before=0x80010EA4 f=159
[BLACKSCREEN][INTERP-RA] pre-restore pc=0x8001995C sp=0x801FFFD0 ra=0x8001991C slot_now=0x80010EA4 f=159
[BLACKSCREEN][INTERP] start=0x80019844 end=0x80019980 steps=126 reason=jr_ra target=0x80010EA4 ra=0x80010EA4 sp=0x80200000 f=159
[BLACKSCREEN][INTERP] enter start=0x80019844 instr0=0x27BDFFD0 a0=0x00000000 ra=0x80010EA4 sp=0x80200000 f=160
[BLACKSCREEN][INTERP-RA] pre-save pc=0x80019890 sp=0x801FFFD0 ra=0x80010EA4 slot_before=0x80010EA4 f=160
[BLACKSCREEN][INTERP-RA] pre-restore pc=0x8001995C sp=0x801FFFD0 ra=0x8001991C slot_now=0x80010EA4 f=160
[BLACKSCREEN][INTERP] start=0x80019844 end=0x80019980 steps=126 reason=jr_ra target=0x80010EA4 ra=0x80010EA4 sp=0x80200000 f=160
[BLACKSCREEN][INTERP] enter start=0x80019844 instr0=0x27BDFFD0 a0=0x00000000 ra=0x80010EA4 sp=0x80200000 f=161
[BLACKSCREEN][INTERP-RA] pre-save pc=0x80019890 sp=0x801FFFD0 ra=0x80010EA4 slot_before=0x80010EA4 f=161
[BLACKSCREEN][INTERP-RA] pre-restore pc=0x8001995C sp=0x801FFFD0 ra=0x8001991C slot_now=0x80010EA4 f=161
[BLACKSCREEN][INTERP] start=0x80019844 end=0x80019980 steps=126 reason=jr_ra target=0x80010EA4 ra=0x80010EA4 sp=0x80200000 f=161
[BLACKSCREEN][INTERP] enter start=0x80019844 instr0=0x27BDFFD0 a0=0x00000000 ra=0x80010EA4 sp=0x80200000 f=162
[BLACKSCREEN][INTERP-RA] pre-save pc=0x80019890 sp=0x801FFFD0 ra=0x80010EA4 slot_before=0x80010EA4 f=162
[BLACKSCREEN][INTERP-RA] pre-restore pc=0x8001995C sp=0x801FFFD0 ra=0x8001991C slot_now=0x80010EA4 f=162
[BLACKSCREEN][INTERP] start=0x80019844 end=0x80019980 steps=126 reason=jr_ra target=0x80010EA4 ra=0x80010EA4 sp=0x80200000 f=162
[BLACKSCREEN][INTERP] enter start=0x80019844 instr0=0x27BDFFD0 a0=0x00000000 ra=0x80010EA4 sp=0x80200000 f=163
[BLACKSCREEN][INTERP-RA] pre-save pc=0x80019890 sp=0x801FFFD0 ra=0x80010EA4 slot_before=0x80010EA4 f=163
[BLACKSCREEN][INTERP-RA] pre-restore pc=0x8001995C sp=0x801FFFD0 ra=0x8001991C slot_now=0x80010EA4 f=163
[BLACKSCREEN][INTERP] start=0x80019844 end=0x80019980 steps=126 reason=jr_ra target=0x80010EA4 ra=0x80010EA4 sp=0x80200000 f=163
[BLACKSCREEN][INTERP] enter start=0x80019844 instr0=0x27BDFFD0 a0=0x00000000 ra=0x80010EA4 sp=0x80200000 f=164
[BLACKSCREEN][INTERP-RA] pre-save pc=0x80019890 sp=0x801FFFD0 ra=0x80010EA4 slot_before=0x80010EA4 f=164
[BLACKSCREEN][INTERP-RA] pre-restore pc=0x8001995C sp=0x801FFFD0 ra=0x8001991C slot_now=0x80010EA4 f=164
[BLACKSCREEN][INTERP] start=0x80019844 end=0x80019980 steps=126 reason=jr_ra target=0x80010EA4 ra=0x80010EA4 sp=0x80200000 f=164
[BLACKSCREEN][INTERP] enter start=0x80019844 instr0=0x27BDFFD0 a0=0x00000000 ra=0x80010EA4 sp=0x80200000 f=165
[BLACKSCREEN][INTERP-RA] pre-save pc=0x80019890 sp=0x801FFFD0 ra=0x80010EA4 slot_before=0x80010EA4 f=165
[BLACKSCREEN][INTERP-RA] pre-restore pc=0x8001995C sp=0x801FFFD0 ra=0x8001991C slot_now=0x80010EA4 f=165
[BLACKSCREEN][INTERP] start=0x80019844 end=0x80019980 steps=126 reason=jr_ra target=0x80010EA4 ra=0x80010EA4 sp=0x80200000 f=165
[BLACKSCREEN][INTERP] enter start=0x80019844 instr0=0x27BDFFD0 a0=0x00000000 ra=0x80010EA4 sp=0x80200000 f=166
[BLACKSCREEN][INTERP-RA] pre-save pc=0x80019890 sp=0x801FFFD0 ra=0x80010EA4 slot_before=0x80010EA4 f=166
[BLACKSCREEN][INTERP-RA] pre-restore pc=0x8001995C sp=0x801FFFD0 ra=0x8001991C slot_now=0x80010EA4 f=166
[BLACKSCREEN][INTERP] start=0x80019844 end=0x80019980 steps=126 reason=jr_ra target=0x80010EA4 ra=0x80010EA4 sp=0x80200000 f=166
[BLACKSCREEN][INTERP] enter start=0x80019844 instr0=0x27BDFFD0 a0=0x00000000 ra=0x80010EA4 sp=0x80200000 f=167
[BLACKSCREEN][INTERP-RA] pre-save pc=0x80019890 sp=0x801FFFD0 ra=0x80010EA4 slot_before=0x80010EA4 f=167
[BLACKSCREEN][INTERP-RA] pre-restore pc=0x8001995C sp=0x801FFFD0 ra=0x8001991C slot_now=0x80010EA4 f=167
[BLACKSCREEN][INTERP] start=0x80019844 end=0x80019980 steps=126 reason=jr_ra target=0x80010EA4 ra=0x80010EA4 sp=0x80200000 f=167
[BLACKSCREEN][INTERP] enter start=0x80019844 instr0=0x27BDFFD0 a0=0x00000000 ra=0x80010EA4 sp=0x80200000 f=168
[BLACKSCREEN][INTERP-RA] pre-save pc=0x80019890 sp=0x801FFFD0 ra=0x80010EA4 slot_before=0x80010EA4 f=168
[BLACKSCREEN][INTERP-RA] pre-restore pc=0x8001995C sp=0x801FFFD0 ra=0x8001991C slot_now=0x80010EA4 f=168
[BLACKSCREEN][INTERP] start=0x80019844 end=0x80019980 steps=126 reason=jr_ra target=0x80010EA4 ra=0x80010EA4 sp=0x80200000 f=168
[BLACKSCREEN][INTERP] enter start=0x80019844 instr0=0x27BDFFD0 a0=0x00000000 ra=0x80010EA4 sp=0x80200000 f=169
[BLACKSCREEN][INTERP-RA] pre-save pc=0x80019890 sp=0x801FFFD0 ra=0x80010EA4 slot_before=0x80010EA4 f=169
[BLACKSCREEN][INTERP-RA] pre-restore pc=0x8001995C sp=0x801FFFD0 ra=0x8001991C slot_now=0x80010EA4 f=169
[BLACKSCREEN][INTERP] start=0x80019844 end=0x80019980 steps=126 reason=jr_ra target=0x80010EA4 ra=0x80010EA4 sp=0x80200000 f=169
[BLACKSCREEN][INTERP] enter start=0x80019844 instr0=0x27BDFFD0 a0=0x00000000 ra=0x80010EA4 sp=0x80200000 f=170
[BLACKSCREEN][INTERP-RA] pre-save pc=0x80019890 sp=0x801FFFD0 ra=0x80010EA4 slot_before=0x80010EA4 f=170
[BLACKSCREEN][INTERP-RA] pre-restore pc=0x8001995C sp=0x801FFFD0 ra=0x8001991C slot_now=0x80010EA4 f=170
[BLACKSCREEN][INTERP] start=0x80019844 end=0x80019980 steps=126 reason=jr_ra target=0x80010EA4 ra=0x80010EA4 sp=0x80200000 f=170
[BLACKSCREEN][INTERP] enter start=0x80019844 instr0=0x27BDFFD0 a0=0x00000000 ra=0x80010EA4 sp=0x80200000 f=171
[BLACKSCREEN][INTERP-RA] pre-save pc=0x80019890 sp=0x801FFFD0 ra=0x80010EA4 slot_before=0x80010EA4 f=171
[BLACKSCREEN][INTERP-RA] pre-restore pc=0x8001995C sp=0x801FFFD0 ra=0x8001991C slot_now=0x80010EA4 f=171
[BLACKSCREEN][INTERP] start=0x80019844 end=0x80019980 steps=126 reason=jr_ra target=0x80010EA4 ra=0x80010EA4 sp=0x80200000 f=171
[BLACKSCREEN][INTERP] enter start=0x80019844 instr0=0x27BDFFD0 a0=0x00000000 ra=0x80010EA4 sp=0x80200000 f=172
[BLACKSCREEN][INTERP-RA] pre-save pc=0x80019890 sp=0x801FFFD0 ra=0x80010EA4 slot_before=0x80010EA4 f=172
[BLACKSCREEN][INTERP-RA] pre-restore pc=0x8001995C sp=0x801FFFD0 ra=0x8001991C slot_now=0x80010EA4 f=172
[BLACKSCREEN][INTERP] start=0x80019844 end=0x80019980 steps=126 reason=jr_ra target=0x80010EA4 ra=0x80010EA4 sp=0x80200000 f=172
[BLACKSCREEN][INTERP] enter start=0x80019844 instr0=0x27BDFFD0 a0=0x00000000 ra=0x80010EA4 sp=0x80200000 f=173
[BLACKSCREEN][INTERP-RA] pre-save pc=0x80019890 sp=0x801FFFD0 ra=0x80010EA4 slot_before=0x80010EA4 f=173
[BLACKSCREEN][INTERP-RA] pre-restore pc=0x8001995C sp=0x801FFFD0 ra=0x8001991C slot_now=0x80010EA4 f=173
[BLACKSCREEN][INTERP] start=0x80019844 end=0x80019980 steps=126 reason=jr_ra target=0x80010EA4 ra=0x80010EA4 sp=0x80200000 f=173
[BLACKSCREEN][INTERP] enter start=0x80019844 instr0=0x27BDFFD0 a0=0x00000000 ra=0x80010EA4 sp=0x80200000 f=174
[BLACKSCREEN][INTERP-RA] pre-save pc=0x80019890 sp=0x801FFFD0 ra=0x80010EA4 slot_before=0x80010EA4 f=174
[BLACKSCREEN][INTERP-RA] pre-restore pc=0x8001995C sp=0x801FFFD0 ra=0x8001991C slot_now=0x80010EA4 f=174
[BLACKSCREEN][INTERP] start=0x80019844 end=0x80019980 steps=126 reason=jr_ra target=0x80010EA4 ra=0x80010EA4 sp=0x80200000 f=174
[BLACKSCREEN][INTERP] enter start=0x80019844 instr0=0x27BDFFD0 a0=0x00000000 ra=0x80010EA4 sp=0x80200000 f=175
[BLACKSCREEN][INTERP-RA] pre-save pc=0x80019890 sp=0x801FFFD0 ra=0x80010EA4 slot_before=0x80010EA4 f=175
[BLACKSCREEN][INTERP-RA] pre-restore pc=0x8001995C sp=0x801FFFD0 ra=0x8001991C slot_now=0x80010EA4 f=175
[BLACKSCREEN][INTERP] start=0x80019844 end=0x80019980 steps=126 reason=jr_ra target=0x80010EA4 ra=0x80010EA4 sp=0x80200000 f=175
[BLACKSCREEN][INTERP] enter start=0x80019844 instr0=0x27BDFFD0 a0=0x00000000 ra=0x80010EA4 sp=0x80200000 f=176
[BLACKSCREEN][INTERP-RA] pre-save pc=0x80019890 sp=0x801FFFD0 ra=0x80010EA4 slot_before=0x80010EA4 f=176
[BLACKSCREEN][INTERP-RA] pre-restore pc=0x8001995C sp=0x801FFFD0 ra=0x8001991C slot_now=0x80010EA4 f=176
[BLACKSCREEN][INTERP] start=0x80019844 end=0x80019980 steps=126 reason=jr_ra target=0x80010EA4 ra=0x80010EA4 sp=0x80200000 f=176
[BLACKSCREEN][INTERP] enter start=0x80019844 instr0=0x27BDFFD0 a0=0x00000000 ra=0x80010EA4 sp=0x80200000 f=177
[BLACKSCREEN][INTERP-RA] pre-save pc=0x80019890 sp=0x801FFFD0 ra=0x80010EA4 slot_before=0x80010EA4 f=177
[BLACKSCREEN][INTERP-RA] pre-restore pc=0x8001995C sp=0x801FFFD0 ra=0x8001991C slot_now=0x80010EA4 f=177
[BLACKSCREEN][INTERP] start=0x80019844 end=0x80019980 steps=126 reason=jr_ra target=0x80010EA4 ra=0x80010EA4 sp=0x80200000 f=177
[BLACKSCREEN][INTERP] enter start=0x80019844 instr0=0x27BDFFD0 a0=0x00000000 ra=0x80010EA4 sp=0x80200000 f=178
[BLACKSCREEN][INTERP-RA] pre-save pc=0x80019890 sp=0x801FFFD0 ra=0x80010EA4 slot_before=0x80010EA4 f=178
[BLACKSCREEN][INTERP-RA] pre-restore pc=0x8001995C sp=0x801FFFD0 ra=0x8001991C slot_now=0x80010EA4 f=178
[BLACKSCREEN][INTERP] start=0x80019844 end=0x80019980 steps=126 reason=jr_ra target=0x80010EA4 ra=0x80010EA4 sp=0x80200000 f=178
[BLACKSCREEN][INTERP] enter start=0x80019844 instr0=0x27BDFFD0 a0=0x00000000 ra=0x80010EA4 sp=0x80200000 f=179
[BLACKSCREEN][INTERP-RA] pre-save pc=0x80019890 sp=0x801FFFD0 ra=0x80010EA4 slot_before=0x80010EA4 f=179
[BLACKSCREEN][INTERP-RA] pre-restore pc=0x8001995C sp=0x801FFFD0 ra=0x8001991C slot_now=0x80010EA4 f=179
[BLACKSCREEN][INTERP] start=0x80019844 end=0x80019980 steps=126 reason=jr_ra target=0x80010EA4 ra=0x80010EA4 sp=0x80200000 f=179
[frame 180]
[BLACKSCREEN][INTERP] enter start=0x80019844 instr0=0x27BDFFD0 a0=0x00000000 ra=0x80010EA4 sp=0x80200000 f=180
[BLACKSCREEN][INTERP-RA] pre-save pc=0x80019890 sp=0x801FFFD0 ra=0x80010EA4 slot_before=0x80010EA4 f=180
[BLACKSCREEN][INTERP-RA] pre-restore pc=0x8001995C sp=0x801FFFD0 ra=0x8001991C slot_now=0x80010EA4 f=180
[BLACKSCREEN][INTERP] start=0x80019844 end=0x80019980 steps=126 reason=jr_ra target=0x80010EA4 ra=0x80010EA4 sp=0x80200000 f=180
[BLACKSCREEN][INTERP] enter start=0x80019844 instr0=0x27BDFFD0 a0=0x00000000 ra=0x80010EA4 sp=0x80200000 f=181
[BLACKSCREEN][INTERP-RA] pre-save pc=0x80019890 sp=0x801FFFD0 ra=0x80010EA4 slot_before=0x80010EA4 f=181
[BLACKSCREEN][INTERP-RA] pre-restore pc=0x8001995C sp=0x801FFFD0 ra=0x8001991C slot_now=0x80010EA4 f=181
[BLACKSCREEN][INTERP] start=0x80019844 end=0x80019980 steps=126 reason=jr_ra target=0x80010EA4 ra=0x80010EA4 sp=0x80200000 f=181
[BLACKSCREEN][INTERP] enter start=0x80019844 instr0=0x27BDFFD0 a0=0x00000000 ra=0x80010EA4 sp=0x80200000 f=182
[BLACKSCREEN][INTERP-RA] pre-save pc=0x80019890 sp=0x801FFFD0 ra=0x80010EA4 slot_before=0x80010EA4 f=182
[BLACKSCREEN][INTERP-RA] pre-restore pc=0x8001995C sp=0x801FFFD0 ra=0x8001991C slot_now=0x80010EA4 f=182
[BLACKSCREEN][INTERP] start=0x80019844 end=0x80019980 steps=126 reason=jr_ra target=0x80010EA4 ra=0x80010EA4 sp=0x80200000 f=182
[BLACKSCREEN][INTERP] enter start=0x80019844 instr0=0x27BDFFD0 a0=0x00000000 ra=0x80010EA4 sp=0x80200000 f=183
[BLACKSCREEN][INTERP-RA] pre-save pc=0x80019890 sp=0x801FFFD0 ra=0x80010EA4 slot_before=0x80010EA4 f=183
[BLACKSCREEN][INTERP-RA] pre-restore pc=0x8001995C sp=0x801FFFD0 ra=0x8001991C slot_now=0x80010EA4 f=183
[BLACKSCREEN][INTERP] start=0x80019844 end=0x80019980 steps=126 reason=jr_ra target=0x80010EA4 ra=0x80010EA4 sp=0x80200000 f=183
[BLACKSCREEN][INTERP] enter start=0x80019844 instr0=0x27BDFFD0 a0=0x00000000 ra=0x80010EA4 sp=0x80200000 f=184
[BLACKSCREEN][INTERP-RA] pre-save pc=0x80019890 sp=0x801FFFD0 ra=0x80010EA4 slot_before=0x80010EA4 f=184
[BLACKSCREEN][INTERP-RA] pre-restore pc=0x8001995C sp=0x801FFFD0 ra=0x8001991C slot_now=0x80010EA4 f=184
[BLACKSCREEN][INTERP] start=0x80019844 end=0x80019980 steps=126 reason=jr_ra target=0x80010EA4 ra=0x80010EA4 sp=0x80200000 f=184
[BLACKSCREEN][INTERP] enter start=0x80019844 instr0=0x27BDFFD0 a0=0x00000000 ra=0x80010EA4 sp=0x80200000 f=185
[BLACKSCREEN][INTERP-RA] pre-save pc=0x80019890 sp=0x801FFFD0 ra=0x80010EA4 slot_before=0x80010EA4 f=185
[BLACKSCREEN][INTERP-RA] pre-restore pc=0x8001995C sp=0x801FFFD0 ra=0x8001991C slot_now=0x80010EA4 f=185
[BLACKSCREEN][INTERP] start=0x80019844 end=0x80019980 steps=126 reason=jr_ra target=0x80010EA4 ra=0x80010EA4 sp=0x80200000 f=185
[BLACKSCREEN][INTERP] enter start=0x80019844 instr0=0x27BDFFD0 a0=0x00000000 ra=0x80010EA4 sp=0x80200000 f=186
[BLACKSCREEN][INTERP-RA] pre-save pc=0x80019890 sp=0x801FFFD0 ra=0x80010EA4 slot_before=0x80010EA4 f=186
[BLACKSCREEN][INTERP-RA] pre-restore pc=0x8001995C sp=0x801FFFD0 ra=0x8001991C slot_now=0x80010EA4 f=186
[BLACKSCREEN][INTERP] start=0x80019844 end=0x80019980 steps=126 reason=jr_ra target=0x80010EA4 ra=0x80010EA4 sp=0x80200000 f=186
[BLACKSCREEN][INTERP] enter start=0x80019844 instr0=0x27BDFFD0 a0=0x00000000 ra=0x80010EA4 sp=0x80200000 f=187
[BLACKSCREEN][INTERP-RA] pre-save pc=0x80019890 sp=0x801FFFD0 ra=0x80010EA4 slot_before=0x80010EA4 f=187
[BLACKSCREEN][INTERP-RA] pre-restore pc=0x8001995C sp=0x801FFFD0 ra=0x8001991C slot_now=0x80010EA4 f=187
[BLACKSCREEN][INTERP] start=0x80019844 end=0x80019980 steps=126 reason=jr_ra target=0x80010EA4 ra=0x80010EA4 sp=0x80200000 f=187
[BLACKSCREEN][INTERP] enter start=0x80019844 instr0=0x27BDFFD0 a0=0x00000000 ra=0x80010EA4 sp=0x80200000 f=188
[BLACKSCREEN][INTERP-RA] pre-save pc=0x80019890 sp=0x801FFFD0 ra=0x80010EA4 slot_before=0x80010EA4 f=188
[BLACKSCREEN][INTERP-RA] pre-restore pc=0x8001995C sp=0x801FFFD0 ra=0x8001991C slot_now=0x80010EA4 f=188
[BLACKSCREEN][INTERP] start=0x80019844 end=0x80019980 steps=126 reason=jr_ra target=0x80010EA4 ra=0x80010EA4 sp=0x80200000 f=188
[BLACKSCREEN][INTERP] enter start=0x80019844 instr0=0x27BDFFD0 a0=0x00000000 ra=0x80010EA4 sp=0x80200000 f=189
[BLACKSCREEN][INTERP-RA] pre-save pc=0x80019890 sp=0x801FFFD0 ra=0x80010EA4 slot_before=0x80010EA4 f=189
[BLACKSCREEN][INTERP-RA] pre-restore pc=0x8001995C sp=0x801FFFD0 ra=0x8001991C slot_now=0x80010EA4 f=189
[BLACKSCREEN][INTERP] start=0x80019844 end=0x80019980 steps=126 reason=jr_ra target=0x80010EA4 ra=0x80010EA4 sp=0x80200000 f=189
[BLACKSCREEN][INTERP] enter start=0x80019844 instr0=0x27BDFFD0 a0=0x00000000 ra=0x80010EA4 sp=0x80200000 f=190
[BLACKSCREEN][INTERP-RA] pre-save pc=0x80019890 sp=0x801FFFD0 ra=0x80010EA4 slot_before=0x80010EA4 f=190
[BLACKSCREEN][INTERP-RA] pre-restore pc=0x8001995C sp=0x801FFFD0 ra=0x8001991C slot_now=0x80010EA4 f=190
[BLACKSCREEN][INTERP] start=0x80019844 end=0x80019980 steps=126 reason=jr_ra target=0x80010EA4 ra=0x80010EA4 sp=0x80200000 f=190
[BLACKSCREEN][INTERP] enter start=0x80019844 instr0=0x27BDFFD0 a0=0x00000000 ra=0x80010EA4 sp=0x80200000 f=191
[BLACKSCREEN][INTERP-RA] pre-save pc=0x80019890 sp=0x801FFFD0 ra=0x80010EA4 slot_before=0x80010EA4 f=191
[BLACKSCREEN][INTERP-RA] pre-restore pc=0x8001995C sp=0x801FFFD0 ra=0x8001991C slot_now=0x80010EA4 f=191
[BLACKSCREEN][INTERP] start=0x80019844 end=0x80019980 steps=126 reason=jr_ra target=0x80010EA4 ra=0x80010EA4 sp=0x80200000 f=191
[BLACKSCREEN][INTERP] enter start=0x80019844 instr0=0x27BDFFD0 a0=0x00000000 ra=0x80010EA4 sp=0x80200000 f=192
[BLACKSCREEN][INTERP-RA] pre-save pc=0x80019890 sp=0x801FFFD0 ra=0x80010EA4 slot_before=0x80010EA4 f=192
[BLACKSCREEN][INTERP-RA] pre-restore pc=0x8001995C sp=0x801FFFD0 ra=0x8001991C slot_now=0x80010EA4 f=192
[BLACKSCREEN][INTERP] start=0x80019844 end=0x80019980 steps=126 reason=jr_ra target=0x80010EA4 ra=0x80010EA4 sp=0x80200000 f=192
[BLACKSCREEN][INTERP] enter start=0x80019844 instr0=0x27BDFFD0 a0=0x00000000 ra=0x80010EA4 sp=0x80200000 f=193
[BLACKSCREEN][INTERP-RA] pre-save pc=0x80019890 sp=0x801FFFD0 ra=0x80010EA4 slot_before=0x80010EA4 f=193
[BLACKSCREEN][INTERP-RA] pre-restore pc=0x8001995C sp=0x801FFFD0 ra=0x8001991C slot_now=0x80010EA4 f=193
[BLACKSCREEN][INTERP] start=0x80019844 end=0x80019980 steps=126 reason=jr_ra target=0x80010EA4 ra=0x80010EA4 sp=0x80200000 f=193
[BLACKSCREEN][INTERP] enter start=0x80019844 instr0=0x27BDFFD0 a0=0x00000000 ra=0x80010EA4 sp=0x80200000 f=194
[BLACKSCREEN][INTERP-RA] pre-save pc=0x80019890 sp=0x801FFFD0 ra=0x80010EA4 slot_before=0x80010EA4 f=194
[BLACKSCREEN][INTERP-RA] pre-restore pc=0x8001995C sp=0x801FFFD0 ra=0x8001991C slot_now=0x80010EA4 f=194
[BLACKSCREEN][INTERP] start=0x80019844 end=0x80019980 steps=126 reason=jr_ra target=0x80010EA4 ra=0x80010EA4 sp=0x80200000 f=194
[BLACKSCREEN][INTERP] enter start=0x80019844 instr0=0x27BDFFD0 a0=0x00000000 ra=0x80010EA4 sp=0x80200000 f=195
[BLACKSCREEN][INTERP-RA] pre-save pc=0x80019890 sp=0x801FFFD0 ra=0x80010EA4 slot_before=0x80010EA4 f=195
[BLACKSCREEN][INTERP-RA] pre-restore pc=0x8001995C sp=0x801FFFD0 ra=0x8001991C slot_now=0x80010EA4 f=195
[BLACKSCREEN][INTERP] start=0x80019844 end=0x80019980 steps=126 reason=jr_ra target=0x80010EA4 ra=0x80010EA4 sp=0x80200000 f=195
[BLACKSCREEN][INTERP] enter start=0x80019844 instr0=0x27BDFFD0 a0=0x00000000 ra=0x80010EA4 sp=0x80200000 f=196
[BLACKSCREEN][INTERP-RA] pre-save pc=0x80019890 sp=0x801FFFD0 ra=0x80010EA4 slot_before=0x80010EA4 f=196
[BLACKSCREEN][INTERP-RA] pre-restore pc=0x8001995C sp=0x801FFFD0 ra=0x8001991C slot_now=0x80010EA4 f=196
[BLACKSCREEN][INTERP] start=0x80019844 end=0x80019980 steps=126 reason=jr_ra target=0x80010EA4 ra=0x80010EA4 sp=0x80200000 f=196
[BLACKSCREEN][INTERP] enter start=0x80019844 instr0=0x27BDFFD0 a0=0x00000000 ra=0x80010EA4 sp=0x80200000 f=197
[BLACKSCREEN][INTERP-RA] pre-save pc=0x80019890 sp=0x801FFFD0 ra=0x80010EA4 slot_before=0x80010EA4 f=197
[BLACKSCREEN][INTERP-RA] pre-restore pc=0x8001995C sp=0x801FFFD0 ra=0x8001991C slot_now=0x80010EA4 f=197
[BLACKSCREEN][INTERP] start=0x80019844 end=0x80019980 steps=126 reason=jr_ra target=0x80010EA4 ra=0x80010EA4 sp=0x80200000 f=197
[BLACKSCREEN][INTERP] enter start=0x80019844 instr0=0x27BDFFD0 a0=0x00000000 ra=0x80010EA4 sp=0x80200000 f=198
[BLACKSCREEN][INTERP-RA] pre-save pc=0x80019890 sp=0x801FFFD0 ra=0x80010EA4 slot_before=0x80010EA4 f=198
[BLACKSCREEN][INTERP-RA] pre-restore pc=0x8001995C sp=0x801FFFD0 ra=0x8001991C slot_now=0x80010EA4 f=198
[BLACKSCREEN][INTERP] start=0x80019844 end=0x80019980 steps=126 reason=jr_ra target=0x80010EA4 ra=0x80010EA4 sp=0x80200000 f=198
[BLACKSCREEN][INTERP] enter start=0x80019844 instr0=0x27BDFFD0 a0=0x00000000 ra=0x80010EA4 sp=0x80200000 f=199
[BLACKSCREEN][INTERP-RA] pre-save pc=0x80019890 sp=0x801FFFD0 ra=0x80010EA4 slot_before=0x80010EA4 f=199
[BLACKSCREEN][INTERP-RA] pre-restore pc=0x8001995C sp=0x801FFFD0 ra=0x8001991C slot_now=0x80010EA4 f=199
[BLACKSCREEN][INTERP] start=0x80019844 end=0x80019980 steps=126 reason=jr_ra target=0x80010EA4 ra=0x80010EA4 sp=0x80200000 f=199
[BLACKSCREEN][INTERP] enter start=0x80019844 instr0=0x27BDFFD0 a0=0x00000000 ra=0x80010EA4 sp=0x80200000 f=200
[BLACKSCREEN][INTERP-RA] pre-save pc=0x80019890 sp=0x801FFFD0 ra=0x80010EA4 slot_before=0x80010EA4 f=200
[BLACKSCREEN][INTERP-RA] pre-restore pc=0x8001995C sp=0x801FFFD0 ra=0x8001991C slot_now=0x80010EA4 f=200
[BLACKSCREEN][INTERP] start=0x80019844 end=0x80019980 steps=126 reason=jr_ra target=0x80010EA4 ra=0x80010EA4 sp=0x80200000 f=200
[BLACKSCREEN][INTERP] enter start=0x80019844 instr0=0x27BDFFD0 a0=0x00000000 ra=0x80010EA4 sp=0x80200000 f=201
[BLACKSCREEN][INTERP-RA] pre-save pc=0x80019890 sp=0x801FFFD0 ra=0x80010EA4 slot_before=0x80010EA4 f=201
[BLACKSCREEN][INTERP-RA] pre-restore pc=0x8001995C sp=0x801FFFD0 ra=0x8001991C slot_now=0x80010EA4 f=201
[BLACKSCREEN][INTERP] start=0x80019844 end=0x80019980 steps=126 reason=jr_ra target=0x80010EA4 ra=0x80010EA4 sp=0x80200000 f=201
[BLACKSCREEN][INTERP] enter start=0x80019844 instr0=0x27BDFFD0 a0=0x00000000 ra=0x80010EA4 sp=0x80200000 f=202
[BLACKSCREEN][INTERP-RA] pre-save pc=0x80019890 sp=0x801FFFD0 ra=0x80010EA4 slot_before=0x80010EA4 f=202
[BLACKSCREEN][INTERP-RA] pre-restore pc=0x8001995C sp=0x801FFFD0 ra=0x8001991C slot_now=0x80010EA4 f=202
[BLACKSCREEN][INTERP] start=0x80019844 end=0x80019980 steps=126 reason=jr_ra target=0x80010EA4 ra=0x80010EA4 sp=0x80200000 f=202
[BLACKSCREEN][INTERP] enter start=0x80019844 instr0=0x27BDFFD0 a0=0x00000000 ra=0x80010EA4 sp=0x80200000 f=203
[BLACKSCREEN][INTERP-RA] pre-save pc=0x80019890 sp=0x801FFFD0 ra=0x80010EA4 slot_before=0x80010EA4 f=203
[BLACKSCREEN][INTERP-RA] pre-restore pc=0x8001995C sp=0x801FFFD0 ra=0x8001991C slot_now=0x80010EA4 f=203
[BLACKSCREEN][INTERP] start=0x80019844 end=0x80019980 steps=126 reason=jr_ra target=0x80010EA4 ra=0x80010EA4 sp=0x80200000 f=203
[BLACKSCREEN][INTERP] enter start=0x80019844 instr0=0x27BDFFD0 a0=0x00000000 ra=0x80010EA4 sp=0x80200000 f=204
[BLACKSCREEN][INTERP-RA] pre-save pc=0x80019890 sp=0x801FFFD0 ra=0x80010EA4 slot_before=0x80010EA4 f=204
[BLACKSCREEN][INTERP-RA] pre-restore pc=0x8001995C sp=0x801FFFD0 ra=0x8001991C slot_now=0x80010EA4 f=204
[BLACKSCREEN][INTERP] start=0x80019844 end=0x80019980 steps=126 reason=jr_ra target=0x80010EA4 ra=0x80010EA4 sp=0x80200000 f=204
[BLACKSCREEN][INTERP] enter start=0x80019844 instr0=0x27BDFFD0 a0=0x00000000 ra=0x80010EA4 sp=0x80200000 f=205
[BLACKSCREEN][INTERP-RA] pre-save pc=0x80019890 sp=0x801FFFD0 ra=0x80010EA4 slot_before=0x80010EA4 f=205
[BLACKSCREEN][INTERP-RA] pre-restore pc=0x8001995C sp=0x801FFFD0 ra=0x8001991C slot_now=0x80010EA4 f=205
[BLACKSCREEN][INTERP] start=0x80019844 end=0x80019980 steps=126 reason=jr_ra target=0x80010EA4 ra=0x80010EA4 sp=0x80200000 f=205
[BLACKSCREEN][INTERP] enter start=0x80019844 instr0=0x27BDFFD0 a0=0x00000000 ra=0x80010EA4 sp=0x80200000 f=206
[BLACKSCREEN][INTERP-RA] pre-save pc=0x80019890 sp=0x801FFFD0 ra=0x80010EA4 slot_before=0x80010EA4 f=206
[BLACKSCREEN][INTERP-RA] pre-restore pc=0x8001995C sp=0x801FFFD0 ra=0x8001991C slot_now=0x80010EA4 f=206
[BLACKSCREEN][INTERP] start=0x80019844 end=0x80019980 steps=126 reason=jr_ra target=0x80010EA4 ra=0x80010EA4 sp=0x80200000 f=206
[BLACKSCREEN][INTERP] enter start=0x80019844 instr0=0x27BDFFD0 a0=0x00000000 ra=0x80010EA4 sp=0x80200000 f=207
[BLACKSCREEN][INTERP-RA] pre-save pc=0x80019890 sp=0x801FFFD0 ra=0x80010EA4 slot_before=0x80010EA4 f=207
[BLACKSCREEN][INTERP-RA] pre-restore pc=0x8001995C sp=0x801FFFD0 ra=0x8001991C slot_now=0x80010EA4 f=207
[BLACKSCREEN][INTERP] start=0x80019844 end=0x80019980 steps=126 reason=jr_ra target=0x80010EA4 ra=0x80010EA4 sp=0x80200000 f=207
[BLACKSCREEN][INTERP] enter start=0x80019844 instr0=0x27BDFFD0 a0=0x00000000 ra=0x80010EA4 sp=0x80200000 f=208
[BLACKSCREEN][INTERP-RA] pre-save pc=0x80019890 sp=0x801FFFD0 ra=0x80010EA4 slot_before=0x80010EA4 f=208
[BLACKSCREEN][INTERP-RA] pre-restore pc=0x8001995C sp=0x801FFFD0 ra=0x8001991C slot_now=0x80010EA4 f=208
[BLACKSCREEN][INTERP] start=0x80019844 end=0x80019980 steps=126 reason=jr_ra target=0x80010EA4 ra=0x80010EA4 sp=0x80200000 f=208
[BLACKSCREEN][INTERP] enter start=0x80019844 instr0=0x27BDFFD0 a0=0x00000000 ra=0x80010EA4 sp=0x80200000 f=209
[BLACKSCREEN][INTERP-RA] pre-save pc=0x80019890 sp=0x801FFFD0 ra=0x80010EA4 slot_before=0x80010EA4 f=209
[BLACKSCREEN][INTERP-RA] pre-restore pc=0x8001995C sp=0x801FFFD0 ra=0x8001991C slot_now=0x80010EA4 f=209
[BLACKSCREEN][INTERP] start=0x80019844 end=0x80019980 steps=126 reason=jr_ra target=0x80010EA4 ra=0x80010EA4 sp=0x80200000 f=209
[BLACKSCREEN][INTERP] enter start=0x80019844 instr0=0x27BDFFD0 a0=0x00000000 ra=0x80010EA4 sp=0x80200000 f=210
[BLACKSCREEN][INTERP-RA] pre-save pc=0x80019890 sp=0x801FFFD0 ra=0x80010EA4 slot_before=0x80010EA4 f=210
[BLACKSCREEN][INTERP-RA] pre-restore pc=0x8001995C sp=0x801FFFD0 ra=0x8001991C slot_now=0x80010EA4 f=210
[BLACKSCREEN][INTERP] start=0x80019844 end=0x80019980 steps=126 reason=jr_ra target=0x80010EA4 ra=0x80010EA4 sp=0x80200000 f=210
[BLACKSCREEN][INTERP] enter start=0x80019844 instr0=0x27BDFFD0 a0=0x00000000 ra=0x80010EA4 sp=0x80200000 f=211
[BLACKSCREEN][INTERP-RA] pre-save pc=0x80019890 sp=0x801FFFD0 ra=0x80010EA4 slot_before=0x80010EA4 f=211
[BLACKSCREEN][INTERP-RA] pre-restore pc=0x8001995C sp=0x801FFFD0 ra=0x8001991C slot_now=0x80010EA4 f=211
[BLACKSCREEN][INTERP] start=0x80019844 end=0x80019980 steps=126 reason=jr_ra target=0x80010EA4 ra=0x80010EA4 sp=0x80200000 f=211
[BLACKSCREEN][INTERP] enter start=0x80019844 instr0=0x27BDFFD0 a0=0x00000000 ra=0x80010EA4 sp=0x80200000 f=212
[BLACKSCREEN][INTERP-RA] pre-save pc=0x80019890 sp=0x801FFFD0 ra=0x80010EA4 slot_before=0x80010EA4 f=212
[BLACKSCREEN][INTERP-RA] pre-restore pc=0x8001995C sp=0x801FFFD0 ra=0x8001991C slot_now=0x80010EA4 f=212
[BLACKSCREEN][INTERP] start=0x80019844 end=0x80019980 steps=126 reason=jr_ra target=0x80010EA4 ra=0x80010EA4 sp=0x80200000 f=212
[BLACKSCREEN][INTERP] enter start=0x80019844 instr0=0x27BDFFD0 a0=0x00000000 ra=0x80010EA4 sp=0x80200000 f=213
[BLACKSCREEN][INTERP-RA] pre-save pc=0x80019890 sp=0x801FFFD0 ra=0x80010EA4 slot_before=0x80010EA4 f=213
[BLACKSCREEN][INTERP-RA] pre-restore pc=0x8001995C sp=0x801FFFD0 ra=0x8001991C slot_now=0x80010EA4 f=213
[BLACKSCREEN][INTERP] start=0x80019844 end=0x80019980 steps=126 reason=jr_ra target=0x80010EA4 ra=0x80010EA4 sp=0x80200000 f=213
[BLACKSCREEN][INTERP] enter start=0x80019844 instr0=0x27BDFFD0 a0=0x00000000 ra=0x80010EA4 sp=0x80200000 f=214
[BLACKSCREEN][INTERP-RA] pre-save pc=0x80019890 sp=0x801FFFD0 ra=0x80010EA4 slot_before=0x80010EA4 f=214
[BLACKSCREEN][INTERP-RA] pre-restore pc=0x8001995C sp=0x801FFFD0 ra=0x8001991C slot_now=0x80010EA4 f=214
[BLACKSCREEN][INTERP] start=0x80019844 end=0x80019980 steps=126 reason=jr_ra target=0x80010EA4 ra=0x80010EA4 sp=0x80200000 f=214
[BLACKSCREEN][INTERP] enter start=0x80019844 instr0=0x27BDFFD0 a0=0x00000000 ra=0x80010EA4 sp=0x80200000 f=215
[BLACKSCREEN][INTERP-RA] pre-save pc=0x80019890 sp=0x801FFFD0 ra=0x80010EA4 slot_before=0x80010EA4 f=215
[BLACKSCREEN][INTERP-RA] pre-restore pc=0x8001995C sp=0x801FFFD0 ra=0x8001991C slot_now=0x80010EA4 f=215
[BLACKSCREEN][INTERP] start=0x80019844 end=0x80019980 steps=126 reason=jr_ra target=0x80010EA4 ra=0x80010EA4 sp=0x80200000 f=215
[BLACKSCREEN][INTERP] enter start=0x80019844 instr0=0x27BDFFD0 a0=0x00000000 ra=0x80010EA4 sp=0x80200000 f=216
[BLACKSCREEN][INTERP-RA] pre-save pc=0x80019890 sp=0x801FFFD0 ra=0x80010EA4 slot_before=0x80010EA4 f=216
[BLACKSCREEN][INTERP-RA] pre-restore pc=0x8001995C sp=0x801FFFD0 ra=0x8001991C slot_now=0x80010EA4 f=216
[BLACKSCREEN][INTERP] start=0x80019844 end=0x80019980 steps=126 reason=jr_ra target=0x80010EA4 ra=0x80010EA4 sp=0x80200000 f=216
[BLACKSCREEN][INTERP] enter start=0x80019844 instr0=0x27BDFFD0 a0=0x00000000 ra=0x80010EA4 sp=0x80200000 f=217
[BLACKSCREEN][INTERP-RA] pre-save pc=0x80019890 sp=0x801FFFD0 ra=0x80010EA4 slot_before=0x80010EA4 f=217
[BLACKSCREEN][INTERP-RA] pre-restore pc=0x8001995C sp=0x801FFFD0 ra=0x8001991C slot_now=0x80010EA4 f=217
[BLACKSCREEN][INTERP] start=0x80019844 end=0x80019980 steps=126 reason=jr_ra target=0x80010EA4 ra=0x80010EA4 sp=0x80200000 f=217
[BLACKSCREEN][INTERP] enter start=0x80019844 instr0=0x27BDFFD0 a0=0x00000000 ra=0x80010EA4 sp=0x80200000 f=218
[BLACKSCREEN][INTERP-RA] pre-save pc=0x80019890 sp=0x801FFFD0 ra=0x80010EA4 slot_before=0x80010EA4 f=218
[BLACKSCREEN][INTERP-RA] pre-restore pc=0x8001995C sp=0x801FFFD0 ra=0x8001991C slot_now=0x80010EA4 f=218
[BLACKSCREEN][INTERP] start=0x80019844 end=0x80019980 steps=126 reason=jr_ra target=0x80010EA4 ra=0x80010EA4 sp=0x80200000 f=218
[BLACKSCREEN][INTERP] enter start=0x80019844 instr0=0x27BDFFD0 a0=0x00000000 ra=0x80010EA4 sp=0x80200000 f=219
[BLACKSCREEN][INTERP-RA] pre-save pc=0x80019890 sp=0x801FFFD0 ra=0x80010EA4 slot_before=0x80010EA4 f=219
[BLACKSCREEN][INTERP-RA] pre-restore pc=0x8001995C sp=0x801FFFD0 ra=0x8001991C slot_now=0x80010EA4 f=219
[BLACKSCREEN][INTERP] start=0x80019844 end=0x80019980 steps=126 reason=jr_ra target=0x80010EA4 ra=0x80010EA4 sp=0x80200000 f=219
[BLACKSCREEN][INTERP] enter start=0x80019844 instr0=0x27BDFFD0 a0=0x00000000 ra=0x80010EA4 sp=0x80200000 f=220
[BLACKSCREEN][INTERP-RA] pre-save pc=0x80019890 sp=0x801FFFD0 ra=0x80010EA4 slot_before=0x80010EA4 f=220
[BLACKSCREEN][INTERP-RA] pre-restore pc=0x8001995C sp=0x801FFFD0 ra=0x8001991C slot_now=0x80010EA4 f=220
[BLACKSCREEN][INTERP] start=0x80019844 end=0x80019980 steps=126 reason=jr_ra target=0x80010EA4 ra=0x80010EA4 sp=0x80200000 f=220
[BLACKSCREEN][INTERP] enter start=0x80019844 instr0=0x27BDFFD0 a0=0x00000000 ra=0x80010EA4 sp=0x80200000 f=221
[BLACKSCREEN][INTERP-RA] pre-save pc=0x80019890 sp=0x801FFFD0 ra=0x80010EA4 slot_before=0x80010EA4 f=221
[BLACKSCREEN][INTERP-RA] pre-restore pc=0x8001995C sp=0x801FFFD0 ra=0x8001991C slot_now=0x80010EA4 f=221
[BLACKSCREEN][INTERP] start=0x80019844 end=0x80019980 steps=126 reason=jr_ra target=0x80010EA4 ra=0x80010EA4 sp=0x80200000 f=221
[BLACKSCREEN][INTERP] enter start=0x80019844 instr0=0x27BDFFD0 a0=0x00000000 ra=0x80010EA4 sp=0x80200000 f=222
[BLACKSCREEN][INTERP-RA] pre-save pc=0x80019890 sp=0x801FFFD0 ra=0x80010EA4 slot_before=0x80010EA4 f=222
[BLACKSCREEN][INTERP-RA] pre-restore pc=0x8001995C sp=0x801FFFD0 ra=0x8001991C slot_now=0x80010EA4 f=222
[BLACKSCREEN][INTERP] start=0x80019844 end=0x80019980 steps=126 reason=jr_ra target=0x80010EA4 ra=0x80010EA4 sp=0x80200000 f=222
[BLACKSCREEN][INTERP] enter start=0x80019844 instr0=0x27BDFFD0 a0=0x00000000 ra=0x80010EA4 sp=0x80200000 f=223
[BLACKSCREEN][INTERP-RA] pre-save pc=0x80019890 sp=0x801FFFD0 ra=0x80010EA4 slot_before=0x80010EA4 f=223
[BLACKSCREEN][INTERP-RA] pre-restore pc=0x8001995C sp=0x801FFFD0 ra=0x8001991C slot_now=0x80010EA4 f=223
[BLACKSCREEN][INTERP] start=0x80019844 end=0x80019980 steps=126 reason=jr_ra target=0x80010EA4 ra=0x80010EA4 sp=0x80200000 f=223
[BLACKSCREEN][INTERP] enter start=0x80019844 instr0=0x27BDFFD0 a0=0x00000000 ra=0x80010EA4 sp=0x80200000 f=224
[BLACKSCREEN][INTERP-RA] pre-save pc=0x80019890 sp=0x801FFFD0 ra=0x80010EA4 slot_before=0x80010EA4 f=224
[BLACKSCREEN][INTERP-RA] pre-restore pc=0x8001995C sp=0x801FFFD0 ra=0x8001991C slot_now=0x80010EA4 f=224
[BLACKSCREEN][INTERP] start=0x80019844 end=0x80019980 steps=126 reason=jr_ra target=0x80010EA4 ra=0x80010EA4 sp=0x80200000 f=224
[BLACKSCREEN][INTERP] enter start=0x80019844 instr0=0x27BDFFD0 a0=0x00000000 ra=0x80010EA4 sp=0x80200000 f=225
[BLACKSCREEN][INTERP-RA] pre-save pc=0x80019890 sp=0x801FFFD0 ra=0x80010EA4 slot_before=0x80010EA4 f=225
[BLACKSCREEN][INTERP-RA] pre-restore pc=0x8001995C sp=0x801FFFD0 ra=0x8001991C slot_now=0x80010EA4 f=225
[BLACKSCREEN][INTERP] start=0x80019844 end=0x80019980 steps=126 reason=jr_ra target=0x80010EA4 ra=0x80010EA4 sp=0x80200000 f=225
[BLACKSCREEN][INTERP] enter start=0x80019844 instr0=0x27BDFFD0 a0=0x00000000 ra=0x80010EA4 sp=0x80200000 f=226
[BLACKSCREEN][INTERP-RA] pre-save pc=0x80019890 sp=0x801FFFD0 ra=0x80010EA4 slot_before=0x80010EA4 f=226
[BLACKSCREEN][INTERP-RA] pre-restore pc=0x8001995C sp=0x801FFFD0 ra=0x8001991C slot_now=0x80010EA4 f=226
[BLACKSCREEN][INTERP] start=0x80019844 end=0x80019980 steps=126 reason=jr_ra target=0x80010EA4 ra=0x80010EA4 sp=0x80200000 f=226
[BLACKSCREEN][INTERP] enter start=0x80019844 instr0=0x27BDFFD0 a0=0x00000000 ra=0x80010EA4 sp=0x80200000 f=227
[BLACKSCREEN][INTERP-RA] pre-save pc=0x80019890 sp=0x801FFFD0 ra=0x80010EA4 slot_before=0x80010EA4 f=227
[BLACKSCREEN][INTERP-RA] pre-restore pc=0x8001995C sp=0x801FFFD0 ra=0x8001991C slot_now=0x80010EA4 f=227
[BLACKSCREEN][INTERP] start=0x80019844 end=0x80019980 steps=126 reason=jr_ra target=0x80010EA4 ra=0x80010EA4 sp=0x80200000 f=227
[BLACKSCREEN][INTERP] enter start=0x80019844 instr0=0x27BDFFD0 a0=0x00000000 ra=0x80010EA4 sp=0x80200000 f=228
[BLACKSCREEN][INTERP-RA] pre-save pc=0x80019890 sp=0x801FFFD0 ra=0x80010EA4 slot_before=0x80010EA4 f=228
[BLACKSCREEN][INTERP-RA] pre-restore pc=0x8001995C sp=0x801FFFD0 ra=0x8001991C slot_now=0x80010EA4 f=228
[BLACKSCREEN][INTERP] start=0x80019844 end=0x80019980 steps=126 reason=jr_ra target=0x80010EA4 ra=0x80010EA4 sp=0x80200000 f=228
[BLACKSCREEN][INTERP] enter start=0x80019844 instr0=0x27BDFFD0 a0=0x00000000 ra=0x80010EA4 sp=0x80200000 f=229
[BLACKSCREEN][INTERP-RA] pre-save pc=0x80019890 sp=0x801FFFD0 ra=0x80010EA4 slot_before=0x80010EA4 f=229
[BLACKSCREEN][INTERP-RA] pre-restore pc=0x8001995C sp=0x801FFFD0 ra=0x8001991C slot_now=0x80010EA4 f=229
[BLACKSCREEN][INTERP] start=0x80019844 end=0x80019980 steps=126 reason=jr_ra target=0x80010EA4 ra=0x80010EA4 sp=0x80200000 f=229
[BLACKSCREEN][INTERP] enter start=0x80019844 instr0=0x27BDFFD0 a0=0x00000000 ra=0x80010EA4 sp=0x80200000 f=230
[BLACKSCREEN][INTERP-RA] pre-save pc=0x80019890 sp=0x801FFFD0 ra=0x80010EA4 slot_before=0x80010EA4 f=230
[BLACKSCREEN][INTERP-RA] pre-restore pc=0x8001995C sp=0x801FFFD0 ra=0x8001991C slot_now=0x80010EA4 f=230
[BLACKSCREEN][INTERP] start=0x80019844 end=0x80019980 steps=126 reason=jr_ra target=0x80010EA4 ra=0x80010EA4 sp=0x80200000 f=230
[BLACKSCREEN][INTERP] enter start=0x80019844 instr0=0x27BDFFD0 a0=0x00000000 ra=0x80010EA4 sp=0x80200000 f=231
[BLACKSCREEN][INTERP-RA] pre-save pc=0x80019890 sp=0x801FFFD0 ra=0x80010EA4 slot_before=0x80010EA4 f=231
[BLACKSCREEN][INTERP-RA] pre-restore pc=0x8001995C sp=0x801FFFD0 ra=0x8001991C slot_now=0x80010EA4 f=231
[BLACKSCREEN][INTERP] start=0x80019844 end=0x80019980 steps=126 reason=jr_ra target=0x80010EA4 ra=0x80010EA4 sp=0x80200000 f=231
[BLACKSCREEN][INTERP] enter start=0x80019844 instr0=0x27BDFFD0 a0=0x00000000 ra=0x80010EA4 sp=0x80200000 f=232
[BLACKSCREEN][INTERP-RA] pre-save pc=0x80019890 sp=0x801FFFD0 ra=0x80010EA4 slot_before=0x80010EA4 f=232
[BLACKSCREEN][INTERP-RA] pre-restore pc=0x8001995C sp=0x801FFFD0 ra=0x8001991C slot_now=0x80010EA4 f=232
[BLACKSCREEN][INTERP] start=0x80019844 end=0x80019980 steps=126 reason=jr_ra target=0x80010EA4 ra=0x80010EA4 sp=0x80200000 f=232
[BLACKSCREEN][INTERP] enter start=0x80019844 instr0=0x27BDFFD0 a0=0x00000000 ra=0x80010EA4 sp=0x80200000 f=233
[BLACKSCREEN][INTERP-RA] pre-save pc=0x80019890 sp=0x801FFFD0 ra=0x80010EA4 slot_before=0x80010EA4 f=233
[BLACKSCREEN][INTERP-RA] pre-restore pc=0x8001995C sp=0x801FFFD0 ra=0x8001991C slot_now=0x80010EA4 f=233
[BLACKSCREEN][INTERP] start=0x80019844 end=0x80019980 steps=126 reason=jr_ra target=0x80010EA4 ra=0x80010EA4 sp=0x80200000 f=233
[BLACKSCREEN][INTERP] enter start=0x80019844 instr0=0x27BDFFD0 a0=0x00000000 ra=0x80010EA4 sp=0x80200000 f=234
[BLACKSCREEN][INTERP-RA] pre-save pc=0x80019890 sp=0x801FFFD0 ra=0x80010EA4 slot_before=0x80010EA4 f=234
[BLACKSCREEN][INTERP-RA] pre-restore pc=0x8001995C sp=0x801FFFD0 ra=0x8001991C slot_now=0x80010EA4 f=234
[BLACKSCREEN][INTERP] start=0x80019844 end=0x80019980 steps=126 reason=jr_ra target=0x80010EA4 ra=0x80010EA4 sp=0x80200000 f=234
[BLACKSCREEN][INTERP] enter start=0x80019844 instr0=0x27BDFFD0 a0=0x00000000 ra=0x80010EA4 sp=0x80200000 f=235
[BLACKSCREEN][INTERP-RA] pre-save pc=0x80019890 sp=0x801FFFD0 ra=0x80010EA4 slot_before=0x80010EA4 f=235
[BLACKSCREEN][INTERP-RA] pre-restore pc=0x8001995C sp=0x801FFFD0 ra=0x8001991C slot_now=0x80010EA4 f=235
[BLACKSCREEN][INTERP] start=0x80019844 end=0x80019980 steps=126 reason=jr_ra target=0x80010EA4 ra=0x80010EA4 sp=0x80200000 f=235
[BLACKSCREEN][INTERP] enter start=0x80019844 instr0=0x27BDFFD0 a0=0x00000000 ra=0x80010EA4 sp=0x80200000 f=236
[BLACKSCREEN][INTERP-RA] pre-save pc=0x80019890 sp=0x801FFFD0 ra=0x80010EA4 slot_before=0x80010EA4 f=236
[BLACKSCREEN][INTERP-RA] pre-restore pc=0x8001995C sp=0x801FFFD0 ra=0x8001991C slot_now=0x80010EA4 f=236
[BLACKSCREEN][INTERP] start=0x80019844 end=0x80019980 steps=126 reason=jr_ra target=0x80010EA4 ra=0x80010EA4 sp=0x80200000 f=236
[BLACKSCREEN][INTERP] enter start=0x80019844 instr0=0x27BDFFD0 a0=0x00000000 ra=0x80010EA4 sp=0x80200000 f=237
[BLACKSCREEN][INTERP-RA] pre-save pc=0x80019890 sp=0x801FFFD0 ra=0x80010EA4 slot_before=0x80010EA4 f=237
[BLACKSCREEN][INTERP-RA] pre-restore pc=0x8001995C sp=0x801FFFD0 ra=0x8001991C slot_now=0x80010EA4 f=237
[BLACKSCREEN][INTERP] start=0x80019844 end=0x80019980 steps=126 reason=jr_ra target=0x80010EA4 ra=0x80010EA4 sp=0x80200000 f=237
[BLACKSCREEN][INTERP] enter start=0x80019844 instr0=0x27BDFFD0 a0=0x00000000 ra=0x80010EA4 sp=0x80200000 f=238
[BLACKSCREEN][INTERP-RA] pre-save pc=0x80019890 sp=0x801FFFD0 ra=0x80010EA4 slot_before=0x80010EA4 f=238
[BLACKSCREEN][INTERP-RA] pre-restore pc=0x8001995C sp=0x801FFFD0 ra=0x8001991C slot_now=0x80010EA4 f=238
[BLACKSCREEN][INTERP] start=0x80019844 end=0x80019980 steps=126 reason=jr_ra target=0x80010EA4 ra=0x80010EA4 sp=0x80200000 f=238
[BLACKSCREEN][INTERP] enter start=0x80019844 instr0=0x27BDFFD0 a0=0x00000000 ra=0x80010EA4 sp=0x80200000 f=239
[BLACKSCREEN][INTERP-RA] pre-save pc=0x80019890 sp=0x801FFFD0 ra=0x80010EA4 slot_before=0x80010EA4 f=239
[BLACKSCREEN][INTERP-RA] pre-restore pc=0x8001995C sp=0x801FFFD0 ra=0x8001991C slot_now=0x80010EA4 f=239
[BLACKSCREEN][INTERP] start=0x80019844 end=0x80019980 steps=126 reason=jr_ra target=0x80010EA4 ra=0x80010EA4 sp=0x80200000 f=239
[frame 240]
[BLACKSCREEN][INTERP] enter start=0x80019844 instr0=0x27BDFFD0 a0=0x00000000 ra=0x80010EA4 sp=0x80200000 f=240
[BLACKSCREEN][INTERP-RA] pre-save pc=0x80019890 sp=0x801FFFD0 ra=0x80010EA4 slot_before=0x80010EA4 f=240
[BLACKSCREEN][INTERP-RA] pre-restore pc=0x8001995C sp=0x801FFFD0 ra=0x8001991C slot_now=0x80010EA4 f=240
[BLACKSCREEN][INTERP] start=0x80019844 end=0x80019980 steps=126 reason=jr_ra target=0x80010EA4 ra=0x80010EA4 sp=0x80200000 f=240
[BLACKSCREEN][INTERP] enter start=0x80019844 instr0=0x27BDFFD0 a0=0x00000000 ra=0x80010EA4 sp=0x80200000 f=241
[BLACKSCREEN][INTERP-RA] pre-save pc=0x80019890 sp=0x801FFFD0 ra=0x80010EA4 slot_before=0x80010EA4 f=241
[BLACKSCREEN][INTERP-RA] pre-restore pc=0x8001995C sp=0x801FFFD0 ra=0x8001991C slot_now=0x80010EA4 f=241
[BLACKSCREEN][INTERP] start=0x80019844 end=0x80019980 steps=126 reason=jr_ra target=0x80010EA4 ra=0x80010EA4 sp=0x80200000 f=241
[BLACKSCREEN][INTERP] enter start=0x80019844 instr0=0x27BDFFD0 a0=0x00000000 ra=0x80010EA4 sp=0x80200000 f=242
[BLACKSCREEN][INTERP-RA] pre-save pc=0x80019890 sp=0x801FFFD0 ra=0x80010EA4 slot_before=0x80010EA4 f=242
[BLACKSCREEN][INTERP-RA] pre-restore pc=0x8001995C sp=0x801FFFD0 ra=0x8001991C slot_now=0x80010EA4 f=242
[BLACKSCREEN][INTERP] start=0x80019844 end=0x80019980 steps=126 reason=jr_ra target=0x80010EA4 ra=0x80010EA4 sp=0x80200000 f=242
[BLACKSCREEN][INTERP] enter start=0x80019844 instr0=0x27BDFFD0 a0=0x00000000 ra=0x80010EA4 sp=0x80200000 f=243
[BLACKSCREEN][INTERP-RA] pre-save pc=0x80019890 sp=0x801FFFD0 ra=0x80010EA4 slot_before=0x80010EA4 f=243
[BLACKSCREEN][INTERP-RA] pre-restore pc=0x8001995C sp=0x801FFFD0 ra=0x8001991C slot_now=0x80010EA4 f=243
[BLACKSCREEN][INTERP] start=0x80019844 end=0x80019980 steps=126 reason=jr_ra target=0x80010EA4 ra=0x80010EA4 sp=0x80200000 f=243
[BLACKSCREEN][INTERP] enter start=0x80019844 instr0=0x27BDFFD0 a0=0x00000000 ra=0x80010EA4 sp=0x80200000 f=244
[BLACKSCREEN][INTERP-RA] pre-save pc=0x80019890 sp=0x801FFFD0 ra=0x80010EA4 slot_before=0x80010EA4 f=244
[BLACKSCREEN][INTERP-RA] pre-restore pc=0x8001995C sp=0x801FFFD0 ra=0x8001991C slot_now=0x80010EA4 f=244
[BLACKSCREEN][INTERP] start=0x80019844 end=0x80019980 steps=126 reason=jr_ra target=0x80010EA4 ra=0x80010EA4 sp=0x80200000 f=244
[BLACKSCREEN][INTERP] enter start=0x80019844 instr0=0x27BDFFD0 a0=0x00000000 ra=0x80010EA4 sp=0x80200000 f=245
[BLACKSCREEN][INTERP-RA] pre-save pc=0x80019890 sp=0x801FFFD0 ra=0x80010EA4 slot_before=0x80010EA4 f=245
[BLACKSCREEN][INTERP-RA] pre-restore pc=0x8001995C sp=0x801FFFD0 ra=0x8001991C slot_now=0x80010EA4 f=245
[BLACKSCREEN][INTERP] start=0x80019844 end=0x80019980 steps=126 reason=jr_ra target=0x80010EA4 ra=0x80010EA4 sp=0x80200000 f=245
[BLACKSCREEN][INTERP] enter start=0x80019844 instr0=0x27BDFFD0 a0=0x00000000 ra=0x80010EA4 sp=0x80200000 f=246
[BLACKSCREEN][INTERP-RA] pre-save pc=0x80019890 sp=0x801FFFD0 ra=0x80010EA4 slot_before=0x80010EA4 f=246
[BLACKSCREEN][INTERP-RA] pre-restore pc=0x8001995C sp=0x801FFFD0 ra=0x8001991C slot_now=0x80010EA4 f=246
[BLACKSCREEN][INTERP] start=0x80019844 end=0x80019980 steps=126 reason=jr_ra target=0x80010EA4 ra=0x80010EA4 sp=0x80200000 f=246
[BLACKSCREEN][INTERP] enter start=0x80019844 instr0=0x27BDFFD0 a0=0x00000000 ra=0x80010EA4 sp=0x80200000 f=247
[BLACKSCREEN][INTERP-RA] pre-save pc=0x80019890 sp=0x801FFFD0 ra=0x80010EA4 slot_before=0x80010EA4 f=247
[BLACKSCREEN][INTERP-RA] pre-restore pc=0x8001995C sp=0x801FFFD0 ra=0x8001991C slot_now=0x80010EA4 f=247
[BLACKSCREEN][INTERP] start=0x80019844 end=0x80019980 steps=126 reason=jr_ra target=0x80010EA4 ra=0x80010EA4 sp=0x80200000 f=247
[BLACKSCREEN][INTERP] enter start=0x80019844 instr0=0x27BDFFD0 a0=0x00000000 ra=0x80010EA4 sp=0x80200000 f=248
[BLACKSCREEN][INTERP-RA] pre-save pc=0x80019890 sp=0x801FFFD0 ra=0x80010EA4 slot_before=0x80010EA4 f=248
[BLACKSCREEN][INTERP-RA] pre-restore pc=0x8001995C sp=0x801FFFD0 ra=0x8001991C slot_now=0x80010EA4 f=248
[BLACKSCREEN][INTERP] start=0x80019844 end=0x80019980 steps=126 reason=jr_ra target=0x80010EA4 ra=0x80010EA4 sp=0x80200000 f=248
[BLACKSCREEN][INTERP] enter start=0x80019844 instr0=0x27BDFFD0 a0=0x00000000 ra=0x80010EA4 sp=0x80200000 f=249
[BLACKSCREEN][INTERP-RA] pre-save pc=0x80019890 sp=0x801FFFD0 ra=0x80010EA4 slot_before=0x80010EA4 f=249
[BLACKSCREEN][INTERP-RA] pre-restore pc=0x8001995C sp=0x801FFFD0 ra=0x8001991C slot_now=0x80010EA4 f=249
[BLACKSCREEN][INTERP] start=0x80019844 end=0x80019980 steps=126 reason=jr_ra target=0x80010EA4 ra=0x80010EA4 sp=0x80200000 f=249
[BLACKSCREEN][INTERP] enter start=0x80019844 instr0=0x27BDFFD0 a0=0x00000000 ra=0x80010EA4 sp=0x80200000 f=250
[BLACKSCREEN][INTERP-RA] pre-save pc=0x80019890 sp=0x801FFFD0 ra=0x80010EA4 slot_before=0x80010EA4 f=250
[BLACKSCREEN][INTERP-RA] pre-restore pc=0x8001995C sp=0x801FFFD0 ra=0x8001991C slot_now=0x80010EA4 f=250
[BLACKSCREEN][INTERP] start=0x80019844 end=0x80019980 steps=126 reason=jr_ra target=0x80010EA4 ra=0x80010EA4 sp=0x80200000 f=250
[BLACKSCREEN][INTERP] enter start=0x80019844 instr0=0x27BDFFD0 a0=0x00000000 ra=0x80010EA4 sp=0x80200000 f=251
[BLACKSCREEN][INTERP-RA] pre-save pc=0x80019890 sp=0x801FFFD0 ra=0x80010EA4 slot_before=0x80010EA4 f=251
[BLACKSCREEN][INTERP-RA] pre-restore pc=0x8001995C sp=0x801FFFD0 ra=0x8001991C slot_now=0x80010EA4 f=251
[BLACKSCREEN][INTERP] start=0x80019844 end=0x80019980 steps=126 reason=jr_ra target=0x80010EA4 ra=0x80010EA4 sp=0x80200000 f=251
[BLACKSCREEN][INTERP] enter start=0x80019844 instr0=0x27BDFFD0 a0=0x00000000 ra=0x80010EA4 sp=0x80200000 f=252
[BLACKSCREEN][INTERP-RA] pre-save pc=0x80019890 sp=0x801FFFD0 ra=0x80010EA4 slot_before=0x80010EA4 f=252
[BLACKSCREEN][INTERP-RA] pre-restore pc=0x8001995C sp=0x801FFFD0 ra=0x8001991C slot_now=0x80010EA4 f=252
[BLACKSCREEN][INTERP] start=0x80019844 end=0x80019980 steps=126 reason=jr_ra target=0x80010EA4 ra=0x80010EA4 sp=0x80200000 f=252
[BLACKSCREEN][INTERP] enter start=0x80019844 instr0=0x27BDFFD0 a0=0x00000000 ra=0x80010EA4 sp=0x80200000 f=253
[BLACKSCREEN][INTERP-RA] pre-save pc=0x80019890 sp=0x801FFFD0 ra=0x80010EA4 slot_before=0x80010EA4 f=253
[BLACKSCREEN][INTERP-RA] pre-restore pc=0x8001995C sp=0x801FFFD0 ra=0x8001991C slot_now=0x80010EA4 f=253
[BLACKSCREEN][INTERP] start=0x80019844 end=0x80019980 steps=126 reason=jr_ra target=0x80010EA4 ra=0x80010EA4 sp=0x80200000 f=253
[BLACKSCREEN][INTERP] enter start=0x80019844 instr0=0x27BDFFD0 a0=0x00000000 ra=0x80010EA4 sp=0x80200000 f=254
[BLACKSCREEN][INTERP-RA] pre-save pc=0x80019890 sp=0x801FFFD0 ra=0x80010EA4 slot_before=0x80010EA4 f=254
[BLACKSCREEN][INTERP-RA] pre-restore pc=0x8001995C sp=0x801FFFD0 ra=0x8001991C slot_now=0x80010EA4 f=254
[BLACKSCREEN][INTERP] start=0x80019844 end=0x80019980 steps=126 reason=jr_ra target=0x80010EA4 ra=0x80010EA4 sp=0x80200000 f=254
[BLACKSCREEN][INTERP] enter start=0x80019844 instr0=0x27BDFFD0 a0=0x00000000 ra=0x80010EA4 sp=0x80200000 f=255
[BLACKSCREEN][INTERP-RA] pre-save pc=0x80019890 sp=0x801FFFD0 ra=0x80010EA4 slot_before=0x80010EA4 f=255
[BLACKSCREEN][INTERP-RA] pre-restore pc=0x8001995C sp=0x801FFFD0 ra=0x8001991C slot_now=0x80010EA4 f=255
[BLACKSCREEN][INTERP] start=0x80019844 end=0x80019980 steps=126 reason=jr_ra target=0x80010EA4 ra=0x80010EA4 sp=0x80200000 f=255
[BLACKSCREEN][INTERP] enter start=0x80019844 instr0=0x27BDFFD0 a0=0x00000000 ra=0x80010EA4 sp=0x80200000 f=256
[BLACKSCREEN][INTERP-RA] pre-save pc=0x80019890 sp=0x801FFFD0 ra=0x80010EA4 slot_before=0x80010EA4 f=256
[BLACKSCREEN][INTERP-RA] pre-restore pc=0x8001995C sp=0x801FFFD0 ra=0x8001991C slot_now=0x80010EA4 f=256
[BLACKSCREEN][INTERP] start=0x80019844 end=0x80019980 steps=126 reason=jr_ra target=0x80010EA4 ra=0x80010EA4 sp=0x80200000 f=256
[BLACKSCREEN][INTERP] enter start=0x80019844 instr0=0x27BDFFD0 a0=0x00000000 ra=0x80010EA4 sp=0x80200000 f=257
[BLACKSCREEN][INTERP-RA] pre-save pc=0x80019890 sp=0x801FFFD0 ra=0x80010EA4 slot_before=0x80010EA4 f=257
[BLACKSCREEN][INTERP-RA] pre-restore pc=0x8001995C sp=0x801FFFD0 ra=0x8001991C slot_now=0x80010EA4 f=257
[BLACKSCREEN][INTERP] start=0x80019844 end=0x80019980 steps=126 reason=jr_ra target=0x80010EA4 ra=0x80010EA4 sp=0x80200000 f=257
[BLACKSCREEN][INTERP] enter start=0x80019844 instr0=0x27BDFFD0 a0=0x00000000 ra=0x80010EA4 sp=0x80200000 f=258
[BLACKSCREEN][INTERP-RA] pre-save pc=0x80019890 sp=0x801FFFD0 ra=0x80010EA4 slot_before=0x80010EA4 f=258
[BLACKSCREEN][INTERP-RA] pre-restore pc=0x8001995C sp=0x801FFFD0 ra=0x8001991C slot_now=0x80010EA4 f=258
[BLACKSCREEN][INTERP] start=0x80019844 end=0x80019980 steps=126 reason=jr_ra target=0x80010EA4 ra=0x80010EA4 sp=0x80200000 f=258
[BLACKSCREEN][INTERP] enter start=0x80019844 instr0=0x27BDFFD0 a0=0x00000000 ra=0x80010EA4 sp=0x80200000 f=259
[BLACKSCREEN][INTERP-RA] pre-save pc=0x80019890 sp=0x801FFFD0 ra=0x80010EA4 slot_before=0x80010EA4 f=259
[BLACKSCREEN][INTERP-RA] pre-restore pc=0x8001995C sp=0x801FFFD0 ra=0x8001991C slot_now=0x80010EA4 f=259
[BLACKSCREEN][INTERP] start=0x80019844 end=0x80019980 steps=126 reason=jr_ra target=0x80010EA4 ra=0x80010EA4 sp=0x80200000 f=259
[BLACKSCREEN][INTERP] enter start=0x80019844 instr0=0x27BDFFD0 a0=0x00000000 ra=0x80010EA4 sp=0x80200000 f=260
[BLACKSCREEN][INTERP-RA] pre-save pc=0x80019890 sp=0x801FFFD0 ra=0x80010EA4 slot_before=0x80010EA4 f=260
[BLACKSCREEN][INTERP-RA] pre-restore pc=0x8001995C sp=0x801FFFD0 ra=0x8001991C slot_now=0x80010EA4 f=260
[BLACKSCREEN][INTERP] start=0x80019844 end=0x80019980 steps=126 reason=jr_ra target=0x80010EA4 ra=0x80010EA4 sp=0x80200000 f=260
[BLACKSCREEN][INTERP] enter start=0x80019844 instr0=0x27BDFFD0 a0=0x00000000 ra=0x80010EA4 sp=0x80200000 f=261
[BLACKSCREEN][INTERP-RA] pre-save pc=0x80019890 sp=0x801FFFD0 ra=0x80010EA4 slot_before=0x80010EA4 f=261
[BLACKSCREEN][INTERP-RA] pre-restore pc=0x8001995C sp=0x801FFFD0 ra=0x8001991C slot_now=0x80010EA4 f=261
[BLACKSCREEN][INTERP] start=0x80019844 end=0x80019980 steps=126 reason=jr_ra target=0x80010EA4 ra=0x80010EA4 sp=0x80200000 f=261
[BLACKSCREEN][INTERP] enter start=0x80019844 instr0=0x27BDFFD0 a0=0x00000000 ra=0x80010EA4 sp=0x80200000 f=262
[BLACKSCREEN][INTERP-RA] pre-save pc=0x80019890 sp=0x801FFFD0 ra=0x80010EA4 slot_before=0x80010EA4 f=262
[BLACKSCREEN][INTERP-RA] pre-restore pc=0x8001995C sp=0x801FFFD0 ra=0x8001991C slot_now=0x80010EA4 f=262
[BLACKSCREEN][INTERP] start=0x80019844 end=0x80019980 steps=126 reason=jr_ra target=0x80010EA4 ra=0x80010EA4 sp=0x80200000 f=262
[BLACKSCREEN][INTERP] enter start=0x80019844 instr0=0x27BDFFD0 a0=0x00000000 ra=0x80010EA4 sp=0x80200000 f=263
[BLACKSCREEN][INTERP-RA] pre-save pc=0x80019890 sp=0x801FFFD0 ra=0x80010EA4 slot_before=0x80010EA4 f=263
[BLACKSCREEN][INTERP-RA] pre-restore pc=0x8001995C sp=0x801FFFD0 ra=0x8001991C slot_now=0x80010EA4 f=263
[BLACKSCREEN][INTERP] start=0x80019844 end=0x80019980 steps=126 reason=jr_ra target=0x80010EA4 ra=0x80010EA4 sp=0x80200000 f=263
[BLACKSCREEN][INTERP] enter start=0x80019844 instr0=0x27BDFFD0 a0=0x00000000 ra=0x80010EA4 sp=0x80200000 f=264
[BLACKSCREEN][INTERP-RA] pre-save pc=0x80019890 sp=0x801FFFD0 ra=0x80010EA4 slot_before=0x80010EA4 f=264
[BLACKSCREEN][INTERP-RA] pre-restore pc=0x8001995C sp=0x801FFFD0 ra=0x8001991C slot_now=0x80010EA4 f=264
[BLACKSCREEN][INTERP] start=0x80019844 end=0x80019980 steps=126 reason=jr_ra target=0x80010EA4 ra=0x80010EA4 sp=0x80200000 f=264
[BLACKSCREEN][INTERP] enter start=0x80019844 instr0=0x27BDFFD0 a0=0x00000000 ra=0x80010EA4 sp=0x80200000 f=265
[BLACKSCREEN][INTERP-RA] pre-save pc=0x80019890 sp=0x801FFFD0 ra=0x80010EA4 slot_before=0x80010EA4 f=265
[BLACKSCREEN][INTERP-RA] pre-restore pc=0x8001995C sp=0x801FFFD0 ra=0x8001991C slot_now=0x80010EA4 f=265
[BLACKSCREEN][INTERP] start=0x80019844 end=0x80019980 steps=126 reason=jr_ra target=0x80010EA4 ra=0x80010EA4 sp=0x80200000 f=265
[BLACKSCREEN][INTERP] enter start=0x80019844 instr0=0x27BDFFD0 a0=0x00000000 ra=0x80010EA4 sp=0x80200000 f=266
[BLACKSCREEN][INTERP-RA] pre-save pc=0x80019890 sp=0x801FFFD0 ra=0x80010EA4 slot_before=0x80010EA4 f=266
[BLACKSCREEN][INTERP-RA] pre-restore pc=0x8001995C sp=0x801FFFD0 ra=0x8001991C slot_now=0x80010EA4 f=266
[BLACKSCREEN][INTERP] start=0x80019844 end=0x80019980 steps=126 reason=jr_ra target=0x80010EA4 ra=0x80010EA4 sp=0x80200000 f=266
[BLACKSCREEN][INTERP] enter start=0x80019844 instr0=0x27BDFFD0 a0=0x00000000 ra=0x80010EA4 sp=0x80200000 f=267
[BLACKSCREEN][INTERP-RA] pre-save pc=0x80019890 sp=0x801FFFD0 ra=0x80010EA4 slot_before=0x80010EA4 f=267
[BLACKSCREEN][INTERP-RA] pre-restore pc=0x8001995C sp=0x801FFFD0 ra=0x8001991C slot_now=0x80010EA4 f=267
[BLACKSCREEN][INTERP] start=0x80019844 end=0x80019980 steps=126 reason=jr_ra target=0x80010EA4 ra=0x80010EA4 sp=0x80200000 f=267
[BLACKSCREEN][INTERP] enter start=0x80019844 instr0=0x27BDFFD0 a0=0x00000000 ra=0x80010EA4 sp=0x80200000 f=268
[BLACKSCREEN][INTERP-RA] pre-save pc=0x80019890 sp=0x801FFFD0 ra=0x80010EA4 slot_before=0x80010EA4 f=268
[BLACKSCREEN][INTERP-RA] pre-restore pc=0x8001995C sp=0x801FFFD0 ra=0x8001991C slot_now=0x80010EA4 f=268
[BLACKSCREEN][INTERP] start=0x80019844 end=0x80019980 steps=126 reason=jr_ra target=0x80010EA4 ra=0x80010EA4 sp=0x80200000 f=268
[BLACKSCREEN][INTERP] enter start=0x80019844 instr0=0x27BDFFD0 a0=0x00000000 ra=0x80010EA4 sp=0x80200000 f=269
[BLACKSCREEN][INTERP-RA] pre-save pc=0x80019890 sp=0x801FFFD0 ra=0x80010EA4 slot_before=0x80010EA4 f=269
[BLACKSCREEN][INTERP-RA] pre-restore pc=0x8001995C sp=0x801FFFD0 ra=0x8001991C slot_now=0x80010EA4 f=269
[BLACKSCREEN][INTERP] start=0x80019844 end=0x80019980 steps=126 reason=jr_ra target=0x80010EA4 ra=0x80010EA4 sp=0x80200000 f=269
[BLACKSCREEN][INTERP] enter start=0x80019844 instr0=0x27BDFFD0 a0=0x00000000 ra=0x80010EA4 sp=0x80200000 f=270
[BLACKSCREEN][INTERP-RA] pre-save pc=0x80019890 sp=0x801FFFD0 ra=0x80010EA4 slot_before=0x80010EA4 f=270
[BLACKSCREEN][INTERP-RA] pre-restore pc=0x8001995C sp=0x801FFFD0 ra=0x8001991C slot_now=0x80010EA4 f=270
[BLACKSCREEN][INTERP] start=0x80019844 end=0x80019980 steps=126 reason=jr_ra target=0x80010EA4 ra=0x80010EA4 sp=0x80200000 f=270
[BLACKSCREEN][INTERP] enter start=0x80019844 instr0=0x27BDFFD0 a0=0x00000000 ra=0x80010EA4 sp=0x80200000 f=271
[BLACKSCREEN][INTERP-RA] pre-save pc=0x80019890 sp=0x801FFFD0 ra=0x80010EA4 slot_before=0x80010EA4 f=271
[BLACKSCREEN][INTERP-RA] pre-restore pc=0x8001995C sp=0x801FFFD0 ra=0x8001991C slot_now=0x80010EA4 f=271
[BLACKSCREEN][INTERP] start=0x80019844 end=0x80019980 steps=126 reason=jr_ra target=0x80010EA4 ra=0x80010EA4 sp=0x80200000 f=271
[BLACKSCREEN][INTERP] enter start=0x80019844 instr0=0x27BDFFD0 a0=0x00000000 ra=0x80010EA4 sp=0x80200000 f=272
[BLACKSCREEN][INTERP-RA] pre-save pc=0x80019890 sp=0x801FFFD0 ra=0x80010EA4 slot_before=0x80010EA4 f=272
[BLACKSCREEN][INTERP-RA] pre-restore pc=0x8001995C sp=0x801FFFD0 ra=0x8001991C slot_now=0x80010EA4 f=272
[BLACKSCREEN][INTERP] start=0x80019844 end=0x80019980 steps=126 reason=jr_ra target=0x80010EA4 ra=0x80010EA4 sp=0x80200000 f=272
[BLACKSCREEN][INTERP] enter start=0x80019844 instr0=0x27BDFFD0 a0=0x00000000 ra=0x80010EA4 sp=0x80200000 f=273
[BLACKSCREEN][INTERP-RA] pre-save pc=0x80019890 sp=0x801FFFD0 ra=0x80010EA4 slot_before=0x80010EA4 f=273
[BLACKSCREEN][INTERP-RA] pre-restore pc=0x8001995C sp=0x801FFFD0 ra=0x8001991C slot_now=0x80010EA4 f=273
[BLACKSCREEN][INTERP] start=0x80019844 end=0x80019980 steps=126 reason=jr_ra target=0x80010EA4 ra=0x80010EA4 sp=0x80200000 f=273
[BLACKSCREEN][INTERP] enter start=0x80019844 instr0=0x27BDFFD0 a0=0x00000000 ra=0x80010EA4 sp=0x80200000 f=274
[BLACKSCREEN][INTERP-RA] pre-save pc=0x80019890 sp=0x801FFFD0 ra=0x80010EA4 slot_before=0x80010EA4 f=274
[BLACKSCREEN][INTERP-RA] pre-restore pc=0x8001995C sp=0x801FFFD0 ra=0x8001991C slot_now=0x80010EA4 f=274
[BLACKSCREEN][INTERP] start=0x80019844 end=0x80019980 steps=126 reason=jr_ra target=0x80010EA4 ra=0x80010EA4 sp=0x80200000 f=274
[BLACKSCREEN][INTERP] enter start=0x80019844 instr0=0x27BDFFD0 a0=0x00000000 ra=0x80010EA4 sp=0x80200000 f=275
[BLACKSCREEN][INTERP-RA] pre-save pc=0x80019890 sp=0x801FFFD0 ra=0x80010EA4 slot_before=0x80010EA4 f=275
[BLACKSCREEN][INTERP-RA] pre-restore pc=0x8001995C sp=0x801FFFD0 ra=0x8001991C slot_now=0x80010EA4 f=275
[BLACKSCREEN][INTERP] start=0x80019844 end=0x80019980 steps=126 reason=jr_ra target=0x80010EA4 ra=0x80010EA4 sp=0x80200000 f=275
[BLACKSCREEN][INTERP] enter start=0x80019844 instr0=0x27BDFFD0 a0=0x00000000 ra=0x80010EA4 sp=0x80200000 f=276
[BLACKSCREEN][INTERP-RA] pre-save pc=0x80019890 sp=0x801FFFD0 ra=0x80010EA4 slot_before=0x80010EA4 f=276
[BLACKSCREEN][INTERP-RA] pre-restore pc=0x8001995C sp=0x801FFFD0 ra=0x8001991C slot_now=0x80010EA4 f=276
[BLACKSCREEN][INTERP] start=0x80019844 end=0x80019980 steps=126 reason=jr_ra target=0x80010EA4 ra=0x80010EA4 sp=0x80200000 f=276
[BLACKSCREEN][INTERP] enter start=0x80019844 instr0=0x27BDFFD0 a0=0x00000000 ra=0x80010EA4 sp=0x80200000 f=277
[BLACKSCREEN][INTERP-RA] pre-save pc=0x80019890 sp=0x801FFFD0 ra=0x80010EA4 slot_before=0x80010EA4 f=277
[BLACKSCREEN][INTERP-RA] pre-restore pc=0x8001995C sp=0x801FFFD0 ra=0x8001991C slot_now=0x80010EA4 f=277
[BLACKSCREEN][INTERP] start=0x80019844 end=0x80019980 steps=126 reason=jr_ra target=0x80010EA4 ra=0x80010EA4 sp=0x80200000 f=277
[BLACKSCREEN][INTERP] enter start=0x80019844 instr0=0x27BDFFD0 a0=0x00000000 ra=0x80010EA4 sp=0x80200000 f=278
[BLACKSCREEN][INTERP-RA] pre-save pc=0x80019890 sp=0x801FFFD0 ra=0x80010EA4 slot_before=0x80010EA4 f=278
[BLACKSCREEN][INTERP-RA] pre-restore pc=0x8001995C sp=0x801FFFD0 ra=0x8001991C slot_now=0x80010EA4 f=278
[BLACKSCREEN][INTERP] start=0x80019844 end=0x80019980 steps=126 reason=jr_ra target=0x80010EA4 ra=0x80010EA4 sp=0x80200000 f=278
[BLACKSCREEN][INTERP] enter start=0x80019844 instr0=0x27BDFFD0 a0=0x00000000 ra=0x80010EA4 sp=0x80200000 f=279
[BLACKSCREEN][INTERP-RA] pre-save pc=0x80019890 sp=0x801FFFD0 ra=0x80010EA4 slot_before=0x80010EA4 f=279
[BLACKSCREEN][INTERP-RA] pre-restore pc=0x8001995C sp=0x801FFFD0 ra=0x8001991C slot_now=0x80010EA4 f=279
[BLACKSCREEN][INTERP] start=0x80019844 end=0x80019980 steps=126 reason=jr_ra target=0x80010EA4 ra=0x80010EA4 sp=0x80200000 f=279
[BLACKSCREEN][INTERP] enter start=0x80019844 instr0=0x27BDFFD0 a0=0x00000000 ra=0x80010EA4 sp=0x80200000 f=280
[BLACKSCREEN][INTERP-RA] pre-save pc=0x80019890 sp=0x801FFFD0 ra=0x80010EA4 slot_before=0x80010EA4 f=280
[BLACKSCREEN][INTERP-RA] pre-restore pc=0x8001995C sp=0x801FFFD0 ra=0x8001991C slot_now=0x80010EA4 f=280
[BLACKSCREEN][INTERP] start=0x80019844 end=0x80019980 steps=126 reason=jr_ra target=0x80010EA4 ra=0x80010EA4 sp=0x80200000 f=280
[BLACKSCREEN][INTERP] enter start=0x80019844 instr0=0x27BDFFD0 a0=0x00000000 ra=0x80010EA4 sp=0x80200000 f=281
[BLACKSCREEN][INTERP-RA] pre-save pc=0x80019890 sp=0x801FFFD0 ra=0x80010EA4 slot_before=0x80010EA4 f=281
[BLACKSCREEN][INTERP-RA] pre-restore pc=0x8001995C sp=0x801FFFD0 ra=0x8001991C slot_now=0x80010EA4 f=281
[BLACKSCREEN][INTERP] start=0x80019844 end=0x80019980 steps=126 reason=jr_ra target=0x80010EA4 ra=0x80010EA4 sp=0x80200000 f=281
[BLACKSCREEN][INTERP] enter start=0x80019844 instr0=0x27BDFFD0 a0=0x00000000 ra=0x80010EA4 sp=0x80200000 f=282
[BLACKSCREEN][INTERP-RA] pre-save pc=0x80019890 sp=0x801FFFD0 ra=0x80010EA4 slot_before=0x80010EA4 f=282
[BLACKSCREEN][INTERP-RA] pre-restore pc=0x8001995C sp=0x801FFFD0 ra=0x8001991C slot_now=0x80010EA4 f=282
[BLACKSCREEN][INTERP] start=0x80019844 end=0x80019980 steps=126 reason=jr_ra target=0x80010EA4 ra=0x80010EA4 sp=0x80200000 f=282
[BLACKSCREEN][INTERP] enter start=0x80019844 instr0=0x27BDFFD0 a0=0x00000000 ra=0x80010EA4 sp=0x80200000 f=283
[BLACKSCREEN][INTERP-RA] pre-save pc=0x80019890 sp=0x801FFFD0 ra=0x80010EA4 slot_before=0x80010EA4 f=283
[BLACKSCREEN][INTERP-RA] pre-restore pc=0x8001995C sp=0x801FFFD0 ra=0x8001991C slot_now=0x80010EA4 f=283
[BLACKSCREEN][INTERP] start=0x80019844 end=0x80019980 steps=126 reason=jr_ra target=0x80010EA4 ra=0x80010EA4 sp=0x80200000 f=283
[BLACKSCREEN][INTERP] enter start=0x80019844 instr0=0x27BDFFD0 a0=0x00000000 ra=0x80010EA4 sp=0x80200000 f=284
[BLACKSCREEN][INTERP-RA] pre-save pc=0x80019890 sp=0x801FFFD0 ra=0x80010EA4 slot_before=0x80010EA4 f=284
[BLACKSCREEN][INTERP-RA] pre-restore pc=0x8001995C sp=0x801FFFD0 ra=0x8001991C slot_now=0x80010EA4 f=284
[BLACKSCREEN][INTERP] start=0x80019844 end=0x80019980 steps=126 reason=jr_ra target=0x80010EA4 ra=0x80010EA4 sp=0x80200000 f=284
[BLACKSCREEN][INTERP] enter start=0x80019844 instr0=0x27BDFFD0 a0=0x00000000 ra=0x80010EA4 sp=0x80200000 f=285
[BLACKSCREEN][INTERP-RA] pre-save pc=0x80019890 sp=0x801FFFD0 ra=0x80010EA4 slot_before=0x80010EA4 f=285
[BLACKSCREEN][INTERP-RA] pre-restore pc=0x8001995C sp=0x801FFFD0 ra=0x8001991C slot_now=0x80010EA4 f=285
[BLACKSCREEN][INTERP] start=0x80019844 end=0x80019980 steps=126 reason=jr_ra target=0x80010EA4 ra=0x80010EA4 sp=0x80200000 f=285
[BLACKSCREEN][INTERP] enter start=0x80019844 instr0=0x27BDFFD0 a0=0x00000000 ra=0x80010EA4 sp=0x80200000 f=286
[BLACKSCREEN][INTERP-RA] pre-save pc=0x80019890 sp=0x801FFFD0 ra=0x80010EA4 slot_before=0x80010EA4 f=286
[BLACKSCREEN][INTERP-RA] pre-restore pc=0x8001995C sp=0x801FFFD0 ra=0x8001991C slot_now=0x80010EA4 f=286
[BLACKSCREEN][INTERP] start=0x80019844 end=0x80019980 steps=126 reason=jr_ra target=0x80010EA4 ra=0x80010EA4 sp=0x80200000 f=286
[BLACKSCREEN][INTERP] enter start=0x80019844 instr0=0x27BDFFD0 a0=0x00000000 ra=0x80010EA4 sp=0x80200000 f=287
[BLACKSCREEN][INTERP-RA] pre-save pc=0x80019890 sp=0x801FFFD0 ra=0x80010EA4 slot_before=0x80010EA4 f=287
[BLACKSCREEN][INTERP-RA] pre-restore pc=0x8001995C sp=0x801FFFD0 ra=0x8001991C slot_now=0x80010EA4 f=287
[BLACKSCREEN][INTERP] start=0x80019844 end=0x80019980 steps=126 reason=jr_ra target=0x80010EA4 ra=0x80010EA4 sp=0x80200000 f=287
[BLACKSCREEN][INTERP] enter start=0x80019844 instr0=0x27BDFFD0 a0=0x00000000 ra=0x80010EA4 sp=0x80200000 f=288
[BLACKSCREEN][INTERP-RA] pre-save pc=0x80019890 sp=0x801FFFD0 ra=0x80010EA4 slot_before=0x80010EA4 f=288
[BLACKSCREEN][INTERP-RA] pre-restore pc=0x8001995C sp=0x801FFFD0 ra=0x8001991C slot_now=0x80010EA4 f=288
[BLACKSCREEN][INTERP] start=0x80019844 end=0x80019980 steps=126 reason=jr_ra target=0x80010EA4 ra=0x80010EA4 sp=0x80200000 f=288
[BLACKSCREEN][INTERP] enter start=0x80019844 instr0=0x27BDFFD0 a0=0x00000000 ra=0x80010EA4 sp=0x80200000 f=289
[BLACKSCREEN][INTERP-RA] pre-save pc=0x80019890 sp=0x801FFFD0 ra=0x80010EA4 slot_before=0x80010EA4 f=289
[BLACKSCREEN][INTERP-RA] pre-restore pc=0x8001995C sp=0x801FFFD0 ra=0x8001991C slot_now=0x80010EA4 f=289
[BLACKSCREEN][INTERP] start=0x80019844 end=0x80019980 steps=126 reason=jr_ra target=0x80010EA4 ra=0x80010EA4 sp=0x80200000 f=289
[BLACKSCREEN][INTERP] enter start=0x80019844 instr0=0x27BDFFD0 a0=0x00000000 ra=0x80010EA4 sp=0x80200000 f=290
[BLACKSCREEN][INTERP-RA] pre-save pc=0x80019890 sp=0x801FFFD0 ra=0x80010EA4 slot_before=0x80010EA4 f=290
[BLACKSCREEN][INTERP-RA] pre-restore pc=0x8001995C sp=0x801FFFD0 ra=0x8001991C slot_now=0x80010EA4 f=290
[BLACKSCREEN][INTERP] start=0x80019844 end=0x80019980 steps=126 reason=jr_ra target=0x80010EA4 ra=0x80010EA4 sp=0x80200000 f=290
[BLACKSCREEN][INTERP] enter start=0x80019844 instr0=0x27BDFFD0 a0=0x00000000 ra=0x80010EA4 sp=0x80200000 f=291
[BLACKSCREEN][INTERP-RA] pre-save pc=0x80019890 sp=0x801FFFD0 ra=0x80010EA4 slot_before=0x80010EA4 f=291
[BLACKSCREEN][INTERP-RA] pre-restore pc=0x8001995C sp=0x801FFFD0 ra=0x8001991C slot_now=0x80010EA4 f=291
[BLACKSCREEN][INTERP] start=0x80019844 end=0x80019980 steps=126 reason=jr_ra target=0x80010EA4 ra=0x80010EA4 sp=0x80200000 f=291
[BLACKSCREEN][INTERP] enter start=0x80019844 instr0=0x27BDFFD0 a0=0x00000000 ra=0x80010EA4 sp=0x80200000 f=292
[BLACKSCREEN][INTERP-RA] pre-save pc=0x80019890 sp=0x801FFFD0 ra=0x80010EA4 slot_before=0x80010EA4 f=292
[BLACKSCREEN][INTERP-RA] pre-restore pc=0x8001995C sp=0x801FFFD0 ra=0x8001991C slot_now=0x80010EA4 f=292
[BLACKSCREEN][INTERP] start=0x80019844 end=0x80019980 steps=126 reason=jr_ra target=0x80010EA4 ra=0x80010EA4 sp=0x80200000 f=292
[BLACKSCREEN][INTERP] enter start=0x80019844 instr0=0x27BDFFD0 a0=0x00000000 ra=0x80010EA4 sp=0x80200000 f=293
[BLACKSCREEN][INTERP-RA] pre-save pc=0x80019890 sp=0x801FFFD0 ra=0x80010EA4 slot_before=0x80010EA4 f=293
[BLACKSCREEN][INTERP-RA] pre-restore pc=0x8001995C sp=0x801FFFD0 ra=0x8001991C slot_now=0x80010EA4 f=293
[BLACKSCREEN][INTERP] start=0x80019844 end=0x80019980 steps=126 reason=jr_ra target=0x80010EA4 ra=0x80010EA4 sp=0x80200000 f=293
[BLACKSCREEN][INTERP] enter start=0x80019844 instr0=0x27BDFFD0 a0=0x00000000 ra=0x80010EA4 sp=0x80200000 f=294
[BLACKSCREEN][INTERP-RA] pre-save pc=0x80019890 sp=0x801FFFD0 ra=0x80010EA4 slot_before=0x80010EA4 f=294
[BLACKSCREEN][INTERP-RA] pre-restore pc=0x8001995C sp=0x801FFFD0 ra=0x8001991C slot_now=0x80010EA4 f=294
[BLACKSCREEN][INTERP] start=0x80019844 end=0x80019980 steps=126 reason=jr_ra target=0x80010EA4 ra=0x80010EA4 sp=0x80200000 f=294
[BLACKSCREEN][INTERP] enter start=0x80019844 instr0=0x27BDFFD0 a0=0x00000000 ra=0x80010EA4 sp=0x80200000 f=295
[BLACKSCREEN][INTERP-RA] pre-save pc=0x80019890 sp=0x801FFFD0 ra=0x80010EA4 slot_before=0x80010EA4 f=295
[BLACKSCREEN][INTERP-RA] pre-restore pc=0x8001995C sp=0x801FFFD0 ra=0x8001991C slot_now=0x80010EA4 f=295
[BLACKSCREEN][INTERP] start=0x80019844 end=0x80019980 steps=126 reason=jr_ra target=0x80010EA4 ra=0x80010EA4 sp=0x80200000 f=295
[BLACKSCREEN][INTERP] enter start=0x80019844 instr0=0x27BDFFD0 a0=0x00000000 ra=0x80010EA4 sp=0x80200000 f=296
[BLACKSCREEN][INTERP-RA] pre-save pc=0x80019890 sp=0x801FFFD0 ra=0x80010EA4 slot_before=0x80010EA4 f=296
[BLACKSCREEN][INTERP-RA] pre-restore pc=0x8001995C sp=0x801FFFD0 ra=0x8001991C slot_now=0x80010EA4 f=296
[BLACKSCREEN][INTERP] start=0x80019844 end=0x80019980 steps=126 reason=jr_ra target=0x80010EA4 ra=0x80010EA4 sp=0x80200000 f=296
[BLACKSCREEN][INTERP] enter start=0x80019844 instr0=0x27BDFFD0 a0=0x00000000 ra=0x80010EA4 sp=0x80200000 f=297
[BLACKSCREEN][INTERP-RA] pre-save pc=0x80019890 sp=0x801FFFD0 ra=0x80010EA4 slot_before=0x80010EA4 f=297
[BLACKSCREEN][INTERP-RA] pre-restore pc=0x8001995C sp=0x801FFFD0 ra=0x8001991C slot_now=0x80010EA4 f=297
[BLACKSCREEN][INTERP] start=0x80019844 end=0x80019980 steps=126 reason=jr_ra target=0x80010EA4 ra=0x80010EA4 sp=0x80200000 f=297
[BLACKSCREEN][INTERP] enter start=0x80019844 instr0=0x27BDFFD0 a0=0x00000000 ra=0x80010EA4 sp=0x80200000 f=298
[BLACKSCREEN][INTERP-RA] pre-save pc=0x80019890 sp=0x801FFFD0 ra=0x80010EA4 slot_before=0x80010EA4 f=298
[BLACKSCREEN][INTERP-RA] pre-restore pc=0x8001995C sp=0x801FFFD0 ra=0x8001991C slot_now=0x80010EA4 f=298
[BLACKSCREEN][INTERP] start=0x80019844 end=0x80019980 steps=126 reason=jr_ra target=0x80010EA4 ra=0x80010EA4 sp=0x80200000 f=298
[BLACKSCREEN][INTERP] enter start=0x80019844 instr0=0x27BDFFD0 a0=0x00000000 ra=0x80010EA4 sp=0x80200000 f=299
[BLACKSCREEN][INTERP-RA] pre-save pc=0x80019890 sp=0x801FFFD0 ra=0x80010EA4 slot_before=0x80010EA4 f=299
[BLACKSCREEN][INTERP-RA] pre-restore pc=0x8001995C sp=0x801FFFD0 ra=0x8001991C slot_now=0x80010EA4 f=299
[BLACKSCREEN][INTERP] start=0x80019844 end=0x80019980 steps=126 reason=jr_ra target=0x80010EA4 ra=0x80010EA4 sp=0x80200000 f=299
[BLACKSCREEN][RendererPresent] present=300 f=300 disp=(0,0 320x240) vis=320x240 uv=(0.000,0.000)-(1.000,1.000)
[frame 300]
[BLACKSCREEN][INTERP] enter start=0x80019844 instr0=0x27BDFFD0 a0=0x00000000 ra=0x80010EA4 sp=0x80200000 f=300
[BLACKSCREEN][INTERP-RA] pre-save pc=0x80019890 sp=0x801FFFD0 ra=0x80010EA4 slot_before=0x80010EA4 f=300
[BLACKSCREEN][INTERP-RA] pre-restore pc=0x8001995C sp=0x801FFFD0 ra=0x8001991C slot_now=0x80010EA4 f=300
[BLACKSCREEN][INTERP] start=0x80019844 end=0x80019980 steps=126 reason=jr_ra target=0x80010EA4 ra=0x80010EA4 sp=0x80200000 f=300
[AutoShot] saved C:/temp/game_shot_01.png
[BLACKSCREEN][INTERP] enter start=0x80019844 instr0=0x27BDFFD0 a0=0x00000000 ra=0x80010EA4 sp=0x80200000 f=301
[BLACKSCREEN][INTERP-RA] pre-save pc=0x80019890 sp=0x801FFFD0 ra=0x80010EA4 slot_before=0x80010EA4 f=301
[BLACKSCREEN][INTERP-RA] pre-restore pc=0x8001995C sp=0x801FFFD0 ra=0x8001991C slot_now=0x80010EA4 f=301
[BLACKSCREEN][INTERP] start=0x80019844 end=0x80019980 steps=126 reason=jr_ra target=0x80010EA4 ra=0x80010EA4 sp=0x80200000 f=301
[BLACKSCREEN][INTERP] enter start=0x80019844 instr0=0x27BDFFD0 a0=0x00000000 ra=0x80010EA4 sp=0x80200000 f=302
[BLACKSCREEN][INTERP-RA] pre-save pc=0x80019890 sp=0x801FFFD0 ra=0x80010EA4 slot_before=0x80010EA4 f=302
[BLACKSCREEN][INTERP-RA] pre-restore pc=0x8001995C sp=0x801FFFD0 ra=0x8001991C slot_now=0x80010EA4 f=302
[BLACKSCREEN][INTERP] start=0x80019844 end=0x80019980 steps=126 reason=jr_ra target=0x80010EA4 ra=0x80010EA4 sp=0x80200000 f=302
[BLACKSCREEN][INTERP] enter start=0x80019844 instr0=0x27BDFFD0 a0=0x00000000 ra=0x80010EA4 sp=0x80200000 f=303
[BLACKSCREEN][INTERP-RA] pre-save pc=0x80019890 sp=0x801FFFD0 ra=0x80010EA4 slot_before=0x80010EA4 f=303
[BLACKSCREEN][INTERP-RA] pre-restore pc=0x8001995C sp=0x801FFFD0 ra=0x8001991C slot_now=0x80010EA4 f=303
[BLACKSCREEN][INTERP] start=0x80019844 end=0x80019980 steps=126 reason=jr_ra target=0x80010EA4 ra=0x80010EA4 sp=0x80200000 f=303
[AutoVRAM] saved C:/temp/game_vram.png
[BLACKSCREEN][INTERP] enter start=0x80019844 instr0=0x27BDFFD0 a0=0x00000000 ra=0x80010EA4 sp=0x80200000 f=304
[BLACKSCREEN][INTERP-RA] pre-save pc=0x80019890 sp=0x801FFFD0 ra=0x80010EA4 slot_before=0x80010EA4 f=304
[BLACKSCREEN][INTERP-RA] pre-restore pc=0x8001995C sp=0x801FFFD0 ra=0x8001991C slot_now=0x80010EA4 f=304
[BLACKSCREEN][INTERP] start=0x80019844 end=0x80019980 steps=126 reason=jr_ra target=0x80010EA4 ra=0x80010EA4 sp=0x80200000 f=304
[BLACKSCREEN][INTERP] enter start=0x80019844 instr0=0x27BDFFD0 a0=0x00000000 ra=0x80010EA4 sp=0x80200000 f=305
[BLACKSCREEN][INTERP-RA] pre-save pc=0x80019890 sp=0x801FFFD0 ra=0x80010EA4 slot_before=0x80010EA4 f=305
[BLACKSCREEN][INTERP-RA] pre-restore pc=0x8001995C sp=0x801FFFD0 ra=0x8001991C slot_now=0x80010EA4 f=305
[BLACKSCREEN][INTERP] start=0x80019844 end=0x80019980 steps=126 reason=jr_ra target=0x80010EA4 ra=0x80010EA4 sp=0x80200000 f=305
[BLACKSCREEN][INTERP] enter start=0x80019844 instr0=0x27BDFFD0 a0=0x00000000 ra=0x80010EA4 sp=0x80200000 f=306
[BLACKSCREEN][INTERP-RA] pre-save pc=0x80019890 sp=0x801FFFD0 ra=0x80010EA4 slot_before=0x80010EA4 f=306
[BLACKSCREEN][INTERP-RA] pre-restore pc=0x8001995C sp=0x801FFFD0 ra=0x8001991C slot_now=0x80010EA4 f=306
[BLACKSCREEN][INTERP] start=0x80019844 end=0x80019980 steps=126 reason=jr_ra target=0x80010EA4 ra=0x80010EA4 sp=0x80200000 f=306
[BLACKSCREEN][INTERP] enter start=0x80019844 instr0=0x27BDFFD0 a0=0x00000000 ra=0x80010EA4 sp=0x80200000 f=307
[BLACKSCREEN][INTERP-RA] pre-save pc=0x80019890 sp=0x801FFFD0 ra=0x80010EA4 slot_before=0x80010EA4 f=307
[BLACKSCREEN][INTERP-RA] pre-restore pc=0x8001995C sp=0x801FFFD0 ra=0x8001991C slot_now=0x80010EA4 f=307
[BLACKSCREEN][INTERP] start=0x80019844 end=0x80019980 steps=126 reason=jr_ra target=0x80010EA4 ra=0x80010EA4 sp=0x80200000 f=307
[BLACKSCREEN][INTERP] enter start=0x80019844 instr0=0x27BDFFD0 a0=0x00000000 ra=0x80010EA4 sp=0x80200000 f=308
[BLACKSCREEN][INTERP-RA] pre-save pc=0x80019890 sp=0x801FFFD0 ra=0x80010EA4 slot_before=0x80010EA4 f=308
[BLACKSCREEN][INTERP-RA] pre-restore pc=0x8001995C sp=0x801FFFD0 ra=0x8001991C slot_now=0x80010EA4 f=308
[BLACKSCREEN][INTERP] start=0x80019844 end=0x80019980 steps=126 reason=jr_ra target=0x80010EA4 ra=0x80010EA4 sp=0x80200000 f=308
[BLACKSCREEN][INTERP] enter start=0x80019844 instr0=0x27BDFFD0 a0=0x00000000 ra=0x80010EA4 sp=0x80200000 f=309
[BLACKSCREEN][INTERP-RA] pre-save pc=0x80019890 sp=0x801FFFD0 ra=0x80010EA4 slot_before=0x80010EA4 f=309
[BLACKSCREEN][INTERP-RA] pre-restore pc=0x8001995C sp=0x801FFFD0 ra=0x8001991C slot_now=0x80010EA4 f=309
[BLACKSCREEN][INTERP] start=0x80019844 end=0x80019980 steps=126 reason=jr_ra target=0x80010EA4 ra=0x80010EA4 sp=0x80200000 f=309
[BLACKSCREEN][INTERP] enter start=0x80019844 instr0=0x27BDFFD0 a0=0x00000000 ra=0x80010EA4 sp=0x80200000 f=310
[BLACKSCREEN][INTERP-RA] pre-save pc=0x80019890 sp=0x801FFFD0 ra=0x80010EA4 slot_before=0x80010EA4 f=310
[BLACKSCREEN][INTERP-RA] pre-restore pc=0x8001995C sp=0x801FFFD0 ra=0x8001991C slot_now=0x80010EA4 f=310
[BLACKSCREEN][INTERP] start=0x80019844 end=0x80019980 steps=126 reason=jr_ra target=0x80010EA4 ra=0x80010EA4 sp=0x80200000 f=310
[BLACKSCREEN][INTERP] enter start=0x80019844 instr0=0x27BDFFD0 a0=0x00000000 ra=0x80010EA4 sp=0x80200000 f=311
[BLACKSCREEN][INTERP-RA] pre-save pc=0x80019890 sp=0x801FFFD0 ra=0x80010EA4 slot_before=0x80010EA4 f=311
[BLACKSCREEN][INTERP-RA] pre-restore pc=0x8001995C sp=0x801FFFD0 ra=0x8001991C slot_now=0x80010EA4 f=311
[BLACKSCREEN][INTERP] start=0x80019844 end=0x80019980 steps=126 reason=jr_ra target=0x80010EA4 ra=0x80010EA4 sp=0x80200000 f=311
[BLACKSCREEN][INTERP] enter start=0x80019844 instr0=0x27BDFFD0 a0=0x00000000 ra=0x80010EA4 sp=0x80200000 f=312
[BLACKSCREEN][INTERP-RA] pre-save pc=0x80019890 sp=0x801FFFD0 ra=0x80010EA4 slot_before=0x80010EA4 f=312
[BLACKSCREEN][INTERP-RA] pre-restore pc=0x8001995C sp=0x801FFFD0 ra=0x8001991C slot_now=0x80010EA4 f=312
[BLACKSCREEN][INTERP] start=0x80019844 end=0x80019980 steps=126 reason=jr_ra target=0x80010EA4 ra=0x80010EA4 sp=0x80200000 f=312
[BLACKSCREEN][INTERP] enter start=0x80019844 instr0=0x27BDFFD0 a0=0x00000000 ra=0x80010EA4 sp=0x80200000 f=313
[BLACKSCREEN][INTERP-RA] pre-save pc=0x80019890 sp=0x801FFFD0 ra=0x80010EA4 slot_before=0x80010EA4 f=313
[BLACKSCREEN][INTERP-RA] pre-restore pc=0x8001995C sp=0x801FFFD0 ra=0x8001991C slot_now=0x80010EA4 f=313
[BLACKSCREEN][INTERP] start=0x80019844 end=0x80019980 steps=126 reason=jr_ra target=0x80010EA4 ra=0x80010EA4 sp=0x80200000 f=313
[BLACKSCREEN][INTERP] enter start=0x80019844 instr0=0x27BDFFD0 a0=0x00000000 ra=0x80010EA4 sp=0x80200000 f=314
[BLACKSCREEN][INTERP-RA] pre-save pc=0x80019890 sp=0x801FFFD0 ra=0x80010EA4 slot_before=0x80010EA4 f=314
[BLACKSCREEN][INTERP-RA] pre-restore pc=0x8001995C sp=0x801FFFD0 ra=0x8001991C slot_now=0x80010EA4 f=314
[BLACKSCREEN][INTERP] start=0x80019844 end=0x80019980 steps=126 reason=jr_ra target=0x80010EA4 ra=0x80010EA4 sp=0x80200000 f=314
[BLACKSCREEN][INTERP] enter start=0x80019844 instr0=0x27BDFFD0 a0=0x00000000 ra=0x80010EA4 sp=0x80200000 f=315
[BLACKSCREEN][INTERP-RA] pre-save pc=0x80019890 sp=0x801FFFD0 ra=0x80010EA4 slot_before=0x80010EA4 f=315
[BLACKSCREEN][INTERP-RA] pre-restore pc=0x8001995C sp=0x801FFFD0 ra=0x8001991C slot_now=0x80010EA4 f=315
[BLACKSCREEN][INTERP] start=0x80019844 end=0x80019980 steps=126 reason=jr_ra target=0x80010EA4 ra=0x80010EA4 sp=0x80200000 f=315
[BLACKSCREEN][INTERP] enter start=0x80019844 instr0=0x27BDFFD0 a0=0x00000000 ra=0x80010EA4 sp=0x80200000 f=316
[BLACKSCREEN][INTERP-RA] pre-save pc=0x80019890 sp=0x801FFFD0 ra=0x80010EA4 slot_before=0x80010EA4 f=316
[BLACKSCREEN][INTERP-RA] pre-restore pc=0x8001995C sp=0x801FFFD0 ra=0x8001991C slot_now=0x80010EA4 f=316
[BLACKSCREEN][INTERP] start=0x80019844 end=0x80019980 steps=126 reason=jr_ra target=0x80010EA4 ra=0x80010EA4 sp=0x80200000 f=316
[BLACKSCREEN][INTERP] enter start=0x80019844 instr0=0x27BDFFD0 a0=0x00000000 ra=0x80010EA4 sp=0x80200000 f=317
[BLACKSCREEN][INTERP-RA] pre-save pc=0x80019890 sp=0x801FFFD0 ra=0x80010EA4 slot_before=0x80010EA4 f=317
[BLACKSCREEN][INTERP-RA] pre-restore pc=0x8001995C sp=0x801FFFD0 ra=0x8001991C slot_now=0x80010EA4 f=317
[BLACKSCREEN][INTERP] start=0x80019844 end=0x80019980 steps=126 reason=jr_ra target=0x80010EA4 ra=0x80010EA4 sp=0x80200000 f=317
[BLACKSCREEN][INTERP] enter start=0x80019844 instr0=0x27BDFFD0 a0=0x00000000 ra=0x80010EA4 sp=0x80200000 f=318
[BLACKSCREEN][INTERP-RA] pre-save pc=0x80019890 sp=0x801FFFD0 ra=0x80010EA4 slot_before=0x80010EA4 f=318
[BLACKSCREEN][INTERP-RA] pre-restore pc=0x8001995C sp=0x801FFFD0 ra=0x8001991C slot_now=0x80010EA4 f=318
[BLACKSCREEN][INTERP] start=0x80019844 end=0x80019980 steps=126 reason=jr_ra target=0x80010EA4 ra=0x80010EA4 sp=0x80200000 f=318
[BLACKSCREEN][INTERP] enter start=0x80019844 instr0=0x27BDFFD0 a0=0x00000000 ra=0x80010EA4 sp=0x80200000 f=319
[BLACKSCREEN][INTERP-RA] pre-save pc=0x80019890 sp=0x801FFFD0 ra=0x80010EA4 slot_before=0x80010EA4 f=319
[BLACKSCREEN][INTERP-RA] pre-restore pc=0x8001995C sp=0x801FFFD0 ra=0x8001991C slot_now=0x80010EA4 f=319
[BLACKSCREEN][INTERP] start=0x80019844 end=0x80019980 steps=126 reason=jr_ra target=0x80010EA4 ra=0x80010EA4 sp=0x80200000 f=319
[BLACKSCREEN][INTERP] enter start=0x80019844 instr0=0x27BDFFD0 a0=0x00000000 ra=0x80010EA4 sp=0x80200000 f=320
[BLACKSCREEN][INTERP-RA] pre-save pc=0x80019890 sp=0x801FFFD0 ra=0x80010EA4 slot_before=0x80010EA4 f=320
[BLACKSCREEN][INTERP-RA] pre-restore pc=0x8001995C sp=0x801FFFD0 ra=0x8001991C slot_now=0x80010EA4 f=320
[BLACKSCREEN][INTERP] start=0x80019844 end=0x80019980 steps=126 reason=jr_ra target=0x80010EA4 ra=0x80010EA4 sp=0x80200000 f=320
[BLACKSCREEN][INTERP] enter start=0x80019844 instr0=0x27BDFFD0 a0=0x00000000 ra=0x80010EA4 sp=0x80200000 f=321
[BLACKSCREEN][INTERP-RA] pre-save pc=0x80019890 sp=0x801FFFD0 ra=0x80010EA4 slot_before=0x80010EA4 f=321
[BLACKSCREEN][INTERP-RA] pre-restore pc=0x8001995C sp=0x801FFFD0 ra=0x8001991C slot_now=0x80010EA4 f=321
[BLACKSCREEN][INTERP] start=0x80019844 end=0x80019980 steps=126 reason=jr_ra target=0x80010EA4 ra=0x80010EA4 sp=0x80200000 f=321
[BLACKSCREEN][INTERP] enter start=0x80019844 instr0=0x27BDFFD0 a0=0x00000000 ra=0x80010EA4 sp=0x80200000 f=322
[BLACKSCREEN][INTERP-RA] pre-save pc=0x80019890 sp=0x801FFFD0 ra=0x80010EA4 slot_before=0x80010EA4 f=322
[BLACKSCREEN][INTERP-RA] pre-restore pc=0x8001995C sp=0x801FFFD0 ra=0x8001991C slot_now=0x80010EA4 f=322
[BLACKSCREEN][INTERP] start=0x80019844 end=0x80019980 steps=126 reason=jr_ra target=0x80010EA4 ra=0x80010EA4 sp=0x80200000 f=322
[BLACKSCREEN][INTERP] enter start=0x80019844 instr0=0x27BDFFD0 a0=0x00000000 ra=0x80010EA4 sp=0x80200000 f=323
[BLACKSCREEN][INTERP-RA] pre-save pc=0x80019890 sp=0x801FFFD0 ra=0x80010EA4 slot_before=0x80010EA4 f=323
[BLACKSCREEN][INTERP-RA] pre-restore pc=0x8001995C sp=0x801FFFD0 ra=0x8001991C slot_now=0x80010EA4 f=323
[BLACKSCREEN][INTERP] start=0x80019844 end=0x80019980 steps=126 reason=jr_ra target=0x80010EA4 ra=0x80010EA4 sp=0x80200000 f=323
[BLACKSCREEN][INTERP] enter start=0x80019844 instr0=0x27BDFFD0 a0=0x00000000 ra=0x80010EA4 sp=0x80200000 f=324
[BLACKSCREEN][INTERP-RA] pre-save pc=0x80019890 sp=0x801FFFD0 ra=0x80010EA4 slot_before=0x80010EA4 f=324
[BLACKSCREEN][INTERP-RA] pre-restore pc=0x8001995C sp=0x801FFFD0 ra=0x8001991C slot_now=0x80010EA4 f=324
[BLACKSCREEN][INTERP] start=0x80019844 end=0x80019980 steps=126 reason=jr_ra target=0x80010EA4 ra=0x80010EA4 sp=0x80200000 f=324
[BLACKSCREEN][INTERP] enter start=0x80019844 instr0=0x27BDFFD0 a0=0x00000000 ra=0x80010EA4 sp=0x80200000 f=325
[BLACKSCREEN][INTERP-RA] pre-save pc=0x80019890 sp=0x801FFFD0 ra=0x80010EA4 slot_before=0x80010EA4 f=325
[BLACKSCREEN][INTERP-RA] pre-restore pc=0x8001995C sp=0x801FFFD0 ra=0x8001991C slot_now=0x80010EA4 f=325
[BLACKSCREEN][INTERP] start=0x80019844 end=0x80019980 steps=126 reason=jr_ra target=0x80010EA4 ra=0x80010EA4 sp=0x80200000 f=325
[BLACKSCREEN][INTERP] enter start=0x80019844 instr0=0x27BDFFD0 a0=0x00000000 ra=0x80010EA4 sp=0x80200000 f=326
[BLACKSCREEN][INTERP-RA] pre-save pc=0x80019890 sp=0x801FFFD0 ra=0x80010EA4 slot_before=0x80010EA4 f=326
[BLACKSCREEN][INTERP-RA] pre-restore pc=0x8001995C sp=0x801FFFD0 ra=0x8001991C slot_now=0x80010EA4 f=326
[BLACKSCREEN][INTERP] start=0x80019844 end=0x80019980 steps=126 reason=jr_ra target=0x80010EA4 ra=0x80010EA4 sp=0x80200000 f=326
[BLACKSCREEN][INTERP] enter start=0x80019844 instr0=0x27BDFFD0 a0=0x00000000 ra=0x80010EA4 sp=0x80200000 f=327
[BLACKSCREEN][INTERP-RA] pre-save pc=0x80019890 sp=0x801FFFD0 ra=0x80010EA4 slot_before=0x80010EA4 f=327
[BLACKSCREEN][INTERP-RA] pre-restore pc=0x8001995C sp=0x801FFFD0 ra=0x8001991C slot_now=0x80010EA4 f=327
[BLACKSCREEN][INTERP] start=0x80019844 end=0x80019980 steps=126 reason=jr_ra target=0x80010EA4 ra=0x80010EA4 sp=0x80200000 f=327
[BLACKSCREEN][INTERP] enter start=0x80019844 instr0=0x27BDFFD0 a0=0x00000000 ra=0x80010EA4 sp=0x80200000 f=328
[BLACKSCREEN][INTERP-RA] pre-save pc=0x80019890 sp=0x801FFFD0 ra=0x80010EA4 slot_before=0x80010EA4 f=328
[BLACKSCREEN][INTERP-RA] pre-restore pc=0x8001995C sp=0x801FFFD0 ra=0x8001991C slot_now=0x80010EA4 f=328
[BLACKSCREEN][INTERP] start=0x80019844 end=0x80019980 steps=126 reason=jr_ra target=0x80010EA4 ra=0x80010EA4 sp=0x80200000 f=328
[BLACKSCREEN][INTERP] enter start=0x80019844 instr0=0x27BDFFD0 a0=0x00000000 ra=0x80010EA4 sp=0x80200000 f=329
[BLACKSCREEN][INTERP-RA] pre-save pc=0x80019890 sp=0x801FFFD0 ra=0x80010EA4 slot_before=0x80010EA4 f=329
[BLACKSCREEN][INTERP-RA] pre-restore pc=0x8001995C sp=0x801FFFD0 ra=0x8001991C slot_now=0x80010EA4 f=329
[BLACKSCREEN][INTERP] start=0x80019844 end=0x80019980 steps=126 reason=jr_ra target=0x80010EA4 ra=0x80010EA4 sp=0x80200000 f=329
[BLACKSCREEN][INTERP] enter start=0x80019844 instr0=0x27BDFFD0 a0=0x00000000 ra=0x80010EA4 sp=0x80200000 f=330
[BLACKSCREEN][INTERP-RA] pre-save pc=0x80019890 sp=0x801FFFD0 ra=0x80010EA4 slot_before=0x80010EA4 f=330
[BLACKSCREEN][INTERP-RA] pre-restore pc=0x8001995C sp=0x801FFFD0 ra=0x8001991C slot_now=0x80010EA4 f=330
[BLACKSCREEN][INTERP] start=0x80019844 end=0x80019980 steps=126 reason=jr_ra target=0x80010EA4 ra=0x80010EA4 sp=0x80200000 f=330
[BLACKSCREEN][INTERP] enter start=0x80019844 instr0=0x27BDFFD0 a0=0x00000000 ra=0x80010EA4 sp=0x80200000 f=331
[BLACKSCREEN][INTERP-RA] pre-save pc=0x80019890 sp=0x801FFFD0 ra=0x80010EA4 slot_before=0x80010EA4 f=331
[BLACKSCREEN][INTERP-RA] pre-restore pc=0x8001995C sp=0x801FFFD0 ra=0x8001991C slot_now=0x80010EA4 f=331
[BLACKSCREEN][INTERP] start=0x80019844 end=0x80019980 steps=126 reason=jr_ra target=0x80010EA4 ra=0x80010EA4 sp=0x80200000 f=331
[BLACKSCREEN][INTERP] enter start=0x80019844 instr0=0x27BDFFD0 a0=0x00000000 ra=0x80010EA4 sp=0x80200000 f=332
[BLACKSCREEN][INTERP-RA] pre-save pc=0x80019890 sp=0x801FFFD0 ra=0x80010EA4 slot_before=0x80010EA4 f=332
[BLACKSCREEN][INTERP-RA] pre-restore pc=0x8001995C sp=0x801FFFD0 ra=0x8001991C slot_now=0x80010EA4 f=332
[BLACKSCREEN][INTERP] start=0x80019844 end=0x80019980 steps=126 reason=jr_ra target=0x80010EA4 ra=0x80010EA4 sp=0x80200000 f=332
[BLACKSCREEN][INTERP] enter start=0x80019844 instr0=0x27BDFFD0 a0=0x00000000 ra=0x80010EA4 sp=0x80200000 f=333
[BLACKSCREEN][INTERP-RA] pre-save pc=0x80019890 sp=0x801FFFD0 ra=0x80010EA4 slot_before=0x80010EA4 f=333
[BLACKSCREEN][INTERP-RA] pre-restore pc=0x8001995C sp=0x801FFFD0 ra=0x8001991C slot_now=0x80010EA4 f=333
[BLACKSCREEN][INTERP] start=0x80019844 end=0x80019980 steps=126 reason=jr_ra target=0x80010EA4 ra=0x80010EA4 sp=0x80200000 f=333
[BLACKSCREEN][INTERP] enter start=0x80019844 instr0=0x27BDFFD0 a0=0x00000000 ra=0x80010EA4 sp=0x80200000 f=334
[BLACKSCREEN][INTERP-RA] pre-save pc=0x80019890 sp=0x801FFFD0 ra=0x80010EA4 slot_before=0x80010EA4 f=334
[BLACKSCREEN][INTERP-RA] pre-restore pc=0x8001995C sp=0x801FFFD0 ra=0x8001991C slot_now=0x80010EA4 f=334
[BLACKSCREEN][INTERP] start=0x80019844 end=0x80019980 steps=126 reason=jr_ra target=0x80010EA4 ra=0x80010EA4 sp=0x80200000 f=334
[BLACKSCREEN][INTERP] enter start=0x80019844 instr0=0x27BDFFD0 a0=0x00000000 ra=0x80010EA4 sp=0x80200000 f=335
[BLACKSCREEN][INTERP-RA] pre-save pc=0x80019890 sp=0x801FFFD0 ra=0x80010EA4 slot_before=0x80010EA4 f=335
[BLACKSCREEN][INTERP-RA] pre-restore pc=0x8001995C sp=0x801FFFD0 ra=0x8001991C slot_now=0x80010EA4 f=335
[BLACKSCREEN][INTERP] start=0x80019844 end=0x80019980 steps=126 reason=jr_ra target=0x80010EA4 ra=0x80010EA4 sp=0x80200000 f=335
[BLACKSCREEN][INTERP] enter start=0x80019844 instr0=0x27BDFFD0 a0=0x00000000 ra=0x80010EA4 sp=0x80200000 f=336
[BLACKSCREEN][INTERP-RA] pre-save pc=0x80019890 sp=0x801FFFD0 ra=0x80010EA4 slot_before=0x80010EA4 f=336
[BLACKSCREEN][INTERP-RA] pre-restore pc=0x8001995C sp=0x801FFFD0 ra=0x8001991C slot_now=0x80010EA4 f=336
[BLACKSCREEN][INTERP] start=0x80019844 end=0x80019980 steps=126 reason=jr_ra target=0x80010EA4 ra=0x80010EA4 sp=0x80200000 f=336
[BLACKSCREEN][INTERP] enter start=0x80019844 instr0=0x27BDFFD0 a0=0x00000000 ra=0x80010EA4 sp=0x80200000 f=337
[BLACKSCREEN][INTERP-RA] pre-save pc=0x80019890 sp=0x801FFFD0 ra=0x80010EA4 slot_before=0x80010EA4 f=337
[BLACKSCREEN][INTERP-RA] pre-restore pc=0x8001995C sp=0x801FFFD0 ra=0x8001991C slot_now=0x80010EA4 f=337
[BLACKSCREEN][INTERP] start=0x80019844 end=0x80019980 steps=126 reason=jr_ra target=0x80010EA4 ra=0x80010EA4 sp=0x80200000 f=337
[BLACKSCREEN][INTERP] enter start=0x80019844 instr0=0x27BDFFD0 a0=0x00000000 ra=0x80010EA4 sp=0x80200000 f=338
[BLACKSCREEN][INTERP-RA] pre-save pc=0x80019890 sp=0x801FFFD0 ra=0x80010EA4 slot_before=0x80010EA4 f=338
[BLACKSCREEN][INTERP-RA] pre-restore pc=0x8001995C sp=0x801FFFD0 ra=0x8001991C slot_now=0x80010EA4 f=338
[BLACKSCREEN][INTERP] start=0x80019844 end=0x80019980 steps=126 reason=jr_ra target=0x80010EA4 ra=0x80010EA4 sp=0x80200000 f=338
[BLACKSCREEN][INTERP] enter start=0x80019844 instr0=0x27BDFFD0 a0=0x00000000 ra=0x80010EA4 sp=0x80200000 f=339
[BLACKSCREEN][INTERP-RA] pre-save pc=0x80019890 sp=0x801FFFD0 ra=0x80010EA4 slot_before=0x80010EA4 f=339
[BLACKSCREEN][INTERP-RA] pre-restore pc=0x8001995C sp=0x801FFFD0 ra=0x8001991C slot_now=0x80010EA4 f=339
[BLACKSCREEN][INTERP] start=0x80019844 end=0x80019980 steps=126 reason=jr_ra target=0x80010EA4 ra=0x80010EA4 sp=0x80200000 f=339
[BLACKSCREEN][INTERP] enter start=0x80019844 instr0=0x27BDFFD0 a0=0x00000000 ra=0x80010EA4 sp=0x80200000 f=340
[BLACKSCREEN][INTERP-RA] pre-save pc=0x80019890 sp=0x801FFFD0 ra=0x80010EA4 slot_before=0x80010EA4 f=340
[BLACKSCREEN][INTERP-RA] pre-restore pc=0x8001995C sp=0x801FFFD0 ra=0x8001991C slot_now=0x80010EA4 f=340
[BLACKSCREEN][INTERP] start=0x80019844 end=0x80019980 steps=126 reason=jr_ra target=0x80010EA4 ra=0x80010EA4 sp=0x80200000 f=340
[BLACKSCREEN][INTERP] enter start=0x80019844 instr0=0x27BDFFD0 a0=0x00000000 ra=0x80010EA4 sp=0x80200000 f=341
[BLACKSCREEN][INTERP-RA] pre-save pc=0x80019890 sp=0x801FFFD0 ra=0x80010EA4 slot_before=0x80010EA4 f=341
[BLACKSCREEN][INTERP-RA] pre-restore pc=0x8001995C sp=0x801FFFD0 ra=0x8001991C slot_now=0x80010EA4 f=341
[BLACKSCREEN][INTERP] start=0x80019844 end=0x80019980 steps=126 reason=jr_ra target=0x80010EA4 ra=0x80010EA4 sp=0x80200000 f=341
[BLACKSCREEN][INTERP] enter start=0x80019844 instr0=0x27BDFFD0 a0=0x00000000 ra=0x80010EA4 sp=0x80200000 f=342
[BLACKSCREEN][INTERP-RA] pre-save pc=0x80019890 sp=0x801FFFD0 ra=0x80010EA4 slot_before=0x80010EA4 f=342
[BLACKSCREEN][INTERP-RA] pre-restore pc=0x8001995C sp=0x801FFFD0 ra=0x8001991C slot_now=0x80010EA4 f=342
[BLACKSCREEN][INTERP] start=0x80019844 end=0x80019980 steps=126 reason=jr_ra target=0x80010EA4 ra=0x80010EA4 sp=0x80200000 f=342
[BLACKSCREEN][INTERP] enter start=0x80019844 instr0=0x27BDFFD0 a0=0x00000000 ra=0x80010EA4 sp=0x80200000 f=343
[BLACKSCREEN][INTERP-RA] pre-save pc=0x80019890 sp=0x801FFFD0 ra=0x80010EA4 slot_before=0x80010EA4 f=343
[BLACKSCREEN][INTERP-RA] pre-restore pc=0x8001995C sp=0x801FFFD0 ra=0x8001991C slot_now=0x80010EA4 f=343
[BLACKSCREEN][INTERP] start=0x80019844 end=0x80019980 steps=126 reason=jr_ra target=0x80010EA4 ra=0x80010EA4 sp=0x80200000 f=343
[BLACKSCREEN][INTERP] enter start=0x80019844 instr0=0x27BDFFD0 a0=0x00000000 ra=0x80010EA4 sp=0x80200000 f=344
[BLACKSCREEN][INTERP-RA] pre-save pc=0x80019890 sp=0x801FFFD0 ra=0x80010EA4 slot_before=0x80010EA4 f=344
[BLACKSCREEN][INTERP-RA] pre-restore pc=0x8001995C sp=0x801FFFD0 ra=0x8001991C slot_now=0x80010EA4 f=344
[BLACKSCREEN][INTERP] start=0x80019844 end=0x80019980 steps=126 reason=jr_ra target=0x80010EA4 ra=0x80010EA4 sp=0x80200000 f=344
[BLACKSCREEN][INTERP] enter start=0x80019844 instr0=0x27BDFFD0 a0=0x00000000 ra=0x80010EA4 sp=0x80200000 f=345
[BLACKSCREEN][INTERP-RA] pre-save pc=0x80019890 sp=0x801FFFD0 ra=0x80010EA4 slot_before=0x80010EA4 f=345
[BLACKSCREEN][INTERP-RA] pre-restore pc=0x8001995C sp=0x801FFFD0 ra=0x8001991C slot_now=0x80010EA4 f=345
[BLACKSCREEN][INTERP] start=0x80019844 end=0x80019980 steps=126 reason=jr_ra target=0x80010EA4 ra=0x80010EA4 sp=0x80200000 f=345
[BLACKSCREEN][INTERP] enter start=0x80019844 instr0=0x27BDFFD0 a0=0x00000000 ra=0x80010EA4 sp=0x80200000 f=346
[BLACKSCREEN][INTERP-RA] pre-save pc=0x80019890 sp=0x801FFFD0 ra=0x80010EA4 slot_before=0x80010EA4 f=346
[BLACKSCREEN][INTERP-RA] pre-restore pc=0x8001995C sp=0x801FFFD0 ra=0x8001991C slot_now=0x80010EA4 f=346
[BLACKSCREEN][INTERP] start=0x80019844 end=0x80019980 steps=126 reason=jr_ra target=0x80010EA4 ra=0x80010EA4 sp=0x80200000 f=346
[BLACKSCREEN][INTERP] enter start=0x80019844 instr0=0x27BDFFD0 a0=0x00000000 ra=0x80010EA4 sp=0x80200000 f=347
[BLACKSCREEN][INTERP-RA] pre-save pc=0x80019890 sp=0x801FFFD0 ra=0x80010EA4 slot_before=0x80010EA4 f=347
[BLACKSCREEN][INTERP-RA] pre-restore pc=0x8001995C sp=0x801FFFD0 ra=0x8001991C slot_now=0x80010EA4 f=347
[BLACKSCREEN][INTERP] start=0x80019844 end=0x80019980 steps=126 reason=jr_ra target=0x80010EA4 ra=0x80010EA4 sp=0x80200000 f=347
[BLACKSCREEN][INTERP] enter start=0x80019844 instr0=0x27BDFFD0 a0=0x00000000 ra=0x80010EA4 sp=0x80200000 f=348
[BLACKSCREEN][INTERP-RA] pre-save pc=0x80019890 sp=0x801FFFD0 ra=0x80010EA4 slot_before=0x80010EA4 f=348
[BLACKSCREEN][INTERP-RA] pre-restore pc=0x8001995C sp=0x801FFFD0 ra=0x8001991C slot_now=0x80010EA4 f=348
[BLACKSCREEN][INTERP] start=0x80019844 end=0x80019980 steps=126 reason=jr_ra target=0x80010EA4 ra=0x80010EA4 sp=0x80200000 f=348
[BLACKSCREEN][INTERP] enter start=0x80019844 instr0=0x27BDFFD0 a0=0x00000000 ra=0x80010EA4 sp=0x80200000 f=349
[BLACKSCREEN][INTERP-RA] pre-save pc=0x80019890 sp=0x801FFFD0 ra=0x80010EA4 slot_before=0x80010EA4 f=349
[BLACKSCREEN][INTERP-RA] pre-restore pc=0x8001995C sp=0x801FFFD0 ra=0x8001991C slot_now=0x80010EA4 f=349
[BLACKSCREEN][INTERP] start=0x80019844 end=0x80019980 steps=126 reason=jr_ra target=0x80010EA4 ra=0x80010EA4 sp=0x80200000 f=349
[BLACKSCREEN][INTERP] enter start=0x80019844 instr0=0x27BDFFD0 a0=0x00000000 ra=0x80010EA4 sp=0x80200000 f=350
[BLACKSCREEN][INTERP-RA] pre-save pc=0x80019890 sp=0x801FFFD0 ra=0x80010EA4 slot_before=0x80010EA4 f=350
[BLACKSCREEN][INTERP-RA] pre-restore pc=0x8001995C sp=0x801FFFD0 ra=0x8001991C slot_now=0x80010EA4 f=350
[BLACKSCREEN][INTERP] start=0x80019844 end=0x80019980 steps=126 reason=jr_ra target=0x80010EA4 ra=0x80010EA4 sp=0x80200000 f=350
[BLACKSCREEN][INTERP] enter start=0x80019844 instr0=0x27BDFFD0 a0=0x00000000 ra=0x80010EA4 sp=0x80200000 f=351
[BLACKSCREEN][INTERP-RA] pre-save pc=0x80019890 sp=0x801FFFD0 ra=0x80010EA4 slot_before=0x80010EA4 f=351
[BLACKSCREEN][INTERP-RA] pre-restore pc=0x8001995C sp=0x801FFFD0 ra=0x8001991C slot_now=0x80010EA4 f=351
[BLACKSCREEN][INTERP] start=0x80019844 end=0x80019980 steps=126 reason=jr_ra target=0x80010EA4 ra=0x80010EA4 sp=0x80200000 f=351
[BLACKSCREEN][INTERP] enter start=0x80019844 instr0=0x27BDFFD0 a0=0x00000000 ra=0x80010EA4 sp=0x80200000 f=352
[BLACKSCREEN][INTERP-RA] pre-save pc=0x80019890 sp=0x801FFFD0 ra=0x80010EA4 slot_before=0x80010EA4 f=352
[BLACKSCREEN][INTERP-RA] pre-restore pc=0x8001995C sp=0x801FFFD0 ra=0x8001991C slot_now=0x80010EA4 f=352
[BLACKSCREEN][INTERP] start=0x80019844 end=0x80019980 steps=126 reason=jr_ra target=0x80010EA4 ra=0x80010EA4 sp=0x80200000 f=352
[BLACKSCREEN][INTERP] enter start=0x80019844 instr0=0x27BDFFD0 a0=0x00000000 ra=0x80010EA4 sp=0x80200000 f=353
[BLACKSCREEN][INTERP-RA] pre-save pc=0x80019890 sp=0x801FFFD0 ra=0x80010EA4 slot_before=0x80010EA4 f=353
[BLACKSCREEN][INTERP-RA] pre-restore pc=0x8001995C sp=0x801FFFD0 ra=0x8001991C slot_now=0x80010EA4 f=353
[BLACKSCREEN][INTERP] start=0x80019844 end=0x80019980 steps=126 reason=jr_ra target=0x80010EA4 ra=0x80010EA4 sp=0x80200000 f=353
[BLACKSCREEN][INTERP] enter start=0x80019844 instr0=0x27BDFFD0 a0=0x00000000 ra=0x80010EA4 sp=0x80200000 f=354
[BLACKSCREEN][INTERP-RA] pre-save pc=0x80019890 sp=0x801FFFD0 ra=0x80010EA4 slot_before=0x80010EA4 f=354
[BLACKSCREEN][INTERP-RA] pre-restore pc=0x8001995C sp=0x801FFFD0 ra=0x8001991C slot_now=0x80010EA4 f=354
[BLACKSCREEN][INTERP] start=0x80019844 end=0x80019980 steps=126 reason=jr_ra target=0x80010EA4 ra=0x80010EA4 sp=0x80200000 f=354
[BLACKSCREEN][INTERP] enter start=0x80019844 instr0=0x27BDFFD0 a0=0x00000000 ra=0x80010EA4 sp=0x80200000 f=355
[BLACKSCREEN][INTERP-RA] pre-save pc=0x80019890 sp=0x801FFFD0 ra=0x80010EA4 slot_before=0x80010EA4 f=355
[BLACKSCREEN][INTERP-RA] pre-restore pc=0x8001995C sp=0x801FFFD0 ra=0x8001991C slot_now=0x80010EA4 f=355
[BLACKSCREEN][INTERP] start=0x80019844 end=0x80019980 steps=126 reason=jr_ra target=0x80010EA4 ra=0x80010EA4 sp=0x80200000 f=355
[BLACKSCREEN][INTERP] enter start=0x80019844 instr0=0x27BDFFD0 a0=0x00000000 ra=0x80010EA4 sp=0x80200000 f=356
[BLACKSCREEN][INTERP-RA] pre-save pc=0x80019890 sp=0x801FFFD0 ra=0x80010EA4 slot_before=0x80010EA4 f=356
[BLACKSCREEN][INTERP-RA] pre-restore pc=0x8001995C sp=0x801FFFD0 ra=0x8001991C slot_now=0x80010EA4 f=356
[BLACKSCREEN][INTERP] start=0x80019844 end=0x80019980 steps=126 reason=jr_ra target=0x80010EA4 ra=0x80010EA4 sp=0x80200000 f=356
[BLACKSCREEN][INTERP] enter start=0x80019844 instr0=0x27BDFFD0 a0=0x00000000 ra=0x80010EA4 sp=0x80200000 f=357
[BLACKSCREEN][INTERP-RA] pre-save pc=0x80019890 sp=0x801FFFD0 ra=0x80010EA4 slot_before=0x80010EA4 f=357
[BLACKSCREEN][INTERP-RA] pre-restore pc=0x8001995C sp=0x801FFFD0 ra=0x8001991C slot_now=0x80010EA4 f=357
[BLACKSCREEN][INTERP] start=0x80019844 end=0x80019980 steps=126 reason=jr_ra target=0x80010EA4 ra=0x80010EA4 sp=0x80200000 f=357
[BLACKSCREEN][INTERP] enter start=0x80019844 instr0=0x27BDFFD0 a0=0x00000000 ra=0x80010EA4 sp=0x80200000 f=358
[BLACKSCREEN][INTERP-RA] pre-save pc=0x80019890 sp=0x801FFFD0 ra=0x80010EA4 slot_before=0x80010EA4 f=358
[BLACKSCREEN][INTERP-RA] pre-restore pc=0x8001995C sp=0x801FFFD0 ra=0x8001991C slot_now=0x80010EA4 f=358
[BLACKSCREEN][INTERP] start=0x80019844 end=0x80019980 steps=126 reason=jr_ra target=0x80010EA4 ra=0x80010EA4 sp=0x80200000 f=358
[BLACKSCREEN][INTERP] enter start=0x80019844 instr0=0x27BDFFD0 a0=0x00000000 ra=0x80010EA4 sp=0x80200000 f=359
[BLACKSCREEN][INTERP-RA] pre-save pc=0x80019890 sp=0x801FFFD0 ra=0x80010EA4 slot_before=0x80010EA4 f=359
[BLACKSCREEN][INTERP-RA] pre-restore pc=0x8001995C sp=0x801FFFD0 ra=0x8001991C slot_now=0x80010EA4 f=359
[BLACKSCREEN][INTERP] start=0x80019844 end=0x80019980 steps=126 reason=jr_ra target=0x80010EA4 ra=0x80010EA4 sp=0x80200000 f=359
[frame 360]
[BLACKSCREEN][INTERP] enter start=0x80019844 instr0=0x27BDFFD0 a0=0x00000000 ra=0x80010EA4 sp=0x80200000 f=360
[BLACKSCREEN][INTERP-RA] pre-save pc=0x80019890 sp=0x801FFFD0 ra=0x80010EA4 slot_before=0x80010EA4 f=360
[BLACKSCREEN][INTERP-RA] pre-restore pc=0x8001995C sp=0x801FFFD0 ra=0x8001991C slot_now=0x80010EA4 f=360
[BLACKSCREEN][INTERP] start=0x80019844 end=0x80019980 steps=126 reason=jr_ra target=0x80010EA4 ra=0x80010EA4 sp=0x80200000 f=360
[BLACKSCREEN][INTERP] enter start=0x80019844 instr0=0x27BDFFD0 a0=0x00000000 ra=0x80010EA4 sp=0x80200000 f=361
[BLACKSCREEN][INTERP-RA] pre-save pc=0x80019890 sp=0x801FFFD0 ra=0x80010EA4 slot_before=0x80010EA4 f=361
[BLACKSCREEN][INTERP-RA] pre-restore pc=0x8001995C sp=0x801FFFD0 ra=0x8001991C slot_now=0x80010EA4 f=361
[BLACKSCREEN][INTERP] start=0x80019844 end=0x80019980 steps=126 reason=jr_ra target=0x80010EA4 ra=0x80010EA4 sp=0x80200000 f=361
[BLACKSCREEN][INTERP] enter start=0x80019844 instr0=0x27BDFFD0 a0=0x00000000 ra=0x80010EA4 sp=0x80200000 f=362
[BLACKSCREEN][INTERP-RA] pre-save pc=0x80019890 sp=0x801FFFD0 ra=0x80010EA4 slot_before=0x80010EA4 f=362
[BLACKSCREEN][INTERP-RA] pre-restore pc=0x8001995C sp=0x801FFFD0 ra=0x8001991C slot_now=0x80010EA4 f=362
[BLACKSCREEN][INTERP] start=0x80019844 end=0x80019980 steps=126 reason=jr_ra target=0x80010EA4 ra=0x80010EA4 sp=0x80200000 f=362
[BLACKSCREEN][INTERP] enter start=0x80019844 instr0=0x27BDFFD0 a0=0x00000000 ra=0x80010EA4 sp=0x80200000 f=363
[BLACKSCREEN][INTERP-RA] pre-save pc=0x80019890 sp=0x801FFFD0 ra=0x80010EA4 slot_before=0x80010EA4 f=363
[BLACKSCREEN][INTERP-RA] pre-restore pc=0x8001995C sp=0x801FFFD0 ra=0x8001991C slot_now=0x80010EA4 f=363
[BLACKSCREEN][INTERP] start=0x80019844 end=0x80019980 steps=126 reason=jr_ra target=0x80010EA4 ra=0x80010EA4 sp=0x80200000 f=363
[BLACKSCREEN][INTERP] enter start=0x80019844 instr0=0x27BDFFD0 a0=0x00000000 ra=0x80010EA4 sp=0x80200000 f=364
[BLACKSCREEN][INTERP-RA] pre-save pc=0x80019890 sp=0x801FFFD0 ra=0x80010EA4 slot_before=0x80010EA4 f=364
[BLACKSCREEN][INTERP-RA] pre-restore pc=0x8001995C sp=0x801FFFD0 ra=0x8001991C slot_now=0x80010EA4 f=364
[BLACKSCREEN][INTERP] start=0x80019844 end=0x80019980 steps=126 reason=jr_ra target=0x80010EA4 ra=0x80010EA4 sp=0x80200000 f=364
[BLACKSCREEN][INTERP] enter start=0x80019844 instr0=0x27BDFFD0 a0=0x00000000 ra=0x80010EA4 sp=0x80200000 f=365
[BLACKSCREEN][INTERP-RA] pre-save pc=0x80019890 sp=0x801FFFD0 ra=0x80010EA4 slot_before=0x80010EA4 f=365
[BLACKSCREEN][INTERP-RA] pre-restore pc=0x8001995C sp=0x801FFFD0 ra=0x8001991C slot_now=0x80010EA4 f=365
[BLACKSCREEN][INTERP] start=0x80019844 end=0x80019980 steps=126 reason=jr_ra target=0x80010EA4 ra=0x80010EA4 sp=0x80200000 f=365
[BLACKSCREEN][INTERP] enter start=0x80019844 instr0=0x27BDFFD0 a0=0x00000000 ra=0x80010EA4 sp=0x80200000 f=366
[BLACKSCREEN][INTERP-RA] pre-save pc=0x80019890 sp=0x801FFFD0 ra=0x80010EA4 slot_before=0x80010EA4 f=366
[BLACKSCREEN][INTERP-RA] pre-restore pc=0x8001995C sp=0x801FFFD0 ra=0x8001991C slot_now=0x80010EA4 f=366
[BLACKSCREEN][INTERP] start=0x80019844 end=0x80019980 steps=126 reason=jr_ra target=0x80010EA4 ra=0x80010EA4 sp=0x80200000 f=366
[BLACKSCREEN][INTERP] enter start=0x80019844 instr0=0x27BDFFD0 a0=0x00000000 ra=0x80010EA4 sp=0x80200000 f=367
[BLACKSCREEN][INTERP-RA] pre-save pc=0x80019890 sp=0x801FFFD0 ra=0x80010EA4 slot_before=0x80010EA4 f=367
[BLACKSCREEN][INTERP-RA] pre-restore pc=0x8001995C sp=0x801FFFD0 ra=0x8001991C slot_now=0x80010EA4 f=367
[BLACKSCREEN][INTERP] start=0x80019844 end=0x80019980 steps=126 reason=jr_ra target=0x80010EA4 ra=0x80010EA4 sp=0x80200000 f=367
[BLACKSCREEN][INTERP] enter start=0x80019844 instr0=0x27BDFFD0 a0=0x00000000 ra=0x80010EA4 sp=0x80200000 f=368
[BLACKSCREEN][INTERP-RA] pre-save pc=0x80019890 sp=0x801FFFD0 ra=0x80010EA4 slot_before=0x80010EA4 f=368
[BLACKSCREEN][INTERP-RA] pre-restore pc=0x8001995C sp=0x801FFFD0 ra=0x8001991C slot_now=0x80010EA4 f=368
[BLACKSCREEN][INTERP] start=0x80019844 end=0x80019980 steps=126 reason=jr_ra target=0x80010EA4 ra=0x80010EA4 sp=0x80200000 f=368
[BLACKSCREEN][INTERP] enter start=0x80019844 instr0=0x27BDFFD0 a0=0x00000000 ra=0x80010EA4 sp=0x80200000 f=369
[BLACKSCREEN][INTERP-RA] pre-save pc=0x80019890 sp=0x801FFFD0 ra=0x80010EA4 slot_before=0x80010EA4 f=369
[BLACKSCREEN][INTERP-RA] pre-restore pc=0x8001995C sp=0x801FFFD0 ra=0x8001991C slot_now=0x80010EA4 f=369
[BLACKSCREEN][INTERP] start=0x80019844 end=0x80019980 steps=126 reason=jr_ra target=0x80010EA4 ra=0x80010EA4 sp=0x80200000 f=369
[BLACKSCREEN][INTERP] enter start=0x80019844 instr0=0x27BDFFD0 a0=0x00000000 ra=0x80010EA4 sp=0x80200000 f=370
[BLACKSCREEN][INTERP-RA] pre-save pc=0x80019890 sp=0x801FFFD0 ra=0x80010EA4 slot_before=0x80010EA4 f=370
[BLACKSCREEN][INTERP-RA] pre-restore pc=0x8001995C sp=0x801FFFD0 ra=0x8001991C slot_now=0x80010EA4 f=370
[BLACKSCREEN][INTERP] start=0x80019844 end=0x80019980 steps=126 reason=jr_ra target=0x80010EA4 ra=0x80010EA4 sp=0x80200000 f=370
[BLACKSCREEN][INTERP] enter start=0x80019844 instr0=0x27BDFFD0 a0=0x00000000 ra=0x80010EA4 sp=0x80200000 f=371
[BLACKSCREEN][INTERP-RA] pre-save pc=0x80019890 sp=0x801FFFD0 ra=0x80010EA4 slot_before=0x80010EA4 f=371
[BLACKSCREEN][INTERP-RA] pre-restore pc=0x8001995C sp=0x801FFFD0 ra=0x8001991C slot_now=0x80010EA4 f=371
[BLACKSCREEN][INTERP] start=0x80019844 end=0x80019980 steps=126 reason=jr_ra target=0x80010EA4 ra=0x80010EA4 sp=0x80200000 f=371
[BLACKSCREEN][INTERP] enter start=0x80019844 instr0=0x27BDFFD0 a0=0x00000000 ra=0x80010EA4 sp=0x80200000 f=372
[BLACKSCREEN][INTERP-RA] pre-save pc=0x80019890 sp=0x801FFFD0 ra=0x80010EA4 slot_before=0x80010EA4 f=372
[BLACKSCREEN][INTERP-RA] pre-restore pc=0x8001995C sp=0x801FFFD0 ra=0x8001991C slot_now=0x80010EA4 f=372
[BLACKSCREEN][INTERP] start=0x80019844 end=0x80019980 steps=126 reason=jr_ra target=0x80010EA4 ra=0x80010EA4 sp=0x80200000 f=372
[BLACKSCREEN][INTERP] enter start=0x80019844 instr0=0x27BDFFD0 a0=0x00000000 ra=0x80010EA4 sp=0x80200000 f=373
[BLACKSCREEN][INTERP-RA] pre-save pc=0x80019890 sp=0x801FFFD0 ra=0x80010EA4 slot_before=0x80010EA4 f=373
[BLACKSCREEN][INTERP-RA] pre-restore pc=0x8001995C sp=0x801FFFD0 ra=0x8001991C slot_now=0x80010EA4 f=373
[BLACKSCREEN][INTERP] start=0x80019844 end=0x80019980 steps=126 reason=jr_ra target=0x80010EA4 ra=0x80010EA4 sp=0x80200000 f=373
[BLACKSCREEN][INTERP] enter start=0x80019844 instr0=0x27BDFFD0 a0=0x00000000 ra=0x80010EA4 sp=0x80200000 f=374
[BLACKSCREEN][INTERP-RA] pre-save pc=0x80019890 sp=0x801FFFD0 ra=0x80010EA4 slot_before=0x80010EA4 f=374
[BLACKSCREEN][INTERP-RA] pre-restore pc=0x8001995C sp=0x801FFFD0 ra=0x8001991C slot_now=0x80010EA4 f=374
[BLACKSCREEN][INTERP] start=0x80019844 end=0x80019980 steps=126 reason=jr_ra target=0x80010EA4 ra=0x80010EA4 sp=0x80200000 f=374
[BLACKSCREEN][INTERP] enter start=0x80019844 instr0=0x27BDFFD0 a0=0x00000000 ra=0x80010EA4 sp=0x80200000 f=375
[BLACKSCREEN][INTERP-RA] pre-save pc=0x80019890 sp=0x801FFFD0 ra=0x80010EA4 slot_before=0x80010EA4 f=375
[BLACKSCREEN][INTERP-RA] pre-restore pc=0x8001995C sp=0x801FFFD0 ra=0x8001991C slot_now=0x80010EA4 f=375
[BLACKSCREEN][INTERP] start=0x80019844 end=0x80019980 steps=126 reason=jr_ra target=0x80010EA4 ra=0x80010EA4 sp=0x80200000 f=375
[BLACKSCREEN][INTERP] enter start=0x80019844 instr0=0x27BDFFD0 a0=0x00000000 ra=0x80010EA4 sp=0x80200000 f=376
[BLACKSCREEN][INTERP-RA] pre-save pc=0x80019890 sp=0x801FFFD0 ra=0x80010EA4 slot_before=0x80010EA4 f=376
[BLACKSCREEN][INTERP-RA] pre-restore pc=0x8001995C sp=0x801FFFD0 ra=0x8001991C slot_now=0x80010EA4 f=376
[BLACKSCREEN][INTERP] start=0x80019844 end=0x80019980 steps=126 reason=jr_ra target=0x80010EA4 ra=0x80010EA4 sp=0x80200000 f=376
[BLACKSCREEN][INTERP] enter start=0x80019844 instr0=0x27BDFFD0 a0=0x00000000 ra=0x80010EA4 sp=0x80200000 f=377
[BLACKSCREEN][INTERP-RA] pre-save pc=0x80019890 sp=0x801FFFD0 ra=0x80010EA4 slot_before=0x80010EA4 f=377
[BLACKSCREEN][INTERP-RA] pre-restore pc=0x8001995C sp=0x801FFFD0 ra=0x8001991C slot_now=0x80010EA4 f=377
[BLACKSCREEN][INTERP] start=0x80019844 end=0x80019980 steps=126 reason=jr_ra target=0x80010EA4 ra=0x80010EA4 sp=0x80200000 f=377
[BLACKSCREEN][INTERP] enter start=0x80019844 instr0=0x27BDFFD0 a0=0x00000000 ra=0x80010EA4 sp=0x80200000 f=378
[BLACKSCREEN][INTERP-RA] pre-save pc=0x80019890 sp=0x801FFFD0 ra=0x80010EA4 slot_before=0x80010EA4 f=378
[BLACKSCREEN][INTERP-RA] pre-restore pc=0x8001995C sp=0x801FFFD0 ra=0x8001991C slot_now=0x80010EA4 f=378
[BLACKSCREEN][INTERP] start=0x80019844 end=0x80019980 steps=126 reason=jr_ra target=0x80010EA4 ra=0x80010EA4 sp=0x80200000 f=378
[BLACKSCREEN][INTERP] enter start=0x80019844 instr0=0x27BDFFD0 a0=0x00000000 ra=0x80010EA4 sp=0x80200000 f=379
[BLACKSCREEN][INTERP-RA] pre-save pc=0x80019890 sp=0x801FFFD0 ra=0x80010EA4 slot_before=0x80010EA4 f=379
[BLACKSCREEN][INTERP-RA] pre-restore pc=0x8001995C sp=0x801FFFD0 ra=0x8001991C slot_now=0x80010EA4 f=379
[BLACKSCREEN][INTERP] start=0x80019844 end=0x80019980 steps=126 reason=jr_ra target=0x80010EA4 ra=0x80010EA4 sp=0x80200000 f=379
[BLACKSCREEN][INTERP] enter start=0x80019844 instr0=0x27BDFFD0 a0=0x00000000 ra=0x80010EA4 sp=0x80200000 f=380
[BLACKSCREEN][INTERP-RA] pre-save pc=0x80019890 sp=0x801FFFD0 ra=0x80010EA4 slot_before=0x80010EA4 f=380
[BLACKSCREEN][INTERP-RA] pre-restore pc=0x8001995C sp=0x801FFFD0 ra=0x8001991C slot_now=0x80010EA4 f=380
[BLACKSCREEN][INTERP] start=0x80019844 end=0x80019980 steps=126 reason=jr_ra target=0x80010EA4 ra=0x80010EA4 sp=0x80200000 f=380
[BLACKSCREEN][INTERP] enter start=0x80019844 instr0=0x27BDFFD0 a0=0x00000000 ra=0x80010EA4 sp=0x80200000 f=381
[BLACKSCREEN][INTERP-RA] pre-save pc=0x80019890 sp=0x801FFFD0 ra=0x80010EA4 slot_before=0x80010EA4 f=381
[BLACKSCREEN][INTERP-RA] pre-restore pc=0x8001995C sp=0x801FFFD0 ra=0x8001991C slot_now=0x80010EA4 f=381
[BLACKSCREEN][INTERP] start=0x80019844 end=0x80019980 steps=126 reason=jr_ra target=0x80010EA4 ra=0x80010EA4 sp=0x80200000 f=381
[BLACKSCREEN][INTERP] enter start=0x80019844 instr0=0x27BDFFD0 a0=0x00000000 ra=0x80010EA4 sp=0x80200000 f=382
[BLACKSCREEN][INTERP-RA] pre-save pc=0x80019890 sp=0x801FFFD0 ra=0x80010EA4 slot_before=0x80010EA4 f=382
[BLACKSCREEN][INTERP-RA] pre-restore pc=0x8001995C sp=0x801FFFD0 ra=0x8001991C slot_now=0x80010EA4 f=382
[BLACKSCREEN][INTERP] start=0x80019844 end=0x80019980 steps=126 reason=jr_ra target=0x80010EA4 ra=0x80010EA4 sp=0x80200000 f=382
[BLACKSCREEN][INTERP] enter start=0x80019844 instr0=0x27BDFFD0 a0=0x00000000 ra=0x80010EA4 sp=0x80200000 f=383
[BLACKSCREEN][INTERP-RA] pre-save pc=0x80019890 sp=0x801FFFD0 ra=0x80010EA4 slot_before=0x80010EA4 f=383
[BLACKSCREEN][INTERP-RA] pre-restore pc=0x8001995C sp=0x801FFFD0 ra=0x8001991C slot_now=0x80010EA4 f=383
[BLACKSCREEN][INTERP] start=0x80019844 end=0x80019980 steps=126 reason=jr_ra target=0x80010EA4 ra=0x80010EA4 sp=0x80200000 f=383
[BLACKSCREEN][INTERP] enter start=0x80019844 instr0=0x27BDFFD0 a0=0x00000000 ra=0x80010EA4 sp=0x80200000 f=384
[BLACKSCREEN][INTERP-RA] pre-save pc=0x80019890 sp=0x801FFFD0 ra=0x80010EA4 slot_before=0x80010EA4 f=384
[BLACKSCREEN][INTERP-RA] pre-restore pc=0x8001995C sp=0x801FFFD0 ra=0x8001991C slot_now=0x80010EA4 f=384
[BLACKSCREEN][INTERP] start=0x80019844 end=0x80019980 steps=126 reason=jr_ra target=0x80010EA4 ra=0x80010EA4 sp=0x80200000 f=384
[BLACKSCREEN][INTERP] enter start=0x80019844 instr0=0x27BDFFD0 a0=0x00000000 ra=0x80010EA4 sp=0x80200000 f=385
[BLACKSCREEN][INTERP-RA] pre-save pc=0x80019890 sp=0x801FFFD0 ra=0x80010EA4 slot_before=0x80010EA4 f=385
[BLACKSCREEN][INTERP-RA] pre-restore pc=0x8001995C sp=0x801FFFD0 ra=0x8001991C slot_now=0x80010EA4 f=385
[BLACKSCREEN][INTERP] start=0x80019844 end=0x80019980 steps=126 reason=jr_ra target=0x80010EA4 ra=0x80010EA4 sp=0x80200000 f=385
[BLACKSCREEN][INTERP] enter start=0x80019844 instr0=0x27BDFFD0 a0=0x00000000 ra=0x80010EA4 sp=0x80200000 f=386
[BLACKSCREEN][INTERP-RA] pre-save pc=0x80019890 sp=0x801FFFD0 ra=0x80010EA4 slot_before=0x80010EA4 f=386
[BLACKSCREEN][INTERP-RA] pre-restore pc=0x8001995C sp=0x801FFFD0 ra=0x8001991C slot_now=0x80010EA4 f=386
[BLACKSCREEN][INTERP] start=0x80019844 end=0x80019980 steps=126 reason=jr_ra target=0x80010EA4 ra=0x80010EA4 sp=0x80200000 f=386
[BLACKSCREEN][INTERP] enter start=0x80019844 instr0=0x27BDFFD0 a0=0x00000000 ra=0x80010EA4 sp=0x80200000 f=387
[BLACKSCREEN][INTERP-RA] pre-save pc=0x80019890 sp=0x801FFFD0 ra=0x80010EA4 slot_before=0x80010EA4 f=387
[BLACKSCREEN][INTERP-RA] pre-restore pc=0x8001995C sp=0x801FFFD0 ra=0x8001991C slot_now=0x80010EA4 f=387
[BLACKSCREEN][INTERP] start=0x80019844 end=0x80019980 steps=126 reason=jr_ra target=0x80010EA4 ra=0x80010EA4 sp=0x80200000 f=387
[BLACKSCREEN][INTERP] enter start=0x80019844 instr0=0x27BDFFD0 a0=0x00000000 ra=0x80010EA4 sp=0x80200000 f=388
[BLACKSCREEN][INTERP-RA] pre-save pc=0x80019890 sp=0x801FFFD0 ra=0x80010EA4 slot_before=0x80010EA4 f=388
[BLACKSCREEN][INTERP-RA] pre-restore pc=0x8001995C sp=0x801FFFD0 ra=0x8001991C slot_now=0x80010EA4 f=388
[BLACKSCREEN][INTERP] start=0x80019844 end=0x80019980 steps=126 reason=jr_ra target=0x80010EA4 ra=0x80010EA4 sp=0x80200000 f=388
[BLACKSCREEN][INTERP] enter start=0x80019844 instr0=0x27BDFFD0 a0=0x00000000 ra=0x80010EA4 sp=0x80200000 f=389
[BLACKSCREEN][INTERP-RA] pre-save pc=0x80019890 sp=0x801FFFD0 ra=0x80010EA4 slot_before=0x80010EA4 f=389
[BLACKSCREEN][INTERP-RA] pre-restore pc=0x8001995C sp=0x801FFFD0 ra=0x8001991C slot_now=0x80010EA4 f=389
[BLACKSCREEN][INTERP] start=0x80019844 end=0x80019980 steps=126 reason=jr_ra target=0x80010EA4 ra=0x80010EA4 sp=0x80200000 f=389
[BLACKSCREEN][INTERP] enter start=0x80019844 instr0=0x27BDFFD0 a0=0x00000000 ra=0x80010EA4 sp=0x80200000 f=390
[BLACKSCREEN][INTERP-RA] pre-save pc=0x80019890 sp=0x801FFFD0 ra=0x80010EA4 slot_before=0x80010EA4 f=390
[BLACKSCREEN][INTERP-RA] pre-restore pc=0x8001995C sp=0x801FFFD0 ra=0x8001991C slot_now=0x80010EA4 f=390
[BLACKSCREEN][INTERP] start=0x80019844 end=0x80019980 steps=126 reason=jr_ra target=0x80010EA4 ra=0x80010EA4 sp=0x80200000 f=390
[BLACKSCREEN][INTERP] enter start=0x80019844 instr0=0x27BDFFD0 a0=0x00000000 ra=0x80010EA4 sp=0x80200000 f=391
[BLACKSCREEN][INTERP-RA] pre-save pc=0x80019890 sp=0x801FFFD0 ra=0x80010EA4 slot_before=0x80010EA4 f=391
[BLACKSCREEN][INTERP-RA] pre-restore pc=0x8001995C sp=0x801FFFD0 ra=0x8001991C slot_now=0x80010EA4 f=391
[BLACKSCREEN][INTERP] start=0x80019844 end=0x80019980 steps=126 reason=jr_ra target=0x80010EA4 ra=0x80010EA4 sp=0x80200000 f=391
[BLACKSCREEN][INTERP] enter start=0x80019844 instr0=0x27BDFFD0 a0=0x00000000 ra=0x80010EA4 sp=0x80200000 f=392
[BLACKSCREEN][INTERP-RA] pre-save pc=0x80019890 sp=0x801FFFD0 ra=0x80010EA4 slot_before=0x80010EA4 f=392
[BLACKSCREEN][INTERP-RA] pre-restore pc=0x8001995C sp=0x801FFFD0 ra=0x8001991C slot_now=0x80010EA4 f=392
[BLACKSCREEN][INTERP] start=0x80019844 end=0x80019980 steps=126 reason=jr_ra target=0x80010EA4 ra=0x80010EA4 sp=0x80200000 f=392
[BLACKSCREEN][INTERP] enter start=0x80019844 instr0=0x27BDFFD0 a0=0x00000000 ra=0x80010EA4 sp=0x80200000 f=393
[BLACKSCREEN][INTERP-RA] pre-save pc=0x80019890 sp=0x801FFFD0 ra=0x80010EA4 slot_before=0x80010EA4 f=393
[BLACKSCREEN][INTERP-RA] pre-restore pc=0x8001995C sp=0x801FFFD0 ra=0x8001991C slot_now=0x80010EA4 f=393
[BLACKSCREEN][INTERP] start=0x80019844 end=0x80019980 steps=126 reason=jr_ra target=0x80010EA4 ra=0x80010EA4 sp=0x80200000 f=393
[BLACKSCREEN][INTERP] enter start=0x80019844 instr0=0x27BDFFD0 a0=0x00000000 ra=0x80010EA4 sp=0x80200000 f=394
[BLACKSCREEN][INTERP-RA] pre-save pc=0x80019890 sp=0x801FFFD0 ra=0x80010EA4 slot_before=0x80010EA4 f=394
[BLACKSCREEN][INTERP-RA] pre-restore pc=0x8001995C sp=0x801FFFD0 ra=0x8001991C slot_now=0x80010EA4 f=394
[BLACKSCREEN][INTERP] start=0x80019844 end=0x80019980 steps=126 reason=jr_ra target=0x80010EA4 ra=0x80010EA4 sp=0x80200000 f=394
[BLACKSCREEN][INTERP] enter start=0x80019844 instr0=0x27BDFFD0 a0=0x00000000 ra=0x80010EA4 sp=0x80200000 f=395
[BLACKSCREEN][INTERP-RA] pre-save pc=0x80019890 sp=0x801FFFD0 ra=0x80010EA4 slot_before=0x80010EA4 f=395
[BLACKSCREEN][INTERP-RA] pre-restore pc=0x8001995C sp=0x801FFFD0 ra=0x8001991C slot_now=0x80010EA4 f=395
[BLACKSCREEN][INTERP] start=0x80019844 end=0x80019980 steps=126 reason=jr_ra target=0x80010EA4 ra=0x80010EA4 sp=0x80200000 f=395
[BLACKSCREEN][INTERP] enter start=0x80019844 instr0=0x27BDFFD0 a0=0x00000000 ra=0x80010EA4 sp=0x80200000 f=396
[BLACKSCREEN][INTERP-RA] pre-save pc=0x80019890 sp=0x801FFFD0 ra=0x80010EA4 slot_before=0x80010EA4 f=396
[BLACKSCREEN][INTERP-RA] pre-restore pc=0x8001995C sp=0x801FFFD0 ra=0x8001991C slot_now=0x80010EA4 f=396
[BLACKSCREEN][INTERP] start=0x80019844 end=0x80019980 steps=126 reason=jr_ra target=0x80010EA4 ra=0x80010EA4 sp=0x80200000 f=396
[BLACKSCREEN][INTERP] enter start=0x80019844 instr0=0x27BDFFD0 a0=0x00000000 ra=0x80010EA4 sp=0x80200000 f=397
[BLACKSCREEN][INTERP-RA] pre-save pc=0x80019890 sp=0x801FFFD0 ra=0x80010EA4 slot_before=0x80010EA4 f=397
[BLACKSCREEN][INTERP-RA] pre-restore pc=0x8001995C sp=0x801FFFD0 ra=0x8001991C slot_now=0x80010EA4 f=397
[BLACKSCREEN][INTERP] start=0x80019844 end=0x80019980 steps=126 reason=jr_ra target=0x80010EA4 ra=0x80010EA4 sp=0x80200000 f=397
[BLACKSCREEN][INTERP] enter start=0x80019844 instr0=0x27BDFFD0 a0=0x00000000 ra=0x80010EA4 sp=0x80200000 f=398
[BLACKSCREEN][INTERP-RA] pre-save pc=0x80019890 sp=0x801FFFD0 ra=0x80010EA4 slot_before=0x80010EA4 f=398
[BLACKSCREEN][INTERP-RA] pre-restore pc=0x8001995C sp=0x801FFFD0 ra=0x8001991C slot_now=0x80010EA4 f=398
[BLACKSCREEN][INTERP] start=0x80019844 end=0x80019980 steps=126 reason=jr_ra target=0x80010EA4 ra=0x80010EA4 sp=0x80200000 f=398
[BLACKSCREEN][INTERP] enter start=0x80019844 instr0=0x27BDFFD0 a0=0x00000000 ra=0x80010EA4 sp=0x80200000 f=399
[BLACKSCREEN][INTERP-RA] pre-save pc=0x80019890 sp=0x801FFFD0 ra=0x80010EA4 slot_before=0x80010EA4 f=399
[BLACKSCREEN][INTERP-RA] pre-restore pc=0x8001995C sp=0x801FFFD0 ra=0x8001991C slot_now=0x80010EA4 f=399
[BLACKSCREEN][INTERP] start=0x80019844 end=0x80019980 steps=126 reason=jr_ra target=0x80010EA4 ra=0x80010EA4 sp=0x80200000 f=399
[BLACKSCREEN][INTERP] enter start=0x80019844 instr0=0x27BDFFD0 a0=0x00000000 ra=0x80010EA4 sp=0x80200000 f=400
[BLACKSCREEN][INTERP-RA] pre-save pc=0x80019890 sp=0x801FFFD0 ra=0x80010EA4 slot_before=0x80010EA4 f=400
[BLACKSCREEN][INTERP-RA] pre-restore pc=0x8001995C sp=0x801FFFD0 ra=0x8001991C slot_now=0x80010EA4 f=400
[BLACKSCREEN][INTERP] start=0x80019844 end=0x80019980 steps=126 reason=jr_ra target=0x80010EA4 ra=0x80010EA4 sp=0x80200000 f=400
[BLACKSCREEN][INTERP] enter start=0x80019844 instr0=0x27BDFFD0 a0=0x00000000 ra=0x80010EA4 sp=0x80200000 f=401
[BLACKSCREEN][INTERP-RA] pre-save pc=0x80019890 sp=0x801FFFD0 ra=0x80010EA4 slot_before=0x80010EA4 f=401
[BLACKSCREEN][INTERP-RA] pre-restore pc=0x8001995C sp=0x801FFFD0 ra=0x8001991C slot_now=0x80010EA4 f=401
[BLACKSCREEN][INTERP] start=0x80019844 end=0x80019980 steps=126 reason=jr_ra target=0x80010EA4 ra=0x80010EA4 sp=0x80200000 f=401
[BLACKSCREEN][INTERP] enter start=0x80019844 instr0=0x27BDFFD0 a0=0x00000000 ra=0x80010EA4 sp=0x80200000 f=402
[BLACKSCREEN][INTERP-RA] pre-save pc=0x80019890 sp=0x801FFFD0 ra=0x80010EA4 slot_before=0x80010EA4 f=402
[BLACKSCREEN][INTERP-RA] pre-restore pc=0x8001995C sp=0x801FFFD0 ra=0x8001991C slot_now=0x80010EA4 f=402
[BLACKSCREEN][INTERP] start=0x80019844 end=0x80019980 steps=126 reason=jr_ra target=0x80010EA4 ra=0x80010EA4 sp=0x80200000 f=402
[BLACKSCREEN][INTERP] enter start=0x80019844 instr0=0x27BDFFD0 a0=0x00000000 ra=0x80010EA4 sp=0x80200000 f=403
[BLACKSCREEN][INTERP-RA] pre-save pc=0x80019890 sp=0x801FFFD0 ra=0x80010EA4 slot_before=0x80010EA4 f=403
[BLACKSCREEN][INTERP-RA] pre-restore pc=0x8001995C sp=0x801FFFD0 ra=0x8001991C slot_now=0x80010EA4 f=403
[BLACKSCREEN][INTERP] start=0x80019844 end=0x80019980 steps=126 reason=jr_ra target=0x80010EA4 ra=0x80010EA4 sp=0x80200000 f=403
[BLACKSCREEN][INTERP] enter start=0x80019844 instr0=0x27BDFFD0 a0=0x00000000 ra=0x80010EA4 sp=0x80200000 f=404
[BLACKSCREEN][INTERP-RA] pre-save pc=0x80019890 sp=0x801FFFD0 ra=0x80010EA4 slot_before=0x80010EA4 f=404
[BLACKSCREEN][INTERP-RA] pre-restore pc=0x8001995C sp=0x801FFFD0 ra=0x8001991C slot_now=0x80010EA4 f=404
[BLACKSCREEN][INTERP] start=0x80019844 end=0x80019980 steps=126 reason=jr_ra target=0x80010EA4 ra=0x80010EA4 sp=0x80200000 f=404
[BLACKSCREEN][INTERP] enter start=0x80019844 instr0=0x27BDFFD0 a0=0x00000000 ra=0x80010EA4 sp=0x80200000 f=405
[BLACKSCREEN][INTERP-RA] pre-save pc=0x80019890 sp=0x801FFFD0 ra=0x80010EA4 slot_before=0x80010EA4 f=405
[BLACKSCREEN][INTERP-RA] pre-restore pc=0x8001995C sp=0x801FFFD0 ra=0x8001991C slot_now=0x80010EA4 f=405
[BLACKSCREEN][INTERP] start=0x80019844 end=0x80019980 steps=126 reason=jr_ra target=0x80010EA4 ra=0x80010EA4 sp=0x80200000 f=405
[BLACKSCREEN][INTERP] enter start=0x80019844 instr0=0x27BDFFD0 a0=0x00000000 ra=0x80010EA4 sp=0x80200000 f=406
[BLACKSCREEN][INTERP-RA] pre-save pc=0x80019890 sp=0x801FFFD0 ra=0x80010EA4 slot_before=0x80010EA4 f=406
[BLACKSCREEN][INTERP-RA] pre-restore pc=0x8001995C sp=0x801FFFD0 ra=0x8001991C slot_now=0x80010EA4 f=406
[BLACKSCREEN][INTERP] start=0x80019844 end=0x80019980 steps=126 reason=jr_ra target=0x80010EA4 ra=0x80010EA4 sp=0x80200000 f=406
[BLACKSCREEN][INTERP] enter start=0x80019844 instr0=0x27BDFFD0 a0=0x00000000 ra=0x80010EA4 sp=0x80200000 f=407
[BLACKSCREEN][INTERP-RA] pre-save pc=0x80019890 sp=0x801FFFD0 ra=0x80010EA4 slot_before=0x80010EA4 f=407
[BLACKSCREEN][INTERP-RA] pre-restore pc=0x8001995C sp=0x801FFFD0 ra=0x8001991C slot_now=0x80010EA4 f=407
[BLACKSCREEN][INTERP] start=0x80019844 end=0x80019980 steps=126 reason=jr_ra target=0x80010EA4 ra=0x80010EA4 sp=0x80200000 f=407
[BLACKSCREEN][INTERP] enter start=0x80019844 instr0=0x27BDFFD0 a0=0x00000000 ra=0x80010EA4 sp=0x80200000 f=408
[BLACKSCREEN][INTERP-RA] pre-save pc=0x80019890 sp=0x801FFFD0 ra=0x80010EA4 slot_before=0x80010EA4 f=408
[BLACKSCREEN][INTERP-RA] pre-restore pc=0x8001995C sp=0x801FFFD0 ra=0x8001991C slot_now=0x80010EA4 f=408
[BLACKSCREEN][INTERP] start=0x80019844 end=0x80019980 steps=126 reason=jr_ra target=0x80010EA4 ra=0x80010EA4 sp=0x80200000 f=408
[BLACKSCREEN][INTERP] enter start=0x80019844 instr0=0x27BDFFD0 a0=0x00000000 ra=0x80010EA4 sp=0x80200000 f=409
[BLACKSCREEN][INTERP-RA] pre-save pc=0x80019890 sp=0x801FFFD0 ra=0x80010EA4 slot_before=0x80010EA4 f=409
[BLACKSCREEN][INTERP-RA] pre-restore pc=0x8001995C sp=0x801FFFD0 ra=0x8001991C slot_now=0x80010EA4 f=409
[BLACKSCREEN][INTERP] start=0x80019844 end=0x80019980 steps=126 reason=jr_ra target=0x80010EA4 ra=0x80010EA4 sp=0x80200000 f=409
[BLACKSCREEN][INTERP] enter start=0x80019844 instr0=0x27BDFFD0 a0=0x00000000 ra=0x80010EA4 sp=0x80200000 f=410
[BLACKSCREEN][INTERP-RA] pre-save pc=0x80019890 sp=0x801FFFD0 ra=0x80010EA4 slot_before=0x80010EA4 f=410
[BLACKSCREEN][INTERP-RA] pre-restore pc=0x8001995C sp=0x801FFFD0 ra=0x8001991C slot_now=0x80010EA4 f=410
[BLACKSCREEN][INTERP] start=0x80019844 end=0x80019980 steps=126 reason=jr_ra target=0x80010EA4 ra=0x80010EA4 sp=0x80200000 f=410
[BLACKSCREEN][INTERP] enter start=0x80019844 instr0=0x27BDFFD0 a0=0x00000000 ra=0x80010EA4 sp=0x80200000 f=411
[BLACKSCREEN][INTERP-RA] pre-save pc=0x80019890 sp=0x801FFFD0 ra=0x80010EA4 slot_before=0x80010EA4 f=411
[BLACKSCREEN][INTERP-RA] pre-restore pc=0x8001995C sp=0x801FFFD0 ra=0x8001991C slot_now=0x80010EA4 f=411
[BLACKSCREEN][INTERP] start=0x80019844 end=0x80019980 steps=126 reason=jr_ra target=0x80010EA4 ra=0x80010EA4 sp=0x80200000 f=411
[BLACKSCREEN][INTERP] enter start=0x80019844 instr0=0x27BDFFD0 a0=0x00000000 ra=0x80010EA4 sp=0x80200000 f=412
[BLACKSCREEN][INTERP-RA] pre-save pc=0x80019890 sp=0x801FFFD0 ra=0x80010EA4 slot_before=0x80010EA4 f=412
[BLACKSCREEN][INTERP-RA] pre-restore pc=0x8001995C sp=0x801FFFD0 ra=0x8001991C slot_now=0x80010EA4 f=412
[BLACKSCREEN][INTERP] start=0x80019844 end=0x80019980 steps=126 reason=jr_ra target=0x80010EA4 ra=0x80010EA4 sp=0x80200000 f=412
[BLACKSCREEN][INTERP] enter start=0x80019844 instr0=0x27BDFFD0 a0=0x00000000 ra=0x80010EA4 sp=0x80200000 f=413
[BLACKSCREEN][INTERP-RA] pre-save pc=0x80019890 sp=0x801FFFD0 ra=0x80010EA4 slot_before=0x80010EA4 f=413
[BLACKSCREEN][INTERP-RA] pre-restore pc=0x8001995C sp=0x801FFFD0 ra=0x8001991C slot_now=0x80010EA4 f=413
[BLACKSCREEN][INTERP] start=0x80019844 end=0x80019980 steps=126 reason=jr_ra target=0x80010EA4 ra=0x80010EA4 sp=0x80200000 f=413
[BLACKSCREEN][INTERP] enter start=0x80019844 instr0=0x27BDFFD0 a0=0x00000000 ra=0x80010EA4 sp=0x80200000 f=414
[BLACKSCREEN][INTERP-RA] pre-save pc=0x80019890 sp=0x801FFFD0 ra=0x80010EA4 slot_before=0x80010EA4 f=414
[BLACKSCREEN][INTERP-RA] pre-restore pc=0x8001995C sp=0x801FFFD0 ra=0x8001991C slot_now=0x80010EA4 f=414
[BLACKSCREEN][INTERP] start=0x80019844 end=0x80019980 steps=126 reason=jr_ra target=0x80010EA4 ra=0x80010EA4 sp=0x80200000 f=414
[BLACKSCREEN][INTERP] enter start=0x80019844 instr0=0x27BDFFD0 a0=0x00000000 ra=0x80010EA4 sp=0x80200000 f=415
[BLACKSCREEN][INTERP-RA] pre-save pc=0x80019890 sp=0x801FFFD0 ra=0x80010EA4 slot_before=0x80010EA4 f=415
[BLACKSCREEN][INTERP-RA] pre-restore pc=0x8001995C sp=0x801FFFD0 ra=0x8001991C slot_now=0x80010EA4 f=415
[BLACKSCREEN][INTERP] start=0x80019844 end=0x80019980 steps=126 reason=jr_ra target=0x80010EA4 ra=0x80010EA4 sp=0x80200000 f=415
[BLACKSCREEN][INTERP] enter start=0x80019844 instr0=0x27BDFFD0 a0=0x00000000 ra=0x80010EA4 sp=0x80200000 f=416
[BLACKSCREEN][INTERP-RA] pre-save pc=0x80019890 sp=0x801FFFD0 ra=0x80010EA4 slot_before=0x80010EA4 f=416
[BLACKSCREEN][INTERP-RA] pre-restore pc=0x8001995C sp=0x801FFFD0 ra=0x8001991C slot_now=0x80010EA4 f=416
[BLACKSCREEN][INTERP] start=0x80019844 end=0x80019980 steps=126 reason=jr_ra target=0x80010EA4 ra=0x80010EA4 sp=0x80200000 f=416
[BLACKSCREEN][INTERP] enter start=0x80019844 instr0=0x27BDFFD0 a0=0x00000000 ra=0x80010EA4 sp=0x80200000 f=417
[BLACKSCREEN][INTERP-RA] pre-save pc=0x80019890 sp=0x801FFFD0 ra=0x80010EA4 slot_before=0x80010EA4 f=417
[BLACKSCREEN][INTERP-RA] pre-restore pc=0x8001995C sp=0x801FFFD0 ra=0x8001991C slot_now=0x80010EA4 f=417
[BLACKSCREEN][INTERP] start=0x80019844 end=0x80019980 steps=126 reason=jr_ra target=0x80010EA4 ra=0x80010EA4 sp=0x80200000 f=417
[BLACKSCREEN][INTERP] enter start=0x80019844 instr0=0x27BDFFD0 a0=0x00000000 ra=0x80010EA4 sp=0x80200000 f=418
[BLACKSCREEN][INTERP-RA] pre-save pc=0x80019890 sp=0x801FFFD0 ra=0x80010EA4 slot_before=0x80010EA4 f=418
[BLACKSCREEN][INTERP-RA] pre-restore pc=0x8001995C sp=0x801FFFD0 ra=0x8001991C slot_now=0x80010EA4 f=418
[BLACKSCREEN][INTERP] start=0x80019844 end=0x80019980 steps=126 reason=jr_ra target=0x80010EA4 ra=0x80010EA4 sp=0x80200000 f=418
[BLACKSCREEN][INTERP] enter start=0x80019844 instr0=0x27BDFFD0 a0=0x00000000 ra=0x80010EA4 sp=0x80200000 f=419
[BLACKSCREEN][INTERP-RA] pre-save pc=0x80019890 sp=0x801FFFD0 ra=0x80010EA4 slot_before=0x80010EA4 f=419
[BLACKSCREEN][INTERP-RA] pre-restore pc=0x8001995C sp=0x801FFFD0 ra=0x8001991C slot_now=0x80010EA4 f=419
[BLACKSC