=== PSXRecomp v2 ===
EXE: c:/Users/Leona/Documents/GitHub/psxrecomp/CastlevaniaRecomp/isos/SLUS_000.67
CUE: c:/Users/Leona/Documents/GitHub/psxrecomp/CastlevaniaRecomp/isos/Castlevania - Symphony of the Night (USA).cue

[KeyConfig] Loading from C:/Users/Leona/Documents/GitHub/psxrecomp/CastlevaniaRecomp/build/keyconfig.ini
[XA] Volume set to 50%
[KeyConfig] UP=265 DOWN=264 CROSS=83 START=257
[XA] Opened c:/Users/Leona/Documents/GitHub/psxrecomp/CastlevaniaRecomp/isos\Castlevania - Symphony of the Night (USA) (Track 1).bin
[XA] WAV capture: C:/temp/xa_capture.wav (up to 30s)
[XA] Audio ready (decode 37800 Hz → waveOut 44100 Hz)
[FMV] Opened c:/Users/Leona/Documents/GitHub/psxrecomp/CastlevaniaRecomp/isos\Castlevania - Symphony of the Night (USA) (Track 1).bin
[SPU] Initialised — 24 voices, 44100 Hz stereo
Detected PS-X header, skipping 2048 bytes
Loaded 561152 bytes
Loaded into PS1 RAM at 0x80010000
[OpenGLRenderer] Initialize() called
[OpenGLRenderer] InitializeWindow() - Creating GLFW window...
[OpenGLRenderer] GLFW window created successfully (960x720)
[OpenGLRenderer] InitializeOpenGL() - Loading OpenGL functions...
[OpenGLRenderer] OpenGL initialized successfully!
[OpenGLRenderer]   Version:  3.3.0 - Build 31.0.101.5522
[OpenGLRenderer]   Renderer: Intel(R) Iris(R) Xe Graphics
[OpenGLRenderer]   Vendor:   Intel
[OpenGLRenderer] OpenGL 3.3 Core Profile ready
[OpenGLRenderer] InitializeShaders() - Compiling shaders...
[OpenGLRenderer]   - Primitive shader compiled (program ID: 3)
[OpenGLRenderer]   - Textured shader compiled (program ID: 4)
[OpenGLRenderer]   - Fill shader compiled (program ID: 5)
[OpenGLRenderer]   - Copy shader compiled (program ID: 6)
[OpenGLRenderer] All 4 shaders compiled successfully!
[OpenGLRenderer] InitializeBuffers() - Creating VAO and VBO...
[OpenGLRenderer] VAO and VBO created (max 4096 vertices per batch)
[OpenGLRenderer] InitializeVRAM() - Creating VRAM texture and FBO...
[OpenGLRenderer] VRAM texture created (1024x512, RGB5A1, 1024 KB)
[OpenGLRenderer] VRAM FBO created and verified (complete)
[OpenGLRenderer] Initialization complete!
Renderer ready

Calling entry point 0x80010DF4...
[BLACKSCREEN][PROBE] dynamic probe enabled for 'Castlevania Recomp'
[BLACKSCREEN][CALL] enter #1 addr=0x80010DF4 kseg0=0x80010DF4 ra=0x00000000 sp=0x801FFF00 f=0
[OVERRIDE] runtime overrides: tomba=0 castlevania=1 for 'Castlevania Recomp'
[OVERRIDE] castlevania timer helper override=1 (env PSX_CASTLE_TIMER_OVERRIDE) 15308_override=0 (env PSX_CASTLE_15308_OVERRIDE)
[OVERRIDE] castlevania boot unblock override=0 (env PSX_CASTLE_BOOT_UNBLOCK)
[BLACKSCREEN][INIT] timer ptrs mode=default c2a8=0x1F801814 c2ac=0x1F801110
[BLACKSCREEN][CALL] stage=before_overlay #1 addr=0x80010DF4 ra=0x00000000 f=0
[BLACKSCREEN][CALL] stage=before_inbinary #1 addr=0x80010DF4 ra=0x00000000 f=0
[BLACKSCREEN][CALL] route=interp #1 addr=0x80010DF4 ra=0x00000000 f=0
[BLACKSCREEN][INTERP] enter start=0x80010DF4 instr0=0x03E00008 a0=0x00000000 ra=0x00000000 sp=0x801FFF00 f=0
[BLACKSCREEN][INTERP] start=0x80010DF4 end=0x80010DF4 steps=1 reason=invalid_target target=0x00000000 a0=0x00000000 ra=0x00000000 sp=0x801FFF00 f=0
Entry point returned.
[BLACKSCREEN] Entry 0x80010DF4 returned immediately; trying bootstrap entry 0x80010DFC
[BLACKSCREEN][CALL] enter #2 addr=0x80010DFC kseg0=0x80010DFC ra=0x00000000 sp=0x801FFF00 f=0
[BLACKSCREEN][CALL] stage=before_overlay #2 addr=0x80010DFC ra=0x00000000 f=0
[BLACKSCREEN][CALL] stage=before_inbinary #2 addr=0x80010DFC ra=0x00000000 f=0
[BLACKSCREEN][CALL] route=interp #2 addr=0x80010DFC ra=0x00000000 f=0
[BLACKSCREEN][INTERP] enter start=0x80010DFC instr0=0x3C028003 a0=0x00000000 ra=0x00000000 sp=0x801FFF00 f=0
[BLACKSCREEN][CALL] enter #3 addr=0x80010DF4 kseg0=0x80010DF4 ra=0x80010EC8 sp=0x801FFFE8 f=0
[BLACKSCREEN][CALL] stage=before_overlay #3 addr=0x80010DF4 ra=0x80010EC8 f=0
[BLACKSCREEN][CALL] stage=before_inbinary #3 addr=0x80010DF4 ra=0x80010EC8 f=0
[BLACKSCREEN][CALL] route=interp #3 addr=0x80010DF4 ra=0x80010EC8 f=0
[BLACKSCREEN][INTERP] enter start=0x80010DF4 instr0=0x03E00008 a0=0x00000000 ra=0x80010EC8 sp=0x801FFFE8 f=0
[BLACKSCREEN][INTERP] start=0x80010DF4 end=0x80010DF4 steps=1 reason=jr_ra target=0x80010EC8 ra=0x80010EC8 sp=0x801FFFE8 f=0
[BLACKSCREEN][INTERP-LOCALJ] start=0x80010DFC pc=0x80010FCC target=0x80011104 sp=0x801FFFE8 ra=0x80010FCC f=0
[BLACKSCREEN][INTERP] start=0x80010DFC end=0x80011124 steps=413467 reason=jr_ra target=0x80010EA4 ra=0x80010EA4 sp=0x80200000 f=0
[BLACKSCREEN] Bootstrap entry 0x80010DFC returned
[BLACKSCREEN] Entry returned before first PS1 frame; trying display entry 0x800191E0
[BLACKSCREEN][CALL] enter #4 addr=0x800191E0 kseg0=0x800191E0 ra=0x80010EA4 sp=0x80200000 f=0
[BLACKSCREEN][CALL] stage=before_overlay #4 addr=0x800191E0 ra=0x80010EA4 f=0
[BLACKSCREEN][CALL] stage=before_inbinary #4 addr=0x800191E0 ra=0x80010EA4 f=0
[BLACKSCREEN][CALL] route=interp #4 addr=0x800191E0 ra=0x80010EA4 f=0
[BLACKSCREEN][INTERP] enter start=0x800191E0 instr0=0x00000000 a0=0x00000002 ra=0x80010EA4 sp=0x80200000 f=0
[BLACKSCREEN][INTERP] start=0x800191E0 end=0x80019224 steps=14 reason=jr_ra target=0x80010EA4 ra=0x80010EA4 sp=0x80200000 f=0
[BLACKSCREEN] Display entry returned
[BLACKSCREEN] Display entry 0x800191E0 returned; trying alternate display entry 0x80019844
[BLACKSCREEN][CALL] enter #5 addr=0x80019844 kseg0=0x80019844 ra=0x80010EA4 sp=0x80200000 f=0
[BLACKSCREEN][CALL] stage=before_overlay #5 addr=0x80019844 ra=0x80010EA4 f=0
[BLACKSCREEN][CALL] stage=before_inbinary #5 addr=0x80019844 ra=0x80010EA4 f=0
[BLACKSCREEN][CALL] route=interp #5 addr=0x80019844 ra=0x80010EA4 f=0
[BLACKSCREEN][INTERP] enter start=0x80019844 instr0=0x27BDFFD0 a0=0x00000000 ra=0x80010EA4 sp=0x80200000 f=0
[BLACKSCREEN][INTERP-RA] pre-save pc=0x80019890 sp=0x801FFFD0 ra=0x80010EA4 slot_before=0x80010EA4 f=0
[BLACKSCREEN][CALL] enter #6 addr=0x8001A65C kseg0=0x8001A65C ra=0x8001991C sp=0x801FFFD0 f=0
[BLACKSCREEN][A65C-OVR] #1 f=0 ra=0x8001991C sp=0x801FFFD0 a0=0x00000000 v0=0x00000000 timer=0x00000000
[BLACKSCREEN][19844-TAIL] pc=0x80019944 instr=0x0C006844 v0=0x00000000 a0=0x00000000 a1=0x801E0000 ra=0x8001991C sp=0x801FFFD0 f=0
[BLACKSCREEN][STATE-C2A8AC-R] #1 size=4 phys=0x0002C2A8 val=0x1F801814 ra=0x8001991C sp=0x801FFFD0 pc=0x00000000 f=0
[BLACKSCREEN][STATE-C2A8AC-R] #2 size=4 phys=0x0002C2AC val=0x1F801110 ra=0x8001991C sp=0x801FFFD0 pc=0x00000000 f=0
[BLACKSCREEN][19844-STATE] pc=0x80019944 v0=0x00000000 v1=0x80032A24 a0=0x00000000 a1=0x801E0000 a0m0=0x00000000 a0m1=0x00000000 a1m0=0x00000000 a1m1=0x00000000 s0=0x00000003 s1=0x801E0000 ra=0x8001991C c2a8=0x1F801814 c2ac=0x1F801110 t0=0x1C080000 t1=0x00000001 f=0
[BLACKSCREEN][CALL] enter #7 addr=0x8001A110 kseg0=0x8001A110 ra=0x8001994C sp=0x801FFFD0 f=0
[BLACKSCREEN][CALL] stage=before_overlay #6 addr=0x8001A110 ra=0x8001994C f=0
[BLACKSCREEN][CALL] stage=before_inbinary #6 addr=0x8001A110 ra=0x8001994C f=0
[BLACKSCREEN][CALL] route=interp #6 addr=0x8001A110 ra=0x8001994C f=0
[BLACKSCREEN][INTERP] enter start=0x8001A110 instr0=0x27BDFFC8 a0=0x00000000 ra=0x8001994C sp=0x801FFFD0 f=0
[BLACKSCREEN][A110-CALL] pc=0x8001A13C target=0x80015308 v0=0x00000000 v1=0x80032A24 a0=0xFFFFFFFF a1=0x00008000 a2=0x00008000 a3=0x00000000 sp=0x801FFF98 ra=0x8001A144 f=0
[BLACKSCREEN][CALL] enter #8 addr=0x80015308 kseg0=0x80015308 ra=0x8001A144 sp=0x801FFF98 f=0
[BLACKSCREEN][STATE-C2A8AC-R] #3 size=4 phys=0x0002C2A8 val=0x1F801814 ra=0x8001A144 sp=0x801FFF98 pc=0x00000000 f=0
[BLACKSCREEN][STATE-C2A8AC-R] #4 size=4 phys=0x0002C2AC val=0x1F801110 ra=0x8001A144 sp=0x801FFF98 pc=0x00000000 f=0
[BLACKSCREEN][CALL] route=compiled_early #1 addr=0x80015308 ra=0x8001A144 f=0
[BLACKSCREEN][A110-RET] call_pc=0x8001A13C target=0x80015308 v0_before=0x00000000 v1_before=0x80032A24 v0_after=0x1F801814 v1_after=0x1F801110 c9278=0x00000000 c927c=0x00000000 sp_before=0x801FFF98 sp_after=0x801FFF98 ra=0x8001A144 f=0
[BLACKSCREEN][A110-INIT] pc=0x8001A160 v0=0x1F801BD4 v1=0x1F801110 c9278=0x00000000 c927c=0x00000000 a0=0xFFFFFFFF sp=0x801FFF98 f=0
[BLACKSCREEN][A110-INIT] pc=0x8001A170 v0=0x8001072C v1=0x1F801110 c9278=0x1F801BD4 c927c=0x00000000 a0=0xFFFFFFFF sp=0x801FFF98 f=0
[BLACKSCREEN][A110-CALL] pc=0x8001A17C target=0x80015308 v0=0x8001072C v1=0x1F801110 a0=0xFFFFFFFF a1=0x00008000 a2=0x00008000 a3=0x00000000 sp=0x801FFF98 ra=0x8001A184 f=0
[BLACKSCREEN][CALL] enter #9 addr=0x80015308 kseg0=0x80015308 ra=0x8001A184 sp=0x801FFF98 f=0
[BLACKSCREEN][STATE-C2A8AC-R] #5 size=4 phys=0x0002C2A8 val=0x1F801814 ra=0x8001A184 sp=0x801FFF98 pc=0x00000000 f=0
[BLACKSCREEN][STATE-C2A8AC-R] #6 size=4 phys=0x0002C2AC val=0x1F801110 ra=0x8001A184 sp=0x801FFF98 pc=0x00000000 f=0
[BLACKSCREEN][CALL] route=compiled_early #2 addr=0x80015308 ra=0x8001A184 f=0
[BLACKSCREEN][A110-RET] call_pc=0x8001A17C target=0x80015308 v0_before=0x8001072C v1_before=0x1F801110 v0_after=0x1F801814 v1_after=0x1F801110 c9278=0x1F801BD4 c927c=0x00000000 sp_before=0x801FFF98 sp_after=0x801FFF98 ra=0x8001A184 f=0
[BLACKSCREEN][A110-EXIT-COND] pc=0x8001A194 instr=0x1460000B v1=0x00000000 v0=0x1F801814 will_branch=0 next=0x8001A19C else=0x8001A1C4 c9278=0x1F801BD4 c927c=0x00000000 ra=0x8001A184 sp=0x801FFF98 f=0
[BLACKSCREEN][A110-PATH] #1 pc=0x8001A238 instr=0x00001021 v0=0x00000000 v1=0x00000000 a0=0xFFFFFFFF a1=0x00008000 a2=0x00008000 a3=0x00000000 s0=0x00000003 s1=0x801E0000 s2=0x80032D80 s3=0x80032B48 sp=0x801FFF98 ra=0x8001A184 m2ab4=0x00000000 m2ab8=0x00000000 m2ac5=0x00 c2ba=0x0000 c2b8=0x00000000 c2bc=0x00000000 f=0
[BLACKSCREEN][A110-PATH] #2 pc=0x8001A23C instr=0x14400049 v0=0x00000000 v1=0x00000000 a0=0xFFFFFFFF a1=0x00008000 a2=0x00008000 a3=0x00000000 s0=0x00000003 s1=0x801E0000 s2=0x80032D80 s3=0x80032B48 sp=0x801FFF98 ra=0x8001A184 m2ab4=0x00000000 m2ab8=0x00000000 m2ac5=0x00 c2ba=0x0000 c2b8=0x00000000 c2bc=0x00000000 f=0
[BLACKSCREEN][A110-PATH] #3 pc=0x8001A244 instr=0x0C005594 v0=0xFFFFFFFF v1=0x00000000 a0=0xFFFFFFFF a1=0x00008000 a2=0x00008000 a3=0x00000000 s0=0x00000003 s1=0x801E0000 s2=0x80032D80 s3=0x80032B48 sp=0x801FFF98 ra=0x8001A184 m2ab4=0x00000000 m2ab8=0x00000000 m2ac5=0x00 c2ba=0x0000 c2b8=0x00000000 c2bc=0x00000000 f=0
[BLACKSCREEN][A110-CALL] pc=0x8001A244 target=0x80015650 v0=0xFFFFFFFF v1=0x00000000 a0=0xFFFFFFFF a1=0x00008000 a2=0x00008000 a3=0x00000000 sp=0x801FFF98 ra=0x8001A24C f=0
[BLACKSCREEN][A110-15650-CALL] #1 call_pc=0x8001A244 ra=0x8001A24C v0=0xFFFFFFFF v1=0x00000000 a0=0xFFFFFFFF a1=0x00008000 sp=0x801FFF98 c2ba=0x0000 f=0
[BLACKSCREEN][CALL] enter #10 addr=0x80015650 kseg0=0x80015650 ra=0x8001A24C sp=0x801FFF98 f=0
[BLACKSCREEN][CALL] stage=before_overlay #7 addr=0x80015650 ra=0x8001A24C f=0
[BLACKSCREEN][CALL] stage=before_inbinary #7 addr=0x80015650 ra=0x8001A24C f=0
[BLACKSCREEN][CALL] route=interp #7 addr=0x80015650 ra=0x8001A24C f=0
[BLACKSCREEN][INTERP] enter start=0x80015650 instr0=0x3C028003 a0=0xFFFFFFFF ra=0x8001A24C sp=0x801FFF98 f=0
[BLACKSCREEN][15650-STEP] #1 pc=0x80015650 instr=0x3C028003 v0=0xFFFFFFFF v1=0x00000000 a0=0xFFFFFFFF a1=0x00008000 c2ba=0x0000 c2b8=0x00000000 c2bc=0x00000000 ra=0x8001A24C sp=0x801FFF98 f=0
[BLACKSCREEN][15650-STEP] #2 pc=0x80015654 instr=0x9442C2BA v0=0x80030000 v1=0x00000000 a0=0xFFFFFFFF a1=0x00008000 c2ba=0x0000 c2b8=0x00000000 c2bc=0x00000000 ra=0x8001A24C sp=0x801FFF98 f=0
[BLACKSCREEN][STATE-C2BA-R] #1 size=2 phys=0x0002C2BA val=0x0000 ra=0x8001A24C sp=0x801FFF98 pc=0x00000000 f=0
[BLACKSCREEN][15650-STEP] #3 pc=0x80015658 instr=0x03E00008 v0=0x00000000 v1=0x00000000 a0=0xFFFFFFFF a1=0x00008000 c2ba=0x0000 c2b8=0x00000000 c2bc=0x00000000 ra=0x8001A24C sp=0x801FFF98 f=0
[BLACKSCREEN][15650-RET] #1 reason=jr_ra end=0x80015658 target=0x8001A24C steps=3 v0=0x00000000 v1=0x00000000 c2ba=0x0000 c2b8=0x00000000 c2bc=0x00000000 ra=0x8001A24C sp=0x801FFF98 f=0
[BLACKSCREEN][INTERP] start=0x80015650 end=0x80015658 steps=3 reason=jr_ra target=0x8001A24C ra=0x8001A24C sp=0x801FFF98 f=0
[BLACKSCREEN][A110-RET] call_pc=0x8001A244 target=0x80015650 v0_before=0xFFFFFFFF v1_before=0x00000000 v0_after=0x00000000 v1_after=0x00000000 c9278=0x1F801BD4 c927c=0x00000001 sp_before=0x801FFF98 sp_after=0x801FFF98 ra=0x8001A24C f=0
[BLACKSCREEN][A110-15650-RET] #1 call_pc=0x8001A244 v0_after=0x00000000 v1_after=0x00000000 a0=0xFFFFFFFF a1=0x00008000 sp_after=0x801FFF98 c2ba=0x0000 f=0
[BLACKSCREEN][A110-PATH] #4 pc=0x8001A24C instr=0x1040002B v0=0x00000000 v1=0x00000000 a0=0xFFFFFFFF a1=0x00008000 a2=0x00008000 a3=0x00000000 s0=0x00000003 s1=0x801E0000 s2=0x80032D80 s3=0x80032B48 sp=0x801FFF98 ra=0x8001A24C m2ab4=0x00000000 m2ab8=0x00000000 m2ac5=0x00 c2ba=0x0000 c2b8=0x00000000 c2bc=0x00000000 f=0
[BLACKSCREEN][A110-CALL] pc=0x8001A17C target=0x80015308 v0=0x00000000 v1=0x00000000 a0=0xFFFFFFFF a1=0x00008000 a2=0x00000000 a3=0x00000000 sp=0x801FFF98 ra=0x8001A184 f=0
[BLACKSCREEN][CALL] enter #11 addr=0x80015308 kseg0=0x80015308 ra=0x8001A184 sp=0x801FFF98 f=0
[BLACKSCREEN][STATE-C2A8AC-R] #7 size=4 phys=0x0002C2A8 val=0x1F801814 ra=0x8001A184 sp=0x801FFF98 pc=0x00000000 f=0
[BLACKSCREEN][STATE-C2A8AC-R] #8 size=4 phys=0x0002C2AC val=0x1F801110 ra=0x8001A184 sp=0x801FFF98 pc=0x00000000 f=0
[BLACKSCREEN][CALL] route=compiled_early #3 addr=0x80015308 ra=0x8001A184 f=0
[BLACKSCREEN][A110-RET] call_pc=0x8001A17C target=0x80015308 v0_before=0x00000000 v1_before=0x00000000 v0_after=0x1F801814 v1_after=0x1F801110 c9278=0x1F801BD4 c927c=0x00000001 sp_before=0x801FFF98 sp_after=0x801FFF98 ra=0x8001A184 f=0
[BLACKSCREEN][A110-EXIT-COND] pc=0x8001A194 instr=0x1460000B v1=0x00000000 v0=0x1F801814 will_branch=0 next=0x8001A19C else=0x8001A1C4 c9278=0x1F801BD4 c927c=0x00000001 ra=0x8001A184 sp=0x801FFF98 f=0
[BLACKSCREEN][A110-PATH] #5 pc=0x8001A238 instr=0x00001021 v0=0x00000000 v1=0x00000001 a0=0xFFFFFFFF a1=0x00008000 a2=0x00000000 a3=0x00000000 s0=0x00000003 s1=0x801E0000 s2=0x80032D80 s3=0x80032B48 sp=0x801FFF98 ra=0x8001A184 m2ab4=0x00000000 m2ab8=0x00000000 m2ac5=0x00 c2ba=0x0000 c2b8=0x00000000 c2bc=0x00000000 f=0
[BLACKSCREEN][A110-PATH] #6 pc=0x8001A23C instr=0x14400049 v0=0x00000000 v1=0x00000001 a0=0xFFFFFFFF a1=0x00008000 a2=0x00000000 a3=0x00000000 s0=0x00000003 s1=0x801E0000 s2=0x80032D80 s3=0x80032B48 sp=0x801FFF98 ra=0x8001A184 m2ab4=0x00000000 m2ab8=0x00000000 m2ac5=0x00 c2ba=0x0000 c2b8=0x00000000 c2bc=0x00000000 f=0
[BLACKSCREEN][A110-PATH] #7 pc=0x8001A244 instr=0x0C005594 v0=0xFFFFFFFF v1=0x00000001 a0=0xFFFFFFFF a1=0x00008000 a2=0x00000000 a3=0x00000000 s0=0x00000003 s1=0x801E0000 s2=0x80032D80 s3=0x80032B48 sp=0x801FFF98 ra=0x8001A184 m2ab4=0x00000000 m2ab8=0x00000000 m2ac5=0x00 c2ba=0x0000 c2b8=0x00000000 c2bc=0x00000000 f=0
[BLACKSCREEN][A110-CALL] pc=0x8001A244 target=0x80015650 v0=0xFFFFFFFF v1=0x00000001 a0=0xFFFFFFFF a1=0x00008000 a2=0x00000000 a3=0x00000000 sp=0x801FFF98 ra=0x8001A24C f=0
[BLACKSCREEN][A110-15650-CALL] #2 call_pc=0x8001A244 ra=0x8001A24C v0=0xFFFFFFFF v1=0x00000001 a0=0xFFFFFFFF a1=0x00008000 sp=0x801FFF98 c2ba=0x0000 f=0
[BLACKSCREEN][CALL] enter #12 addr=0x80015650 kseg0=0x80015650 ra=0x8001A24C sp=0x801FFF98 f=0
[BLACKSCREEN][CALL] stage=before_overlay #8 addr=0x80015650 ra=0x8001A24C f=0
[BLACKSCREEN][CALL] stage=before_inbinary #8 addr=0x80015650 ra=0x8001A24C f=0
[BLACKSCREEN][CALL] route=interp #8 addr=0x80015650 ra=0x8001A24C f=0
[BLACKSCREEN][INTERP] enter start=0x80015650 instr0=0x3C028003 a0=0xFFFFFFFF ra=0x8001A24C sp=0x801FFF98 f=0
[BLACKSCREEN][15650-STEP] #4 pc=0x80015650 instr=0x3C028003 v0=0xFFFFFFFF v1=0x00000001 a0=0xFFFFFFFF a1=0x00008000 c2ba=0x0000 c2b8=0x00000000 c2bc=0x00000000 ra=0x8001A24C sp=0x801FFF98 f=0
[BLACKSCREEN][15650-STEP] #5 pc=0x80015654 instr=0x9442C2BA v0=0x80030000 v1=0x00000001 a0=0xFFFFFFFF a1=0x00008000 c2ba=0x0000 c2b8=0x00000000 c2bc=0x00000000 ra=0x8001A24C sp=0x801FFF98 f=0
[BLACKSCREEN][STATE-C2BA-R] #2 size=2 phys=0x0002C2BA val=0x0000 ra=0x8001A24C sp=0x801FFF98 pc=0x00000000 f=0
[BLACKSCREEN][15650-STEP] #6 pc=0x80015658 instr=0x03E00008 v0=0x00000000 v1=0x00000001 a0=0xFFFFFFFF a1=0x00008000 c2ba=0x0000 c2b8=0x00000000 c2bc=0x00000000 ra=0x8001A24C sp=0x801FFF98 f=0
[BLACKSCREEN][15650-RET] #2 reason=jr_ra end=0x80015658 target=0x8001A24C steps=3 v0=0x00000000 v1=0x00000001 c2ba=0x0000 c2b8=0x00000000 c2bc=0x00000000 ra=0x8001A24C sp=0x801FFF98 f=0
[BLACKSCREEN][INTERP] start=0x80015650 end=0x80015658 steps=3 reason=jr_ra target=0x8001A24C ra=0x8001A24C sp=0x801FFF98 f=0
[BLACKSCREEN][A110-RET] call_pc=0x8001A244 target=0x80015650 v0_before=0xFFFFFFFF v1_before=0x00000001 v0_after=0x00000000 v1_after=0x00000001 c9278=0x1F801BD4 c927c=0x00000002 sp_before=0x801FFF98 sp_after=0x801FFF98 ra=0x8001A24C f=0
[BLACKSCREEN][A110-15650-RET] #2 call_pc=0x8001A244 v0_after=0x00000000 v1_after=0x00000001 a0=0xFFFFFFFF a1=0x00008000 sp_after=0x801FFF98 c2ba=0x0000 f=0
[BLACKSCREEN][A110-PATH] #8 pc=0x8001A24C instr=0x1040002B v0=0x00000000 v1=0x00000001 a0=0xFFFFFFFF a1=0x00008000 a2=0x00000000 a3=0x00000000 s0=0x00000003 s1=0x801E0000 s2=0x80032D80 s3=0x80032B48 sp=0x801FFF98 ra=0x8001A24C m2ab4=0x00000000 m2ab8=0x00000000 m2ac5=0x00 c2ba=0x0000 c2b8=0x00000000 c2bc=0x00000000 f=0
[BLACKSCREEN][A110-CALL] pc=0x8001A17C target=0x80015308 v0=0x00000000 v1=0x00000001 a0=0xFFFFFFFF a1=0x00008000 a2=0x00000000 a3=0x00000000 sp=0x801FFF98 ra=0x8001A184 f=0
[BLACKSCREEN][CALL] enter #13 addr=0x80015308 kseg0=0x80015308 ra=0x8001A184 sp=0x801FFF98 f=0
[BLACKSCREEN][STATE-C2A8AC-R] #9 size=4 phys=0x0002C2A8 val=0x1F801814 ra=0x8001A184 sp=0x801FFF98 pc=0x00000000 f=0
[BLACKSCREEN][STATE-C2A8AC-R] #10 size=4 phys=0x0002C2AC val=0x1F801110 ra=0x8001A184 sp=0x801FFF98 pc=0x00000000 f=0
[BLACKSCREEN][CALL] route=compiled_early #4 addr=0x80015308 ra=0x8001A184 f=0
[BLACKSCREEN][A110-RET] call_pc=0x8001A17C target=0x80015308 v0_before=0x00000000 v1_before=0x00000001 v0_after=0x1F801814 v1_after=0x1F801110 c9278=0x1F801BD4 c927c=0x00000002 sp_before=0x801FFF98 sp_after=0x801FFF98 ra=0x8001A184 f=0
[BLACKSCREEN][A110-EXIT-COND] pc=0x8001A194 instr=0x1460000B v1=0x00000000 v0=0x1F801814 will_branch=0 next=0x8001A19C else=0x8001A1C4 c9278=0x1F801BD4 c927c=0x00000002 ra=0x8001A184 sp=0x801FFF98 f=0
[BLACKSCREEN][A110-PATH] #9 pc=0x8001A238 instr=0x00001021 v0=0x00000000 v1=0x00000002 a0=0xFFFFFFFF a1=0x00008000 a2=0x00000000 a3=0x00000000 s0=0x00000003 s1=0x801E0000 s2=0x80032D80 s3=0x80032B48 sp=0x801FFF98 ra=0x8001A184 m2ab4=0x00000000 m2ab8=0x00000000 m2ac5=0x00 c2ba=0x0000 c2b8=0x00000000 c2bc=0x00000000 f=0
[BLACKSCREEN][A110-PATH] #10 pc=0x8001A23C instr=0x14400049 v0=0x00000000 v1=0x00000002 a0=0xFFFFFFFF a1=0x00008000 a2=0x00000000 a3=0x00000000 s0=0x00000003 s1=0x801E0000 s2=0x80032D80 s3=0x80032B48 sp=0x801FFF98 ra=0x8001A184 m2ab4=0x00000000 m2ab8=0x00000000 m2ac5=0x00 c2ba=0x0000 c2b8=0x00000000 c2bc=0x00000000 f=0
[BLACKSCREEN][A110-PATH] #11 pc=0x8001A244 instr=0x0C005594 v0=0xFFFFFFFF v1=0x00000002 a0=0xFFFFFFFF a1=0x00008000 a2=0x00000000 a3=0x00000000 s0=0x00000003 s1=0x801E0000 s2=0x80032D80 s3=0x80032B48 sp=0x801FFF98 ra=0x8001A184 m2ab4=0x00000000 m2ab8=0x00000000 m2ac5=0x00 c2ba=0x0000 c2b8=0x00000000 c2bc=0x00000000 f=0
[BLACKSCREEN][A110-CALL] pc=0x8001A244 target=0x80015650 v0=0xFFFFFFFF v1=0x00000002 a0=0xFFFFFFFF a1=0x00008000 a2=0x00000000 a3=0x00000000 sp=0x801FFF98 ra=0x8001A24C f=0
[BLACKSCREEN][A110-15650-CALL] #3 call_pc=0x8001A244 ra=0x8001A24C v0=0xFFFFFFFF v1=0x00000002 a0=0xFFFFFFFF a1=0x00008000 sp=0x801FFF98 c2ba=0x0000 f=0
[BLACKSCREEN][CALL] enter #14 addr=0x80015650 kseg0=0x80015650 ra=0x8001A24C sp=0x801FFF98 f=0
[BLACKSCREEN][CALL] stage=before_overlay #9 addr=0x80015650 ra=0x8001A24C f=0
[BLACKSCREEN][CALL] stage=before_inbinary #9 addr=0x80015650 ra=0x8001A24C f=0
[BLACKSCREEN][CALL] route=interp #9 addr=0x80015650 ra=0x8001A24C f=0
[BLACKSCREEN][INTERP] enter start=0x80015650 instr0=0x3C028003 a0=0xFFFFFFFF ra=0x8001A24C sp=0x801FFF98 f=0
[BLACKSCREEN][15650-STEP] #7 pc=0x80015650 instr=0x3C028003 v0=0xFFFFFFFF v1=0x00000002 a0=0xFFFFFFFF a1=0x00008000 c2ba=0x0000 c2b8=0x00000000 c2bc=0x00000000 ra=0x8001A24C sp=0x801FFF98 f=0
[BLACKSCREEN][15650-STEP] #8 pc=0x80015654 instr=0x9442C2BA v0=0x80030000 v1=0x00000002 a0=0xFFFFFFFF a1=0x00008000 c2ba=0x0000 c2b8=0x00000000 c2bc=0x00000000 ra=0x8001A24C sp=0x801FFF98 f=0
[BLACKSCREEN][STATE-C2BA-R] #3 size=2 phys=0x0002C2BA val=0x0000 ra=0x8001A24C sp=0x801FFF98 pc=0x00000000 f=0
[BLACKSCREEN][15650-STEP] #9 pc=0x80015658 instr=0x03E00008 v0=0x00000000 v1=0x00000002 a0=0xFFFFFFFF a1=0x00008000 c2ba=0x0000 c2b8=0x00000000 c2bc=0x00000000 ra=0x8001A24C sp=0x801FFF98 f=0
[BLACKSCREEN][15650-RET] #3 reason=jr_ra end=0x80015658 target=0x8001A24C steps=3 v0=0x00000000 v1=0x00000002 c2ba=0x0000 c2b8=0x00000000 c2bc=0x00000000 ra=0x8001A24C sp=0x801FFF98 f=0
[BLACKSCREEN][INTERP] start=0x80015650 end=0x80015658 steps=3 reason=jr_ra target=0x8001A24C ra=0x8001A24C sp=0x801FFF98 f=0
[BLACKSCREEN][A110-RET] call_pc=0x8001A244 target=0x80015650 v0_before=0xFFFFFFFF v1_before=0x00000002 v0_after=0x00000000 v1_after=0x00000002 c9278=0x1F801BD4 c927c=0x00000003 sp_before=0x801FFF98 sp_after=0x801FFF98 ra=0x8001A24C f=0
[BLACKSCREEN][A110-15650-RET] #3 call_pc=0x8001A244 v0_after=0x00000000 v1_after=0x00000002 a0=0xFFFFFFFF a1=0x00008000 sp_after=0x801FFF98 c2ba=0x0000 f=0
[BLACKSCREEN][A110-PATH] #12 pc=0x8001A24C instr=0x1040002B v0=0x00000000 v1=0x00000002 a0=0xFFFFFFFF a1=0x00008000 a2=0x00000000 a3=0x00000000 s0=0x00000003 s1=0x801E0000 s2=0x80032D80 s3=0x80032B48 sp=0x801FFF98 ra=0x8001A24C m2ab4=0x00000000 m2ab8=0x00000000 m2ac5=0x00 c2ba=0x0000 c2b8=0x00000000 c2bc=0x00000000 f=0
[BLACKSCREEN][A110-CALL] pc=0x8001A17C target=0x80015308 v0=0x00000000 v1=0x00000002 a0=0xFFFFFFFF a1=0x00008000 a2=0x00000000 a3=0x00000000 sp=0x801FFF98 ra=0x8001A184 f=0
[BLACKSCREEN][CALL] enter #15 addr=0x80015308 kseg0=0x80015308 ra=0x8001A184 sp=0x801FFF98 f=0
[BLACKSCREEN][STATE-C2A8AC-R] #11 size=4 phys=0x0002C2A8 val=0x1F801814 ra=0x8001A184 sp=0x801FFF98 pc=0x00000000 f=0
[BLACKSCREEN][STATE-C2A8AC-R] #12 size=4 phys=0x0002C2AC val=0x1F801110 ra=0x8001A184 sp=0x801FFF98 pc=0x00000000 f=0
[BLACKSCREEN][CALL] route=compiled_early #5 addr=0x80015308 ra=0x8001A184 f=0
[BLACKSCREEN][A110-RET] call_pc=0x8001A17C target=0x80015308 v0_before=0x00000000 v1_before=0x00000002 v0_after=0x1F801814 v1_after=0x1F801110 c9278=0x1F801BD4 c927c=0x00000003 sp_before=0x801FFF98 sp_after=0x801FFF98 ra=0x8001A184 f=0
[BLACKSCREEN][A110-EXIT-COND] pc=0x8001A194 instr=0x1460000B v1=0x00000000 v0=0x1F801814 will_branch=0 next=0x8001A19C else=0x8001A1C4 c9278=0x1F801BD4 c927c=0x00000003 ra=0x8001A184 sp=0x801FFF98 f=0
[BLACKSCREEN][A110-PATH] #13 pc=0x8001A238 instr=0x00001021 v0=0x00000000 v1=0x00000003 a0=0xFFFFFFFF a1=0x00008000 a2=0x00000000 a3=0x00000000 s0=0x00000003 s1=0x801E0000 s2=0x80032D80 s3=0x80032B48 sp=0x801FFF98 ra=0x8001A184 m2ab4=0x00000000 m2ab8=0x00000000 m2ac5=0x00 c2ba=0x0000 c2b8=0x00000000 c2bc=0x00000000 f=0
[BLACKSCREEN][A110-PATH] #14 pc=0x8001A23C instr=0x14400049 v0=0x00000000 v1=0x00000003 a0=0xFFFFFFFF a1=0x00008000 a2=0x00000000 a3=0x00000000 s0=0x00000003 s1=0x801E0000 s2=0x80032D80 s3=0x80032B48 sp=0x801FFF98 ra=0x8001A184 m2ab4=0x00000000 m2ab8=0x00000000 m2ac5=0x00 c2ba=0x0000 c2b8=0x00000000 c2bc=0x00000000 f=0
[BLACKSCREEN][A110-PATH] #15 pc=0x8001A244 instr=0x0C005594 v0=0xFFFFFFFF v1=0x00000003 a0=0xFFFFFFFF a1=0x00008000 a2=0x00000000 a3=0x00000000 s0=0x00000003 s1=0x801E0000 s2=0x80032D80 s3=0x80032B48 sp=0x801FFF98 ra=0x8001A184 m2ab4=0x00000000 m2ab8=0x00000000 m2ac5=0x00 c2ba=0x0000 c2b8=0x00000000 c2bc=0x00000000 f=0
[BLACKSCREEN][A110-CALL] pc=0x8001A244 target=0x80015650 v0=0xFFFFFFFF v1=0x00000003 a0=0xFFFFFFFF a1=0x00008000 a2=0x00000000 a3=0x00000000 sp=0x801FFF98 ra=0x8001A24C f=0
[BLACKSCREEN][A110-15650-CALL] #4 call_pc=0x8001A244 ra=0x8001A24C v0=0xFFFFFFFF v1=0x00000003 a0=0xFFFFFFFF a1=0x00008000 sp=0x801FFF98 c2ba=0x0000 f=0
[BLACKSCREEN][CALL] enter #16 addr=0x80015650 kseg0=0x80015650 ra=0x8001A24C sp=0x801FFF98 f=0
[BLACKSCREEN][CALL] stage=before_overlay #10 addr=0x80015650 ra=0x8001A24C f=0
[BLACKSCREEN][CALL] stage=before_inbinary #10 addr=0x80015650 ra=0x8001A24C f=0
[BLACKSCREEN][CALL] route=interp #10 addr=0x80015650 ra=0x8001A24C f=0
[BLACKSCREEN][INTERP] enter start=0x80015650 instr0=0x3C028003 a0=0xFFFFFFFF ra=0x8001A24C sp=0x801FFF98 f=0
[BLACKSCREEN][15650-STEP] #10 pc=0x80015650 instr=0x3C028003 v0=0xFFFFFFFF v1=0x00000003 a0=0xFFFFFFFF a1=0x00008000 c2ba=0x0000 c2b8=0x00000000 c2bc=0x00000000 ra=0x8001A24C sp=0x801FFF98 f=0
[BLACKSCREEN][15650-STEP] #11 pc=0x80015654 instr=0x9442C2BA v0=0x80030000 v1=0x00000003 a0=0xFFFFFFFF a1=0x00008000 c2ba=0x0000 c2b8=0x00000000 c2bc=0x00000000 ra=0x8001A24C sp=0x801FFF98 f=0
[BLACKSCREEN][STATE-C2BA-R] #4 size=2 phys=0x0002C2BA val=0x0000 ra=0x8001A24C sp=0x801FFF98 pc=0x00000000 f=0
[BLACKSCREEN][15650-STEP] #12 pc=0x80015658 instr=0x03E00008 v0=0x00000000 v1=0x00000003 a0=0xFFFFFFFF a1=0x00008000 c2ba=0x0000 c2b8=0x00000000 c2bc=0x00000000 ra=0x8001A24C sp=0x801FFF98 f=0
[BLACKSCREEN][15650-RET] #4 reason=jr_ra end=0x80015658 target=0x8001A24C steps=3 v0=0x00000000 v1=0x00000003 c2ba=0x0000 c2b8=0x00000000 c2bc=0x00000000 ra=0x8001A24C sp=0x801FFF98 f=0
[BLACKSCREEN][INTERP] start=0x80015650 end=0x80015658 steps=3 reason=jr_ra target=0x8001A24C ra=0x8001A24C sp=0x801FFF98 f=0
[BLACKSCREEN][A110-RET] call_pc=0x8001A244 target=0x80015650 v0_before=0xFFFFFFFF v1_before=0x00000003 v0_after=0x00000000 v1_after=0x00000003 c9278=0x1F801BD4 c927c=0x00000004 sp_before=0x801FFF98 sp_after=0x801FFF98 ra=0x8001A24C f=0
[BLACKSCREEN][A110-15650-RET] #4 call_pc=0x8001A244 v0_after=0x00000000 v1_after=0x00000003 a0=0xFFFFFFFF a1=0x00008000 sp_after=0x801FFF98 c2ba=0x0000 f=0
[BLACKSCREEN][A110-PATH] #16 pc=0x8001A24C instr=0x1040002B v0=0x00000000 v1=0x00000003 a0=0xFFFFFFFF a1=0x00008000 a2=0x00000000 a3=0x00000000 s0=0x00000003 s1=0x801E0000 s2=0x80032D80 s3=0x80032B48 sp=0x801FFF98 ra=0x8001A24C m2ab4=0x00000000 m2ab8=0x00000000 m2ac5=0x00 c2ba=0x0000 c2b8=0x00000000 c2bc=0x00000000 f=0
[BLACKSCREEN][A110-CALL] pc=0x8001A17C target=0x80015308 v0=0x00000000 v1=0x00000003 a0=0xFFFFFFFF a1=0x00008000 a2=0x00000000 a3=0x00000000 sp=0x801FFF98 ra=0x8001A184 f=0
[BLACKSCREEN][CALL] enter #17 addr=0x80015308 kseg0=0x80015308 ra=0x8001A184 sp=0x801FFF98 f=0
[BLACKSCREEN][STATE-C2A8AC-R] #13 size=4 phys=0x0002C2A8 val=0x1F801814 ra=0x8001A184 sp=0x801FFF98 pc=0x00000000 f=0
[BLACKSCREEN][STATE-C2A8AC-R] #14 size=4 phys=0x0002C2AC val=0x1F801110 ra=0x8001A184 sp=0x801FFF98 pc=0x00000000 f=0
[BLACKSCREEN][CALL] route=compiled_early #6 addr=0x80015308 ra=0x8001A184 f=0
[BLACKSCREEN][A110-RET] call_pc=0x8001A17C target=0x80015308 v0_before=0x00000000 v1_before=0x00000003 v0_after=0x1F801814 v1_after=0x1F801110 c9278=0x1F801BD4 c927c=0x00000004 sp_before=0x801FFF98 sp_after=0x801FFF98 ra=0x8001A184 f=0
[BLACKSCREEN][A110-EXIT-COND] pc=0x8001A194 instr=0x1460000B v1=0x00000000 v0=0x1F801814 will_branch=0 next=0x8001A19C else=0x8001A1C4 c9278=0x1F801BD4 c927c=0x00000004 ra=0x8001A184 sp=0x801FFF98 f=0
[BLACKSCREEN][A110-PATH] #17 pc=0x8001A238 instr=0x00001021 v0=0x00000000 v1=0x00000004 a0=0xFFFFFFFF a1=0x00008000 a2=0x00000000 a3=0x00000000 s0=0x00000003 s1=0x801E0000 s2=0x80032D80 s3=0x80032B48 sp=0x801FFF98 ra=0x8001A184 m2ab4=0x00000000 m2ab8=0x00000000 m2ac5=0x00 c2ba=0x0000 c2b8=0x00000000 c2bc=0x00000000 f=0
[BLACKSCREEN][A110-PATH] #18 pc=0x8001A23C instr=0x14400049 v0=0x00000000 v1=0x00000004 a0=0xFFFFFFFF a1=0x00008000 a2=0x00000000 a3=0x00000000 s0=0x00000003 s1=0x801E0000 s2=0x80032D80 s3=0x80032B48 sp=0x801FFF98 ra=0x8001A184 m2ab4=0x00000000 m2ab8=0x00000000 m2ac5=0x00 c2ba=0x0000 c2b8=0x00000000 c2bc=0x00000000 f=0
[BLACKSCREEN][A110-PATH] #19 pc=0x8001A244 instr=0x0C005594 v0=0xFFFFFFFF v1=0x00000004 a0=0xFFFFFFFF a1=0x00008000 a2=0x00000000 a3=0x00000000 s0=0x00000003 s1=0x801E0000 s2=0x80032D80 s3=0x80032B48 sp=0x801FFF98 ra=0x8001A184 m2ab4=0x00000000 m2ab8=0x00000000 m2ac5=0x00 c2ba=0x0000 c2b8=0x00000000 c2bc=0x00000000 f=0
[BLACKSCREEN][A110-CALL] pc=0x8001A244 target=0x80015650 v0=0xFFFFFFFF v1=0x00000004 a0=0xFFFFFFFF a1=0x00008000 a2=0x00000000 a3=0x00000000 sp=0x801FFF98 ra=0x8001A24C f=0
[BLACKSCREEN][A110-15650-CALL] #5 call_pc=0x8001A244 ra=0x8001A24C v0=0xFFFFFFFF v1=0x00000004 a0=0xFFFFFFFF a1=0x00008000 sp=0x801FFF98 c2ba=0x0000 f=0
[BLACKSCREEN][CALL] enter #18 addr=0x80015650 kseg0=0x80015650 ra=0x8001A24C sp=0x801FFF98 f=0
[BLACKSCREEN][CALL] stage=before_overlay #11 addr=0x80015650 ra=0x8001A24C f=0
[BLACKSCREEN][CALL] stage=before_inbinary #11 addr=0x80015650 ra=0x8001A24C f=0
[BLACKSCREEN][CALL] route=interp #11 addr=0x80015650 ra=0x8001A24C f=0
[BLACKSCREEN][INTERP] enter start=0x80015650 instr0=0x3C028003 a0=0xFFFFFFFF ra=0x8001A24C sp=0x801FFF98 f=0
[BLACKSCREEN][15650-STEP] #13 pc=0x80015650 instr=0x3C028003 v0=0xFFFFFFFF v1=0x00000004 a0=0xFFFFFFFF a1=0x00008000 c2ba=0x0000 c2b8=0x00000000 c2bc=0x00000000 ra=0x8001A24C sp=0x801FFF98 f=0
[BLACKSCREEN][15650-STEP] #14 pc=0x80015654 instr=0x9442C2BA v0=0x80030000 v1=0x00000004 a0=0xFFFFFFFF a1=0x00008000 c2ba=0x0000 c2b8=0x00000000 c2bc=0x00000000 ra=0x8001A24C sp=0x801FFF98 f=0
[BLACKSCREEN][STATE-C2BA-R] #5 size=2 phys=0x0002C2BA val=0x0000 ra=0x8001A24C sp=0x801FFF98 pc=0x00000000 f=0
[BLACKSCREEN][15650-STEP] #15 pc=0x80015658 instr=0x03E00008 v0=0x00000000 v1=0x00000004 a0=0xFFFFFFFF a1=0x00008000 c2ba=0x0000 c2b8=0x00000000 c2bc=0x00000000 ra=0x8001A24C sp=0x801FFF98 f=0
[BLACKSCREEN][15650-RET] #5 reason=jr_ra end=0x80015658 target=0x8001A24C steps=3 v0=0x00000000 v1=0x00000004 c2ba=0x0000 c2b8=0x00000000 c2bc=0x00000000 ra=0x8001A24C sp=0x801FFF98 f=0
[BLACKSCREEN][INTERP] start=0x80015650 end=0x80015658 steps=3 reason=jr_ra target=0x8001A24C ra=0x8001A24C sp=0x801FFF98 f=0
[BLACKSCREEN][A110-RET] call_pc=0x8001A244 target=0x80015650 v0_before=0xFFFFFFFF v1_before=0x00000004 v0_after=0x00000000 v1_after=0x00000004 c9278=0x1F801BD4 c927c=0x00000005 sp_before=0x801FFF98 sp_after=0x801FFF98 ra=0x8001A24C f=0
[BLACKSCREEN][A110-15650-RET] #5 call_pc=0x8001A244 v0_after=0x00000000 v1_after=0x00000004 a0=0xFFFFFFFF a1=0x00008000 sp_after=0x801FFF98 c2ba=0x0000 f=0
[BLACKSCREEN][A110-PATH] #20 pc=0x8001A24C instr=0x1040002B v0=0x00000000 v1=0x00000004 a0=0xFFFFFFFF a1=0x00008000 a2=0x00000000 a3=0x00000000 s0=0x00000003 s1=0x801E0000 s2=0x80032D80 s3=0x80032B48 sp=0x801FFF98 ra=0x8001A24C m2ab4=0x00000000 m2ab8=0x00000000 m2ac5=0x00 c2ba=0x0000 c2b8=0x00000000 c2bc=0x00000000 f=0
[BLACKSCREEN][A110-CALL] pc=0x8001A17C target=0x80015308 v0=0x00000000 v1=0x00000004 a0=0xFFFFFFFF a1=0x00008000 a2=0x00000000 a3=0x00000000 sp=0x801FFF98 ra=0x8001A184 f=0
[BLACKSCREEN][CALL] enter #19 addr=0x80015308 kseg0=0x80015308 ra=0x8001A184 sp=0x801FFF98 f=0
[BLACKSCREEN][STATE-C2A8AC-R] #15 size=4 phys=0x0002C2A8 val=0x1F801814 ra=0x8001A184 sp=0x801FFF98 pc=0x00000000 f=0
[BLACKSCREEN][STATE-C2A8AC-R] #16 size=4 phys=0x0002C2AC val=0x1F801110 ra=0x8001A184 sp=0x801FFF98 pc=0x00000000 f=0
[BLACKSCREEN][CALL] route=compiled_early #7 addr=0x80015308 ra=0x8001A184 f=0
[BLACKSCREEN][A110-RET] call_pc=0x8001A17C target=0x80015308 v0_before=0x00000000 v1_before=0x00000004 v0_after=0x1F801814 v1_after=0x1F801110 c9278=0x1F801BD4 c927c=0x00000005 sp_before=0x801FFF98 sp_after=0x801FFF98 ra=0x8001A184 f=0
[BLACKSCREEN][A110-EXIT-COND] pc=0x8001A194 instr=0x1460000B v1=0x00000000 v0=0x1F801814 will_branch=0 next=0x8001A19C else=0x8001A1C4 c9278=0x1F801BD4 c927c=0x00000005 ra=0x8001A184 sp=0x801FFF98 f=0
[BLACKSCREEN][A110-PATH] #21 pc=0x8001A238 instr=0x00001021 v0=0x00000000 v1=0x00000005 a0=0xFFFFFFFF a1=0x00008000 a2=0x00000000 a3=0x00000000 s0=0x00000003 s1=0x801E0000 s2=0x80032D80 s3=0x80032B48 sp=0x801FFF98 ra=0x8001A184 m2ab4=0x00000000 m2ab8=0x00000000 m2ac5=0x00 c2ba=0x0000 c2b8=0x00000000 c2bc=0x00000000 f=0
[BLACKSCREEN][A110-PATH] #22 pc=0x8001A23C instr=0x14400049 v0=0x00000000 v1=0x00000005 a0=0xFFFFFFFF a1=0x00008000 a2=0x00000000 a3=0x00000000 s0=0x00000003 s1=0x801E0000 s2=0x80032D80 s3=0x80032B48 sp=0x801FFF98 ra=0x8001A184 m2ab4=0x00000000 m2ab8=0x00000000 m2ac5=0x00 c2ba=0x0000 c2b8=0x00000000 c2bc=0x00000000 f=0
[BLACKSCREEN][A110-PATH] #23 pc=0x8001A244 instr=0x0C005594 v0=0xFFFFFFFF v1=0x00000005 a0=0xFFFFFFFF a1=0x00008000 a2=0x00000000 a3=0x00000000 s0=0x00000003 s1=0x801E0000 s2=0x80032D80 s3=0x80032B48 sp=0x801FFF98 ra=0x8001A184 m2ab4=0x00000000 m2ab8=0x00000000 m2ac5=0x00 c2ba=0x0000 c2b8=0x00000000 c2bc=0x00000000 f=0
[BLACKSCREEN][A110-CALL] pc=0x8001A244 target=0x80015650 v0=0xFFFFFFFF v1=0x00000005 a0=0xFFFFFFFF a1=0x00008000 a2=0x00000000 a3=0x00000000 sp=0x801FFF98 ra=0x8001A24C f=0
[BLACKSCREEN][A110-15650-CALL] #6 call_pc=0x8001A244 ra=0x8001A24C v0=0xFFFFFFFF v1=0x00000005 a0=0xFFFFFFFF a1=0x00008000 sp=0x801FFF98 c2ba=0x0000 f=0
[BLACKSCREEN][CALL] enter #20 addr=0x80015650 kseg0=0x80015650 ra=0x8001A24C sp=0x801FFF98 f=0
[BLACKSCREEN][CALL] stage=before_overlay #12 addr=0x80015650 ra=0x8001A24C f=0
[BLACKSCREEN][CALL] stage=before_inbinary #12 addr=0x80015650 ra=0x8001A24C f=0
[BLACKSCREEN][CALL] route=interp #12 addr=0x80015650 ra=0x8001A24C f=0
[BLACKSCREEN][INTERP] enter start=0x80015650 instr0=0x3C028003 a0=0xFFFFFFFF ra=0x8001A24C sp=0x801FFF98 f=0
[BLACKSCREEN][15650-STEP] #16 pc=0x80015650 instr=0x3C028003 v0=0xFFFFFFFF v1=0x00000005 a0=0xFFFFFFFF a1=0x00008000 c2ba=0x0000 c2b8=0x00000000 c2bc=0x00000000 ra=0x8001A24C sp=0x801FFF98 f=0
[BLACKSCREEN][15650-STEP] #17 pc=0x80015654 instr=0x9442C2BA v0=0x80030000 v1=0x00000005 a0=0xFFFFFFFF a1=0x00008000 c2ba=0x0000 c2b8=0x00000000 c2bc=0x00000000 ra=0x8001A24C sp=0x801FFF98 f=0
[BLACKSCREEN][STATE-C2BA-R] #6 size=2 phys=0x0002C2BA val=0x0000 ra=0x8001A24C sp=0x801FFF98 pc=0x00000000 f=0
[BLACKSCREEN][15650-STEP] #18 pc=0x80015658 instr=0x03E00008 v0=0x00000000 v1=0x00000005 a0=0xFFFFFFFF a1=0x00008000 c2ba=0x0000 c2b8=0x00000000 c2bc=0x00000000 ra=0x8001A24C sp=0x801FFF98 f=0
[BLACKSCREEN][15650-RET] #6 reason=jr_ra end=0x80015658 target=0x8001A24C steps=3 v0=0x00000000 v1=0x00000005 c2ba=0x0000 c2b8=0x00000000 c2bc=0x00000000 ra=0x8001A24C sp=0x801FFF98 f=0
[BLACKSCREEN][INTERP] start=0x80015650 end=0x80015658 steps=3 reason=jr_ra target=0x8001A24C ra=0x8001A24C sp=0x801FFF98 f=0
[BLACKSCREEN][A110-RET] call_pc=0x8001A244 target=0x80015650 v0_before=0xFFFFFFFF v1_before=0x00000005 v0_after=0x00000000 v1_after=0x00000005 c9278=0x1F801BD4 c927c=0x00000006 sp_before=0x801FFF98 sp_after=0x801FFF98 ra=0x8001A24C f=0
[BLACKSCREEN][A110-15650-RET] #6 call_pc=0x8001A244 v0_after=0x00000000 v1_after=0x00000005 a0=0xFFFFFFFF a1=0x00008000 sp_after=0x801FFF98 c2ba=0x0000 f=0
[BLACKSCREEN][A110-PATH] #24 pc=0x8001A24C instr=0x1040002B v0=0x00000000 v1=0x00000005 a0=0xFFFFFFFF a1=0x00008000 a2=0x00000000 a3=0x00000000 s0=0x00000003 s1=0x801E0000 s2=0x80032D80 s3=0x80032B48 sp=0x801FFF98 ra=0x8001A24C m2ab4=0x00000000 m2ab8=0x00000000 m2ac5=0x00 c2ba=0x0000 c2b8=0x00000000 c2bc=0x00000000 f=0
[BLACKSCREEN][A110-CALL] pc=0x8001A17C target=0x80015308 v0=0x00000000 v1=0x00000005 a0=0xFFFFFFFF a1=0x00008000 a2=0x00000000 a3=0x00000000 sp=0x801FFF98 ra=0x8001A184 f=0
[BLACKSCREEN][CALL] enter #21 addr=0x80015308 kseg0=0x80015308 ra=0x8001A184 sp=0x801FFF98 f=0
[BLACKSCREEN][STATE-C2A8AC-R] #17 size=4 phys=0x0002C2A8 val=0x1F801814 ra=0x8001A184 sp=0x801FFF98 pc=0x00000000 f=0
[BLACKSCREEN][STATE-C2A8AC-R] #18 size=4 phys=0x0002C2AC val=0x1F801110 ra=0x8001A184 sp=0x801FFF98 pc=0x00000000 f=0
[BLACKSCREEN][CALL] route=compiled_early #8 addr=0x80015308 ra=0x8001A184 f=0
[BLACKSCREEN][A110-RET] call_pc=0x8001A17C target=0x80015308 v0_before=0x00000000 v1_before=0x00000005 v0_after=0x1F801814 v1_after=0x1F801110 c9278=0x1F801BD4 c927c=0x00000006 sp_before=0x801FFF98 sp_after=0x801FFF98 ra=0x8001A184 f=0
[BLACKSCREEN][A110-EXIT-COND] pc=0x8001A194 instr=0x1460000B v1=0x00000000 v0=0x1F801814 will_branch=0 next=0x8001A19C else=0x8001A1C4 c9278=0x1F801BD4 c927c=0x00000006 ra=0x8001A184 sp=0x801FFF98 f=0
[BLACKSCREEN][A110-PATH] #25 pc=0x8001A238 instr=0x00001021 v0=0x00000000 v1=0x00000006 a0=0xFFFFFFFF a1=0x00008000 a2=0x00000000 a3=0x00000000 s0=0x00000003 s1=0x801E0000 s2=0x80032D80 s3=0x80032B48 sp=0x801FFF98 ra=0x8001A184 m2ab4=0x00000000 m2ab8=0x00000000 m2ac5=0x00 c2ba=0x0000 c2b8=0x00000000 c2bc=0x00000000 f=0
[BLACKSCREEN][A110-PATH] #26 pc=0x8001A23C instr=0x14400049 v0=0x00000000 v1=0x00000006 a0=0xFFFFFFFF a1=0x00008000 a2=0x00000000 a3=0x00000000 s0=0x00000003 s1=0x801E0000 s2=0x80032D80 s3=0x80032B48 sp=0x801FFF98 ra=0x8001A184 m2ab4=0x00000000 m2ab8=0x00000000 m2ac5=0x00 c2ba=0x0000 c2b8=0x00000000 c2bc=0x00000000 f=0
[BLACKSCREEN][A110-PATH] #27 pc=0x8001A244 instr=0x0C005594 v0=0xFFFFFFFF v1=0x00000006 a0=0xFFFFFFFF a1=0x00008000 a2=0x00000000 a3=0x00000000 s0=0x00000003 s1=0x801E0000 s2=0x80032D80 s3=0x80032B48 sp=0x801FFF98 ra=0x8001A184 m2ab4=0x00000000 m2ab8=0x00000000 m2ac5=0x00 c2ba=0x0000 c2b8=0x00000000 c2bc=0x00000000 f=0
[BLACKSCREEN][A110-CALL] pc=0x8001A244 target=0x80015650 v0=0xFFFFFFFF v1=0x00000006 a0=0xFFFFFFFF a1=0x00008000 a2=0x00000000 a3=0x00000000 sp=0x801FFF98 ra=0x8001A24C f=0
[BLACKSCREEN][A110-15650-CALL] #7 call_pc=0x8001A244 ra=0x8001A24C v0=0xFFFFFFFF v1=0x00000006 a0=0xFFFFFFFF a1=0x00008000 sp=0x801FFF98 c2ba=0x0000 f=0
[BLACKSCREEN][CALL] enter #22 addr=0x80015650 kseg0=0x80015650 ra=0x8001A24C sp=0x801FFF98 f=0
[BLACKSCREEN][CALL] stage=before_overlay #13 addr=0x80015650 ra=0x8001A24C f=0
[BLACKSCREEN][CALL] stage=before_inbinary #13 addr=0x80015650 ra=0x8001A24C f=0
[BLACKSCREEN][CALL] route=interp #13 addr=0x80015650 ra=0x8001A24C f=0
[BLACKSCREEN][INTERP] enter start=0x80015650 instr0=0x3C028003 a0=0xFFFFFFFF ra=0x8001A24C sp=0x801FFF98 f=0
[BLACKSCREEN][15650-STEP] #19 pc=0x80015650 instr=0x3C028003 v0=0xFFFFFFFF v1=0x00000006 a0=0xFFFFFFFF a1=0x00008000 c2ba=0x0000 c2b8=0x00000000 c2bc=0x00000000 ra=0x8001A24C sp=0x801FFF98 f=0
[BLACKSCREEN][15650-STEP] #20 pc=0x80015654 instr=0x9442C2BA v0=0x80030000 v1=0x00000006 a0=0xFFFFFFFF a1=0x00008000 c2ba=0x0000 c2b8=0x00000000 c2bc=0x00000000 ra=0x8001A24C sp=0x801FFF98 f=0
[BLACKSCREEN][STATE-C2BA-R] #7 size=2 phys=0x0002C2BA val=0x0000 ra=0x8001A24C sp=0x801FFF98 pc=0x00000000 f=0
[BLACKSCREEN][15650-STEP] #21 pc=0x80015658 instr=0x03E00008 v0=0x00000000 v1=0x00000006 a0=0xFFFFFFFF a1=0x00008000 c2ba=0x0000 c2b8=0x00000000 c2bc=0x00000000 ra=0x8001A24C sp=0x801FFF98 f=0
[BLACKSCREEN][15650-RET] #7 reason=jr_ra end=0x80015658 target=0x8001A24C steps=3 v0=0x00000000 v1=0x00000006 c2ba=0x0000 c2b8=0x00000000 c2bc=0x00000000 ra=0x8001A24C sp=0x801FFF98 f=0
[BLACKSCREEN][INTERP] start=0x80015650 end=0x80015658 steps=3 reason=jr_ra target=0x8001A24C ra=0x8001A24C sp=0x801FFF98 f=0
[BLACKSCREEN][A110-RET] call_pc=0x8001A244 target=0x80015650 v0_before=0xFFFFFFFF v1_before=0x00000006 v0_after=0x00000000 v1_after=0x00000006 c9278=0x1F801BD4 c927c=0x00000007 sp_before=0x801FFF98 sp_after=0x801FFF98 ra=0x8001A24C f=0
[BLACKSCREEN][A110-15650-RET] #7 call_pc=0x8001A244 v0_after=0x00000000 v1_after=0x00000006 a0=0xFFFFFFFF a1=0x00008000 sp_after=0x801FFF98 c2ba=0x0000 f=0
[BLACKSCREEN][A110-PATH] #28 pc=0x8001A24C instr=0x1040002B v0=0x00000000 v1=0x00000006 a0=0xFFFFFFFF a1=0x00008000 a2=0x00000000 a3=0x00000000 s0=0x00000003 s1=0x801E0000 s2=0x80032D80 s3=0x80032B48 sp=0x801FFF98 ra=0x8001A24C m2ab4=0x00000000 m2ab8=0x00000000 m2ac5=0x00 c2ba=0x0000 c2b8=0x00000000 c2bc=0x00000000 f=0
[BLACKSCREEN][A110-CALL] pc=0x8001A17C target=0x80015308 v0=0x00000000 v1=0x00000006 a0=0xFFFFFFFF a1=0x00008000 a2=0x00000000 a3=0x00000000 sp=0x801FFF98 ra=0x8001A184 f=0
[BLACKSCREEN][CALL] enter #23 addr=0x80015308 kseg0=0x80015308 ra=0x8001A184 sp=0x801FFF98 f=0
[BLACKSCREEN][STATE-C2A8AC-R] #19 size=4 phys=0x0002C2A8 val=0x1F801814 ra=0x8001A184 sp=0x801FFF98 pc=0x00000000 f=0
[BLACKSCREEN][STATE-C2A8AC-R] #20 size=4 phys=0x0002C2AC val=0x1F801110 ra=0x8001A184 sp=0x801FFF98 pc=0x00000000 f=0
[BLACKSCREEN][CALL] route=compiled_early #9 addr=0x80015308 ra=0x8001A184 f=0
[BLACKSCREEN][A110-RET] call_pc=0x8001A17C target=0x80015308 v0_before=0x00000000 v1_before=0x00000006 v0_after=0x1F801814 v1_after=0x1F801110 c9278=0x1F801BD4 c927c=0x00000007 sp_before=0x801FFF98 sp_after=0x801FFF98 ra=0x8001A184 f=0
[BLACKSCREEN][A110-EXIT-COND] pc=0x8001A194 instr=0x1460000B v1=0x00000000 v0=0x1F801814 will_branch=0 next=0x8001A19C else=0x8001A1C4 c9278=0x1F801BD4 c927c=0x00000007 ra=0x8001A184 sp=0x801FFF98 f=0
[BLACKSCREEN][A110-PATH] #29 pc=0x8001A238 instr=0x00001021 v0=0x00000000 v1=0x00000007 a0=0xFFFFFFFF a1=0x00008000 a2=0x00000000 a3=0x00000000 s0=0x00000003 s1=0x801E0000 s2=0x80032D80 s3=0x80032B48 sp=0x801FFF98 ra=0x8001A184 m2ab4=0x00000000 m2ab8=0x00000000 m2ac5=0x00 c2ba=0x0000 c2b8=0x00000000 c2bc=0x00000000 f=0
[BLACKSCREEN][A110-PATH] #30 pc=0x8001A23C instr=0x14400049 v0=0x00000000 v1=0x00000007 a0=0xFFFFFFFF a1=0x00008000 a2=0x00000000 a3=0x00000000 s0=0x00000003 s1=0x801E0000 s2=0x80032D80 s3=0x80032B48 sp=0x801FFF98 ra=0x8001A184 m2ab4=0x00000000 m2ab8=0x00000000 m2ac5=0x00 c2ba=0x0000 c2b8=0x00000000 c2bc=0x00000000 f=0
[BLACKSCREEN][A110-PATH] #31 pc=0x8001A244 instr=0x0C005594 v0=0xFFFFFFFF v1=0x00000007 a0=0xFFFFFFFF a1=0x00008000 a2=0x00000000 a3=0x00000000 s0=0x00000003 s1=0x801E0000 s2=0x80032D80 s3=0x80032B48 sp=0x801FFF98 ra=0x8001A184 m2ab4=0x00000000 m2ab8=0x00000000 m2ac5=0x00 c2ba=0x0000 c2b8=0x00000000 c2bc=0x00000000 f=0
[BLACKSCREEN][A110-CALL] pc=0x8001A244 target=0x80015650 v0=0xFFFFFFFF v1=0x00000007 a0=0xFFFFFFFF a1=0x00008000 a2=0x00000000 a3=0x00000000 sp=0x801FFF98 ra=0x8001A24C f=0
[BLACKSCREEN][A110-15650-CALL] #8 call_pc=0x8001A244 ra=0x8001A24C v0=0xFFFFFFFF v1=0x00000007 a0=0xFFFFFFFF a1=0x00008000 sp=0x801FFF98 c2ba=0x0000 f=0
[BLACKSCREEN][CALL] enter #24 addr=0x80015650 kseg0=0x80015650 ra=0x8001A24C sp=0x801FFF98 f=0
[BLACKSCREEN][CALL] stage=before_overlay #14 addr=0x80015650 ra=0x8001A24C f=0
[BLACKSCREEN][CALL] stage=before_inbinary #14 addr=0x80015650 ra=0x8001A24C f=0
[BLACKSCREEN][CALL] route=interp #14 addr=0x80015650 ra=0x8001A24C f=0
[BLACKSCREEN][INTERP] enter start=0x80015650 instr0=0x3C028003 a0=0xFFFFFFFF ra=0x8001A24C sp=0x801FFF98 f=0
[BLACKSCREEN][15650-STEP] #22 pc=0x80015650 instr=0x3C028003 v0=0xFFFFFFFF v1=0x00000007 a0=0xFFFFFFFF a1=0x00008000 c2ba=0x0000 c2b8=0x00000000 c2bc=0x00000000 ra=0x8001A24C sp=0x801FFF98 f=0
[BLACKSCREEN][15650-STEP] #23 pc=0x80015654 instr=0x9442C2BA v0=0x80030000 v1=0x00000007 a0=0xFFFFFFFF a1=0x00008000 c2ba=0x0000 c2b8=0x00000000 c2bc=0x00000000 ra=0x8001A24C sp=0x801FFF98 f=0
[BLACKSCREEN][STATE-C2BA-R] #8 size=2 phys=0x0002C2BA val=0x0000 ra=0x8001A24C sp=0x801FFF98 pc=0x00000000 f=0
[BLACKSCREEN][15650-STEP] #24 pc=0x80015658 instr=0x03E00008 v0=0x00000000 v1=0x00000007 a0=0xFFFFFFFF a1=0x00008000 c2ba=0x0000 c2b8=0x00000000 c2bc=0x00000000 ra=0x8001A24C sp=0x801FFF98 f=0
[BLACKSCREEN][15650-RET] #8 reason=jr_ra end=0x80015658 target=0x8001A24C steps=3 v0=0x00000000 v1=0x00000007 c2ba=0x0000 c2b8=0x00000000 c2bc=0x00000000 ra=0x8001A24C sp=0x801FFF98 f=0
[BLACKSCREEN][INTERP] start=0x80015650 end=0x80015658 steps=3 reason=jr_ra target=0x8001A24C ra=0x8001A24C sp=0x801FFF98 f=0
[BLACKSCREEN][A110-RET] call_pc=0x8001A244 target=0x80015650 v0_before=0xFFFFFFFF v1_before=0x00000007 v0_after=0x00000000 v1_after=0x00000007 c9278=0x1F801BD4 c927c=0x00000008 sp_before=0x801FFF98 sp_after=0x801FFF98 ra=0x8001A24C f=0
[BLACKSCREEN][A110-15650-RET] #8 call_pc=0x8001A244 v0_after=0x00000000 v1_after=0x00000007 a0=0xFFFFFFFF a1=0x00008000 sp_after=0x801FFF98 c2ba=0x0000 f=0
[BLACKSCREEN][A110-PATH] #32 pc=0x8001A24C instr=0x1040002B v0=0x00000000 v1=0x00000007 a0=0xFFFFFFFF a1=0x00008000 a2=0x00000000 a3=0x00000000 s0=0x00000003 s1=0x801E0000 s2=0x80032D80 s3=0x80032B48 sp=0x801FFF98 ra=0x8001A24C m2ab4=0x00000000 m2ab8=0x00000000 m2ac5=0x00 c2ba=0x0000 c2b8=0x00000000 c2bc=0x00000000 f=0
[BLACKSCREEN][A110-CALL] pc=0x8001A17C target=0x80015308 v0=0x00000000 v1=0x00000007 a0=0xFFFFFFFF a1=0x00008000 a2=0x00000000 a3=0x00000000 sp=0x801FFF98 ra=0x8001A184 f=0
[BLACKSCREEN][CALL] enter #25 addr=0x80015308 kseg0=0x80015308 ra=0x8001A184 sp=0x801FFF98 f=0
[BLACKSCREEN][STATE-C2A8AC-R] #21 size=4 phys=0x0002C2A8 val=0x1F801814 ra=0x8001A184 sp=0x801FFF98 pc=0x00000000 f=0
[BLACKSCREEN][STATE-C2A8AC-R] #22 size=4 phys=0x0002C2AC val=0x1F801110 ra=0x8001A184 sp=0x801FFF98 pc=0x00000000 f=0
[BLACKSCREEN][CALL] route=compiled_early #10 addr=0x80015308 ra=0x8001A184 f=0
[BLACKSCREEN][A110-RET] call_pc=0x8001A17C target=0x80015308 v0_before=0x00000000 v1_before=0x00000007 v0_after=0x1F801814 v1_after=0x1F801110 c9278=0x1F801BD4 c927c=0x00000008 sp_before=0x801FFF98 sp_after=0x801FFF98 ra=0x8001A184 f=0
[BLACKSCREEN][A110-EXIT-COND] pc=0x8001A194 instr=0x1460000B v1=0x00000000 v0=0x1F801814 will_branch=0 next=0x8001A19C else=0x8001A1C4 c9278=0x1F801BD4 c927c=0x00000008 ra=0x8001A184 sp=0x801FFF98 f=0
[BLACKSCREEN][A110-PATH] #33 pc=0x8001A238 instr=0x00001021 v0=0x00000000 v1=0x00000008 a0=0xFFFFFFFF a1=0x00008000 a2=0x00000000 a3=0x00000000 s0=0x00000003 s1=0x801E0000 s2=0x80032D80 s3=0x80032B48 sp=0x801FFF98 ra=0x8001A184 m2ab4=0x00000000 m2ab8=0x00000000 m2ac5=0x00 c2ba=0x0000 c2b8=0x00000000 c2bc=0x00000000 f=0
[BLACKSCREEN][A110-PATH] #34 pc=0x8001A23C instr=0x14400049 v0=0x00000000 v1=0x00000008 a0=0xFFFFFFFF a1=0x00008000 a2=0x00000000 a3=0x00000000 s0=0x00000003 s1=0x801E0000 s2=0x80032D80 s3=0x80032B48 sp=0x801FFF98 ra=0x8001A184 m2ab4=0x00000000 m2ab8=0x00000000 m2ac5=0x00 c2ba=0x0000 c2b8=0x00000000 c2bc=0x00000000 f=0
[BLACKSCREEN][A110-PATH] #35 pc=0x8001A244 instr=0x0C005594 v0=0xFFFFFFFF v1=0x00000008 a0=0xFFFFFFFF a1=0x00008000 a2=0x00000000 a3=0x00000000 s0=0x00000003 s1=0x801E0000 s2=0x80032D80 s3=0x80032B48 sp=0x801FFF98 ra=0x8001A184 m2ab4=0x00000000 m2ab8=0x00000000 m2ac5=0x00 c2ba=0x0000 c2b8=0x00000000 c2bc=0x00000000 f=0
[BLACKSCREEN][A110-CALL] pc=0x8001A244 target=0x80015650 v0=0xFFFFFFFF v1=0x00000008 a0=0xFFFFFFFF a1=0x00008000 a2=0x00000000 a3=0x00000000 sp=0x801FFF98 ra=0x8001A24C f=0
[BLACKSCREEN][A110-15650-CALL] #9 call_pc=0x8001A244 ra=0x8001A24C v0=0xFFFFFFFF v1=0x00000008 a0=0xFFFFFFFF a1=0x00008000 sp=0x801FFF98 c2ba=0x0000 f=0
[BLACKSCREEN][CALL] enter #26 addr=0x80015650 kseg0=0x80015650 ra=0x8001A24C sp=0x801FFF98 f=0
[BLACKSCREEN][CALL] stage=before_overlay #15 addr=0x80015650 ra=0x8001A24C f=0
[BLACKSCREEN][CALL] stage=before_inbinary #15 addr=0x80015650 ra=0x8001A24C f=0
[BLACKSCREEN][CALL] route=interp #15 addr=0x80015650 ra=0x8001A24C f=0
[BLACKSCREEN][INTERP] enter start=0x80015650 instr0=0x3C028003 a0=0xFFFFFFFF ra=0x8001A24C sp=0x801FFF98 f=0
[BLACKSCREEN][15650-STEP] #25 pc=0x80015650 instr=0x3C028003 v0=0xFFFFFFFF v1=0x00000008 a0=0xFFFFFFFF a1=0x00008000 c2ba=0x0000 c2b8=0x00000000 c2bc=0x00000000 ra=0x8001A24C sp=0x801FFF98 f=0
[BLACKSCREEN][15650-STEP] #26 pc=0x80015654 instr=0x9442C2BA v0=0x80030000 v1=0x00000008 a0=0xFFFFFFFF a1=0x00008000 c2ba=0x0000 c2b8=0x00000000 c2bc=0x00000000 ra=0x8001A24C sp=0x801FFF98 f=0
[BLACKSCREEN][STATE-C2BA-R] #9 size=2 phys=0x0002C2BA val=0x0000 ra=0x8001A24C sp=0x801FFF98 pc=0x00000000 f=0
[BLACKSCREEN][15650-STEP] #27 pc=0x80015658 instr=0x03E00008 v0=0x00000000 v1=0x00000008 a0=0xFFFFFFFF a1=0x00008000 c2ba=0x0000 c2b8=0x00000000 c2bc=0x00000000 ra=0x8001A24C sp=0x801FFF98 f=0
[BLACKSCREEN][15650-RET] #9 reason=jr_ra end=0x80015658 target=0x8001A24C steps=3 v0=0x00000000 v1=0x00000008 c2ba=0x0000 c2b8=0x00000000 c2bc=0x00000000 ra=0x8001A24C sp=0x801FFF98 f=0
[BLACKSCREEN][INTERP] start=0x80015650 end=0x80015658 steps=3 reason=jr_ra target=0x8001A24C ra=0x8001A24C sp=0x801FFF98 f=0
[BLACKSCREEN][A110-RET] call_pc=0x8001A244 target=0x80015650 v0_before=0xFFFFFFFF v1_before=0x00000008 v0_after=0x00000000 v1_after=0x00000008 c9278=0x1F801BD4 c927c=0x00000009 sp_before=0x801FFF98 sp_after=0x801FFF98 ra=0x8001A24C f=0
[BLACKSCREEN][A110-15650-RET] #9 call_pc=0x8001A244 v0_after=0x00000000 v1_after=0x00000008 a0=0xFFFFFFFF a1=0x00008000 sp_after=0x801FFF98 c2ba=0x0000 f=0
[BLACKSCREEN][A110-PATH] #36 pc=0x8001A24C instr=0x1040002B v0=0x00000000 v1=0x00000008 a0=0xFFFFFFFF a1=0x00008000 a2=0x00000000 a3=0x00000000 s0=0x00000003 s1=0x801E0000 s2=0x80032D80 s3=0x80032B48 sp=0x801FFF98 ra=0x8001A24C m2ab4=0x00000000 m2ab8=0x00000000 m2ac5=0x00 c2ba=0x0000 c2b8=0x00000000 c2bc=0x00000000 f=0
[BLACKSCREEN][A110-CALL] pc=0x8001A17C target=0x80015308 v0=0x00000000 v1=0x00000008 a0=0xFFFFFFFF a1=0x00008000 a2=0x00000000 a3=0x00000000 sp=0x801FFF98 ra=0x8001A184 f=0
[BLACKSCREEN][CALL] enter #27 addr=0x80015308 kseg0=0x80015308 ra=0x8001A184 sp=0x801FFF98 f=0
[BLACKSCREEN][STATE-C2A8AC-R] #23 size=4 phys=0x0002C2A8 val=0x1F801814 ra=0x8001A184 sp=0x801FFF98 pc=0x00000000 f=0
[BLACKSCREEN][STATE-C2A8AC-R] #24 size=4 phys=0x0002C2AC val=0x1F801110 ra=0x8001A184 sp=0x801FFF98 pc=0x00000000 f=0
[BLACKSCREEN][CALL] route=compiled_early #11 addr=0x80015308 ra=0x8001A184 f=0
[BLACKSCREEN][A110-RET] call_pc=0x8001A17C target=0x80015308 v0_before=0x00000000 v1_before=0x00000008 v0_after=0x1F801814 v1_after=0x1F801110 c9278=0x1F801BD4 c927c=0x00000009 sp_before=0x801FFF98 sp_after=0x801FFF98 ra=0x8001A184 f=0
[BLACKSCREEN][A110-EXIT-COND] pc=0x8001A194 instr=0x1460000B v1=0x00000000 v0=0x1F801814 will_branch=0 next=0x8001A19C else=0x8001A1C4 c9278=0x1F801BD4 c927c=0x00000009 ra=0x8001A184 sp=0x801FFF98 f=0
[BLACKSCREEN][A110-PATH] #37 pc=0x8001A238 instr=0x00001021 v0=0x00000000 v1=0x00000009 a0=0xFFFFFFFF a1=0x00008000 a2=0x00000000 a3=0x00000000 s0=0x00000003 s1=0x801E0000 s2=0x80032D80 s3=0x80032B48 sp=0x801FFF98 ra=0x8001A184 m2ab4=0x00000000 m2ab8=0x00000000 m2ac5=0x00 c2ba=0x0000 c2b8=0x00000000 c2bc=0x00000000 f=0
[BLACKSCREEN][A110-PATH] #38 pc=0x8001A23C instr=0x14400049 v0=0x00000000 v1=0x00000009 a0=0xFFFFFFFF a1=0x00008000 a2=0x00000000 a3=0x00000000 s0=0x00000003 s1=0x801E0000 s2=0x80032D80 s3=0x80032B48 sp=0x801FFF98 ra=0x8001A184 m2ab4=0x00000000 m2ab8=0x00000000 m2ac5=0x00 c2ba=0x0000 c2b8=0x00000000 c2bc=0x00000000 f=0
[BLACKSCREEN][A110-PATH] #39 pc=0x8001A244 instr=0x0C005594 v0=0xFFFFFFFF v1=0x00000009 a0=0xFFFFFFFF a1=0x00008000 a2=0x00000000 a3=0x00000000 s0=0x00000003 s1=0x801E0000 s2=0x80032D80 s3=0x80032B48 sp=0x801FFF98 ra=0x8001A184 m2ab4=0x00000000 m2ab8=0x00000000 m2ac5=0x00 c2ba=0x0000 c2b8=0x00000000 c2bc=0x00000000 f=0
[BLACKSCREEN][A110-CALL] pc=0x8001A244 target=0x80015650 v0=0xFFFFFFFF v1=0x00000009 a0=0xFFFFFFFF a1=0x00008000 a2=0x00000000 a3=0x00000000 sp=0x801FFF98 ra=0x8001A24C f=0
[BLACKSCREEN][A110-15650-CALL] #10 call_pc=0x8001A244 ra=0x8001A24C v0=0xFFFFFFFF v1=0x00000009 a0=0xFFFFFFFF a1=0x00008000 sp=0x801FFF98 c2ba=0x0000 f=0
[BLACKSCREEN][CALL] enter #28 addr=0x80015650 kseg0=0x80015650 ra=0x8001A24C sp=0x801FFF98 f=0
[BLACKSCREEN][CALL] stage=before_overlay #16 addr=0x80015650 ra=0x8001A24C f=0
[BLACKSCREEN][CALL] stage=before_inbinary #16 addr=0x80015650 ra=0x8001A24C f=0
[BLACKSCREEN][CALL] route=interp #16 addr=0x80015650 ra=0x8001A24C f=0
[BLACKSCREEN][INTERP] enter start=0x80015650 instr0=0x3C028003 a0=0xFFFFFFFF ra=0x8001A24C sp=0x801FFF98 f=0
[BLACKSCREEN][15650-STEP] #28 pc=0x80015650 instr=0x3C028003 v0=0xFFFFFFFF v1=0x00000009 a0=0xFFFFFFFF a1=0x00008000 c2ba=0x0000 c2b8=0x00000000 c2bc=0x00000000 ra=0x8001A24C sp=0x801FFF98 f=0
[BLACKSCREEN][15650-STEP] #29 pc=0x80015654 instr=0x9442C2BA v0=0x80030000 v1=0x00000009 a0=0xFFFFFFFF a1=0x00008000 c2ba=0x0000 c2b8=0x00000000 c2bc=0x00000000 ra=0x8001A24C sp=0x801FFF98 f=0
[BLACKSCREEN][STATE-C2BA-R] #10 size=2 phys=0x0002C2BA val=0x0000 ra=0x8001A24C sp=0x801FFF98 pc=0x00000000 f=0
[BLACKSCREEN][15650-STEP] #30 pc=0x80015658 instr=0x03E00008 v0=0x00000000 v1=0x00000009 a0=0xFFFFFFFF a1=0x00008000 c2ba=0x0000 c2b8=0x00000000 c2bc=0x00000000 ra=0x8001A24C sp=0x801FFF98 f=0
[BLACKSCREEN][15650-RET] #10 reason=jr_ra end=0x80015658 target=0x8001A24C steps=3 v0=0x00000000 v1=0x00000009 c2ba=0x0000 c2b8=0x00000000 c2bc=0x00000000 ra=0x8001A24C sp=0x801FFF98 f=0
[BLACKSCREEN][INTERP] start=0x80015650 end=0x80015658 steps=3 reason=jr_ra target=0x8001A24C ra=0x8001A24C sp=0x801FFF98 f=0
[BLACKSCREEN][A110-RET] call_pc=0x8001A244 target=0x80015650 v0_before=0xFFFFFFFF v1_before=0x00000009 v0_after=0x00000000 v1_after=0x00000009 c9278=0x1F801BD4 c927c=0x0000000A sp_before=0x801FFF98 sp_after=0x801FFF98 ra=0x8001A24C f=0
[BLACKSCREEN][A110-15650-RET] #10 call_pc=0x8001A244 v0_after=0x00000000 v1_after=0x00000009 a0=0xFFFFFFFF a1=0x00008000 sp_after=0x801FFF98 c2ba=0x0000 f=0
[BLACKSCREEN][A110-PATH] #40 pc=0x8001A24C instr=0x1040002B v0=0x00000000 v1=0x00000009 a0=0xFFFFFFFF a1=0x00008000 a2=0x00000000 a3=0x00000000 s0=0x00000003 s1=0x801E0000 s2=0x80032D80 s3=0x80032B48 sp=0x801FFF98 ra=0x8001A24C m2ab4=0x00000000 m2ab8=0x00000000 m2ac5=0x00 c2ba=0x0000 c2b8=0x00000000 c2bc=0x00000000 f=0
[BLACKSCREEN][A110-CALL] pc=0x8001A17C target=0x80015308 v0=0x00000000 v1=0x00000009 a0=0xFFFFFFFF a1=0x00008000 a2=0x00000000 a3=0x00000000 sp=0x801FFF98 ra=0x8001A184 f=0
[BLACKSCREEN][CALL] enter #29 addr=0x80015308 kseg0=0x80015308 ra=0x8001A184 sp=0x801FFF98 f=0
[BLACKSCREEN][STATE-C2A8AC-R] #25 size=4 phys=0x0002C2A8 val=0x1F801814 ra=0x8001A184 sp=0x801FFF98 pc=0x00000000 f=0
[BLACKSCREEN][STATE-C2A8AC-R] #26 size=4 phys=0x0002C2AC val=0x1F801110 ra=0x8001A184 sp=0x801FFF98 pc=0x00000000 f=0
[BLACKSCREEN][CALL] route=compiled_early #12 addr=0x80015308 ra=0x8001A184 f=0
[BLACKSCREEN][A110-RET] call_pc=0x8001A17C target=0x80015308 v0_before=0x00000000 v1_before=0x00000009 v0_after=0x1F801814 v1_after=0x1F801110 c9278=0x1F801BD4 c927c=0x0000000A sp_before=0x801FFF98 sp_after=0x801FFF98 ra=0x8001A184 f=0
[BLACKSCREEN][A110-EXIT-COND] pc=0x8001A194 instr=0x1460000B v1=0x00000000 v0=0x1F801814 will_branch=0 next=0x8001A19C else=0x8001A1C4 c9278=0x1F801BD4 c927c=0x0000000A ra=0x8001A184 sp=0x801FFF98 f=0
[BLACKSCREEN][A110-PATH] #41 pc=0x8001A238 instr=0x00001021 v0=0x00000000 v1=0x0000000A a0=0xFFFFFFFF a1=0x00008000 a2=0x00000000 a3=0x00000000 s0=0x00000003 s1=0x801E0000 s2=0x80032D80 s3=0x80032B48 sp=0x801FFF98 ra=0x8001A184 m2ab4=0x00000000 m2ab8=0x00000000 m2ac5=0x00 c2ba=0x0000 c2b8=0x00000000 c2bc=0x00000000 f=0
[BLACKSCREEN][A110-PATH] #42 pc=0x8001A23C instr=0x14400049 v0=0x00000000 v1=0x0000000A a0=0xFFFFFFFF a1=0x00008000 a2=0x00000000 a3=0x00000000 s0=0x00000003 s1=0x801E0000 s2=0x80032D80 s3=0x80032B48 sp=0x801FFF98 ra=0x8001A184 m2ab4=0x00000000 m2ab8=0x00000000 m2ac5=0x00 c2ba=0x0000 c2b8=0x00000000 c2bc=0x00000000 f=0
[BLACKSCREEN][A110-PATH] #43 pc=0x8001A244 instr=0x0C005594 v0=0xFFFFFFFF v1=0x0000000A a0=0xFFFFFFFF a1=0x00008000 a2=0x00000000 a3=0x00000000 s0=0x00000003 s1=0x801E0000 s2=0x80032D80 s3=0x80032B48 sp=0x801FFF98 ra=0x8001A184 m2ab4=0x00000000 m2ab8=0x00000000 m2ac5=0x00 c2ba=0x0000 c2b8=0x00000000 c2bc=0x00000000 f=0
[BLACKSCREEN][A110-CALL] pc=0x8001A244 target=0x80015650 v0=0xFFFFFFFF v1=0x0000000A a0=0xFFFFFFFF a1=0x00008000 a2=0x00000000 a3=0x00000000 sp=0x801FFF98 ra=0x8001A24C f=0
[BLACKSCREEN][A110-15650-CALL] #11 call_pc=0x8001A244 ra=0x8001A24C v0=0xFFFFFFFF v1=0x0000000A a0=0xFFFFFFFF a1=0x00008000 sp=0x801FFF98 c2ba=0x0000 f=0
[BLACKSCREEN][CALL] enter #30 addr=0x80015650 kseg0=0x80015650 ra=0x8001A24C sp=0x801FFF98 f=0
[BLACKSCREEN][CALL] stage=before_overlay #17 addr=0x80015650 ra=0x8001A24C f=0
[BLACKSCREEN][CALL] stage=before_inbinary #17 addr=0x80015650 ra=0x8001A24C f=0
[BLACKSCREEN][CALL] route=interp #17 addr=0x80015650 ra=0x8001A24C f=0
[BLACKSCREEN][INTERP] enter start=0x80015650 instr0=0x3C028003 a0=0xFFFFFFFF ra=0x8001A24C sp=0x801FFF98 f=0
[BLACKSCREEN][15650-STEP] #31 pc=0x80015650 instr=0x3C028003 v0=0xFFFFFFFF v1=0x0000000A a0=0xFFFFFFFF a1=0x00008000 c2ba=0x0000 c2b8=0x00000000 c2bc=0x00000000 ra=0x8001A24C sp=0x801FFF98 f=0
[BLACKSCREEN][15650-STEP] #32 pc=0x80015654 instr=0x9442C2BA v0=0x80030000 v1=0x0000000A a0=0xFFFFFFFF a1=0x00008000 c2ba=0x0000 c2b8=0x00000000 c2bc=0x00000000 ra=0x8001A24C sp=0x801FFF98 f=0
[BLACKSCREEN][STATE-C2BA-R] #11 size=2 phys=0x0002C2BA val=0x0000 ra=0x8001A24C sp=0x801FFF98 pc=0x00000000 f=0
[BLACKSCREEN][15650-STEP] #33 pc=0x80015658 instr=0x03E00008 v0=0x00000000 v1=0x0000000A a0=0xFFFFFFFF a1=0x00008000 c2ba=0x0000 c2b8=0x00000000 c2bc=0x00000000 ra=0x8001A24C sp=0x801FFF98 f=0
[BLACKSCREEN][15650-RET] #11 reason=jr_ra end=0x80015658 target=0x8001A24C steps=3 v0=0x00000000 v1=0x0000000A c2ba=0x0000 c2b8=0x00000000 c2bc=0x00000000 ra=0x8001A24C sp=0x801FFF98 f=0
[BLACKSCREEN][INTERP] start=0x80015650 end=0x80015658 steps=3 reason=jr_ra target=0x8001A24C ra=0x8001A24C sp=0x801FFF98 f=0
[BLACKSCREEN][A110-RET] call_pc=0x8001A244 target=0x80015650 v0_before=0xFFFFFFFF v1_before=0x0000000A v0_after=0x00000000 v1_after=0x0000000A c9278=0x1F801BD4 c927c=0x0000000B sp_before=0x801FFF98 sp_after=0x801FFF98 ra=0x8001A24C f=0
[BLACKSCREEN][A110-15650-RET] #11 call_pc=0x8001A244 v0_after=0x00000000 v1_after=0x0000000A a0=0xFFFFFFFF a1=0x00008000 sp_after=0x801FFF98 c2ba=0x0000 f=0
[BLACKSCREEN][A110-PATH] #44 pc=0x8001A24C instr=0x1040002B v0=0x00000000 v1=0x0000000A a0=0xFFFFFFFF a1=0x00008000 a2=0x00000000 a3=0x00000000 s0=0x00000003 s1=0x801E0000 s2=0x80032D80 s3=0x80032B48 sp=0x801FFF98 ra=0x8001A24C m2ab4=0x00000000 m2ab8=0x00000000 m2ac5=0x00 c2ba=0x0000 c2b8=0x00000000 c2bc=0x00000000 f=0
[BLACKSCREEN][A110-CALL] pc=0x8001A17C target=0x80015308 v0=0x00000000 v1=0x0000000A a0=0xFFFFFFFF a1=0x00008000 a2=0x00000000 a3=0x00000000 sp=0x801FFF98 ra=0x8001A184 f=0
[BLACKSCREEN][CALL] enter #31 addr=0x80015308 kseg0=0x80015308 ra=0x8001A184 sp=0x801FFF98 f=0
[BLACKSCREEN][STATE-C2A8AC-R] #27 size=4 phys=0x0002C2A8 val=0x1F801814 ra=0x8001A184 sp=0x801FFF98 pc=0x00000000 f=0
[BLACKSCREEN][STATE-C2A8AC-R] #28 size=4 phys=0x0002C2AC val=0x1F801110 ra=0x8001A184 sp=0x801FFF98 pc=0x00000000 f=0
[BLACKSCREEN][CALL] route=compiled_early #13 addr=0x80015308 ra=0x8001A184 f=0
[BLACKSCREEN][A110-RET] call_pc=0x8001A17C target=0x80015308 v0_before=0x00000000 v1_before=0x0000000A v0_after=0x1F801814 v1_after=0x1F801110 c9278=0x1F801BD4 c927c=0x0000000B sp_before=0x801FFF98 sp_after=0x801FFF98 ra=0x8001A184 f=0
[BLACKSCREEN][A110-EXIT-COND] pc=0x8001A194 instr=0x1460000B v1=0x00000000 v0=0x1F801814 will_branch=0 next=0x8001A19C else=0x8001A1C4 c9278=0x1F801BD4 c927c=0x0000000B ra=0x8001A184 sp=0x801FFF98 f=0
[BLACKSCREEN][A110-PATH] #45 pc=0x8001A238 instr=0x00001021 v0=0x00000000 v1=0x0000000B a0=0xFFFFFFFF a1=0x00008000 a2=0x00000000 a3=0x00000000 s0=0x00000003 s1=0x801E0000 s2=0x80032D80 s3=0x80032B48 sp=0x801FFF98 ra=0x8001A184 m2ab4=0x00000000 m2ab8=0x00000000 m2ac5=0x00 c2ba=0x0000 c2b8=0x00000000 c2bc=0x00000000 f=0
[BLACKSCREEN][A110-PATH] #46 pc=0x8001A23C instr=0x14400049 v0=0x00000000 v1=0x0000000B a0=0xFFFFFFFF a1=0x00008000 a2=0x00000000 a3=0x00000000 s0=0x00000003 s1=0x801E0000 s2=0x80032D80 s3=0x80032B48 sp=0x801FFF98 ra=0x8001A184 m2ab4=0x00000000 m2ab8=0x00000000 m2ac5=0x00 c2ba=0x0000 c2b8=0x00000000 c2bc=0x00000000 f=0
[BLACKSCREEN][A110-PATH] #47 pc=0x8001A244 instr=0x0C005594 v0=0xFFFFFFFF v1=0x0000000B a0=0xFFFFFFFF a1=0x00008000 a2=0x00000000 a3=0x00000000 s0=0x00000003 s1=0x801E0000 s2=0x80032D80 s3=0x80032B48 sp=0x801FFF98 ra=0x8001A184 m2ab4=0x00000000 m2ab8=0x00000000 m2ac5=0x00 c2ba=0x0000 c2b8=0x00000000 c2bc=0x00000000 f=0
[BLACKSCREEN][A110-CALL] pc=0x8001A244 target=0x80015650 v0=0xFFFFFFFF v1=0x0000000B a0=0xFFFFFFFF a1=0x00008000 a2=0x00000000 a3=0x00000000 sp=0x801FFF98 ra=0x8001A24C f=0
[BLACKSCREEN][A110-15650-CALL] #12 call_pc=0x8001A244 ra=0x8001A24C v0=0xFFFFFFFF v1=0x0000000B a0=0xFFFFFFFF a1=0x00008000 sp=0x801FFF98 c2ba=0x0000 f=0
[BLACKSCREEN][CALL] enter #32 addr=0x80015650 kseg0=0x80015650 ra=0x8001A24C sp=0x801FFF98 f=0
[BLACKSCREEN][CALL] stage=before_overlay #18 addr=0x80015650 ra=0x8001A24C f=0
[BLACKSCREEN][CALL] stage=before_inbinary #18 addr=0x80015650 ra=0x8001A24C f=0
[BLACKSCREEN][CALL] route=interp #18 addr=0x80015650 ra=0x8001A24C f=0
[BLACKSCREEN][INTERP] enter start=0x80015650 instr0=0x3C028003 a0=0xFFFFFFFF ra=0x8001A24C sp=0x801FFF98 f=0
[BLACKSCREEN][15650-STEP] #34 pc=0x80015650 instr=0x3C028003 v0=0xFFFFFFFF v1=0x0000000B a0=0xFFFFFFFF a1=0x00008000 c2ba=0x0000 c2b8=0x00000000 c2bc=0x00000000 ra=0x8001A24C sp=0x801FFF98 f=0
[BLACKSCREEN][15650-STEP] #35 pc=0x80015654 instr=0x9442C2BA v0=0x80030000 v1=0x0000000B a0=0xFFFFFFFF a1=0x00008000 c2ba=0x0000 c2b8=0x00000000 c2bc=0x00000000 ra=0x8001A24C sp=0x801FFF98 f=0
[BLACKSCREEN][STATE-C2BA-R] #12 size=2 phys=0x0002C2BA val=0x0000 ra=0x8001A24C sp=0x801FFF98 pc=0x00000000 f=0
[BLACKSCREEN][15650-STEP] #36 pc=0x80015658 instr=0x03E00008 v0=0x00000000 v1=0x0000000B a0=0xFFFFFFFF a1=0x00008000 c2ba=0x0000 c2b8=0x00000000 c2bc=0x00000000 ra=0x8001A24C sp=0x801FFF98 f=0
[BLACKSCREEN][15650-RET] #12 reason=jr_ra end=0x80015658 target=0x8001A24C steps=3 v0=0x00000000 v1=0x0000000B c2ba=0x0000 c2b8=0x00000000 c2bc=0x00000000 ra=0x8001A24C sp=0x801FFF98 f=0
[BLACKSCREEN][INTERP] start=0x80015650 end=0x80015658 steps=3 reason=jr_ra target=0x8001A24C ra=0x8001A24C sp=0x801FFF98 f=0
[BLACKSCREEN][A110-RET] call_pc=0x8001A244 target=0x80015650 v0_before=0xFFFFFFFF v1_before=0x0000000B v0_after=0x00000000 v1_after=0x0000000B c9278=0x1F801BD4 c927c=0x0000000C sp_before=0x801FFF98 sp_after=0x801FFF98 ra=0x8001A24C f=0
[BLACKSCREEN][A110-15650-RET] #12 call_pc=0x8001A244 v0_after=0x00000000 v1_after=0x0000000B a0=0xFFFFFFFF a1=0x00008000 sp_after=0x801FFF98 c2ba=0x0000 f=0
[BLACKSCREEN][A110-PATH] #48 pc=0x8001A24C instr=0x1040002B v0=0x00000000 v1=0x0000000B a0=0xFFFFFFFF a1=0x00008000 a2=0x00000000 a3=0x00000000 s0=0x00000003 s1=0x801E0000 s2=0x80032D80 s3=0x80032B48 sp=0x801FFF98 ra=0x8001A24C m2ab4=0x00000000 m2ab8=0x00000000 m2ac5=0x00 c2ba=0x0000 c2b8=0x00000000 c2bc=0x00000000 f=0
[BLACKSCREEN][A110-CALL] pc=0x8001A17C target=0x80015308 v0=0x00000000 v1=0x0000000B a0=0xFFFFFFFF a1=0x00008000 a2=0x00000000 a3=0x00000000 sp=0x801FFF98 ra=0x8001A184 f=0
[BLACKSCREEN][CALL] enter #33 addr=0x80015308 kseg0=0x80015308 ra=0x8001A184 sp=0x801FFF98 f=0
[BLACKSCREEN][STATE-C2A8AC-R] #29 size=4 phys=0x0002C2A8 val=0x1F801814 ra=0x8001A184 sp=0x801FFF98 pc=0x00000000 f=0
[BLACKSCREEN][STATE-C2A8AC-R] #30 size=4 phys=0x0002C2AC val=0x1F801110 ra=0x8001A184 sp=0x801FFF98 pc=0x00000000 f=0
[BLACKSCREEN][CALL] route=compiled_early #14 addr=0x80015308 ra=0x8001A184 f=0
[BLACKSCREEN][A110-RET] call_pc=0x8001A17C target=0x80015308 v0_before=0x00000000 v1_before=0x0000000B v0_after=0x1F801814 v1_after=0x1F801110 c9278=0x1F801BD4 c927c=0x0000000C sp_before=0x801FFF98 sp_after=0x801FFF98 ra=0x8001A184 f=0
[BLACKSCREEN][A110-EXIT-COND] pc=0x8001A194 instr=0x1460000B v1=0x00000000 v0=0x1F801814 will_branch=0 next=0x8001A19C else=0x8001A1C4 c9278=0x1F801BD4 c927c=0x0000000C ra=0x8001A184 sp=0x801FFF98 f=0
[BLACKSCREEN][A110-PATH] #49 pc=0x8001A238 instr=0x00001021 v0=0x00000000 v1=0x0000000C a0=0xFFFFFFFF a1=0x00008000 a2=0x00000000 a3=0x00000000 s0=0x00000003 s1=0x801E0000 s2=0x80032D80 s3=0x80032B48 sp=0x801FFF98 ra=0x8001A184 m2ab4=0x00000000 m2ab8=0x00000000 m2ac5=0x00 c2ba=0x0000 c2b8=0x00000000 c2bc=0x00000000 f=0
[BLACKSCREEN][A110-PATH] #50 pc=0x8001A23C instr=0x14400049 v0=0x00000000 v1=0x0000000C a0=0xFFFFFFFF a1=0x00008000 a2=0x00000000 a3=0x00000000 s0=0x00000003 s1=0x801E0000 s2=0x80032D80 s3=0x80032B48 sp=0x801FFF98 ra=0x8001A184 m2ab4=0x00000000 m2ab8=0x00000000 m2ac5=0x00 c2ba=0x0000 c2b8=0x00000000 c2bc=0x00000000 f=0
[BLACKSCREEN][A110-PATH] #51 pc=0x8001A244 instr=0x0C005594 v0=0xFFFFFFFF v1=0x0000000C a0=0xFFFFFFFF a1=0x00008000 a2=0x00000000 a3=0x00000000 s0=0x00000003 s1=0x801E0000 s2=0x80032D80 s3=0x80032B48 sp=0x801FFF98 ra=0x8001A184 m2ab4=0x00000000 m2ab8=0x00000000 m2ac5=0x00 c2ba=0x0000 c2b8=0x00000000 c2bc=0x00000000 f=0
[BLACKSCREEN][A110-CALL] pc=0x8001A244 target=0x80015650 v0=0xFFFFFFFF v1=0x0000000C a0=0xFFFFFFFF a1=0x00008000 a2=0x00000000 a3=0x00000000 sp=0x801FFF98 ra=0x8001A24C f=0
[BLACKSCREEN][A110-15650-CALL] #13 call_pc=0x8001A244 ra=0x8001A24C v0=0xFFFFFFFF v1=0x0000000C a0=0xFFFFFFFF a1=0x00008000 sp=0x801FFF98 c2ba=0x0000 f=0
[BLACKSCREEN][CALL] enter #34 addr=0x80015650 kseg0=0x80015650 ra=0x8001A24C sp=0x801FFF98 f=0
[BLACKSCREEN][CALL] stage=before_overlay #19 addr=0x80015650 ra=0x8001A24C f=0
[BLACKSCREEN][CALL] stage=before_inbinary #19 addr=0x80015650 ra=0x8001A24C f=0
[BLACKSCREEN][CALL] route=interp #19 addr=0x80015650 ra=0x8001A24C f=0
[BLACKSCREEN][INTERP] enter start=0x80015650 instr0=0x3C028003 a0=0xFFFFFFFF ra=0x8001A24C sp=0x801FFF98 f=0
[BLACKSCREEN][15650-STEP] #37 pc=0x80015650 instr=0x3C028003 v0=0xFFFFFFFF v1=0x0000000C a0=0xFFFFFFFF a1=0x00008000 c2ba=0x0000 c2b8=0x00000000 c2bc=0x00000000 ra=0x8001A24C sp=0x801FFF98 f=0
[BLACKSCREEN][15650-STEP] #38 pc=0x80015654 instr=0x9442C2BA v0=0x80030000 v1=0x0000000C a0=0xFFFFFFFF a1=0x00008000 c2ba=0x0000 c2b8=0x00000000 c2bc=0x00000000 ra=0x8001A24C sp=0x801FFF98 f=0
[BLACKSCREEN][STATE-C2BA-R] #13 size=2 phys=0x0002C2BA val=0x0000 ra=0x8001A24C sp=0x801FFF98 pc=0x00000000 f=0
[BLACKSCREEN][15650-STEP] #39 pc=0x80015658 instr=0x03E00008 v0=0x00000000 v1=0x0000000C a0=0xFFFFFFFF a1=0x00008000 c2ba=0x0000 c2b8=0x00000000 c2bc=0x00000000 ra=0x8001A24C sp=0x801FFF98 f=0
[BLACKSCREEN][15650-RET] #13 reason=jr_ra end=0x80015658 target=0x8001A24C steps=3 v0=0x00000000 v1=0x0000000C c2ba=0x0000 c2b8=0x00000000 c2bc=0x00000000 ra=0x8001A24C sp=0x801FFF98 f=0
[BLACKSCREEN][INTERP] start=0x80015650 end=0x80015658 steps=3 reason=jr_ra target=0x8001A24C ra=0x8001A24C sp=0x801FFF98 f=0
[BLACKSCREEN][A110-RET] call_pc=0x8001A244 target=0x80015650 v0_before=0xFFFFFFFF v1_before=0x0000000C v0_after=0x00000000 v1_after=0x0000000C c9278=0x1F801BD4 c927c=0x0000000D sp_before=0x801FFF98 sp_after=0x801FFF98 ra=0x8001A24C f=0
[BLACKSCREEN][A110-15650-RET] #13 call_pc=0x8001A244 v0_after=0x00000000 v1_after=0x0000000C a0=0xFFFFFFFF a1=0x00008000 sp_after=0x801FFF98 c2ba=0x0000 f=0
[BLACKSCREEN][A110-PATH] #52 pc=0x8001A24C instr=0x1040002B v0=0x00000000 v1=0x0000000C a0=0xFFFFFFFF a1=0x00008000 a2=0x00000000 a3=0x00000000 s0=0x00000003 s1=0x801E0000 s2=0x80032D80 s3=0x80032B48 sp=0x801FFF98 ra=0x8001A24C m2ab4=0x00000000 m2ab8=0x00000000 m2ac5=0x00 c2ba=0x0000 c2b8=0x00000000 c2bc=0x00000000 f=0
[BLACKSCREEN][A110-CALL] pc=0x8001A17C target=0x80015308 v0=0x00000000 v1=0x0000000C a0=0xFFFFFFFF a1=0x00008000 a2=0x00000000 a3=0x00000000 sp=0x801FFF98 ra=0x8001A184 f=0
[BLACKSCREEN][CALL] enter #35 addr=0x80015308 kseg0=0x80015308 ra=0x8001A184 sp=0x801FFF98 f=0
[BLACKSCREEN][STATE-C2A8AC-R] #31 size=4 phys=0x0002C2A8 val=0x1F801814 ra=0x8001A184 sp=0x801FFF98 pc=0x00000000 f=0
[BLACKSCREEN][STATE-C2A8AC-R] #32 size=4 phys=0x0002C2AC val=0x1F801110 ra=0x8001A184 sp=0x801FFF98 pc=0x00000000 f=0
[BLACKSCREEN][CALL] route=compiled_early #15 addr=0x80015308 ra=0x8001A184 f=0
[BLACKSCREEN][A110-RET] call_pc=0x8001A17C target=0x80015308 v0_before=0x00000000 v1_before=0x0000000C v0_after=0x1F801814 v1_after=0x1F801110 c9278=0x1F801BD4 c927c=0x0000000D sp_before=0x801FFF98 sp_after=0x801FFF98 ra=0x8001A184 f=0
[BLACKSCREEN][A110-EXIT-COND] pc=0x8001A194 instr=0x1460000B v1=0x00000000 v0=0x1F801814 will_branch=0 next=0x8001A19C else=0x8001A1C4 c9278=0x1F801BD4 c927c=0x0000000D ra=0x8001A184 sp=0x801FFF98 f=0
[BLACKSCREEN][A110-PATH] #53 pc=0x8001A238 instr=0x00001021 v0=0x00000000 v1=0x0000000D a0=0xFFFFFFFF a1=0x00008000 a2=0x00000000 a3=0x00000000 s0=0x00000003 s1=0x801E0000 s2=0x80032D80 s3=0x80032B48 sp=0x801FFF98 ra=0x8001A184 m2ab4=0x00000000 m2ab8=0x00000000 m2ac5=0x00 c2ba=0x0000 c2b8=0x00000000 c2bc=0x00000000 f=0
[BLACKSCREEN][A110-PATH] #54 pc=0x8001A23C instr=0x14400049 v0=0x00000000 v1=0x0000000D a0=0xFFFFFFFF a1=0x00008000 a2=0x00000000 a3=0x00000000 s0=0x00000003 s1=0x801E0000 s2=0x80032D80 s3=0x80032B48 sp=0x801FFF98 ra=0x8001A184 m2ab4=0x00000000 m2ab8=0x00000000 m2ac5=0x00 c2ba=0x0000 c2b8=0x00000000 c2bc=0x00000000 f=0
[BLACKSCREEN][A110-PATH] #55 pc=0x8001A244 instr=0x0C005594 v0=0xFFFFFFFF v1=0x0000000D a0=0xFFFFFFFF a1=0x00008000 a2=0x00000000 a3=0x00000000 s0=0x00000003 s1=0x801E0000 s2=0x80032D80 s3=0x80032B48 sp=0x801FFF98 ra=0x8001A184 m2ab4=0x00000000 m2ab8=0x00000000 m2ac5=0x00 c2ba=0x0000 c2b8=0x00000000 c2bc=0x00000000 f=0
[BLACKSCREEN][A110-CALL] pc=0x8001A244 target=0x80015650 v0=0xFFFFFFFF v1=0x0000000D a0=0xFFFFFFFF a1=0x00008000 a2=0x00000000 a3=0x00000000 sp=0x801FFF98 ra=0x8001A24C f=0
[BLACKSCREEN][A110-15650-CALL] #14 call_pc=0x8001A244 ra=0x8001A24C v0=0xFFFFFFFF v1=0x0000000D a0=0xFFFFFFFF a1=0x00008000 sp=0x801FFF98 c2ba=0x0000 f=0
[BLACKSCREEN][CALL] enter #36 addr=0x80015650 kseg0=0x80015650 ra=0x8001A24C sp=0x801FFF98 f=0
[BLACKSCREEN][CALL] stage=before_overlay #20 addr=0x80015650 ra=0x8001A24C f=0
[BLACKSCREEN][CALL] stage=before_inbinary #20 addr=0x80015650 ra=0x8001A24C f=0
[BLACKSCREEN][CALL] route=interp #20 addr=0x80015650 ra=0x8001A24C f=0
[BLACKSCREEN][INTERP] enter start=0x80015650 instr0=0x3C028003 a0=0xFFFFFFFF ra=0x8001A24C sp=0x801FFF98 f=0
[BLACKSCREEN][15650-STEP] #40 pc=0x80015650 instr=0x3C028003 v0=0xFFFFFFFF v1=0x0000000D a0=0xFFFFFFFF a1=0x00008000 c2ba=0x0000 c2b8=0x00000000 c2bc=0x00000000 ra=0x8001A24C sp=0x801FFF98 f=0
[BLACKSCREEN][15650-STEP] #41 pc=0x80015654 instr=0x9442C2BA v0=0x80030000 v1=0x0000000D a0=0xFFFFFFFF a1=0x00008000 c2ba=0x0000 c2b8=0x00000000 c2bc=0x00000000 ra=0x8001A24C sp=0x801FFF98 f=0
[BLACKSCREEN][STATE-C2BA-R] #14 size=2 phys=0x0002C2BA val=0x0000 ra=0x8001A24C sp=0x801FFF98 pc=0x00000000 f=0
[BLACKSCREEN][15650-STEP] #42 pc=0x80015658 instr=0x03E00008 v0=0x00000000 v1=0x0000000D a0=0xFFFFFFFF a1=0x00008000 c2ba=0x0000 c2b8=0x00000000 c2bc=0x00000000 ra=0x8001A24C sp=0x801FFF98 f=0
[BLACKSCREEN][15650-RET] #14 reason=jr_ra end=0x80015658 target=0x8001A24C steps=3 v0=0x00000000 v1=0x0000000D c2ba=0x0000 c2b8=0x00000000 c2bc=0x00000000 ra=0x8001A24C sp=0x801FFF98 f=0
[BLACKSCREEN][INTERP] start=0x80015650 end=0x80015658 steps=3 reason=jr_ra target=0x8001A24C ra=0x8001A24C sp=0x801FFF98 f=0
[BLACKSCREEN][A110-RET] call_pc=0x8001A244 target=0x80015650 v0_before=0xFFFFFFFF v1_before=0x0000000D v0_after=0x00000000 v1_after=0x0000000D c9278=0x1F801BD4 c927c=0x0000000E sp_before=0x801FFF98 sp_after=0x801FFF98 ra=0x8001A24C f=0
[BLACKSCREEN][A110-15650-RET] #14 call_pc=0x8001A244 v0_after=0x00000000 v1_after=0x0000000D a0=0xFFFFFFFF a1=0x00008000 sp_after=0x801FFF98 c2ba=0x0000 f=0
[BLACKSCREEN][A110-PATH] #56 pc=0x8001A24C instr=0x1040002B v0=0x00000000 v1=0x0000000D a0=0xFFFFFFFF a1=0x00008000 a2=0x00000000 a3=0x00000000 s0=0x00000003 s1=0x801E0000 s2=0x80032D80 s3=0x80032B48 sp=0x801FFF98 ra=0x8001A24C m2ab4=0x00000000 m2ab8=0x00000000 m2ac5=0x00 c2ba=0x0000 c2b8=0x00000000 c2bc=0x00000000 f=0
[BLACKSCREEN][A110-CALL] pc=0x8001A17C target=0x80015308 v0=0x00000000 v1=0x0000000D a0=0xFFFFFFFF a1=0x00008000 a2=0x00000000 a3=0x00000000 sp=0x801FFF98 ra=0x8001A184 f=0
[BLACKSCREEN][CALL] enter #37 addr=0x80015308 kseg0=0x80015308 ra=0x8001A184 sp=0x801FFF98 f=0
[BLACKSCREEN][STATE-C2A8AC-R] #33 size=4 phys=0x0002C2A8 val=0x1F801814 ra=0x8001A184 sp=0x801FFF98 pc=0x00000000 f=0
[BLACKSCREEN][STATE-C2A8AC-R] #34 size=4 phys=0x0002C2AC val=0x1F801110 ra=0x8001A184 sp=0x801FFF98 pc=0x00000000 f=0
[BLACKSCREEN][CALL] route=compiled_early #16 addr=0x80015308 ra=0x8001A184 f=0
[BLACKSCREEN][A110-RET] call_pc=0x8001A17C target=0x80015308 v0_before=0x00000000 v1_before=0x0000000D v0_after=0x1F801814 v1_after=0x1F801110 c9278=0x1F801BD4 c927c=0x0000000E sp_before=0x801FFF98 sp_after=0x801FFF98 ra=0x8001A184 f=0
[BLACKSCREEN][A110-EXIT-COND] pc=0x8001A194 instr=0x1460000B v1=0x00000000 v0=0x1F801814 will_branch=0 next=0x8001A19C else=0x8001A1C4 c9278=0x1F801BD4 c927c=0x0000000E ra=0x8001A184 sp=0x801FFF98 f=0
[BLACKSCREEN][A110-PATH] #57 pc=0x8001A238 instr=0x00001021 v0=0x00000000 v1=0x0000000E a0=0xFFFFFFFF a1=0x00008000 a2=0x00000000 a3=0x00000000 s0=0x00000003 s1=0x801E0000 s2=0x80032D80 s3=0x80032B48 sp=0x801FFF98 ra=0x8001A184 m2ab4=0x00000000 m2ab8=0x00000000 m2ac5=0x00 c2ba=0x0000 c2b8=0x00000000 c2bc=0x00000000 f=0
[BLACKSCREEN][A110-PATH] #58 pc=0x8001A23C instr=0x14400049 v0=0x00000000 v1=0x0000000E a0=0xFFFFFFFF a1=0x00008000 a2=0x00000000 a3=0x00000000 s0=0x00000003 s1=0x801E0000 s2=0x80032D80 s3=0x80032B48 sp=0x801FFF98 ra=0x8001A184 m2ab4=0x00000000 m2ab8=0x00000000 m2ac5=0x00 c2ba=0x0000 c2b8=0x00000000 c2bc=0x00000000 f=0
[BLACKSCREEN][A110-PATH] #59 pc=0x8001A244 instr=0x0C005594 v0=0xFFFFFFFF v1=0x0000000E a0=0xFFFFFFFF a1=0x00008000 a2=0x00000000 a3=0x00000000 s0=0x00000003 s1=0x801E0000 s2=0x80032D80 s3=0x80032B48 sp=0x801FFF98 ra=0x8001A184 m2ab4=0x00000000 m2ab8=0x00000000 m2ac5=0x00 c2ba=0x0000 c2b8=0x00000000 c2bc=0x00000000 f=0
[BLACKSCREEN][A110-CALL] pc=0x8001A244 target=0x80015650 v0=0xFFFFFFFF v1=0x0000000E a0=0xFFFFFFFF a1=0x00008000 a2=0x00000000 a3=0x00000000 sp=0x801FFF98 ra=0x8001A24C f=0
[BLACKSCREEN][A110-15650-CALL] #15 call_pc=0x8001A244 ra=0x8001A24C v0=0xFFFFFFFF v1=0x0000000E a0=0xFFFFFFFF a1=0x00008000 sp=0x801FFF98 c2ba=0x0000 f=0
[BLACKSCREEN][CALL] enter #38 addr=0x80015650 kseg0=0x80015650 ra=0x8001A24C sp=0x801FFF98 f=0
[BLACKSCREEN][CALL] stage=before_overlay #21 addr=0x80015650 ra=0x8001A24C f=0
[BLACKSCREEN][CALL] stage=before_inbinary #21 addr=0x80015650 ra=0x8001A24C f=0
[BLACKSCREEN][CALL] route=interp #21 addr=0x80015650 ra=0x8001A24C f=0
[BLACKSCREEN][INTERP] enter start=0x80015650 instr0=0x3C028003 a0=0xFFFFFFFF ra=0x8001A24C sp=0x801FFF98 f=0
[BLACKSCREEN][15650-STEP] #43 pc=0x80015650 instr=0x3C028003 v0=0xFFFFFFFF v1=0x0000000E a0=0xFFFFFFFF a1=0x00008000 c2ba=0x0000 c2b8=0x00000000 c2bc=0x00000000 ra=0x8001A24C sp=0x801FFF98 f=0
[BLACKSCREEN][15650-STEP] #44 pc=0x80015654 instr=0x9442C2BA v0=0x80030000 v1=0x0000000E a0=0xFFFFFFFF a1=0x00008000 c2ba=0x0000 c2b8=0x00000000 c2bc=0x00000000 ra=0x8001A24C sp=0x801FFF98 f=0
[BLACKSCREEN][STATE-C2BA-R] #15 size=2 phys=0x0002C2BA val=0x0000 ra=0x8001A24C sp=0x801FFF98 pc=0x00000000 f=0
[BLACKSCREEN][15650-STEP] #45 pc=0x80015658 instr=0x03E00008 v0=0x00000000 v1=0x0000000E a0=0xFFFFFFFF a1=0x00008000 c2ba=0x0000 c2b8=0x00000000 c2bc=0x00000000 ra=0x8001A24C sp=0x801FFF98 f=0
[BLACKSCREEN][15650-RET] #15 reason=jr_ra end=0x80015658 target=0x8001A24C steps=3 v0=0x00000000 v1=0x0000000E c2ba=0x0000 c2b8=0x00000000 c2bc=0x00000000 ra=0x8001A24C sp=0x801FFF98 f=0
[BLACKSCREEN][INTERP] start=0x80015650 end=0x80015658 steps=3 reason=jr_ra target=0x8001A24C ra=0x8001A24C sp=0x801FFF98 f=0
[BLACKSCREEN][A110-RET] call_pc=0x8001A244 target=0x80015650 v0_before=0xFFFFFFFF v1_before=0x0000000E v0_after=0x00000000 v1_after=0x0000000E c9278=0x1F801BD4 c927c=0x0000000F sp_before=0x801FFF98 sp_after=0x801FFF98 ra=0x8001A24C f=0
[BLACKSCREEN][A110-15650-RET] #15 call_pc=0x8001A244 v0_after=0x00000000 v1_after=0x0000000E a0=0xFFFFFFFF a1=0x00008000 sp_after=0x801FFF98 c2ba=0x0000 f=0
[BLACKSCREEN][A110-PATH] #60 pc=0x8001A24C instr=0x1040002B v0=0x00000000 v1=0x0000000E a0=0xFFFFFFFF a1=0x00008000 a2=0x00000000 a3=0x00000000 s0=0x00000003 s1=0x801E0000 s2=0x80032D80 s3=0x80032B48 sp=0x801FFF98 ra=0x8001A24C m2ab4=0x00000000 m2ab8=0x00000000 m2ac5=0x00 c2ba=0x0000 c2b8=0x00000000 c2bc=0x00000000 f=0
[BLACKSCREEN][A110-CALL] pc=0x8001A17C target=0x80015308 v0=0x00000000 v1=0x0000000E a0=0xFFFFFFFF a1=0x00008000 a2=0x00000000 a3=0x00000000 sp=0x801FFF98 ra=0x8001A184 f=0
[BLACKSCREEN][CALL] enter #39 addr=0x80015308 kseg0=0x80015308 ra=0x8001A184 sp=0x801FFF98 f=0
[BLACKSCREEN][STATE-C2A8AC-R] #35 size=4 phys=0x0002C2A8 val=0x1F801814 ra=0x8001A184 sp=0x801FFF98 pc=0x00000000 f=0
[BLACKSCREEN][STATE-C2A8AC-R] #36 size=4 phys=0x0002C2AC val=0x1F801110 ra=0x8001A184 sp=0x801FFF98 pc=0x00000000 f=0
[BLACKSCREEN][CALL] route=compiled_early #17 addr=0x80015308 ra=0x8001A184 f=0
[BLACKSCREEN][A110-RET] call_pc=0x8001A17C target=0x80015308 v0_before=0x00000000 v1_before=0x0000000E v0_after=0x1F801814 v1_after=0x1F801110 c9278=0x1F801BD4 c927c=0x0000000F sp_before=0x801FFF98 sp_after=0x801FFF98 ra=0x8001A184 f=0
[BLACKSCREEN][A110-EXIT-COND] pc=0x8001A194 instr=0x1460000B v1=0x00000000 v0=0x1F801814 will_branch=0 next=0x8001A19C else=0x8001A1C4 c9278=0x1F801BD4 c927c=0x0000000F ra=0x8001A184 sp=0x801FFF98 f=0
[BLACKSCREEN][A110-PATH] #61 pc=0x8001A238 instr=0x00001021 v0=0x00000000 v1=0x0000000F a0=0xFFFFFFFF a1=0x00008000 a2=0x00000000 a3=0x00000000 s0=0x00000003 s1=0x801E0000 s2=0x80032D80 s3=0x80032B48 sp=0x801FFF98 ra=0x8001A184 m2ab4=0x00000000 m2ab8=0x00000000 m2ac5=0x00 c2ba=0x0000 c2b8=0x00000000 c2bc=0x00000000 f=0
[BLACKSCREEN][A110-PATH] #62 pc=0x8001A23C instr=0x14400049 v0=0x00000000 v1=0x0000000F a0=0xFFFFFFFF a1=0x00008000 a2=0x00000000 a3=0x00000000 s0=0x00000003 s1=0x801E0000 s2=0x80032D80 s3=0x80032B48 sp=0x801FFF98 ra=0x8001A184 m2ab4=0x00000000 m2ab8=0x00000000 m2ac5=0x00 c2ba=0x0000 c2b8=0x00000000 c2bc=0x00000000 f=0
[BLACKSCREEN][A110-PATH] #63 pc=0x8001A244 instr=0x0C005594 v0=0xFFFFFFFF v1=0x0000000F a0=0xFFFFFFFF a1=0x00008000 a2=0x00000000 a3=0x00000000 s0=0x00000003 s1=0x801E0000 s2=0x80032D80 s3=0x80032B48 sp=0x801FFF98 ra=0x8001A184 m2ab4=0x00000000 m2ab8=0x00000000 m2ac5=0x00 c2ba=0x0000 c2b8=0x00000000 c2bc=0x00000000 f=0
[BLACKSCREEN][A110-CALL] pc=0x8001A244 target=0x80015650 v0=0xFFFFFFFF v1=0x0000000F a0=0xFFFFFFFF a1=0x00008000 a2=0x00000000 a3=0x00000000 sp=0x801FFF98 ra=0x8001A24C f=0
[BLACKSCREEN][A110-15650-CALL] #16 call_pc=0x8001A244 ra=0x8001A24C v0=0xFFFFFFFF v1=0x0000000F a0=0xFFFFFFFF a1=0x00008000 sp=0x801FFF98 c2ba=0x0000 f=0
[BLACKSCREEN][CALL] enter #40 addr=0x80015650 kseg0=0x80015650 ra=0x8001A24C sp=0x801FFF98 f=0
[BLACKSCREEN][CALL] stage=before_overlay #22 addr=0x80015650 ra=0x8001A24C f=0
[BLACKSCREEN][CALL] stage=before_inbinary #22 addr=0x80015650 ra=0x8001A24C f=0
[BLACKSCREEN][CALL] route=interp #22 addr=0x80015650 ra=0x8001A24C f=0
[BLACKSCREEN][INTERP] enter start=0x80015650 instr0=0x3C028003 a0=0xFFFFFFFF ra=0x8001A24C sp=0x801FFF98 f=0
[BLACKSCREEN][15650-STEP] #46 pc=0x80015650 instr=0x3C028003 v0=0xFFFFFFFF v1=0x0000000F a0=0xFFFFFFFF a1=0x00008000 c2ba=0x0000 c2b8=0x00000000 c2bc=0x00000000 ra=0x8001A24C sp=0x801FFF98 f=0
[BLACKSCREEN][15650-STEP] #47 pc=0x80015654 instr=0x9442C2BA v0=0x80030000 v1=0x0000000F a0=0xFFFFFFFF a1=0x00008000 c2ba=0x0000 c2b8=0x00000000 c2bc=0x00000000 ra=0x8001A24C sp=0x801FFF98 f=0
[BLACKSCREEN][STATE-C2BA-R] #16 size=2 phys=0x0002C2BA val=0x0000 ra=0x8001A24C sp=0x801FFF98 pc=0x00000000 f=0
[BLACKSCREEN][15650-STEP] #48 pc=0x80015658 instr=0x03E00008 v0=0x00000000 v1=0x0000000F a0=0xFFFFFFFF a1=0x00008000 c2ba=0x0000 c2b8=0x00000000 c2bc=0x00000000 ra=0x8001A24C sp=0x801FFF98 f=0
[BLACKSCREEN][15650-RET] #16 reason=jr_ra end=0x80015658 target=0x8001A24C steps=3 v0=0x00000000 v1=0x0000000F c2ba=0x0000 c2b8=0x00000000 c2bc=0x00000000 ra=0x8001A24C sp=0x801FFF98 f=0
[BLACKSCREEN][INTERP] start=0x80015650 end=0x80015658 steps=3 reason=jr_ra target=0x8001A24C ra=0x8001A24C sp=0x801FFF98 f=0
[BLACKSCREEN][A110-RET] call_pc=0x8001A244 target=0x80015650 v0_before=0xFFFFFFFF v1_before=0x0000000F v0_after=0x00000000 v1_after=0x0000000F c9278=0x1F801BD4 c927c=0x00000010 sp_before=0x801FFF98 sp_after=0x801FFF98 ra=0x8001A24C f=0
[BLACKSCREEN][A110-15650-RET] #16 call_pc=0x8001A244 v0_after=0x00000000 v1_after=0x0000000F a0=0xFFFFFFFF a1=0x00008000 sp_after=0x801FFF98 c2ba=0x0000 f=0
[BLACKSCREEN][A110-PATH] #64 pc=0x8001A24C instr=0x1040002B v0=0x00000000 v1=0x0000000F a0=0xFFFFFFFF a1=0x00008000 a2=0x00000000 a3=0x00000000 s0=0x00000003 s1=0x801E0000 s2=0x80032D80 s3=0x80032B48 sp=0x801FFF98 ra=0x8001A24C m2ab4=0x00000000 m2ab8=0x00000000 m2ac5=0x00 c2ba=0x0000 c2b8=0x00000000 c2bc=0x00000000 f=0
[BLACKSCREEN][A110-CALL] pc=0x8001A17C target=0x80015308 v0=0x00000000 v1=0x0000000F a0=0xFFFFFFFF a1=0x00008000 a2=0x00000000 a3=0x00000000 sp=0x801FFF98 ra=0x8001A184 f=0
[BLACKSCREEN][CALL] enter #41 addr=0x80015308 kseg0=0x80015308 ra=0x8001A184 sp=0x801FFF98 f=0
[BLACKSCREEN][STATE-C2A8AC-R] #37 size=4 phys=0x0002C2A8 val=0x1F801814 ra=0x8001A184 sp=0x801FFF98 pc=0x00000000 f=0
[BLACKSCREEN][STATE-C2A8AC-R] #38 size=4 phys=0x0002C2AC val=0x1F801110 ra=0x8001A184 sp=0x801FFF98 pc=0x00000000 f=0
[BLACKSCREEN][CALL] route=compiled_early #18 addr=0x80015308 ra=0x8001A184 f=0
[BLACKSCREEN][A110-RET] call_pc=0x8001A17C target=0x80015308 v0_before=0x00000000 v1_before=0x0000000F v0_after=0x1F801814 v1_after=0x1F801110 c9278=0x1F801BD4 c927c=0x00000010 sp_before=0x801FFF98 sp_after=0x801FFF98 ra=0x8001A184 f=0
[BLACKSCREEN][A110-EXIT-COND] pc=0x8001A194 instr=0x1460000B v1=0x00000000 v0=0x1F801814 will_branch=0 next=0x8001A19C else=0x8001A1C4 c9278=0x1F801BD4 c927c=0x00000010 ra=0x8001A184 sp=0x801FFF98 f=0
[BLACKSCREEN][A110-PATH] #65 pc=0x8001A238 instr=0x00001021 v0=0x00000000 v1=0x00000010 a0=0xFFFFFFFF a1=0x00008000 a2=0x00000000 a3=0x00000000 s0=0x00000003 s1=0x801E0000 s2=0x80032D80 s3=0x80032B48 sp=0x801FFF98 ra=0x8001A184 m2ab4=0x00000000 m2ab8=0x00000000 m2ac5=0x00 c2ba=0x0000 c2b8=0x00000000 c2bc=0x00000000 f=0
[BLACKSCREEN][A110-PATH] #66 pc=0x8001A23C instr=0x14400049 v0=0x00000000 v1=0x00000010 a0=0xFFFFFFFF a1=0x00008000 a2=0x00000000 a3=0x00000000 s0=0x00000003 s1=0x801E0000 s2=0x80032D80 s3=0x80032B48 sp=0x801FFF98 ra=0x8001A184 m2ab4=0x00000000 m2ab8=0x00000000 m2ac5=0x00 c2ba=0x0000 c2b8=0x00000000 c2bc=0x00000000 f=0
[BLACKSCREEN][A110-PATH] #67 pc=0x8001A244 instr=0x0C005594 v0=0xFFFFFFFF v1=0x00000010 a0=0xFFFFFFFF a1=0x00008000 a2=0x00000000 a3=0x00000000 s0=0x00000003 s1=0x801E0000 s2=0x80032D80 s3=0x80032B48 sp=0x801FFF98 ra=0x8001A184 m2ab4=0x00000000 m2ab8=0x00000000 m2ac5=0x00 c2ba=0x0000 c2b8=0x00000000 c2bc=0x00000000 f=0
[BLACKSCREEN][A110-CALL] pc=0x8001A244 target=0x80015650 v0=0xFFFFFFFF v1=0x00000010 a0=0xFFFFFFFF a1=0x00008000 a2=0x00000000 a3=0x00000000 sp=0x801FFF98 ra=0x8001A24C f=0
[BLACKSCREEN][A110-15650-CALL] #17 call_pc=0x8001A244 ra=0x8001A24C v0=0xFFFFFFFF v1=0x00000010 a0=0xFFFFFFFF a1=0x00008000 sp=0x801FFF98 c2ba=0x0000 f=0
[BLACKSCREEN][CALL] enter #42 addr=0x80015650 kseg0=0x80015650 ra=0x8001A24C sp=0x801FFF98 f=0
[BLACKSCREEN][CALL] stage=before_overlay #23 addr=0x80015650 ra=0x8001A24C f=0
[BLACKSCREEN][CALL] stage=before_inbinary #23 addr=0x80015650 ra=0x8001A24C f=0
[BLACKSCREEN][CALL] route=interp #23 addr=0x80015650 ra=0x8001A24C f=0
[BLACKSCREEN][INTERP] enter start=0x80015650 instr0=0x3C028003 a0=0xFFFFFFFF ra=0x8001A24C sp=0x801FFF98 f=0
[BLACKSCREEN][15650-STEP] #49 pc=0x80015650 instr=0x3C028003 v0=0xFFFFFFFF v1=0x00000010 a0=0xFFFFFFFF a1=0x00008000 c2ba=0x0000 c2b8=0x00000000 c2bc=0x00000000 ra=0x8001A24C sp=0x801FFF98 f=0
[BLACKSCREEN][15650-STEP] #50 pc=0x80015654 instr=0x9442C2BA v0=0x80030000 v1=0x00000010 a0=0xFFFFFFFF a1=0x00008000 c2ba=0x0000 c2b8=0x00000000 c2bc=0x00000000 ra=0x8001A24C sp=0x801FFF98 f=0
[BLACKSCREEN][STATE-C2BA-R] #17 size=2 phys=0x0002C2BA val=0x0000 ra=0x8001A24C sp=0x801FFF98 pc=0x00000000 f=0
[BLACKSCREEN][15650-STEP] #51 pc=0x80015658 instr=0x03E00008 v0=0x00000000 v1=0x00000010 a0=0xFFFFFFFF a1=0x00008000 c2ba=0x0000 c2b8=0x00000000 c2bc=0x00000000 ra=0x8001A24C sp=0x801FFF98 f=0
[BLACKSCREEN][15650-RET] #17 reason=jr_ra end=0x80015658 target=0x8001A24C steps=3 v0=0x00000000 v1=0x00000010 c2ba=0x0000 c2b8=0x00000000 c2bc=0x00000000 ra=0x8001A24C sp=0x801FFF98 f=0
[BLACKSCREEN][INTERP] start=0x80015650 end=0x80015658 steps=3 reason=jr_ra target=0x8001A24C ra=0x8001A24C sp=0x801FFF98 f=0
[BLACKSCREEN][A110-RET] call_pc=0x8001A244 target=0x80015650 v0_before=0xFFFFFFFF v1_before=0x00000010 v0_after=0x00000000 v1_after=0x00000010 c9278=0x1F801BD4 c927c=0x00000011 sp_before=0x801FFF98 sp_after=0x801FFF98 ra=0x8001A24C f=0
[BLACKSCREEN][A110-15650-RET] #17 call_pc=0x8001A244 v0_after=0x00000000 v1_after=0x00000010 a0=0xFFFFFFFF a1=0x00008000 sp_after=0x801FFF98 c2ba=0x0000 f=0
[BLACKSCREEN][A110-PATH] #68 pc=0x8001A24C instr=0x1040002B v0=0x00000000 v1=0x00000010 a0=0xFFFFFFFF a1=0x00008000 a2=0x00000000 a3=0x00000000 s0=0x00000003 s1=0x801E0000 s2=0x80032D80 s3=0x80032B48 sp=0x801FFF98 ra=0x8001A24C m2ab4=0x00000000 m2ab8=0x00000000 m2ac5=0x00 c2ba=0x0000 c2b8=0x00000000 c2bc=0x00000000 f=0
[BLACKSCREEN][A110-CALL] pc=0x8001A17C target=0x80015308 v0=0x00000000 v1=0x00000010 a0=0xFFFFFFFF a1=0x00008000 a2=0x00000000 a3=0x00000000 sp=0x801FFF98 ra=0x8001A184 f=0
[BLACKSCREEN][CALL] enter #43 addr=0x80015308 kseg0=0x80015308 ra=0x8001A184 sp=0x801FFF98 f=0
[BLACKSCREEN][STATE-C2A8AC-R] #39 size=4 phys=0x0002C2A8 val=0x1F801814 ra=0x8001A184 sp=0x801FFF98 pc=0x00000000 f=0
[BLACKSCREEN][STATE-C2A8AC-R] #40 size=4 phys=0x0002C2AC val=0x1F801110 ra=0x8001A184 sp=0x801FFF98 pc=0x00000000 f=0
[BLACKSCREEN][CALL] route=compiled_early #19 addr=0x80015308 ra=0x8001A184 f=0
[BLACKSCREEN][A110-RET] call_pc=0x8001A17C target=0x80015308 v0_before=0x00000000 v1_before=0x00000010 v0_after=0x1F801814 v1_after=0x1F801110 c9278=0x1F801BD4 c927c=0x00000011 sp_before=0x801FFF98 sp_after=0x801FFF98 ra=0x8001A184 f=0
[BLACKSCREEN][A110-EXIT-COND] pc=0x8001A194 instr=0x1460000B v1=0x00000000 v0=0x1F801814 will_branch=0 next=0x8001A19C else=0x8001A1C4 c9278=0x1F801BD4 c927c=0x00000011 ra=0x8001A184 sp=0x801FFF98 f=0
[BLACKSCREEN][A110-PATH] #69 pc=0x8001A238 instr=0x00001021 v0=0x00000000 v1=0x00000011 a0=0xFFFFFFFF a1=0x00008000 a2=0x00000000 a3=0x00000000 s0=0x00000003 s1=0x801E0000 s2=0x80032D80 s3=0x80032B48 sp=0x801FFF98 ra=0x8001A184 m2ab4=0x00000000 m2ab8=0x00000000 m2ac5=0x00 c2ba=0x0000 c2b8=0x00000000 c2bc=0x00000000 f=0
[BLACKSCREEN][A110-PATH] #70 pc=0x8001A23C instr=0x14400049 v0=0x00000000 v1=0x00000011 a0=0xFFFFFFFF a1=0x00008000 a2=0x00000000 a3=0x00000000 s0=0x00000003 s1=0x801E0000 s2=0x80032D80 s3=0x80032B48 sp=0x801FFF98 ra=0x8001A184 m2ab4=0x00000000 m2ab8=0x00000000 m2ac5=0x00 c2ba=0x0000 c2b8=0x00000000 c2bc=0x00000000 f=0
[BLACKSCREEN][A110-PATH] #71 pc=0x8001A244 instr=0x0C005594 v0=0xFFFFFFFF v1=0x00000011 a0=0xFFFFFFFF a1=0x00008000 a2=0x00000000 a3=0x00000000 s0=0x00000003 s1=0x801E0000 s2=0x80032D80 s3=0x80032B48 sp=0x801FFF98 ra=0x8001A184 m2ab4=0x00000000 m2ab8=0x00000000 m2ac5=0x00 c2ba=0x0000 c2b8=0x00000000 c2bc=0x00000000 f=0
[BLACKSCREEN][A110-CALL] pc=0x8001A244 target=0x80015650 v0=0xFFFFFFFF v1=0x00000011 a0=0xFFFFFFFF a1=0x00008000 a2=0x00000000 a3=0x00000000 sp=0x801FFF98 ra=0x8001A24C f=0
[BLACKSCREEN][A110-15650-CALL] #18 call_pc=0x8001A244 ra=0x8001A24C v0=0xFFFFFFFF v1=0x00000011 a0=0xFFFFFFFF a1=0x00008000 sp=0x801FFF98 c2ba=0x0000 f=0
[BLACKSCREEN][CALL] enter #44 addr=0x80015650 kseg0=0x80015650 ra=0x8001A24C sp=0x801FFF98 f=0
[BLACKSCREEN][CALL] stage=before_overlay #24 addr=0x80015650 ra=0x8001A24C f=0
[BLACKSCREEN][CALL] stage=before_inbinary #24 addr=0x80015650 ra=0x8001A24C f=0
[BLACKSCREEN][CALL] route=interp #24 addr=0x80015650 ra=0x8001A24C f=0
[BLACKSCREEN][INTERP] enter start=0x80015650 instr0=0x3C028003 a0=0xFFFFFFFF ra=0x8001A24C sp=0x801FFF98 f=0
[BLACKSCREEN][15650-STEP] #52 pc=0x80015650 instr=0x3C028003 v0=0xFFFFFFFF v1=0x00000011 a0=0xFFFFFFFF a1=0x00008000 c2ba=0x0000 c2b8=0x00000000 c2bc=0x00000000 ra=0x8001A24C sp=0x801FFF98 f=0
[BLACKSCREEN][15650-STEP] #53 pc=0x80015654 instr=0x9442C2BA v0=0x80030000 v1=0x00000011 a0=0xFFFFFFFF a1=0x00008000 c2ba=0x0000 c2b8=0x00000000 c2bc=0x00000000 ra=0x8001A24C sp=0x801FFF98 f=0
[BLACKSCREEN][STATE-C2BA-R] #18 size=2 phys=0x0002C2BA val=0x0000 ra=0x8001A24C sp=0x801FFF98 pc=0x00000000 f=0
[BLACKSCREEN][15650-STEP] #54 pc=0x80015658 instr=0x03E00008 v0=0x00000000 v1=0x00000011 a0=0xFFFFFFFF a1=0x00008000 c2ba=0x0000 c2b8=0x00000000 c2bc=0x00000000 ra=0x8001A24C sp=0x801FFF98 f=0
[BLACKSCREEN][15650-RET] #18 reason=jr_ra end=0x80015658 target=0x8001A24C steps=3 v0=0x00000000 v1=0x00000011 c2ba=0x0000 c2b8=0x00000000 c2bc=0x00000000 ra=0x8001A24C sp=0x801FFF98 f=0
[BLACKSCREEN][INTERP] start=0x80015650 end=0x80015658 steps=3 reason=jr_ra target=0x8001A24C ra=0x8001A24C sp=0x801FFF98 f=0
[BLACKSCREEN][A110-RET] call_pc=0x8001A244 target=0x80015650 v0_before=0xFFFFFFFF v1_before=0x00000011 v0_after=0x00000000 v1_after=0x00000011 c9278=0x1F801BD4 c927c=0x00000012 sp_before=0x801FFF98 sp_after=0x801FFF98 ra=0x8001A24C f=0
[BLACKSCREEN][A110-15650-RET] #18 call_pc=0x8001A244 v0_after=0x00000000 v1_after=0x00000011 a0=0xFFFFFFFF a1=0x00008000 sp_after=0x801FFF98 c2ba=0x0000 f=0
[BLACKSCREEN][A110-PATH] #72 pc=0x8001A24C instr=0x1040002B v0=0x00000000 v1=0x00000011 a0=0xFFFFFFFF a1=0x00008000 a2=0x00000000 a3=0x00000000 s0=0x00000003 s1=0x801E0000 s2=0x80032D80 s3=0x80032B48 sp=0x801FFF98 ra=0x8001A24C m2ab4=0x00000000 m2ab8=0x00000000 m2ac5=0x00 c2ba=0x0000 c2b8=0x00000000 c2bc=0x00000000 f=0
[BLACKSCREEN][A110-CALL] pc=0x8001A17C target=0x80015308 v0=0x00000000 v1=0x00000011 a0=0xFFFFFFFF a1=0x00008000 a2=0x00000000 a3=0x00000000 sp=0x801FFF98 ra=0x8001A184 f=0
[BLACKSCREEN][CALL] enter #45 addr=0x80015308 kseg0=0x80015308 ra=0x8001A184 sp=0x801FFF98 f=0
[BLACKSCREEN][STATE-C2A8AC-R] #41 size=4 phys=0x0002C2A8 val=0x1F801814 ra=0x8001A184 sp=0x801FFF98 pc=0x00000000 f=0
[BLACKSCREEN][STATE-C2A8AC-R] #42 size=4 phys=0x0002C2AC val=0x1F801110 ra=0x8001A184 sp=0x801FFF98 pc=0x00000000 f=0
[BLACKSCREEN][CALL] route=compiled_early #20 addr=0x80015308 ra=0x8001A184 f=0
[BLACKSCREEN][A110-RET] call_pc=0x8001A17C target=0x80015308 v0_before=0x00000000 v1_before=0x00000011 v0_after=0x1F801814 v1_after=0x1F801110 c9278=0x1F801BD4 c927c=0x00000012 sp_before=0x801FFF98 sp_after=0x801FFF98 ra=0x8001A184 f=0
[BLACKSCREEN][A110-EXIT-COND] pc=0x8001A194 instr=0x1460000B v1=0x00000000 v0=0x1F801814 will_branch=0 next=0x8001A19C else=0x8001A1C4 c9278=0x1F801BD4 c927c=0x00000012 ra=0x8001A184 sp=0x801FFF98 f=0
[BLACKSCREEN][A110-PATH] #73 pc=0x8001A238 instr=0x00001021 v0=0x00000000 v1=0x00000012 a0=0xFFFFFFFF a1=0x00008000 a2=0x00000000 a3=0x00000000 s0=0x00000003 s1=0x801E0000 s2=0x80032D80 s3=0x80032B48 sp=0x801FFF98 ra=0x8001A184 m2ab4=0x00000000 m2ab8=0x00000000 m2ac5=0x00 c2ba=0x0000 c2b8=0x00000000 c2bc=0x00000000 f=0
[BLACKSCREEN][A110-PATH] #74 pc=0x8001A23C instr=0x14400049 v0=0x00000000 v1=0x00000012 a0=0xFFFFFFFF a1=0x00008000 a2=0x00000000 a3=0x00000000 s0=0x00000003 s1=0x801E0000 s2=0x80032D80 s3=0x80032B48 sp=0x801FFF98 ra=0x8001A184 m2ab4=0x00000000 m2ab8=0x00000000 m2ac5=0x00 c2ba=0x0000 c2b8=0x00000000 c2bc=0x00000000 f=0
[BLACKSCREEN][A110-PATH] #75 pc=0x8001A244 instr=0x0C005594 v0=0xFFFFFFFF v1=0x00000012 a0=0xFFFFFFFF a1=0x00008000 a2=0x00000000 a3=0x00000000 s0=0x00000003 s1=0x801E0000 s2=0x80032D80 s3=0x80032B48 sp=0x801FFF98 ra=0x8001A184 m2ab4=0x00000000 m2ab8=0x00000000 m2ac5=0x00 c2ba=0x0000 c2b8=0x00000000 c2bc=0x00000000 f=0
[BLACKSCREEN][A110-CALL] pc=0x8001A244 target=0x80015650 v0=0xFFFFFFFF v1=0x00000012 a0=0xFFFFFFFF a1=0x00008000 a2=0x00000000 a3=0x00000000 sp=0x801FFF98 ra=0x8001A24C f=0
[BLACKSCREEN][A110-15650-CALL] #19 call_pc=0x8001A244 ra=0x8001A24C v0=0xFFFFFFFF v1=0x00000012 a0=0xFFFFFFFF a1=0x00008000 sp=0x801FFF98 c2ba=0x0000 f=0
[BLACKSCREEN][CALL] enter #46 addr=0x80015650 kseg0=0x80015650 ra=0x8001A24C sp=0x801FFF98 f=0
[BLACKSCREEN][CALL] stage=before_overlay #25 addr=0x80015650 ra=0x8001A24C f=0
[BLACKSCREEN][CALL] stage=before_inbinary #25 addr=0x80015650 ra=0x8001A24C f=0
[BLACKSCREEN][CALL] route=interp #25 addr=0x80015650 ra=0x8001A24C f=0
[BLACKSCREEN][INTERP] enter start=0x80015650 instr0=0x3C028003 a0=0xFFFFFFFF ra=0x8001A24C sp=0x801FFF98 f=0
[BLACKSCREEN][15650-STEP] #55 pc=0x80015650 instr=0x3C028003 v0=0xFFFFFFFF v1=0x00000012 a0=0xFFFFFFFF a1=0x00008000 c2ba=0x0000 c2b8=0x00000000 c2bc=0x00000000 ra=0x8001A24C sp=0x801FFF98 f=0
[BLACKSCREEN][15650-STEP] #56 pc=0x80015654 instr=0x9442C2BA v0=0x80030000 v1=0x00000012 a0=0xFFFFFFFF a1=0x00008000 c2ba=0x0000 c2b8=0x00000000 c2bc=0x00000000 ra=0x8001A24C sp=0x801FFF98 f=0
[BLACKSCREEN][STATE-C2BA-R] #19 size=2 phys=0x0002C2BA val=0x0000 ra=0x8001A24C sp=0x801FFF98 pc=0x00000000 f=0
[BLACKSCREEN][15650-STEP] #57 pc=0x80015658 instr=0x03E00008 v0=0x00000000 v1=0x00000012 a0=0xFFFFFFFF a1=0x00008000 c2ba=0x0000 c2b8=0x00000000 c2bc=0x00000000 ra=0x8001A24C sp=0x801FFF98 f=0
[BLACKSCREEN][15650-RET] #19 reason=jr_ra end=0x80015658 target=0x8001A24C steps=3 v0=0x00000000 v1=0x00000012 c2ba=0x0000 c2b8=0x00000000 c2bc=0x00000000 ra=0x8001A24C sp=0x801FFF98 f=0
[BLACKSCREEN][INTERP] start=0x80015650 end=0x80015658 steps=3 reason=jr_ra target=0x8001A24C ra=0x8001A24C sp=0x801FFF98 f=0
[BLACKSCREEN][A110-RET] call_pc=0x8001A244 target=0x80015650 v0_before=0xFFFFFFFF v1_before=0x00000012 v0_after=0x00000000 v1_after=0x00000012 c9278=0x1F801BD4 c927c=0x00000013 sp_before=0x801FFF98 sp_after=0x801FFF98 ra=0x8001A24C f=0
[BLACKSCREEN][A110-15650-RET] #19 call_pc=0x8001A244 v0_after=0x00000000 v1_after=0x00000012 a0=0xFFFFFFFF a1=0x00008000 sp_after=0x801FFF98 c2ba=0x0000 f=0
[BLACKSCREEN][A110-PATH] #76 pc=0x8001A24C instr=0x1040002B v0=0x00000000 v1=0x00000012 a0=0xFFFFFFFF a1=0x00008000 a2=0x00000000 a3=0x00000000 s0=0x00000003 s1=0x801E0000 s2=0x80032D80 s3=0x80032B48 sp=0x801FFF98 ra=0x8001A24C m2ab4=0x00000000 m2ab8=0x00000000 m2ac5=0x00 c2ba=0x0000 c2b8=0x00000000 c2bc=0x00000000 f=0
[BLACKSCREEN][A110-CALL] pc=0x8001A17C target=0x80015308 v0=0x00000000 v1=0x00000012 a0=0xFFFFFFFF a1=0x00008000 a2=0x00000000 a3=0x00000000 sp=0x801FFF98 ra=0x8001A184 f=0
[BLACKSCREEN][CALL] enter #47 addr=0x80015308 kseg0=0x80015308 ra=0x8001A184 sp=0x801FFF98 f=0
[BLACKSCREEN][STATE-C2A8AC-R] #43 size=4 phys=0x0002C2A8 val=0x1F801814 ra=0x8001A184 sp=0x801FFF98 pc=0x00000000 f=0
[BLACKSCREEN][STATE-C2A8AC-R] #44 size=4 phys=0x0002C2AC val=0x1F801110 ra=0x8001A184 sp=0x801FFF98 pc=0x00000000 f=0
[BLACKSCREEN][CALL] route=compiled_early #21 addr=0x80015308 ra=0x8001A184 f=0
[BLACKSCREEN][A110-RET] call_pc=0x8001A17C target=0x80015308 v0_before=0x00000000 v1_before=0x00000012 v0_after=0x1F801814 v1_after=0x1F801110 c9278=0x1F801BD4 c927c=0x00000013 sp_before=0x801FFF98 sp_after=0x801FFF98 ra=0x8001A184 f=0
[BLACKSCREEN][A110-EXIT-COND] pc=0x8001A194 instr=0x1460000B v1=0x00000000 v0=0x1F801814 will_branch=0 next=0x8001A19C else=0x8001A1C4 c9278=0x1F801BD4 c927c=0x00000013 ra=0x8001A184 sp=0x801FFF98 f=0
[BLACKSCREEN][A110-PATH] #77 pc=0x8001A238 instr=0x00001021 v0=0x00000000 v1=0x00000013 a0=0xFFFFFFFF a1=0x00008000 a2=0x00000000 a3=0x00000000 s0=0x00000003 s1=0x801E0000 s2=0x80032D80 s3=0x80032B48 sp=0x801FFF98 ra=0x8001A184 m2ab4=0x00000000 m2ab8=0x00000000 m2ac5=0x00 c2ba=0x0000 c2b8=0x00000000 c2bc=0x00000000 f=0
[BLACKSCREEN][A110-PATH] #78 pc=0x8001A23C instr=0x14400049 v0=0x00000000 v1=0x00000013 a0=0xFFFFFFFF a1=0x00008000 a2=0x00000000 a3=0x00000000 s0=0x00000003 s1=0x801E0000 s2=0x80032D80 s3=0x80032B48 sp=0x801FFF98 ra=0x8001A184 m2ab4=0x00000000 m2ab8=0x00000000 m2ac5=0x00 c2ba=0x0000 c2b8=0x00000000 c2bc=0x00000000 f=0
[BLACKSCREEN][A110-PATH] #79 pc=0x8001A244 instr=0x0C005594 v0=0xFFFFFFFF v1=0x00000013 a0=0xFFFFFFFF a1=0x00008000 a2=0x00000000 a3=0x00000000 s0=0x00000003 s1=0x801E0000 s2=0x80032D80 s3=0x80032B48 sp=0x801FFF98 ra=0x8001A184 m2ab4=0x00000000 m2ab8=0x00000000 m2ac5=0x00 c2ba=0x0000 c2b8=0x00000000 c2bc=0x00000000 f=0
[BLACKSCREEN][A110-CALL] pc=0x8001A244 target=0x80015650 v0=0xFFFFFFFF v1=0x00000013 a0=0xFFFFFFFF a1=0x00008000 a2=0x00000000 a3=0x00000000 sp=0x801FFF98 ra=0x8001A24C f=0
[BLACKSCREEN][A110-15650-CALL] #20 call_pc=0x8001A244 ra=0x8001A24C v0=0xFFFFFFFF v1=0x00000013 a0=0xFFFFFFFF a1=0x00008000 sp=0x801FFF98 c2ba=0x0000 f=0
[BLACKSCREEN][CALL] enter #48 addr=0x80015650 kseg0=0x80015650 ra=0x8001A24C sp=0x801FFF98 f=0
[BLACKSCREEN][CALL] stage=before_overlay #26 addr=0x80015650 ra=0x8001A24C f=0
[BLACKSCREEN][CALL] stage=before_inbinary #26 addr=0x80015650 ra=0x8001A24C f=0
[BLACKSCREEN][CALL] route=interp #26 addr=0x80015650 ra=0x8001A24C f=0
[BLACKSCREEN][INTERP] enter start=0x80015650 instr0=0x3C028003 a0=0xFFFFFFFF ra=0x8001A24C sp=0x801FFF98 f=0
[BLACKSCREEN][15650-STEP] #58 pc=0x80015650 instr=0x3C028003 v0=0xFFFFFFFF v1=0x00000013 a0=0xFFFFFFFF a1=0x00008000 c2ba=0x0000 c2b8=0x00000000 c2bc=0x00000000 ra=0x8001A24C sp=0x801FFF98 f=0
[BLACKSCREEN][15650-STEP] #59 pc=0x80015654 instr=0x9442C2BA v0=0x80030000 v1=0x00000013 a0=0xFFFFFFFF a1=0x00008000 c2ba=0x0000 c2b8=0x00000000 c2bc=0x00000000 ra=0x8001A24C sp=0x801FFF98 f=0
[BLACKSCREEN][STATE-C2BA-R] #20 size=2 phys=0x0002C2BA val=0x0000 ra=0x8001A24C sp=0x801FFF98 pc=0x00000000 f=0
[BLACKSCREEN][15650-STEP] #60 pc=0x80015658 instr=0x03E00008 v0=0x00000000 v1=0x00000013 a0=0xFFFFFFFF a1=0x00008000 c2ba=0x0000 c2b8=0x00000000 c2bc=0x00000000 ra=0x8001A24C sp=0x801FFF98 f=0
[BLACKSCREEN][15650-RET] #20 reason=jr_ra end=0x80015658 target=0x8001A24C steps=3 v0=0x00000000 v1=0x00000013 c2ba=0x0000 c2b8=0x00000000 c2bc=0x00000000 ra=0x8001A24C sp=0x801FFF98 f=0
[BLACKSCREEN][INTERP] start=0x80015650 end=0x80015658 steps=3 reason=jr_ra target=0x8001A24C ra=0x8001A24C sp=0x801FFF98 f=0
[BLACKSCREEN][A110-RET] call_pc=0x8001A244 target=0x80015650 v0_before=0xFFFFFFFF v1_before=0x00000013 v0_after=0x00000000 v1_after=0x00000013 c9278=0x1F801BD4 c927c=0x00000014 sp_before=0x801FFF98 sp_after=0x801FFF98 ra=0x8001A24C f=0
[BLACKSCREEN][A110-15650-RET] #20 call_pc=0x8001A244 v0_after=0x00000000 v1_after=0x00000013 a0=0xFFFFFFFF a1=0x00008000 sp_after=0x801FFF98 c2ba=0x0000 f=0
[BLACKSCREEN][A110-PATH] #80 pc=0x8001A24C instr=0x1040002B v0=0x00000000 v1=0x00000013 a0=0xFFFFFFFF a1=0x00008000 a2=0x00000000 a3=0x00000000 s0=0x00000003 s1=0x801E0000 s2=0x80032D80 s3=0x80032B48 sp=0x801FFF98 ra=0x8001A24C m2ab4=0x00000000 m2ab8=0x00000000 m2ac5=0x00 c2ba=0x0000 c2b8=0x00000000 c2bc=0x00000000 f=0
[BLACKSCREEN][A110-CALL] pc=0x8001A17C target=0x80015308 v0=0x00000000 v1=0x00000013 a0=0xFFFFFFFF a1=0x00008000 a2=0x00000000 a3=0x00000000 sp=0x801FFF98 ra=0x8001A184 f=0
[BLACKSCREEN][CALL] enter #49 addr=0x80015308 kseg0=0x80015308 ra=0x8001A184 sp=0x801FFF98 f=0
[BLACKSCREEN][STATE-C2A8AC-R] #45 size=4 phys=0x0002C2A8 val=0x1F801814 ra=0x8001A184 sp=0x801FFF98 pc=0x00000000 f=0
[BLACKSCREEN][STATE-C2A8AC-R] #46 size=4 phys=0x0002C2AC val=0x1F801110 ra=0x8001A184 sp=0x801FFF98 pc=0x00000000 f=0
[BLACKSCREEN][CALL] route=compiled_early #22 addr=0x80015308 ra=0x8001A184 f=0
[BLACKSCREEN][A110-RET] call_pc=0x8001A17C target=0x80015308 v0_before=0x00000000 v1_before=0x00000013 v0_after=0x1F801814 v1_after=0x1F801110 c9278=0x1F801BD4 c927c=0x00000014 sp_before=0x801FFF98 sp_after=0x801FFF98 ra=0x8001A184 f=0
[BLACKSCREEN][A110-EXIT-COND] pc=0x8001A194 instr=0x1460000B v1=0x00000000 v0=0x1F801814 will_branch=0 next=0x8001A19C else=0x8001A1C4 c9278=0x1F801BD4 c927c=0x00000014 ra=0x8001A184 sp=0x801FFF98 f=0
[BLACKSCREEN][A110-PATH] #81 pc=0x8001A238 instr=0x00001021 v0=0x00000000 v1=0x00000014 a0=0xFFFFFFFF a1=0x00008000 a2=0x00000000 a3=0x00000000 s0=0x00000003 s1=0x801E0000 s2=0x80032D80 s3=0x80032B48 sp=0x801FFF98 ra=0x8001A184 m2ab4=0x00000000 m2ab8=0x00000000 m2ac5=0x00 c2ba=0x0000 c2b8=0x00000000 c2bc=0x00000000 f=0
[BLACKSCREEN][A110-PATH] #82 pc=0x8001A23C instr=0x14400049 v0=0x00000000 v1=0x00000014 a0=0xFFFFFFFF a1=0x00008000 a2=0x00000000 a3=0x00000000 s0=0x00000003 s1=0x801E0000 s2=0x80032D80 s3=0x80032B48 sp=0x801FFF98 ra=0x8001A184 m2ab4=0x00000000 m2ab8=0x00000000 m2ac5=0x00 c2ba=0x0000 c2b8=0x00000000 c2bc=0x00000000 f=0
[BLACKSCREEN][A110-PATH] #83 pc=0x8001A244 instr=0x0C005594 v0=0xFFFFFFFF v1=0x00000014 a0=0xFFFFFFFF a1=0x00008000 a2=0x00000000 a3=0x00000000 s0=0x00000003 s1=0x801E0000 s2=0x80032D80 s3=0x80032B48 sp=0x801FFF98 ra=0x8001A184 m2ab4=0x00000000 m2ab8=0x00000000 m2ac5=0x00 c2ba=0x0000 c2b8=0x00000000 c2bc=0x00000000 f=0
[BLACKSCREEN][A110-CALL] pc=0x8001A244 target=0x80015650 v0=0xFFFFFFFF v1=0x00000014 a0=0xFFFFFFFF a1=0x00008000 a2=0x00000000 a3=0x00000000 sp=0x801FFF98 ra=0x8001A24C f=0
[BLACKSCREEN][A110-15650-CALL] #21 call_pc=0x8001A244 ra=0x8001A24C v0=0xFFFFFFFF v1=0x00000014 a0=0xFFFFFFFF a1=0x00008000 sp=0x801FFF98 c2ba=0x0000 f=0
[BLACKSCREEN][CALL] enter #50 addr=0x80015650 kseg0=0x80015650 ra=0x8001A24C sp=0x801FFF98 f=0
[BLACKSCREEN][CALL] stage=before_overlay #27 addr=0x80015650 ra=0x8001A24C f=0
[BLACKSCREEN][CALL] stage=before_inbinary #27 addr=0x80015650 ra=0x8001A24C f=0
[BLACKSCREEN][CALL] route=interp #27 addr=0x80015650 ra=0x8001A24C f=0
[BLACKSCREEN][INTERP] enter start=0x80015650 instr0=0x3C028003 a0=0xFFFFFFFF ra=0x8001A24C sp=0x801FFF98 f=0
[BLACKSCREEN][15650-STEP] #61 pc=0x80015650 instr=0x3C028003 v0=0xFFFFFFFF v1=0x00000014 a0=0xFFFFFFFF a1=0x00008000 c2ba=0x0000 c2b8=0x00000000 c2bc=0x00000000 ra=0x8001A24C sp=0x801FFF98 f=0
[BLACKSCREEN][15650-STEP] #62 pc=0x80015654 instr=0x9442C2BA v0=0x80030000 v1=0x00000014 a0=0xFFFFFFFF a1=0x00008000 c2ba=0x0000 c2b8=0x00000000 c2bc=0x00000000 ra=0x8001A24C sp=0x801FFF98 f=0
[BLACKSCREEN][STATE-C2BA-R] #21 size=2 phys=0x0002C2BA val=0x0000 ra=0x8001A24C sp=0x801FFF98 pc=0x00000000 f=0
[BLACKSCREEN][15650-STEP] #63 pc=0x80015658 instr=0x03E00008 v0=0x00000000 v1=0x00000014 a0=0xFFFFFFFF a1=0x00008000 c2ba=0x0000 c2b8=0x00000000 c2bc=0x00000000 ra=0x8001A24C sp=0x801FFF98 f=0
[BLACKSCREEN][15650-RET] #21 reason=jr_ra end=0x80015658 target=0x8001A24C steps=3 v0=0x00000000 v1=0x00000014 c2ba=0x0000 c2b8=0x00000000 c2bc=0x00000000 ra=0x8001A24C sp=0x801FFF98 f=0
[BLACKSCREEN][INTERP] start=0x80015650 end=0x80015658 steps=3 reason=jr_ra target=0x8001A24C ra=0x8001A24C sp=0x801FFF98 f=0
[BLACKSCREEN][A110-RET] call_pc=0x8001A244 target=0x80015650 v0_before=0xFFFFFFFF v1_before=0x00000014 v0_after=0x00000000 v1_after=0x00000014 c9278=0x1F801BD4 c927c=0x00000015 sp_before=0x801FFF98 sp_after=0x801FFF98 ra=0x8001A24C f=0
[BLACKSCREEN][A110-15650-RET] #21 call_pc=0x8001A244 v0_after=0x00000000 v1_after=0x00000014 a0=0xFFFFFFFF a1=0x00008000 sp_after=0x801FFF98 c2ba=0x0000 f=0
[BLACKSCREEN][A110-PATH] #84 pc=0x8001A24C instr=0x1040002B v0=0x00000000 v1=0x00000014 a0=0xFFFFFFFF a1=0x00008000 a2=0x00000000 a3=0x00000000 s0=0x00000003 s1=0x801E0000 s2=0x80032D80 s3=0x80032B48 sp=0x801FFF98 ra=0x8001A24C m2ab4=0x00000000 m2ab8=0x00000000 m2ac5=0x00 c2ba=0x0000 c2b8=0x00000000 c2bc=0x00000000 f=0
[BLACKSCREEN][A110-CALL] pc=0x8001A17C target=0x80015308 v0=0x00000000 v1=0x00000014 a0=0xFFFFFFFF a1=0x00008000 a2=0x00000000 a3=0x00000000 sp=0x801FFF98 ra=0x8001A184 f=0
[BLACKSCREEN][CALL] enter #51 addr=0x80015308 kseg0=0x80015308 ra=0x8001A184 sp=0x801FFF98 f=0
[BLACKSCREEN][STATE-C2A8AC-R] #47 size=4 phys=0x0002C2A8 val=0x1F801814 ra=0x8001A184 sp=0x801FFF98 pc=0x00000000 f=0
[BLACKSCREEN][STATE-C2A8AC-R] #48 size=4 phys=0x0002C2AC val=0x1F801110 ra=0x8001A184 sp=0x801FFF98 pc=0x00000000 f=0
[BLACKSCREEN][CALL] route=compiled_early #23 addr=0x80015308 ra=0x8001A184 f=0
[BLACKSCREEN][A110-RET] call_pc=0x8001A17C target=0x80015308 v0_before=0x00000000 v1_before=0x00000014 v0_after=0x1F801814 v1_after=0x1F801110 c9278=0x1F801BD4 c927c=0x00000015 sp_before=0x801FFF98 sp_after=0x801FFF98 ra=0x8001A184 f=0
[BLACKSCREEN][A110-EXIT-COND] pc=0x8001A194 instr=0x1460000B v1=0x00000000 v0=0x1F801814 will_branch=0 next=0x8001A19C else=0x8001A1C4 c9278=0x1F801BD4 c927c=0x00000015 ra=0x8001A184 sp=0x801FFF98 f=0
[BLACKSCREEN][A110-PATH] #85 pc=0x8001A238 instr=0x00001021 v0=0x00000000 v1=0x00000015 a0=0xFFFFFFFF a1=0x00008000 a2=0x00000000 a3=0x00000000 s0=0x00000003 s1=0x801E0000 s2=0x80032D80 s3=0x80032B48 sp=0x801FFF98 ra=0x8001A184 m2ab4=0x00000000 m2ab8=0x00000000 m2ac5=0x00 c2ba=0x0000 c2b8=0x00000000 c2bc=0x00000000 f=0
[BLACKSCREEN][A110-PATH] #86 pc=0x8001A23C instr=0x14400049 v0=0x00000000 v1=0x00000015 a0=0xFFFFFFFF a1=0x00008000 a2=0x00000000 a3=0x00000000 s0=0x00000003 s1=0x801E0000 s2=0x80032D80 s3=0x80032B48 sp=0x801FFF98 ra=0x8001A184 m2ab4=0x00000000 m2ab8=0x00000000 m2ac5=0x00 c2ba=0x0000 c2b8=0x00000000 c2bc=0x00000000 f=0
[BLACKSCREEN][A110-PATH] #87 pc=0x8001A244 instr=0x0C005594 v0=0xFFFFFFFF v1=0x00000015 a0=0xFFFFFFFF a1=0x00008000 a2=0x00000000 a3=0x00000000 s0=0x00000003 s1=0x801E0000 s2=0x80032D80 s3=0x80032B48 sp=0x801FFF98 ra=0x8001A184 m2ab4=0x00000000 m2ab8=0x00000000 m2ac5=0x00 c2ba=0x0000 c2b8=0x00000000 c2bc=0x00000000 f=0
[BLACKSCREEN][A110-CALL] pc=0x8001A244 target=0x80015650 v0=0xFFFFFFFF v1=0x00000015 a0=0xFFFFFFFF a1=0x00008000 a2=0x00000000 a3=0x00000000 sp=0x801FFF98 ra=0x8001A24C f=0
[BLACKSCREEN][A110-15650-CALL] #22 call_pc=0x8001A244 ra=0x8001A24C v0=0xFFFFFFFF v1=0x00000015 a0=0xFFFFFFFF a1=0x00008000 sp=0x801FFF98 c2ba=0x0000 f=0
[BLACKSCREEN][CALL] enter #52 addr=0x80015650 kseg0=0x80015650 ra=0x8001A24C sp=0x801FFF98 f=0
[BLACKSCREEN][CALL] stage=before_overlay #28 addr=0x80015650 ra=0x8001A24C f=0
[BLACKSCREEN][CALL] stage=before_inbinary #28 addr=0x80015650 ra=0x8001A24C f=0
[BLACKSCREEN][CALL] route=interp #28 addr=0x80015650 ra=0x8001A24C f=0
[BLACKSCREEN][INTERP] enter start=0x80015650 instr0=0x3C028003 a0=0xFFFFFFFF ra=0x8001A24C sp=0x801FFF98 f=0
[BLACKSCREEN][15650-STEP] #64 pc=0x80015650 instr=0x3C028003 v0=0xFFFFFFFF v1=0x00000015 a0=0xFFFFFFFF a1=0x00008000 c2ba=0x0000 c2b8=0x00000000 c2bc=0x00000000 ra=0x8001A24C sp=0x801FFF98 f=0
[BLACKSCREEN][15650-STEP] #65 pc=0x80015654 instr=0x9442C2BA v0=0x80030000 v1=0x00000015 a0=0xFFFFFFFF a1=0x00008000 c2ba=0x0000 c2b8=0x00000000 c2bc=0x00000000 ra=0x8001A24C sp=0x801FFF98 f=0
[BLACKSCREEN][STATE-C2BA-R] #22 size=2 phys=0x0002C2BA val=0x0000 ra=0x8001A24C sp=0x801FFF98 pc=0x00000000 f=0
[BLACKSCREEN][15650-STEP] #66 pc=0x80015658 instr=0x03E00008 v0=0x00000000 v1=0x00000015 a0=0xFFFFFFFF a1=0x00008000 c2ba=0x0000 c2b8=0x00000000 c2bc=0x00000000 ra=0x8001A24C sp=0x801FFF98 f=0
[BLACKSCREEN][15650-RET] #22 reason=jr_ra end=0x80015658 target=0x8001A24C steps=3 v0=0x00000000 v1=0x00000015 c2ba=0x0000 c2b8=0x00000000 c2bc=0x00000000 ra=0x8001A24C sp=0x801FFF98 f=0
[BLACKSCREEN][INTERP] start=0x80015650 end=0x80015658 steps=3 reason=jr_ra target=0x8001A24C ra=0x8001A24C sp=0x801FFF98 f=0
[BLACKSCREEN][A110-RET] call_pc=0x8001A244 target=0x80015650 v0_before=0xFFFFFFFF v1_before=0x00000015 v0_after=0x00000000 v1_after=0x00000015 c9278=0x1F801BD4 c927c=0x00000016 sp_before=0x801FFF98 sp_after=0x801FFF98 ra=0x8001A24C f=0
[BLACKSCREEN][A110-15650-RET] #22 call_pc=0x8001A244 v0_after=0x00000000 v1_after=0x00000015 a0=0xFFFFFFFF a1=0x00008000 sp_after=0x801FFF98 c2ba=0x0000 f=0
[BLACKSCREEN][A110-PATH] #88 pc=0x8001A24C instr=0x1040002B v0=0x00000000 v1=0x00000015 a0=0xFFFFFFFF a1=0x00008000 a2=0x00000000 a3=0x00000000 s0=0x00000003 s1=0x801E0000 s2=0x80032D80 s3=0x80032B48 sp=0x801FFF98 ra=0x8001A24C m2ab4=0x00000000 m2ab8=0x00000000 m2ac5=0x00 c2ba=0x0000 c2b8=0x00000000 c2bc=0x00000000 f=0
[BLACKSCREEN][A110-CALL] pc=0x8001A17C target=0x80015308 v0=0x00000000 v1=0x00000015 a0=0xFFFFFFFF a1=0x00008000 a2=0x00000000 a3=0x00000000 sp=0x801FFF98 ra=0x8001A184 f=0
[BLACKSCREEN][CALL] enter #53 addr=0x80015308 kseg0=0x80015308 ra=0x8001A184 sp=0x801FFF98 f=0
[BLACKSCREEN][STATE-C2A8AC-R] #49 size=4 phys=0x0002C2A8 val=0x1F801814 ra=0x8001A184 sp=0x801FFF98 pc=0x00000000 f=0
[BLACKSCREEN][STATE-C2A8AC-R] #50 size=4 phys=0x0002C2AC val=0x1F801110 ra=0x8001A184 sp=0x801FFF98 pc=0x00000000 f=0
[BLACKSCREEN][CALL] route=compiled_early #24 addr=0x80015308 ra=0x8001A184 f=0
[BLACKSCREEN][A110-RET] call_pc=0x8001A17C target=0x80015308 v0_before=0x00000000 v1_before=0x00000015 v0_after=0x1F801814 v1_after=0x1F801110 c9278=0x1F801BD4 c927c=0x00000016 sp_before=0x801FFF98 sp_after=0x801FFF98 ra=0x8001A184 f=0
[BLACKSCREEN][A110-EXIT-COND] pc=0x8001A194 instr=0x1460000B v1=0x00000000 v0=0x1F801814 will_branch=0 next=0x8001A19C else=0x8001A1C4 c9278=0x1F801BD4 c927c=0x00000016 ra=0x8001A184 sp=0x801FFF98 f=0
[BLACKSCREEN][A110-PATH] #89 pc=0x8001A238 instr=0x00001021 v0=0x00000000 v1=0x00000016 a0=0xFFFFFFFF a1=0x00008000 a2=0x00000000 a3=0x00000000 s0=0x00000003 s1=0x801E0000 s2=0x80032D80 s3=0x80032B48 sp=0x801FFF98 ra=0x8001A184 m2ab4=0x00000000 m2ab8=0x00000000 m2ac5=0x00 c2ba=0x0000 c2b8=0x00000000 c2bc=0x00000000 f=0
[BLACKSCREEN][A110-PATH] #90 pc=0x8001A23C instr=0x14400049 v0=0x00000000 v1=0x00000016 a0=0xFFFFFFFF a1=0x00008000 a2=0x00000000 a3=0x00000000 s0=0x00000003 s1=0x801E0000 s2=0x80032D80 s3=0x80032B48 sp=0x801FFF98 ra=0x8001A184 m2ab4=0x00000000 m2ab8=0x00000000 m2ac5=0x00 c2ba=0x0000 c2b8=0x00000000 c2bc=0x00000000 f=0
[BLACKSCREEN][A110-PATH] #91 pc=0x8001A244 instr=0x0C005594 v0=0xFFFFFFFF v1=0x00000016 a0=0xFFFFFFFF a1=0x00008000 a2=0x00000000 a3=0x00000000 s0=0x00000003 s1=0x801E0000 s2=0x80032D80 s3=0x80032B48 sp=0x801FFF98 ra=0x8001A184 m2ab4=0x00000000 m2ab8=0x00000000 m2ac5=0x00 c2ba=0x0000 c2b8=0x00000000 c2bc=0x00000000 f=0
[BLACKSCREEN][A110-CALL] pc=0x8001A244 target=0x80015650 v0=0xFFFFFFFF v1=0x00000016 a0=0xFFFFFFFF a1=0x00008000 a2=0x00000000 a3=0x00000000 sp=0x801FFF98 ra=0x8001A24C f=0
[BLACKSCREEN][A110-15650-CALL] #23 call_pc=0x8001A244 ra=0x8001A24C v0=0xFFFFFFFF v1=0x00000016 a0=0xFFFFFFFF a1=0x00008000 sp=0x801FFF98 c2ba=0x0000 f=0
[BLACKSCREEN][CALL] enter #54 addr=0x80015650 kseg0=0x80015650 ra=0x8001A24C sp=0x801FFF98 f=0
[BLACKSCREEN][CALL] stage=before_overlay #29 addr=0x80015650 ra=0x8001A24C f=0
[BLACKSCREEN][CALL] stage=before_inbinary #29 addr=0x80015650 ra=0x8001A24C f=0
[BLACKSCREEN][CALL] route=interp #29 addr=0x80015650 ra=0x8001A24C f=0
[BLACKSCREEN][INTERP] enter start=0x80015650 instr0=0x3C028003 a0=0xFFFFFFFF ra=0x8001A24C sp=0x801FFF98 f=0
[BLACKSCREEN][15650-STEP] #67 pc=0x80015650 instr=0x3C028003 v0=0xFFFFFFFF v1=0x00000016 a0=0xFFFFFFFF a1=0x00008000 c2ba=0x0000 c2b8=0x00000000 c2bc=0x00000000 ra=0x8001A24C sp=0x801FFF98 f=0
[BLACKSCREEN][15650-STEP] #68 pc=0x80015654 instr=0x9442C2BA v0=0x80030000 v1=0x00000016 a0=0xFFFFFFFF a1=0x00008000 c2ba=0x0000 c2b8=0x00000000 c2bc=0x00000000 ra=0x8001A24C sp=0x801FFF98 f=0
[BLACKSCREEN][STATE-C2BA-R] #23 size=2 phys=0x0002C2BA val=0x0000 ra=0x8001A24C sp=0x801FFF98 pc=0x00000000 f=0
[BLACKSCREEN][15650-STEP] #69 pc=0x80015658 instr=0x03E00008 v0=0x00000000 v1=0x00000016 a0=0xFFFFFFFF a1=0x00008000 c2ba=0x0000 c2b8=0x00000000 c2bc=0x00000000 ra=0x8001A24C sp=0x801FFF98 f=0
[BLACKSCREEN][15650-RET] #23 reason=jr_ra end=0x80015658 target=0x8001A24C steps=3 v0=0x00000000 v1=0x00000016 c2ba=0x0000 c2b8=0x00000000 c2bc=0x00000000 ra=0x8001A24C sp=0x801FFF98 f=0
[BLACKSCREEN][INTERP] start=0x80015650 end=0x80015658 steps=3 reason=jr_ra target=0x8001A24C ra=0x8001A24C sp=0x801FFF98 f=0
[BLACKSCREEN][A110-RET] call_pc=0x8001A244 target=0x80015650 v0_before=0xFFFFFFFF v1_before=0x00000016 v0_after=0x00000000 v1_after=0x00000016 c9278=0x1F801BD4 c927c=0x00000017 sp_before=0x801FFF98 sp_after=0x801FFF98 ra=0x8001A24C f=0
[BLACKSCREEN][A110-15650-RET] #23 call_pc=0x8001A244 v0_after=0x00000000 v1_after=0x00000016 a0=0xFFFFFFFF a1=0x00008000 sp_after=0x801FFF98 c2ba=0x0000 f=0
[BLACKSCREEN][A110-PATH] #92 pc=0x8001A24C instr=0x1040002B v0=0x00000000 v1=0x00000016 a0=0xFFFFFFFF a1=0x00008000 a2=0x00000000 a3=0x00000000 s0=0x00000003 s1=0x801E0000 s2=0x80032D80 s3=0x80032B48 sp=0x801FFF98 ra=0x8001A24C m2ab4=0x00000000 m2ab8=0x00000000 m2ac5=0x00 c2ba=0x0000 c2b8=0x00000000 c2bc=0x00000000 f=0
[BLACKSCREEN][A110-CALL] pc=0x8001A17C target=0x80015308 v0=0x00000000 v1=0x00000016 a0=0xFFFFFFFF a1=0x00008000 a2=0x00000000 a3=0x00000000 sp=0x801FFF98 ra=0x8001A184 f=0
[BLACKSCREEN][CALL] enter #55 addr=0x80015308 kseg0=0x80015308 ra=0x8001A184 sp=0x801FFF98 f=0
[BLACKSCREEN][STATE-C2A8AC-R] #51 size=4 phys=0x0002C2A8 val=0x1F801814 ra=0x8001A184 sp=0x801FFF98 pc=0x00000000 f=0
[BLACKSCREEN][STATE-C2A8AC-R] #52 size=4 phys=0x0002C2AC val=0x1F801110 ra=0x8001A184 sp=0x801FFF98 pc=0x00000000 f=0
[BLACKSCREEN][CALL] route=compiled_early #25 addr=0x80015308 ra=0x8001A184 f=0
[BLACKSCREEN][A110-RET] call_pc=0x8001A17C target=0x80015308 v0_before=0x00000000 v1_before=0x00000016 v0_after=0x1F801814 v1_after=0x1F801110 c9278=0x1F801BD4 c927c=0x00000017 sp_before=0x801FFF98 sp_after=0x801FFF98 ra=0x8001A184 f=0
[BLACKSCREEN][A110-EXIT-COND] pc=0x8001A194 instr=0x1460000B v1=0x00000000 v0=0x1F801814 will_branch=0 next=0x8001A19C else=0x8001A1C4 c9278=0x1F801BD4 c927c=0x00000017 ra=0x8001A184 sp=0x801FFF98 f=0
[BLACKSCREEN][A110-PATH] #93 pc=0x8001A238 instr=0x00001021 v0=0x00000000 v1=0x00000017 a0=0xFFFFFFFF a1=0x00008000 a2=0x00000000 a3=0x00000000 s0=0x00000003 s1=0x801E0000 s2=0x80032D80 s3=0x80032B48 sp=0x801FFF98 ra=0x8001A184 m2ab4=0x00000000 m2ab8=0x00000000 m2ac5=0x00 c2ba=0x0000 c2b8=0x00000000 c2bc=0x00000000 f=0
[BLACKSCREEN][A110-PATH] #94 pc=0x8001A23C instr=0x14400049 v0=0x00000000 v1=0x00000017 a0=0xFFFFFFFF a1=0x00008000 a2=0x00000000 a3=0x00000000 s0=0x00000003 s1=0x801E0000 s2=0x80032D80 s3=0x80032B48 sp=0x801FFF98 ra=0x8001A184 m2ab4=0x00000000 m2ab8=0x00000000 m2ac5=0x00 c2ba=0x0000 c2b8=0x00000000 c2bc=0x00000000 f=0
[BLACKSCREEN][A110-PATH] #95 pc=0x8001A244 instr=0x0C005594 v0=0xFFFFFFFF v1=0x00000017 a0=0xFFFFFFFF a1=0x00008000 a2=0x00000000 a3=0x00000000 s0=0x00000003 s1=0x801E0000 s2=0x80032D80 s3=0x80032B48 sp=0x801FFF98 ra=0x8001A184 m2ab4=0x00000000 m2ab8=0x00000000 m2ac5=0x00 c2ba=0x0000 c2b8=0x00000000 c2bc=0x00000000 f=0
[BLACKSCREEN][A110-CALL] pc=0x8001A244 target=0x80015650 v0=0xFFFFFFFF v1=0x00000017 a0=0xFFFFFFFF a1=0x00008000 a2=0x00000000 a3=0x00000000 sp=0x801FFF98 ra=0x8001A24C f=0
[BLACKSCREEN][A110-15650-CALL] #24 call_pc=0x8001A244 ra=0x8001A24C v0=0xFFFFFFFF v1=0x00000017 a0=0xFFFFFFFF a1=0x00008000 sp=0x801FFF98 c2ba=0x0000 f=0
[BLACKSCREEN][CALL] enter #56 addr=0x80015650 kseg0=0x80015650 ra=0x8001A24C sp=0x801FFF98 f=0
[BLACKSCREEN][CALL] stage=before_overlay #30 addr=0x80015650 ra=0x8001A24C f=0
[BLACKSCREEN][CALL] stage=before_inbinary #30 addr=0x80015650 ra=0x8001A24C f=0
[BLACKSCREEN][CALL] route=interp #30 addr=0x80015650 ra=0x8001A24C f=0
[BLACKSCREEN][INTERP] enter start=0x80015650 instr0=0x3C028003 a0=0xFFFFFFFF ra=0x8001A24C sp=0x801FFF98 f=0
[BLACKSCREEN][15650-STEP] #70 pc=0x80015650 instr=0x3C028003 v0=0xFFFFFFFF v1=0x00000017 a0=0xFFFFFFFF a1=0x00008000 c2ba=0x0000 c2b8=0x00000000 c2bc=0x00000000 ra=0x8001A24C sp=0x801FFF98 f=0
[BLACKSCREEN][15650-STEP] #71 pc=0x80015654 instr=0x9442C2BA v0=0x80030000 v1=0x00000017 a0=0xFFFFFFFF a1=0x00008000 c2ba=0x0000 c2b8=0x00000000 c2bc=0x00000000 ra=0x8001A24C sp=0x801FFF98 f=0
[BLACKSCREEN][STATE-C2BA-R] #24 size=2 phys=0x0002C2BA val=0x0000 ra=0x8001A24C sp=0x801FFF98 pc=0x00000000 f=0
[BLACKSCREEN][15650-STEP] #72 pc=0x80015658 instr=0x03E00008 v0=0x00000000 v1=0x00000017 a0=0xFFFFFFFF a1=0x00008000 c2ba=0x0000 c2b8=0x00000000 c2bc=0x00000000 ra=0x8001A24C sp=0x801FFF98 f=0
[BLACKSCREEN][15650-RET] #24 reason=jr_ra end=0x80015658 target=0x8001A24C steps=3 v0=0x00000000 v1=0x00000017 c2ba=0x0000 c2b8=0x00000000 c2bc=0x00000000 ra=0x8001A24C sp=0x801FFF98 f=0
[BLACKSCREEN][INTERP] start=0x80015650 end=0x80015658 steps=3 reason=jr_ra target=0x8001A24C ra=0x8001A24C sp=0x801FFF98 f=0
[BLACKSCREEN][A110-RET] call_pc=0x8001A244 target=0x80015650 v0_before=0xFFFFFFFF v1_before=0x00000017 v0_after=0x00000000 v1_after=0x00000017 c9278=0x1F801BD4 c927c=0x00000018 sp_before=0x801FFF98 sp_after=0x801FFF98 ra=0x8001A24C f=0
[BLACKSCREEN][A110-15650-RET] #24 call_pc=0x8001A244 v0_after=0x00000000 v1_after=0x00000017 a0=0xFFFFFFFF a1=0x00008000 sp_after=0x801FFF98 c2ba=0x0000 f=0
[BLACKSCREEN][A110-PATH] #96 pc=0x8001A24C instr=0x1040002B v0=0x00000000 v1=0x00000017 a0=0xFFFFFFFF a1=0x00008000 a2=0x00000000 a3=0x00000000 s0=0x00000003 s1=0x801E0000 s2=0x80032D80 s3=0x80032B48 sp=0x801FFF98 ra=0x8001A24C m2ab4=0x00000000 m2ab8=0x00000000 m2ac5=0x00 c2ba=0x0000 c2b8=0x00000000 c2bc=0x00000000 f=0
[BLACKSCREEN][A110-CALL] pc=0x8001A17C target=0x80015308 v0=0x00000000 v1=0x00000017 a0=0xFFFFFFFF a1=0x00008000 a2=0x00000000 a3=0x00000000 sp=0x801FFF98 ra=0x8001A184 f=0
[BLACKSCREEN][CALL] enter #57 addr=0x80015308 kseg0=0x80015308 ra=0x8001A184 sp=0x801FFF98 f=0
[BLACKSCREEN][STATE-C2A8AC-R] #53 size=4 phys=0x0002C2A8 val=0x1F801814 ra=0x8001A184 sp=0x801FFF98 pc=0x00000000 f=0
[BLACKSCREEN][STATE-C2A8AC-R] #54 size=4 phys=0x0002C2AC val=0x1F801110 ra=0x8001A184 sp=0x801FFF98 pc=0x00000000 f=0
[BLACKSCREEN][CALL] route=compiled_early #26 addr=0x80015308 ra=0x8001A184 f=0
[BLACKSCREEN][A110-RET] call_pc=0x8001A17C target=0x80015308 v0_before=0x00000000 v1_before=0x00000017 v0_after=0x1F801814 v1_after=0x1F801110 c9278=0x1F801BD4 c927c=0x00000018 sp_before=0x801FFF98 sp_after=0x801FFF98 ra=0x8001A184 f=0
[BLACKSCREEN][A110-EXIT-COND] pc=0x8001A194 instr=0x1460000B v1=0x00000000 v0=0x1F801814 will_branch=0 next=0x8001A19C else=0x8001A1C4 c9278=0x1F801BD4 c927c=0x00000018 ra=0x8001A184 sp=0x801FFF98 f=0
[BLACKSCREEN][A110-PATH] #97 pc=0x8001A238 instr=0x00001021 v0=0x00000000 v1=0x00000018 a0=0xFFFFFFFF a1=0x00008000 a2=0x00000000 a3=0x00000000 s0=0x00000003 s1=0x801E0000 s2=0x80032D80 s3=0x80032B48 sp=0x801FFF98 ra=0x8001A184 m2ab4=0x00000000 m2ab8=0x00000000 m2ac5=0x00 c2ba=0x0000 c2b8=0x00000000 c2bc=0x00000000 f=0
[BLACKSCREEN][A110-PATH] #98 pc=0x8001A23C instr=0x14400049 v0=0x00000000 v1=0x00000018 a0=0xFFFFFFFF a1=0x00008000 a2=0x00000000 a3=0x00000000 s0=0x00000003 s1=0x801E0000 s2=0x80032D80 s3=0x80032B48 sp=0x801FFF98 ra=0x8001A184 m2ab4=0x00000000 m2ab8=0x00000000 m2ac5=0x00 c2ba=0x0000 c2b8=0x00000000 c2bc=0x00000000 f=0
[BLACKSCREEN][A110-PATH] #99 pc=0x8001A244 instr=0x0C005594 v0=0xFFFFFFFF v1=0x00000018 a0=0xFFFFFFFF a1=0x00008000 a2=0x00000000 a3=0x00000000 s0=0x00000003 s1=0x801E0000 s2=0x80032D80 s3=0x80032B48 sp=0x801FFF98 ra=0x8001A184 m2ab4=0x00000000 m2ab8=0x00000000 m2ac5=0x00 c2ba=0x0000 c2b8=0x00000000 c2bc=0x00000000 f=0
[BLACKSCREEN][A110-CALL] pc=0x8001A244 target=0x80015650 v0=0xFFFFFFFF v1=0x00000018 a0=0xFFFFFFFF a1=0x00008000 a2=0x00000000 a3=0x00000000 sp=0x801FFF98 ra=0x8001A24C f=0
[BLACKSCREEN][A110-15650-CALL] #25 call_pc=0x8001A244 ra=0x8001A24C v0=0xFFFFFFFF v1=0x00000018 a0=0xFFFFFFFF a1=0x00008000 sp=0x801FFF98 c2ba=0x0000 f=0
[BLACKSCREEN][CALL] enter #58 addr=0x80015650 kseg0=0x80015650 ra=0x8001A24C sp=0x801FFF98 f=0
[BLACKSCREEN][CALL] stage=before_overlay #31 addr=0x80015650 ra=0x8001A24C f=0
[BLACKSCREEN][CALL] stage=before_inbinary #31 addr=0x80015650 ra=0x8001A24C f=0
[BLACKSCREEN][CALL] route=interp #31 addr=0x80015650 ra=0x8001A24C f=0
[BLACKSCREEN][INTERP] enter start=0x80015650 instr0=0x3C028003 a0=0xFFFFFFFF ra=0x8001A24C sp=0x801FFF98 f=0
[BLACKSCREEN][15650-STEP] #73 pc=0x80015650 instr=0x3C028003 v0=0xFFFFFFFF v1=0x00000018 a0=0xFFFFFFFF a1=0x00008000 c2ba=0x0000 c2b8=0x00000000 c2bc=0x00000000 ra=0x8001A24C sp=0x801FFF98 f=0
[BLACKSCREEN][15650-STEP] #74 pc=0x80015654 instr=0x9442C2BA v0=0x80030000 v1=0x00000018 a0=0xFFFFFFFF a1=0x00008000 c2ba=0x0000 c2b8=0x00000000 c2bc=0x00000000 ra=0x8001A24C sp=0x801FFF98 f=0
[BLACKSCREEN][STATE-C2BA-R] #25 size=2 phys=0x0002C2BA val=0x0000 ra=0x8001A24C sp=0x801FFF98 pc=0x00000000 f=0
[BLACKSCREEN][15650-STEP] #75 pc=0x80015658 instr=0x03E00008 v0=0x00000000 v1=0x00000018 a0=0xFFFFFFFF a1=0x00008000 c2ba=0x0000 c2b8=0x00000000 c2bc=0x00000000 ra=0x8001A24C sp=0x801FFF98 f=0
[BLACKSCREEN][15650-RET] #25 reason=jr_ra end=0x80015658 target=0x8001A24C steps=3 v0=0x00000000 v1=0x00000018 c2ba=0x0000 c2b8=0x00000000 c2bc=0x00000000 ra=0x8001A24C sp=0x801FFF98 f=0
[BLACKSCREEN][INTERP] start=0x80015650 end=0x80015658 steps=3 reason=jr_ra target=0x8001A24C ra=0x8001A24C sp=0x801FFF98 f=0
[BLACKSCREEN][A110-RET] call_pc=0x8001A244 target=0x80015650 v0_before=0xFFFFFFFF v1_before=0x00000018 v0_after=0x00000000 v1_after=0x00000018 c9278=0x1F801BD4 c927c=0x00000019 sp_before=0x801FFF98 sp_after=0x801FFF98 ra=0x8001A24C f=0
[BLACKSCREEN][A110-15650-RET] #25 call_pc=0x8001A244 v0_after=0x00000000 v1_after=0x00000018 a0=0xFFFFFFFF a1=0x00008000 sp_after=0x801FFF98 c2ba=0x0000 f=0
[BLACKSCREEN][A110-PATH] #100 pc=0x8001A24C instr=0x1040002B v0=0x00000000 v1=0x00000018 a0=0xFFFFFFFF a1=0x00008000 a2=0x00000000 a3=0x00000000 s0=0x00000003 s1=0x801E0000 s2=0x80032D80 s3=0x80032B48 sp=0x801FFF98 ra=0x8001A24C m2ab4=0x00000000 m2ab8=0x00000000 m2ac5=0x00 c2ba=0x0000 c2b8=0x00000000 c2bc=0x00000000 f=0
[BLACKSCREEN][A110-CALL] pc=0x8001A17C target=0x80015308 v0=0x00000000 v1=0x00000018 a0=0xFFFFFFFF a1=0x00008000 a2=0x00000000 a3=0x00000000 sp=0x801FFF98 ra=0x8001A184 f=0
[BLACKSCREEN][CALL] enter #59 addr=0x80015308 kseg0=0x80015308 ra=0x8001A184 sp=0x801FFF98 f=0
[BLACKSCREEN][STATE-C2A8AC-R] #55 size=4 phys=0x0002C2A8 val=0x1F801814 ra=0x8001A184 sp=0x801FFF98 pc=0x00000000 f=0
[BLACKSCREEN][STATE-C2A8AC-R] #56 size=4 phys=0x0002C2AC val=0x1F801110 ra=0x8001A184 sp=0x801FFF98 pc=0x00000000 f=0
[BLACKSCREEN][CALL] route=compiled_early #27 addr=0x80015308 ra=0x8001A184 f=0
[BLACKSCREEN][A110-RET] call_pc=0x8001A17C target=0x80015308 v0_before=0x00000000 v1_before=0x00000018 v0_after=0x1F801814 v1_after=0x1F801110 c9278=0x1F801BD4 c927c=0x00000019 sp_before=0x801FFF98 sp_after=0x801FFF98 ra=0x8001A184 f=0
[BLACKSCREEN][A110-EXIT-COND] pc=0x8001A194 instr=0x1460000B v1=0x00000000 v0=0x1F801814 will_branch=0 next=0x8001A19C else=0x8001A1C4 c9278=0x1F801BD4 c927c=0x00000019 ra=0x8001A184 sp=0x801FFF98 f=0
[BLACKSCREEN][A110-PATH] #101 pc=0x8001A238 instr=0x00001021 v0=0x00000000 v1=0x00000019 a0=0xFFFFFFFF a1=0x00008000 a2=0x00000000 a3=0x00000000 s0=0x00000003 s1=0x801E0000 s2=0x80032D80 s3=0x80032B48 sp=0x801FFF98 ra=0x8001A184 m2ab4=0x00000000 m2ab8=0x00000000 m2ac5=0x00 c2ba=0x0000 c2b8=0x00000000 c2bc=0x00000000 f=0
[BLACKSCREEN][A110-PATH] #102 pc=0x8001A23C instr=0x14400049 v0=0x00000000 v1=0x00000019 a0=0xFFFFFFFF a1=0x00008000 a2=0x00000000 a3=0x00000000 s0=0x00000003 s1=0x801E0000 s2=0x80032D80 s3=0x80032B48 sp=0x801FFF98 ra=0x8001A184 m2ab4=0x00000000 m2ab8=0x00000000 m2ac5=0x00 c2ba=0x0000 c2b8=0x00000000 c2bc=0x00000000 f=0
[BLACKSCREEN][A110-PATH] #103 pc=0x8001A244 instr=0x0C005594 v0=0xFFFFFFFF v1=0x00000019 a0=0xFFFFFFFF a1=0x00008000 a2=0x00000000 a3=0x00000000 s0=0x00000003 s1=0x801E0000 s2=0x80032D80 s3=0x80032B48 sp=0x801FFF98 ra=0x8001A184 m2ab4=0x00000000 m2ab8=0x00000000 m2ac5=0x00 c2ba=0x0000 c2b8=0x00000000 c2bc=0x00000000 f=0
[BLACKSCREEN][A110-CALL] pc=0x8001A244 target=0x80015650 v0=0xFFFFFFFF v1=0x00000019 a0=0xFFFFFFFF a1=0x00008000 a2=0x00000000 a3=0x00000000 sp=0x801FFF98 ra=0x8001A24C f=0
[BLACKSCREEN][A110-15650-CALL] #26 call_pc=0x8001A244 ra=0x8001A24C v0=0xFFFFFFFF v1=0x00000019 a0=0xFFFFFFFF a1=0x00008000 sp=0x801FFF98 c2ba=0x0000 f=0
[BLACKSCREEN][CALL] enter #60 addr=0x80015650 kseg0=0x80015650 ra=0x8001A24C sp=0x801FFF98 f=0
[BLACKSCREEN][CALL] stage=before_overlay #32 addr=0x80015650 ra=0x8001A24C f=0
[BLACKSCREEN][CALL] stage=before_inbinary #32 addr=0x80015650 ra=0x8001A24C f=0
[BLACKSCREEN][CALL] route=interp #32 addr=0x80015650 ra=0x8001A24C f=0
[BLACKSCREEN][INTERP] enter start=0x80015650 instr0=0x3C028003 a0=0xFFFFFFFF ra=0x8001A24C sp=0x801FFF98 f=0
[BLACKSCREEN][15650-STEP] #76 pc=0x80015650 instr=0x3C028003 v0=0xFFFFFFFF v1=0x00000019 a0=0xFFFFFFFF a1=0x00008000 c2ba=0x0000 c2b8=0x00000000 c2bc=0x00000000 ra=0x8001A24C sp=0x801FFF98 f=0
[BLACKSCREEN][15650-STEP] #77 pc=0x80015654 instr=0x9442C2BA v0=0x80030000 v1=0x00000019 a0=0xFFFFFFFF a1=0x00008000 c2ba=0x0000 c2b8=0x00000000 c2bc=0x00000000 ra=0x8001A24C sp=0x801FFF98 f=0
[BLACKSCREEN][STATE-C2BA-R] #26 size=2 phys=0x0002C2BA val=0x0000 ra=0x8001A24C sp=0x801FFF98 pc=0x00000000 f=0
[BLACKSCREEN][15650-STEP] #78 pc=0x80015658 instr=0x03E00008 v0=0x00000000 v1=0x00000019 a0=0xFFFFFFFF a1=0x00008000 c2ba=0x0000 c2b8=0x00000000 c2bc=0x00000000 ra=0x8001A24C sp=0x801FFF98 f=0
[BLACKSCREEN][15650-RET] #26 reason=jr_ra end=0x80015658 target=0x8001A24C steps=3 v0=0x00000000 v1=0x00000019 c2ba=0x0000 c2b8=0x00000000 c2bc=0x00000000 ra=0x8001A24C sp=0x801FFF98 f=0
[BLACKSCREEN][INTERP] start=0x80015650 end=0x80015658 steps=3 reason=jr_ra target=0x8001A24C ra=0x8001A24C sp=0x801FFF98 f=0
[BLACKSCREEN][A110-RET] call_pc=0x8001A244 target=0x80015650 v0_before=0xFFFFFFFF v1_before=0x00000019 v0_after=0x00000000 v1_after=0x00000019 c9278=0x1F801BD4 c927c=0x0000001A sp_before=0x801FFF98 sp_after=0x801FFF98 ra=0x8001A24C f=0
[BLACKSCREEN][A110-15650-RET] #26 call_pc=0x8001A244 v0_after=0x00000000 v1_after=0x00000019 a0=0xFFFFFFFF a1=0x00008000 sp_after=0x801FFF98 c2ba=0x0000 f=0
[BLACKSCREEN][A110-PATH] #104 pc=0x8001A24C instr=0x1040002B v0=0x00000000 v1=0x00000019 a0=0xFFFFFFFF a1=0x00008000 a2=0x00000000 a3=0x00000000 s0=0x00000003 s1=0x801E0000 s2=0x80032D80 s3=0x80032B48 sp=0x801FFF98 ra=0x8001A24C m2ab4=0x00000000 m2ab8=0x00000000 m2ac5=0x00 c2ba=0x0000 c2b8=0x00000000 c2bc=0x00000000 f=0
[BLACKSCREEN][A110-CALL] pc=0x8001A17C target=0x80015308 v0=0x00000000 v1=0x00000019 a0=0xFFFFFFFF a1=0x00008000 a2=0x00000000 a3=0x00000000 sp=0x801FFF98 ra=0x8001A184 f=0
[BLACKSCREEN][CALL] enter #61 addr=0x80015308 kseg0=0x80015308 ra=0x8001A184 sp=0x801FFF98 f=0
[BLACKSCREEN][STATE-C2A8AC-R] #57 size=4 phys=0x0002C2A8 val=0x1F801814 ra=0x8001A184 sp=0x801FFF98 pc=0x00000000 f=0
[BLACKSCREEN][STATE-C2A8AC-R] #58 size=4 phys=0x0002C2AC val=0x1F801110 ra=0x8001A184 sp=0x801FFF98 pc=0x00000000 f=0
[BLACKSCREEN][CALL] route=compiled_early #28 addr=0x80015308 ra=0x8001A184 f=0
[BLACKSCREEN][A110-RET] call_pc=0x8001A17C target=0x80015308 v0_before=0x00000000 v1_before=0x00000019 v0_after=0x1F801814 v1_after=0x1F801110 c9278=0x1F801BD4 c927c=0x0000001A sp_before=0x801FFF98 sp_after=0x801FFF98 ra=0x8001A184 f=0
[BLACKSCREEN][A110-EXIT-COND] pc=0x8001A194 instr=0x1460000B v1=0x00000000 v0=0x1F801814 will_branch=0 next=0x8001A19C else=0x8001A1C4 c9278=0x1F801BD4 c927c=0x0000001A ra=0x8001A184 sp=0x801FFF98 f=0
[BLACKSCREEN][A110-PATH] #105 pc=0x8001A238 instr=0x00001021 v0=0x00000000 v1=0x0000001A a0=0xFFFFFFFF a1=0x00008000 a2=0x00000000 a3=0x00000000 s0=0x00000003 s1=0x801E0000 s2=0x80032D80 s3=0x80032B48 sp=0x801FFF98 ra=0x8001A184 m2ab4=0x00000000 m2ab8=0x00000000 m2ac5=0x00 c2ba=0x0000 c2b8=0x00000000 c2bc=0x00000000 f=0
[BLACKSCREEN][A110-PATH] #106 pc=0x8001A23C instr=0x14400049 v0=0x00000000 v1=0x0000001A a0=0xFFFFFFFF a1=0x00008000 a2=0x00000000 a3=0x00000000 s0=0x00000003 s1=0x801E0000 s2=0x80032D80 s3=0x80032B48 sp=0x801FFF98 ra=0x8001A184 m2ab4=0x00000000 m2ab8=0x00000000 m2ac5=0x00 c2ba=0x0000 c2b8=0x00000000 c2bc=0x00000000 f=0
[BLACKSCREEN][A110-PATH] #107 pc=0x8001A244 instr=0x0C005594 v0=0xFFFFFFFF v1=0x0000001A a0=0xFFFFFFFF a1=0x00008000 a2=0x00000000 a3=0x00000000 s0=0x00000003 s1=0x801E0000 s2=0x80032D80 s3=0x80032B48 sp=0x801FFF98 ra=0x8001A184 m2ab4=0x00000000 m2ab8=0x00000000 m2ac5=0x00 c2ba=0x0000 c2b8=0x00000000 c2bc=0x00000000 f=0
[BLACKSCREEN][A110-CALL] pc=0x8001A244 target=0x80015650 v0=0xFFFFFFFF v1=0x0000001A a0=0xFFFFFFFF a1=0x00008000 a2=0x00000000 a3=0x00000000 sp=0x801FFF98 ra=0x8001A24C f=0
[BLACKSCREEN][A110-15650-CALL] #27 call_pc=0x8001A244 ra=0x8001A24C v0=0xFFFFFFFF v1=0x0000001A a0=0xFFFFFFFF a1=0x00008000 sp=0x801FFF98 c2ba=0x0000 f=0
[BLACKSCREEN][CALL] enter #62 addr=0x80015650 kseg0=0x80015650 ra=0x8001A24C sp=0x801FFF98 f=0
[BLACKSCREEN][CALL] stage=before_overlay #33 addr=0x80015650 ra=0x8001A24C f=0
[BLACKSCREEN][CALL] stage=before_inbinary #33 addr=0x80015650 ra=0x8001A24C f=0
[BLACKSCREEN][CALL] route=interp #33 addr=0x80015650 ra=0x8001A24C f=0
[BLACKSCREEN][INTERP] enter start=0x80015650 instr0=0x3C028003 a0=0xFFFFFFFF ra=0x8001A24C sp=0x801FFF98 f=0
[BLACKSCREEN][15650-STEP] #79 pc=0x80015650 instr=0x3C028003 v0=0xFFFFFFFF v1=0x0000001A a0=0xFFFFFFFF a1=0x00008000 c2ba=0x0000 c2b8=0x00000000 c2bc=0x00000000 ra=0x8001A24C sp=0x801FFF98 f=0
[BLACKSCREEN][15650-STEP] #80 pc=0x80015654 instr=0x9442C2BA v0=0x80030000 v1=0x0000001A a0=0xFFFFFFFF a1=0x00008000 c2ba=0x0000 c2b8=0x00000000 c2bc=0x00000000 ra=0x8001A24C sp=0x801FFF98 f=0
[BLACKSCREEN][STATE-C2BA-R] #27 size=2 phys=0x0002C2BA val=0x0000 ra=0x8001A24C sp=0x801FFF98 pc=0x00000000 f=0
[BLACKSCREEN][15650-STEP] #81 pc=0x80015658 instr=0x03E00008 v0=0x00000000 v1=0x0000001A a0=0xFFFFFFFF a1=0x00008000 c2ba=0x0000 c2b8=0x00000000 c2bc=0x00000000 ra=0x8001A24C sp=0x801FFF98 f=0
[BLACKSCREEN][15650-RET] #27 reason=jr_ra end=0x80015658 target=0x8001A24C steps=3 v0=0x00000000 v1=0x0000001A c2ba=0x0000 c2b8=0x00000000 c2bc=0x00000000 ra=0x8001A24C sp=0x801FFF98 f=0
[BLACKSCREEN][INTERP] start=0x80015650 end=0x80015658 steps=3 reason=jr_ra target=0x8001A24C ra=0x8001A24C sp=0x801FFF98 f=0
[BLACKSCREEN][A110-RET] call_pc=0x8001A244 target=0x80015650 v0_before=0xFFFFFFFF v1_before=0x0000001A v0_after=0x00000000 v1_after=0x0000001A c9278=0x1F801BD4 c927c=0x0000001B sp_before=0x801FFF98 sp_after=0x801FFF98 ra=0x8001A24C f=0
[BLACKSCREEN][A110-15650-RET] #27 call_pc=0x8001A244 v0_after=0x00000000 v1_after=0x0000001A a0=0xFFFFFFFF a1=0x00008000 sp_after=0x801FFF98 c2ba=0x0000 f=0
[BLACKSCREEN][A110-PATH] #108 pc=0x8001A24C instr=0x1040002B v0=0x00000000 v1=0x0000001A a0=0xFFFFFFFF a1=0x00008000 a2=0x00000000 a3=0x00000000 s0=0x00000003 s1=0x801E0000 s2=0x80032D80 s3=0x80032B48 sp=0x801FFF98 ra=0x8001A24C m2ab4=0x00000000 m2ab8=0x00000000 m2ac5=0x00 c2ba=0x0000 c2b8=0x00000000 c2bc=0x00000000 f=0
[BLACKSCREEN][A110-CALL] pc=0x8001A17C target=0x80015308 v0=0x00000000 v1=0x0000001A a0=0xFFFFFFFF a1=0x00008000 a2=0x00000000 a3=0x00000000 sp=0x801FFF98 ra=0x8001A184 f=0
[BLACKSCREEN][CALL] enter #63 addr=0x80015308 kseg0=0x80015308 ra=0x8001A184 sp=0x801FFF98 f=0
[BLACKSCREEN][STATE-C2A8AC-R] #59 size=4 phys=0x0002C2A8 val=0x1F801814 ra=0x8001A184 sp=0x801FFF98 pc=0x00000000 f=0
[BLACKSCREEN][STATE-C2A8AC-R] #60 size=4 phys=0x0002C2AC val=0x1F801110 ra=0x8001A184 sp=0x801FFF98 pc=0x00000000 f=0
[BLACKSCREEN][CALL] route=compiled_early #29 addr=0x80015308 ra=0x8001A184 f=0
[BLACKSCREEN][A110-RET] call_pc=0x8001A17C target=0x80015308 v0_before=0x00000000 v1_before=0x0000001A v0_after=0x1F801814 v1_after=0x1F801110 c9278=0x1F801BD4 c927c=0x0000001B sp_before=0x801FFF98 sp_after=0x801FFF98 ra=0x8001A184 f=0
[BLACKSCREEN][A110-EXIT-COND] pc=0x8001A194 instr=0x1460000B v1=0x00000000 v0=0x1F801814 will_branch=0 next=0x8001A19C else=0x8001A1C4 c9278=0x1F801BD4 c927c=0x0000001B ra=0x8001A184 sp=0x801FFF98 f=0
[BLACKSCREEN][A110-PATH] #109 pc=0x8001A238 instr=0x00001021 v0=0x00000000 v1=0x0000001B a0=0xFFFFFFFF a1=0x00008000 a2=0x00000000 a3=0x00000000 s0=0x00000003 s1=0x801E0000 s2=0x80032D80 s3=0x80032B48 sp=0x801FFF98 ra=0x8001A184 m2ab4=0x00000000 m2ab8=0x00000000 m2ac5=0x00 c2ba=0x0000 c2b8=0x00000000 c2bc=0x00000000 f=0
[BLACKSCREEN][A110-PATH] #110 pc=0x8001A23C instr=0x14400049 v0=0x00000000 v1=0x0000001B a0=0xFFFFFFFF a1=0x00008000 a2=0x00000000 a3=0x00000000 s0=0x00000003 s1=0x801E0000 s2=0x80032D80 s3=0x80032B48 sp=0x801FFF98 ra=0x8001A184 m2ab4=0x00000000 m2ab8=0x00000000 m2ac5=0x00 c2ba=0x0000 c2b8=0x00000000 c2bc=0x00000000 f=0
[BLACKSCREEN][A110-PATH] #111 pc=0x8001A244 instr=0x0C005594 v0=0xFFFFFFFF v1=0x0000001B a0=0xFFFFFFFF a1=0x00008000 a2=0x00000000 a3=0x00000000 s0=0x00000003 s1=0x801E0000 s2=0x80032D80 s3=0x80032B48 sp=0x801FFF98 ra=0x8001A184 m2ab4=0x00000000 m2ab8=0x00000000 m2ac5=0x00 c2ba=0x0000 c2b8=0x00000000 c2bc=0x00000000 f=0
[BLACKSCREEN][A110-CALL] pc=0x8001A244 target=0x80015650 v0=0xFFFFFFFF v1=0x0000001B a0=0xFFFFFFFF a1=0x00008000 a2=0x00000000 a3=0x00000000 sp=0x801FFF98 ra=0x8001A24C f=0
[BLACKSCREEN][A110-15650-CALL] #28 call_pc=0x8001A244 ra=0x8001A24C v0=0xFFFFFFFF v1=0x0000001B a0=0xFFFFFFFF a1=0x00008000 sp=0x801FFF98 c2ba=0x0000 f=0
[BLACKSCREEN][CALL] enter #64 addr=0x80015650 kseg0=0x80015650 ra=0x8001A24C sp=0x801FFF98 f=0
[BLACKSCREEN][CALL] stage=before_overlay #34 addr=0x80015650 ra=0x8001A24C f=0
[BLACKSCREEN][CALL] stage=before_inbinary #34 addr=0x80015650 ra=0x8001A24C f=0
[BLACKSCREEN][CALL] route=interp #34 addr=0x80015650 ra=0x8001A24C f=0
[BLACKSCREEN][INTERP] enter start=0x80015650 instr0=0x3C028003 a0=0xFFFFFFFF ra=0x8001A24C sp=0x801FFF98 f=0
[BLACKSCREEN][15650-STEP] #82 pc=0x80015650 instr=0x3C028003 v0=0xFFFFFFFF v1=0x0000001B a0=0xFFFFFFFF a1=0x00008000 c2ba=0x0000 c2b8=0x00000000 c2bc=0x00000000 ra=0x8001A24C sp=0x801FFF98 f=0
[BLACKSCREEN][15650-STEP] #83 pc=0x80015654 instr=0x9442C2BA v0=0x80030000 v1=0x0000001B a0=0xFFFFFFFF a1=0x00008000 c2ba=0x0000 c2b8=0x00000000 c2bc=0x00000000 ra=0x8001A24C sp=0x801FFF98 f=0
[BLACKSCREEN][STATE-C2BA-R] #28 size=2 phys=0x0002C2BA val=0x0000 ra=0x8001A24C sp=0x801FFF98 pc=0x00000000 f=0
[BLACKSCREEN][15650-STEP] #84 pc=0x80015658 instr=0x03E00008 v0=0x00000000 v1=0x0000001B a0=0xFFFFFFFF a1=0x00008000 c2ba=0x0000 c2b8=0x00000000 c2bc=0x00000000 ra=0x8001A24C sp=0x801FFF98 f=0
[BLACKSCREEN][15650-RET] #28 reason=jr_ra end=0x80015658 target=0x8001A24C steps=3 v0=0x00000000 v1=0x0000001B c2ba=0x0000 c2b8=0x00000000 c2bc=0x00000000 ra=0x8001A24C sp=0x801FFF98 f=0
[BLACKSCREEN][INTERP] start=0x80015650 end=0x80015658 steps=3 reason=jr_ra target=0x8001A24C ra=0x8001A24C sp=0x801FFF98 f=0
[BLACKSCREEN][A110-RET] call_pc=0x8001A244 target=0x80015650 v0_before=0xFFFFFFFF v1_before=0x0000001B v0_after=0x00000000 v1_after=0x0000001B c9278=0x1F801BD4 c927c=0x0000001C sp_before=0x801FFF98 sp_after=0x801FFF98 ra=0x8001A24C f=0
[BLACKSCREEN][A110-15650-RET] #28 call_pc=0x8001A244 v0_after=0x00000000 v1_after=0x0000001B a0=0xFFFFFFFF a1=0x00008000 sp_after=0x801FFF98 c2ba=0x0000 f=0
[BLACKSCREEN][A110-PATH] #112 pc=0x8001A24C instr=0x1040002B v0=0x00000000 v1=0x0000001B a0=0xFFFFFFFF a1=0x00008000 a2=0x00000000 a3=0x00000000 s0=0x00000003 s1=0x801E0000 s2=0x80032D80 s3=0x80032B48 sp=0x801FFF98 ra=0x8001A24C m2ab4=0x00000000 m2ab8=0x00000000 m2ac5=0x00 c2ba=0x0000 c2b8=0x00000000 c2bc=0x00000000 f=0
[BLACKSCREEN][A110-CALL] pc=0x8001A17C target=0x80015308 v0=0x00000000 v1=0x0000001B a0=0xFFFFFFFF a1=0x00008000 a2=0x00000000 a3=0x00000000 sp=0x801FFF98 ra=0x8001A184 f=0
[BLACKSCREEN][CALL] enter #65 addr=0x80015308 kseg0=0x80015308 ra=0x8001A184 sp=0x801FFF98 f=0
[BLACKSCREEN][STATE-C2A8AC-R] #61 size=4 phys=0x0002C2A8 val=0x1F801814 ra=0x8001A184 sp=0x801FFF98 pc=0x00000000 f=0
[BLACKSCREEN][STATE-C2A8AC-R] #62 size=4 phys=0x0002C2AC val=0x1F801110 ra=0x8001A184 sp=0x801FFF98 pc=0x00000000 f=0
[BLACKSCREEN][CALL] route=compiled_early #30 addr=0x80015308 ra=0x8001A184 f=0
[BLACKSCREEN][A110-RET] call_pc=0x8001A17C target=0x80015308 v0_before=0x00000000 v1_before=0x0000001B v0_after=0x1F801814 v1_after=0x1F801110 c9278=0x1F801BD4 c927c=0x0000001C sp_before=0x801FFF98 sp_after=0x801FFF98 ra=0x8001A184 f=0
[BLACKSCREEN][A110-EXIT-COND] pc=0x8001A194 instr=0x1460000B v1=0x00000000 v0=0x1F801814 will_branch=0 next=0x8001A19C else=0x8001A1C4 c9278=0x1F801BD4 c927c=0x0000001C ra=0x8001A184 sp=0x801FFF98 f=0
[BLACKSCREEN][A110-PATH] #113 pc=0x8001A238 instr=0x00001021 v0=0x00000000 v1=0x0000001C a0=0xFFFFFFFF a1=0x00008000 a2=0x00000000 a3=0x00000000 s0=0x00000003 s1=0x801E0000 s2=0x80032D80 s3=0x80032B48 sp=0x801FFF98 ra=0x8001A184 m2ab4=0x00000000 m2ab8=0x00000000 m2ac5=0x00 c2ba=0x0000 c2b8=0x00000000 c2bc=0x00000000 f=0
[BLACKSCREEN][A110-PATH] #114 pc=0x8001A23C instr=0x14400049 v0=0x00000000 v1=0x0000001C a0=0xFFFFFFFF a1=0x00008000 a2=0x00000000 a3=0x00000000 s0=0x00000003 s1=0x801E0000 s2=0x80032D80 s3=0x80032B48 sp=0x801FFF98 ra=0x8001A184 m2ab4=0x00000000 m2ab8=0x00000000 m2ac5=0x00 c2ba=0x0000 c2b8=0x00000000 c2bc=0x00000000 f=0
[BLACKSCREEN][A110-PATH] #115 pc=0x8001A244 instr=0x0C005594 v0=0xFFFFFFFF v1=0x0000001C a0=0xFFFFFFFF a1=0x00008000 a2=0x00000000 a3=0x00000000 s0=0x00000003 s1=0x801E0000 s2=0x80032D80 s3=0x80032B48 sp=0x801FFF98 ra=0x8001A184 m2ab4=0x00000000 m2ab8=0x00000000 m2ac5=0x00 c2ba=0x0000 c2b8=0x00000000 c2bc=0x00000000 f=0
[BLACKSCREEN][A110-CALL] pc=0x8001A244 target=0x80015650 v0=0xFFFFFFFF v1=0x0000001C a0=0xFFFFFFFF a1=0x00008000 a2=0x00000000 a3=0x00000000 sp=0x801FFF98 ra=0x8001A24C f=0
[BLACKSCREEN][A110-15650-CALL] #29 call_pc=0x8001A244 ra=0x8001A24C v0=0xFFFFFFFF v1=0x0000001C a0=0xFFFFFFFF a1=0x00008000 sp=0x801FFF98 c2ba=0x0000 f=0
[BLACKSCREEN][CALL] enter #66 addr=0x80015650 kseg0=0x80015650 ra=0x8001A24C sp=0x801FFF98 f=0
[BLACKSCREEN][CALL] stage=before_overlay #35 addr=0x80015650 ra=0x8001A24C f=0
[BLACKSCREEN][CALL] stage=before_inbinary #35 addr=0x80015650 ra=0x8001A24C f=0
[BLACKSCREEN][CALL] route=interp #35 addr=0x80015650 ra=0x8001A24C f=0
[BLACKSCREEN][INTERP] enter start=0x80015650 instr0=0x3C028003 a0=0xFFFFFFFF ra=0x8001A24C sp=0x801FFF98 f=0
[BLACKSCREEN][15650-STEP] #85 pc=0x80015650 instr=0x3C028003 v0=0xFFFFFFFF v1=0x0000001C a0=0xFFFFFFFF a1=0x00008000 c2ba=0x0000 c2b8=0x00000000 c2bc=0x00000000 ra=0x8001A24C sp=0x801FFF98 f=0
[BLACKSCREEN][15650-STEP] #86 pc=0x80015654 instr=0x9442C2BA v0=0x80030000 v1=0x0000001C a0=0xFFFFFFFF a1=0x00008000 c2ba=0x0000 c2b8=0x00000000 c2bc=0x00000000 ra=0x8001A24C sp=0x801FFF98 f=0
[BLACKSCREEN][STATE-C2BA-R] #29 size=2 phys=0x0002C2BA val=0x0000 ra=0x8001A24C sp=0x801FFF98 pc=0x00000000 f=0
[BLACKSCREEN][15650-STEP] #87 pc=0x80015658 instr=0x03E00008 v0=0x00000000 v1=0x0000001C a0=0xFFFFFFFF a1=0x00008000 c2ba=0x0000 c2b8=0x00000000 c2bc=0x00000000 ra=0x8001A24C sp=0x801FFF98 f=0
[BLACKSCREEN][15650-RET] #29 reason=jr_ra end=0x80015658 target=0x8001A24C steps=3 v0=0x00000000 v1=0x0000001C c2ba=0x0000 c2b8=0x00000000 c2bc=0x00000000 ra=0x8001A24C sp=0x801FFF98 f=0
[BLACKSCREEN][INTERP] start=0x80015650 end=0x80015658 steps=3 reason=jr_ra target=0x8001A24C ra=0x8001A24C sp=0x801FFF98 f=0
[BLACKSCREEN][A110-RET] call_pc=0x8001A244 target=0x80015650 v0_before=0xFFFFFFFF v1_before=0x0000001C v0_after=0x00000000 v1_after=0x0000001C c9278=0x1F801BD4 c927c=0x0000001D sp_before=0x801FFF98 sp_after=0x801FFF98 ra=0x8001A24C f=0
[BLACKSCREEN][A110-15650-RET] #29 call_pc=0x8001A244 v0_after=0x00000000 v1_after=0x0000001C a0=0xFFFFFFFF a1=0x00008000 sp_after=0x801FFF98 c2ba=0x0000 f=0
[BLACKSCREEN][A110-PATH] #116 pc=0x8001A24C instr=0x1040002B v0=0x00000000 v1=0x0000001C a0=0xFFFFFFFF a1=0x00008000 a2=0x00000000 a3=0x00000000 s0=0x00000003 s1=0x801E0000 s2=0x80032D80 s3=0x80032B48 sp=0x801FFF98 ra=0x8001A24C m2ab4=0x00000000 m2ab8=0x00000000 m2ac5=0x00 c2ba=0x0000 c2b8=0x00000000 c2bc=0x00000000 f=0
[BLACKSCREEN][A110-CALL] pc=0x8001A17C target=0x80015308 v0=0x00000000 v1=0x0000001C a0=0xFFFFFFFF a1=0x00008000 a2=0x00000000 a3=0x00000000 sp=0x801FFF98 ra=0x8001A184 f=0
[BLACKSCREEN][CALL] enter #67 addr=0x80015308 kseg0=0x80015308 ra=0x8001A184 sp=0x801FFF98 f=0
[BLACKSCREEN][STATE-C2A8AC-R] #63 size=4 phys=0x0002C2A8 val=0x1F801814 ra=0x8001A184 sp=0x801FFF98 pc=0x00000000 f=0
[BLACKSCREEN][STATE-C2A8AC-R] #64 size=4 phys=0x0002C2AC val=0x1F801110 ra=0x8001A184 sp=0x801FFF98 pc=0x00000000 f=0
[BLACKSCREEN][CALL] route=compiled_early #31 addr=0x80015308 ra=0x8001A184 f=0
[BLACKSCREEN][A110-RET] call_pc=0x8001A17C target=0x80015308 v0_before=0x00000000 v1_before=0x0000001C v0_after=0x1F801814 v1_after=0x1F801110 c9278=0x1F801BD4 c927c=0x0000001D sp_before=0x801FFF98 sp_after=0x801FFF98 ra=0x8001A184 f=0
[BLACKSCREEN][A110-EXIT-COND] pc=0x8001A194 instr=0x1460000B v1=0x00000000 v0=0x1F801814 will_branch=0 next=0x8001A19C else=0x8001A1C4 c9278=0x1F801BD4 c927c=0x0000001D ra=0x8001A184 sp=0x801FFF98 f=0
[BLACKSCREEN][A110-PATH] #117 pc=0x8001A238 instr=0x00001021 v0=0x00000000 v1=0x0000001D a0=0xFFFFFFFF a1=0x00008000 a2=0x00000000 a3=0x00000000 s0=0x00000003 s1=0x801E0000 s2=0x80032D80 s3=0x80032B48 sp=0x801FFF98 ra=0x8001A184 m2ab4=0x00000000 m2ab8=0x00000000 m2ac5=0x00 c2ba=0x0000 c2b8=0x00000000 c2bc=0x00000000 f=0
[BLACKSCREEN][A110-PATH] #118 pc=0x8001A23C instr=0x14400049 v0=0x00000000 v1=0x0000001D a0=0xFFFFFFFF a1=0x00008000 a2=0x00000000 a3=0x00000000 s0=0x00000003 s1=0x801E0000 s2=0x80032D80 s3=0x80032B48 sp=0x801FFF98 ra=0x8001A184 m2ab4=0x00000000 m2ab8=0x00000000 m2ac5=0x00 c2ba=0x0000 c2b8=0x00000000 c2bc=0x00000000 f=0
[BLACKSCREEN][A110-PATH] #119 pc=0x8001A244 instr=0x0C005594 v0=0xFFFFFFFF v1=0x0000001D a0=0xFFFFFFFF a1=0x00008000 a2=0x00000000 a3=0x00000000 s0=0x00000003 s1=0x801E0000 s2=0x80032D80 s3=0x80032B48 sp=0x801FFF98 ra=0x8001A184 m2ab4=0x00000000 m2ab8=0x00000000 m2ac5=0x00 c2ba=0x0000 c2b8=0x00000000 c2bc=0x00000000 f=0
[BLACKSCREEN][A110-CALL] pc=0x8001A244 target=0x80015650 v0=0xFFFFFFFF v1=0x0000001D a0=0xFFFFFFFF a1=0x00008000 a2=0x00000000 a3=0x00000000 sp=0x801FFF98 ra=0x8001A24C f=0
[BLACKSCREEN][A110-15650-CALL] #30 call_pc=0x8001A244 ra=0x8001A24C v0=0xFFFFFFFF v1=0x0000001D a0=0xFFFFFFFF a1=0x00008000 sp=0x801FFF98 c2ba=0x0000 f=0
[BLACKSCREEN][CALL] enter #68 addr=0x80015650 kseg0=0x80015650 ra=0x8001A24C sp=0x801FFF98 f=0
[BLACKSCREEN][CALL] stage=before_overlay #36 addr=0x80015650 ra=0x8001A24C f=0
[BLACKSCREEN][CALL] stage=before_inbinary #36 addr=0x80015650 ra=0x8001A24C f=0
[BLACKSCREEN][CALL] route=interp #36 addr=0x80015650 ra=0x8001A24C f=0
[BLACKSCREEN][INTERP] enter start=0x80015650 instr0=0x3C028003 a0=0xFFFFFFFF ra=0x8001A24C sp=0x801FFF98 f=0
[BLACKSCREEN][15650-STEP] #88 pc=0x80015650 instr=0x3C028003 v0=0xFFFFFFFF v1=0x0000001D a0=0xFFFFFFFF a1=0x00008000 c2ba=0x0000 c2b8=0x00000000 c2bc=0x00000000 ra=0x8001A24C sp=0x801FFF98 f=0
[BLACKSCREEN][15650-STEP] #89 pc=0x80015654 instr=0x9442C2BA v0=0x80030000 v1=0x0000001D a0=0xFFFFFFFF a1=0x00008000 c2ba=0x0000 c2b8=0x00000000 c2bc=0x00000000 ra=0x8001A24C sp=0x801FFF98 f=0
[BLACKSCREEN][STATE-C2BA-R] #30 size=2 phys=0x0002C2BA val=0x0000 ra=0x8001A24C sp=0x801FFF98 pc=0x00000000 f=0
[BLACKSCREEN][15650-STEP] #90 pc=0x80015658 instr=0x03E00008 v0=0x00000000 v1=0x0000001D a0=0xFFFFFFFF a1=0x00008000 c2ba=0x0000 c2b8=0x00000000 c2bc=0x00000000 ra=0x8001A24C sp=0x801FFF98 f=0
[BLACKSCREEN][15650-RET] #30 reason=jr_ra end=0x80015658 target=0x8001A24C steps=3 v0=0x00000000 v1=0x0000001D c2ba=0x0000 c2b8=0x00000000 c2bc=0x00000000 ra=0x8001A24C sp=0x801FFF98 f=0
[BLACKSCREEN][INTERP] start=0x80015650 end=0x80015658 steps=3 reason=jr_ra target=0x8001A24C ra=0x8001A24C sp=0x801FFF98 f=0
[BLACKSCREEN][A110-RET] call_pc=0x8001A244 target=0x80015650 v0_before=0xFFFFFFFF v1_before=0x0000001D v0_after=0x00000000 v1_after=0x0000001D c9278=0x1F801BD4 c927c=0x0000001E sp_before=0x801FFF98 sp_after=0x801FFF98 ra=0x8001A24C f=0
[BLACKSCREEN][A110-15650-RET] #30 call_pc=0x8001A244 v0_after=0x00000000 v1_after=0x0000001D a0=0xFFFFFFFF a1=0x00008000 sp_after=0x801FFF98 c2ba=0x0000 f=0
[BLACKSCREEN][A110-PATH] #120 pc=0x8001A24C instr=0x1040002B v0=0x00000000 v1=0x0000001D a0=0xFFFFFFFF a1=0x00008000 a2=0x00000000 a3=0x00000000 s0=0x00000003 s1=0x801E0000 s2=0x80032D80 s3=0x80032B48 sp=0x801FFF98 ra=0x8001A24C m2ab4=0x00000000 m2ab8=0x00000000 m2ac5=0x00 c2ba=0x0000 c2b8=0x00000000 c2bc=0x00000000 f=0
[BLACKSCREEN][A110-CALL] pc=0x8001A17C target=0x80015308 v0=0x00000000 v1=0x0000001D a0=0xFFFFFFFF a1=0x00008000 a2=0x00000000 a3=0x00000000 sp=0x801FFF98 ra=0x8001A184 f=0
[BLACKSCREEN][CALL] enter #69 addr=0x80015308 kseg0=0x80015308 ra=0x8001A184 sp=0x801FFF98 f=0
[BLACKSCREEN][STATE-C2A8AC-R] #65 size=4 phys=0x0002C2A8 val=0x1F801814 ra=0x8001A184 sp=0x801FFF98 pc=0x00000000 f=0
[BLACKSCREEN][STATE-C2A8AC-R] #66 size=4 phys=0x0002C2AC val=0x1F801110 ra=0x8001A184 sp=0x801FFF98 pc=0x00000000 f=0
[BLACKSCREEN][CALL] route=compiled_early #32 addr=0x80015308 ra=0x8001A184 f=0
[BLACKSCREEN][A110-RET] call_pc=0x8001A17C target=0x80015308 v0_before=0x00000000 v1_before=0x0000001D v0_after=0x1F801814 v1_after=0x1F801110 c9278=0x1F801BD4 c927c=0x0000001E sp_before=0x801FFF98 sp_after=0x801FFF98 ra=0x8001A184 f=0
[BLACKSCREEN][A110-EXIT-COND] pc=0x8001A194 instr=0x1460000B v1=0x00000000 v0=0x1F801814 will_branch=0 next=0x8001A19C else=0x8001A1C4 c9278=0x1F801BD4 c927c=0x0000001E ra=0x8001A184 sp=0x801FFF98 f=0
[BLACKSCREEN][A110-PATH] #121 pc=0x8001A238 instr=0x00001021 v0=0x00000000 v1=0x0000001E a0=0xFFFFFFFF a1=0x00008000 a2=0x00000000 a3=0x00000000 s0=0x00000003 s1=0x801E0000 s2=0x80032D80 s3=0x80032B48 sp=0x801FFF98 ra=0x8001A184 m2ab4=0x00000000 m2ab8=0x00000000 m2ac5=0x00 c2ba=0x0000 c2b8=0x00000000 c2bc=0x00000000 f=0
[BLACKSCREEN][A110-PATH] #122 pc=0x8001A23C instr=0x14400049 v0=0x00000000 v1=0x0000001E a0=0xFFFFFFFF a1=0x00008000 a2=0x00000000 a3=0x00000000 s0=0x00000003 s1=0x801E0000 s2=0x80032D80 s3=0x80032B48 sp=0x801FFF98 ra=0x8001A184 m2ab4=0x00000000 m2ab8=0x00000000 m2ac5=0x00 c2ba=0x0000 c2b8=0x00000000 c2bc=0x00000000 f=0
[BLACKSCREEN][A110-PATH] #123 pc=0x8001A244 instr=0x0C005594 v0=0xFFFFFFFF v1=0x0000001E a0=0xFFFFFFFF a1=0x00008000 a2=0x00000000 a3=0x00000000 s0=0x00000003 s1=0x801E0000 s2=0x80032D80 s3=0x80032B48 sp=0x801FFF98 ra=0x8001A184 m2ab4=0x00000000 m2ab8=0x00000000 m2ac5=0x00 c2ba=0x0000 c2b8=0x00000000 c2bc=0x00000000 f=0
[BLACKSCREEN][A110-CALL] pc=0x8001A244 target=0x80015650 v0=0xFFFFFFFF v1=0x0000001E a0=0xFFFFFFFF a1=0x00008000 a2=0x00000000 a3=0x00000000 sp=0x801FFF98 ra=0x8001A24C f=0
[BLACKSCREEN][A110-15650-CALL] #31 call_pc=0x8001A244 ra=0x8001A24C v0=0xFFFFFFFF v1=0x0000001E a0=0xFFFFFFFF a1=0x00008000 sp=0x801FFF98 c2ba=0x0000 f=0
[BLACKSCREEN][CALL] enter #70 addr=0x80015650 kseg0=0x80015650 ra=0x8001A24C sp=0x801FFF98 f=0
[BLACKSCREEN][CALL] stage=before_overlay #37 addr=0x80015650 ra=0x8001A24C f=0
[BLACKSCREEN][CALL] stage=before_inbinary #37 addr=0x80015650 ra=0x8001A24C f=0
[BLACKSCREEN][CALL] route=interp #37 addr=0x80015650 ra=0x8001A24C f=0
[BLACKSCREEN][INTERP] enter start=0x80015650 instr0=0x3C028003 a0=0xFFFFFFFF ra=0x8001A24C sp=0x801FFF98 f=0
[BLACKSCREEN][15650-STEP] #91 pc=0x80015650 instr=0x3C028003 v0=0xFFFFFFFF v1=0x0000001E a0=0xFFFFFFFF a1=0x00008000 c2ba=0x0000 c2b8=0x00000000 c2bc=0x00000000 ra=0x8001A24C sp=0x801FFF98 f=0
[BLACKSCREEN][15650-STEP] #92 pc=0x80015654 instr=0x9442C2BA v0=0x80030000 v1=0x0000001E a0=0xFFFFFFFF a1=0x00008000 c2ba=0x0000 c2b8=0x00000000 c2bc=0x00000000 ra=0x8001A24C sp=0x801FFF98 f=0
[BLACKSCREEN][STATE-C2BA-R] #31 size=2 phys=0x0002C2BA val=0x0000 ra=0x8001A24C sp=0x801FFF98 pc=0x00000000 f=0
[BLACKSCREEN][15650-STEP] #93 pc=0x80015658 instr=0x03E00008 v0=0x00000000 v1=0x0000001E a0=0xFFFFFFFF a1=0x00008000 c2ba=0x0000 c2b8=0x00000000 c2bc=0x00000000 ra=0x8001A24C sp=0x801FFF98 f=0
[BLACKSCREEN][15650-RET] #31 reason=jr_ra end=0x80015658 target=0x8001A24C steps=3 v0=0x00000000 v1=0x0000001E c2ba=0x0000 c2b8=0x00000000 c2bc=0x00000000 ra=0x8001A24C sp=0x801FFF98 f=0
[BLACKSCREEN][INTERP] start=0x80015650 end=0x80015658 steps=3 reason=jr_ra target=0x8001A24C ra=0x8001A24C sp=0x801FFF98 f=0
[BLACKSCREEN][A110-RET] call_pc=0x8001A244 target=0x80015650 v0_before=0xFFFFFFFF v1_before=0x0000001E v0_after=0x00000000 v1_after=0x0000001E c9278=0x1F801BD4 c927c=0x0000001F sp_before=0x801FFF98 sp_after=0x801FFF98 ra=0x8001A24C f=0
[BLACKSCREEN][A110-15650-RET] #31 call_pc=0x8001A244 v0_after=0x00000000 v1_after=0x0000001E a0=0xFFFFFFFF a1=0x00008000 sp_after=0x801FFF98 c2ba=0x0000 f=0
[BLACKSCREEN][A110-PATH] #124 pc=0x8001A24C instr=0x1040002B v0=0x00000000 v1=0x0000001E a0=0xFFFFFFFF a1=0x00008000 a2=0x00000000 a3=0x00000000 s0=0x00000003 s1=0x801E0000 s2=0x80032D80 s3=0x80032B48 sp=0x801FFF98 ra=0x8001A24C m2ab4=0x00000000 m2ab8=0x00000000 m2ac5=0x00 c2ba=0x0000 c2b8=0x00000000 c2bc=0x00000000 f=0
[BLACKSCREEN][A110-CALL] pc=0x8001A17C target=0x80015308 v0=0x00000000 v1=0x0000001E a0=0xFFFFFFFF a1=0x00008000 a2=0x00000000 a3=0x00000000 sp=0x801FFF98 ra=0x8001A184 f=0
[BLACKSCREEN][CALL] enter #71 addr=0x80015308 kseg0=0x80015308 ra=0x8001A184 sp=0x801FFF98 f=0
[BLACKSCREEN][STATE-C2A8AC-R] #67 size=4 phys=0x0002C2A8 val=0x1F801814 ra=0x8001A184 sp=0x801FFF98 pc=0x00000000 f=0
[BLACKSCREEN][STATE-C2A8AC-R] #68 size=4 phys=0x0002C2AC val=0x1F801110 ra=0x8001A184 sp=0x801FFF98 pc=0x00000000 f=0
[BLACKSCREEN][CALL] route=compiled_early #33 addr=0x80015308 ra=0x8001A184 f=0
[BLACKSCREEN][A110-RET] call_pc=0x8001A17C target=0x80015308 v0_before=0x00000000 v1_before=0x0000001E v0_after=0x1F801814 v1_after=0x1F801110 c9278=0x1F801BD4 c927c=0x0000001F sp_before=0x801FFF98 sp_after=0x801FFF98 ra=0x8001A184 f=0
[BLACKSCREEN][A110-EXIT-COND] pc=0x8001A194 instr=0x1460000B v1=0x00000000 v0=0x1F801814 will_branch=0 next=0x8001A19C else=0x8001A1C4 c9278=0x1F801BD4 c927c=0x0000001F ra=0x8001A184 sp=0x801FFF98 f=0
[BLACKSCREEN][A110-PATH] #125 pc=0x8001A238 instr=0x00001021 v0=0x00000000 v1=0x0000001F a0=0xFFFFFFFF a1=0x00008000 a2=0x00000000 a3=0x00000000 s0=0x00000003 s1=0x801E0000 s2=0x80032D80 s3=0x80032B48 sp=0x801FFF98 ra=0x8001A184 m2ab4=0x00000000 m2ab8=0x00000000 m2ac5=0x00 c2ba=0x0000 c2b8=0x00000000 c2bc=0x00000000 f=0
[BLACKSCREEN][A110-PATH] #126 pc=0x8001A23C instr=0x14400049 v0=0x00000000 v1=0x0000001F a0=0xFFFFFFFF a1=0x00008000 a2=0x00000000 a3=0x00000000 s0=0x00000003 s1=0x801E0000 s2=0x80032D80 s3=0x80032B48 sp=0x801FFF98 ra=0x8001A184 m2ab4=0x00000000 m2ab8=0x00000000 m2ac5=0x00 c2ba=0x0000 c2b8=0x00000000 c2bc=0x00000000 f=0
[BLACKSCREEN][A110-PATH] #127 pc=0x8001A244 instr=0x0C005594 v0=0xFFFFFFFF v1=0x0000001F a0=0xFFFFFFFF a1=0x00008000 a2=0x00000000 a3=0x00000000 s0=0x00000003 s1=0x801E0000 s2=0x80032D80 s3=0x80032B48 sp=0x801FFF98 ra=0x8001A184 m2ab4=0x00000000 m2ab8=0x00000000 m2ac5=0x00 c2ba=0x0000 c2b8=0x00000000 c2bc=0x00000000 f=0
[BLACKSCREEN][A110-CALL] pc=0x8001A244 target=0x80015650 v0=0xFFFFFFFF v1=0x0000001F a0=0xFFFFFFFF a1=0x00008000 a2=0x00000000 a3=0x00000000 sp=0x801FFF98 ra=0x8001A24C f=0
[BLACKSCREEN][A110-15650-CALL] #32 call_pc=0x8001A244 ra=0x8001A24C v0=0xFFFFFFFF v1=0x0000001F a0=0xFFFFFFFF a1=0x00008000 sp=0x801FFF98 c2ba=0x0000 f=0
[BLACKSCREEN][CALL] enter #72 addr=0x80015650 kseg0=0x80015650 ra=0x8001A24C sp=0x801FFF98 f=0
[BLACKSCREEN][CALL] stage=before_overlay #38 addr=0x80015650 ra=0x8001A24C f=0
[BLACKSCREEN][CALL] stage=before_inbinary #38 addr=0x80015650 ra=0x8001A24C f=0
[BLACKSCREEN][CALL] route=interp #38 addr=0x80015650 ra=0x8001A24C f=0
[BLACKSCREEN][INTERP] enter start=0x80015650 instr0=0x3C028003 a0=0xFFFFFFFF ra=0x8001A24C sp=0x801FFF98 f=0
[BLACKSCREEN][15650-STEP] #94 pc=0x80015650 instr=0x3C028003 v0=0xFFFFFFFF v1=0x0000001F a0=0xFFFFFFFF a1=0x00008000 c2ba=0x0000 c2b8=0x00000000 c2bc=0x00000000 ra=0x8001A24C sp=0x801FFF98 f=0
[BLACKSCREEN][15650-STEP] #95 pc=0x80015654 instr=0x9442C2BA v0=0x80030000 v1=0x0000001F a0=0xFFFFFFFF a1=0x00008000 c2ba=0x0000 c2b8=0x00000000 c2bc=0x00000000 ra=0x8001A24C sp=0x801FFF98 f=0
[BLACKSCREEN][STATE-C2BA-R] #32 size=2 phys=0x0002C2BA val=0x0000 ra=0x8001A24C sp=0x801FFF98 pc=0x00000000 f=0
[BLACKSCREEN][15650-STEP] #96 pc=0x80015658 instr=0x03E00008 v0=0x00000000 v1=0x0000001F a0=0xFFFFFFFF a1=0x00008000 c2ba=0x0000 c2b8=0x00000000 c2bc=0x00000000 ra=0x8001A24C sp=0x801FFF98 f=0
[BLACKSCREEN][15650-RET] #32 reason=jr_ra end=0x80015658 target=0x8001A24C steps=3 v0=0x00000000 v1=0x0000001F c2ba=0x0000 c2b8=0x00000000 c2bc=0x00000000 ra=0x8001A24C sp=0x801FFF98 f=0
[BLACKSCREEN][INTERP] start=0x80015650 end=0x80015658 steps=3 reason=jr_ra target=0x8001A24C ra=0x8001A24C sp=0x801FFF98 f=0
[BLACKSCREEN][A110-RET] call_pc=0x8001A244 target=0x80015650 v0_before=0xFFFFFFFF v1_before=0x0000001F v0_after=0x00000000 v1_after=0x0000001F c9278=0x1F801BD4 c927c=0x00000020 sp_before=0x801FFF98 sp_after=0x801FFF98 ra=0x8001A24C f=0
[BLACKSCREEN][A110-15650-RET] #32 call_pc=0x8001A244 v0_after=0x00000000 v1_after=0x0000001F a0=0xFFFFFFFF a1=0x00008000 sp_after=0x801FFF98 c2ba=0x0000 f=0
[BLACKSCREEN][A110-PATH] #128 pc=0x8001A24C instr=0x1040002B v0=0x00000000 v1=0x0000001F a0=0xFFFFFFFF a1=0x00008000 a2=0x00000000 a3=0x00000000 s0=0x00000003 s1=0x801E0000 s2=0x80032D80 s3=0x80032B48 sp=0x801FFF98 ra=0x8001A24C m2ab4=0x00000000 m2ab8=0x00000000 m2ac5=0x00 c2ba=0x0000 c2b8=0x00000000 c2bc=0x00000000 f=0
[BLACKSCREEN][A110-CALL] pc=0x8001A17C target=0x80015308 v0=0x00000000 v1=0x0000001F a0=0xFFFFFFFF a1=0x00008000 a2=0x00000000 a3=0x00000000 sp=0x801FFF98 ra=0x8001A184 f=0
[BLACKSCREEN][CALL] enter #73 addr=0x80015308 kseg0=0x80015308 ra=0x8001A184 sp=0x801FFF98 f=0
[BLACKSCREEN][STATE-C2A8AC-R] #69 size=4 phys=0x0002C2A8 val=0x1F801814 ra=0x8001A184 sp=0x801FFF98 pc=0x00000000 f=0
[BLACKSCREEN][STATE-C2A8AC-R] #70 size=4 phys=0x0002C2AC val=0x1F801110 ra=0x8001A184 sp=0x801FFF98 pc=0x00000000 f=0
[BLACKSCREEN][CALL] route=compiled_early #34 addr=0x80015308 ra=0x8001A184 f=0
[BLACKSCREEN][A110-RET] call_pc=0x8001A17C target=0x80015308 v0_before=0x00000000 v1_before=0x0000001F v0_after=0x1F801814 v1_after=0x1F801110 c9278=0x1F801BD4 c927c=0x00000020 sp_before=0x801FFF98 sp_after=0x801FFF98 ra=0x8001A184 f=0
[BLACKSCREEN][A110-EXIT-COND] pc=0x8001A194 instr=0x1460000B v1=0x00000000 v0=0x1F801814 will_branch=0 next=0x8001A19C else=0x8001A1C4 c9278=0x1F801BD4 c927c=0x00000020 ra=0x8001A184 sp=0x801FFF98 f=0
[BLACKSCREEN][A110-PATH] #129 pc=0x8001A238 instr=0x00001021 v0=0x00000000 v1=0x00000020 a0=0xFFFFFFFF a1=0x00008000 a2=0x00000000 a3=0x00000000 s0=0x00000003 s1=0x801E0000 s2=0x80032D80 s3=0x80032B48 sp=0x801FFF98 ra=0x8001A184 m2ab4=0x00000000 m2ab8=0x00000000 m2ac5=0x00 c2ba=0x0000 c2b8=0x00000000 c2bc=0x00000000 f=0
[BLACKSCREEN][A110-PATH] #130 pc=0x8001A23C instr=0x14400049 v0=0x00000000 v1=0x00000020 a0=0xFFFFFFFF a1=0x00008000 a2=0x00000000 a3=0x00000000 s0=0x00000003 s1=0x801E0000 s2=0x80032D80 s3=0x80032B48 sp=0x801FFF98 ra=0x8001A184 m2ab4=0x00000000 m2ab8=0x00000000 m2ac5=0x00 c2ba=0x0000 c2b8=0x00000000 c2bc=0x00000000 f=0
[BLACKSCREEN][A110-PATH] #131 pc=0x8001A244 instr=0x0C005594 v0=0xFFFFFFFF v1=0x00000020 a0=0xFFFFFFFF a1=0x00008000 a2=0x00000000 a3=0x00000000 s0=0x00000003 s1=0x801E0000 s2=0x80032D80 s3=0x80032B48 sp=0x801FFF98 ra=0x8001A184 m2ab4=0x00000000 m2ab8=0x00000000 m2ac5=0x00 c2ba=0x0000 c2b8=0x00000000 c2bc=0x00000000 f=0
[BLACKSCREEN][A110-CALL] pc=0x8001A244 target=0x80015650 v0=0xFFFFFFFF v1=0x00000020 a0=0xFFFFFFFF a1=0x00008000 a2=0x00000000 a3=0x00000000 sp=0x801FFF98 ra=0x8001A24C f=0
[BLACKSCREEN][A110-15650-CALL] #33 call_pc=0x8001A244 ra=0x8001A24C v0=0xFFFFFFFF v1=0x00000020 a0=0xFFFFFFFF a1=0x00008000 sp=0x801FFF98 c2ba=0x0000 f=0
[BLACKSCREEN][CALL] enter #74 addr=0x80015650 kseg0=0x80015650 ra=0x8001A24C sp=0x801FFF98 f=0
[BLACKSCREEN][CALL] stage=before_overlay #39 addr=0x80015650 ra=0x8001A24C f=0
[BLACKSCREEN][CALL] stage=before_inbinary #39 addr=0x80015650 ra=0x8001A24C f=0
[BLACKSCREEN][CALL] route=interp #39 addr=0x80015650 ra=0x8001A24C f=0
[BLACKSCREEN][INTERP] enter start=0x80015650 instr0=0x3C028003 a0=0xFFFFFFFF ra=0x8001A24C sp=0x801FFF98 f=0
[BLACKSCREEN][15650-STEP] #97 pc=0x80015650 instr=0x3C028003 v0=0xFFFFFFFF v1=0x00000020 a0=0xFFFFFFFF a1=0x00008000 c2ba=0x0000 c2b8=0x00000000 c2bc=0x00000000 ra=0x8001A24C sp=0x801FFF98 f=0
[BLACKSCREEN][15650-STEP] #98 pc=0x80015654 instr=0x9442C2BA v0=0x80030000 v1=0x00000020 a0=0xFFFFFFFF a1=0x00008000 c2ba=0x0000 c2b8=0x00000000 c2bc=0x00000000 ra=0x8001A24C sp=0x801FFF98 f=0
[BLACKSCREEN][STATE-C2BA-R] #33 size=2 phys=0x0002C2BA val=0x0000 ra=0x8001A24C sp=0x801FFF98 pc=0x00000000 f=0
[BLACKSCREEN][15650-STEP] #99 pc=0x80015658 instr=0x03E00008 v0=0x00000000 v1=0x00000020 a0=0xFFFFFFFF a1=0x00008000 c2ba=0x0000 c2b8=0x00000000 c2bc=0x00000000 ra=0x8001A24C sp=0x801FFF98 f=0
[BLACKSCREEN][15650-RET] #33 reason=jr_ra end=0x80015658 target=0x8001A24C steps=3 v0=0x00000000 v1=0x00000020 c2ba=0x0000 c2b8=0x00000000 c2bc=0x00000000 ra=0x8001A24C sp=0x801FFF98 f=0
[BLACKSCREEN][INTERP] start=0x80015650 end=0x80015658 steps=3 reason=jr_ra target=0x8001A24C ra=0x8001A24C sp=0x801FFF98 f=0
[BLACKSCREEN][A110-RET] call_pc=0x8001A244 target=0x80015650 v0_before=0xFFFFFFFF v1_before=0x00000020 v0_after=0x00000000 v1_after=0x00000020 c9278=0x1F801BD4 c927c=0x00000021 sp_before=0x801FFF98 sp_after=0x801FFF98 ra=0x8001A24C f=0
[BLACKSCREEN][A110-15650-RET] #33 call_pc=0x8001A244 v0_after=0x00000000 v1_after=0x00000020 a0=0xFFFFFFFF a1=0x00008000 sp_after=0x801FFF98 c2ba=0x0000 f=0
[BLACKSCREEN][A110-PATH] #132 pc=0x8001A24C instr=0x1040002B v0=0x00000000 v1=0x00000020 a0=0xFFFFFFFF a1=0x00008000 a2=0x00000000 a3=0x00000000 s0=0x00000003 s1=0x801E0000 s2=0x80032D80 s3=0x80032B48 sp=0x801FFF98 ra=0x8001A24C m2ab4=0x00000000 m2ab8=0x00000000 m2ac5=0x00 c2ba=0x0000 c2b8=0x00000000 c2bc=0x00000000 f=0
[BLACKSCREEN][A110-CALL] pc=0x8001A17C target=0x80015308 v0=0x00000000 v1=0x00000020 a0=0xFFFFFFFF a1=0x00008000 a2=0x00000000 a3=0x00000000 sp=0x801FFF98 ra=0x8001A184 f=0
[BLACKSCREEN][CALL] enter #75 addr=0x80015308 kseg0=0x80015308 ra=0x8001A184 sp=0x801FFF98 f=0
[BLACKSCREEN][STATE-C2A8AC-R] #71 size=4 phys=0x0002C2A8 val=0x1F801814 ra=0x8001A184 sp=0x801FFF98 pc=0x00000000 f=0
[BLACKSCREEN][STATE-C2A8AC-R] #72 size=4 phys=0x0002C2AC val=0x1F801110 ra=0x8001A184 sp=0x801FFF98 pc=0x00000000 f=0
[BLACKSCREEN][CALL] route=compiled_early #35 addr=0x80015308 ra=0x8001A184 f=0
[BLACKSCREEN][A110-RET] call_pc=0x8001A17C target=0x80015308 v0_before=0x00000000 v1_before=0x00000020 v0_after=0x1F801814 v1_after=0x1F801110 c9278=0x1F801BD4 c927c=0x00000021 sp_before=0x801FFF98 sp_after=0x801FFF98 ra=0x8001A184 f=0
[BLACKSCREEN][A110-EXIT-COND] pc=0x8001A194 instr=0x1460000B v1=0x00000000 v0=0x1F801814 will_branch=0 next=0x8001A19C else=0x8001A1C4 c9278=0x1F801BD4 c927c=0x00000021 ra=0x8001A184 sp=0x801FFF98 f=0
[BLACKSCREEN][A110-PATH] #133 pc=0x8001A238 instr=0x00001021 v0=0x00000000 v1=0x00000021 a0=0xFFFFFFFF a1=0x00008000 a2=0x00000000 a3=0x00000000 s0=0x00000003 s1=0x801E0000 s2=0x80032D80 s3=0x80032B48 sp=0x801FFF98 ra=0x8001A184 m2ab4=0x00000000 m2ab8=0x00000000 m2ac5=0x00 c2ba=0x0000 c2b8=0x00000000 c2bc=0x00000000 f=0
[BLACKSCREEN][A110-PATH] #134 pc=0x8001A23C instr=0x14400049 v0=0x00000000 v1=0x00000021 a0=0xFFFFFFFF a1=0x00008000 a2=0x00000000 a3=0x00000000 s0=0x00000003 s1=0x801E0000 s2=0x80032D80 s3=0x80032B48 sp=0x801FFF98 ra=0x8001A184 m2ab4=0x00000000 m2ab8=0x00000000 m2ac5=0x00 c2ba=0x0000 c2b8=0x00000000 c2bc=0x00000000 f=0
[BLACKSCREEN][A110-PATH] #135 pc=0x8001A244 instr=0x0C005594 v0=0xFFFFFFFF v1=0x00000021 a0=0xFFFFFFFF a1=0x00008000 a2=0x00000000 a3=0x00000000 s0=0x00000003 s1=0x801E0000 s2=0x80032D80 s3=0x80032B48 sp=0x801FFF98 ra=0x8001A184 m2ab4=0x00000000 m2ab8=0x00000000 m2ac5=0x00 c2ba=0x0000 c2b8=0x00000000 c2bc=0x00000000 f=0
[BLACKSCREEN][A110-CALL] pc=0x8001A244 target=0x80015650 v0=0xFFFFFFFF v1=0x00000021 a0=0xFFFFFFFF a1=0x00008000 a2=0x00000000 a3=0x00000000 sp=0x801FFF98 ra=0x8001A24C f=0
[BLACKSCREEN][A110-15650-CALL] #34 call_pc=0x8001A244 ra=0x8001A24C v0=0xFFFFFFFF v1=0x00000021 a0=0xFFFFFFFF a1=0x00008000 sp=0x801FFF98 c2ba=0x0000 f=0
[BLACKSCREEN][CALL] enter #76 addr=0x80015650 kseg0=0x80015650 ra=0x8001A24C sp=0x801FFF98 f=0
[BLACKSCREEN][CALL] stage=before_overlay #40 addr=0x80015650 ra=0x8001A24C f=0
[BLACKSCREEN][CALL] stage=before_inbinary #40 addr=0x80015650 ra=0x8001A24C f=0
[BLACKSCREEN][CALL] route=interp #40 addr=0x80015650 ra=0x8001A24C f=0
[BLACKSCREEN][INTERP] enter start=0x80015650 instr0=0x3C028003 a0=0xFFFFFFFF ra=0x8001A24C sp=0x801FFF98 f=0
[BLACKSCREEN][15650-STEP] #100 pc=0x80015650 instr=0x3C028003 v0=0xFFFFFFFF v1=0x00000021 a0=0xFFFFFFFF a1=0x00008000 c2ba=0x0000 c2b8=0x00000000 c2bc=0x00000000 ra=0x8001A24C sp=0x801FFF98 f=0
[BLACKSCREEN][15650-STEP] #101 pc=0x80015654 instr=0x9442C2BA v0=0x80030000 v1=0x00000021 a0=0xFFFFFFFF a1=0x00008000 c2ba=0x0000 c2b8=0x00000000 c2bc=0x00000000 ra=0x8001A24C sp=0x801FFF98 f=0
[BLACKSCREEN][STATE-C2BA-R] #34 size=2 phys=0x0002C2BA val=0x0000 ra=0x8001A24C sp=0x801FFF98 pc=0x00000000 f=0
[BLACKSCREEN][15650-STEP] #102 pc=0x80015658 instr=0x03E00008 v0=0x00000000 v1=0x00000021 a0=0xFFFFFFFF a1=0x00008000 c2ba=0x0000 c2b8=0x00000000 c2bc=0x00000000 ra=0x8001A24C sp=0x801FFF98 f=0
[BLACKSCREEN][15650-RET] #34 reason=jr_ra end=0x80015658 target=0x8001A24C steps=3 v0=0x00000000 v1=0x00000021 c2ba=0x0000 c2b8=0x00000000 c2bc=0x00000000 ra=0x8001A24C sp=0x801FFF98 f=0
[BLACKSCREEN][INTERP] start=0x80015650 end=0x80015658 steps=3 reason=jr_ra target=0x8001A24C ra=0x8001A24C sp=0x801FFF98 f=0
[BLACKSCREEN][A110-RET] call_pc=0x8001A244 target=0x80015650 v0_before=0xFFFFFFFF v1_before=0x00000021 v0_after=0x00000000 v1_after=0x00000021 c9278=0x1F801BD4 c927c=0x00000022 sp_before=0x801FFF98 sp_after=0x801FFF98 ra=0x8001A24C f=0
[BLACKSCREEN][A110-15650-RET] #34 call_pc=0x8001A244 v0_after=0x00000000 v1_after=0x00000021 a0=0xFFFFFFFF a1=0x00008000 sp_after=0x801FFF98 c2ba=0x0000 f=0
[BLACKSCREEN][A110-PATH] #136 pc=0x8001A24C instr=0x1040002B v0=0x00000000 v1=0x00000021 a0=0xFFFFFFFF a1=0x00008000 a2=0x00000000 a3=0x00000000 s0=0x00000003 s1=0x801E0000 s2=0x80032D80 s3=0x80032B48 sp=0x801FFF98 ra=0x8001A24C m2ab4=0x00000000 m2ab8=0x00000000 m2ac5=0x00 c2ba=0x0000 c2b8=0x00000000 c2bc=0x00000000 f=0
[BLACKSCREEN][A110-CALL] pc=0x8001A17C target=0x80015308 v0=0x00000000 v1=0x00000021 a0=0xFFFFFFFF a1=0x00008000 a2=0x00000000 a3=0x00000000 sp=0x801FFF98 ra=0x8001A184 f=0
[BLACKSCREEN][CALL] enter #77 addr=0x80015308 kseg0=0x80015308 ra=0x8001A184 sp=0x801FFF98 f=0
[BLACKSCREEN][STATE-C2A8AC-R] #73 size=4 phys=0x0002C2A8 val=0x1F801814 ra=0x8001A184 sp=0x801FFF98 pc=0x00000000 f=0
[BLACKSCREEN][STATE-C2A8AC-R] #74 size=4 phys=0x0002C2AC val=0x1F801110 ra=0x8001A184 sp=0x801FFF98 pc=0x00000000 f=0
[BLACKSCREEN][CALL] route=compiled_early #36 addr=0x80015308 ra=0x8001A184 f=0
[BLACKSCREEN][A110-RET] call_pc=0x8001A17C target=0x80015308 v0_before=0x00000000 v1_before=0x00000021 v0_after=0x1F801814 v1_after=0x1F801110 c9278=0x1F801BD4 c927c=0x00000022 sp_before=0x801FFF98 sp_after=0x801FFF98 ra=0x8001A184 f=0
[BLACKSCREEN][A110-EXIT-COND] pc=0x8001A194 instr=0x1460000B v1=0x00000000 v0=0x1F801814 will_branch=0 next=0x8001A19C else=0x8001A1C4 c9278=0x1F801BD4 c927c=0x00000022 ra=0x8001A184 sp=0x801FFF98 f=0
[BLACKSCREEN][A110-PATH] #137 pc=0x8001A238 instr=0x00001021 v0=0x00000000 v1=0x00000022 a0=0xFFFFFFFF a1=0x00008000 a2=0x00000000 a3=0x00000000 s0=0x00000003 s1=0x801E0000 s2=0x80032D80 s3=0x80032B48 sp=0x801FFF98 ra=0x8001A184 m2ab4=0x00000000 m2ab8=0x00000000 m2ac5=0x00 c2ba=0x0000 c2b8=0x00000000 c2bc=0x00000000 f=0
[BLACKSCREEN][A110-PATH] #138 pc=0x8001A23C instr=0x14400049 v0=0x00000000 v1=0x00000022 a0=0xFFFFFFFF a1=0x00008000 a2=0x00000000 a3=0x00000000 s0=0x00000003 s1=0x801E0000 s2=0x80032D80 s3=0x80032B48 sp=0x801FFF98 ra=0x8001A184 m2ab4=0x00000000 m2ab8=0x00000000 m2ac5=0x00 c2ba=0x0000 c2b8=0x00000000 c2bc=0x00000000 f=0
[BLACKSCREEN][A110-PATH] #139 pc=0x8001A244 instr=0x0C005594 v0=0xFFFFFFFF v1=0x00000022 a0=0xFFFFFFFF a1=0x00008000 a2=0x00000000 a3=0x00000000 s0=0x00000003 s1=0x801E0000 s2=0x80032D80 s3=0x80032B48 sp=0x801FFF98 ra=0x8001A184 m2ab4=0x00000000 m2ab8=0x00000000 m2ac5=0x00 c2ba=0x0000 c2b8=0x00000000 c2bc=0x00000000 f=0
[BLACKSCREEN][A110-CALL] pc=0x8001A244 target=0x80015650 v0=0xFFFFFFFF v1=0x00000022 a0=0xFFFFFFFF a1=0x00008000 a2=0x00000000 a3=0x00000000 sp=0x801FFF98 ra=0x8001A24C f=0
[BLACKSCREEN][A110-15650-CALL] #35 call_pc=0x8001A244 ra=0x8001A24C v0=0xFFFFFFFF v1=0x00000022 a0=0xFFFFFFFF a1=0x00008000 sp=0x801FFF98 c2ba=0x0000 f=0
[BLACKSCREEN][CALL] enter #78 addr=0x80015650 kseg0=0x80015650 ra=0x8001A24C sp=0x801FFF98 f=0
[BLACKSCREEN][CALL] stage=before_overlay #41 addr=0x80015650 ra=0x8001A24C f=0
[BLACKSCREEN][CALL] stage=before_inbinary #41 addr=0x80015650 ra=0x8001A24C f=0
[BLACKSCREEN][CALL] route=interp #41 addr=0x80015650 ra=0x8001A24C f=0
[BLACKSCREEN][INTERP] enter start=0x80015650 instr0=0x3C028003 a0=0xFFFFFFFF ra=0x8001A24C sp=0x801FFF98 f=0
[BLACKSCREEN][15650-STEP] #103 pc=0x80015650 instr=0x3C028003 v0=0xFFFFFFFF v1=0x00000022 a0=0xFFFFFFFF a1=0x00008000 c2ba=0x0000 c2b8=0x00000000 c2bc=0x00000000 ra=0x8001A24C sp=0x801FFF98 f=0
[BLACKSCREEN][15650-STEP] #104 pc=0x80015654 instr=0x9442C2BA v0=0x80030000 v1=0x00000022 a0=0xFFFFFFFF a1=0x00008000 c2ba=0x0000 c2b8=0x00000000 c2bc=0x00000000 ra=0x8001A24C sp=0x801FFF98 f=0
[BLACKSCREEN][STATE-C2BA-R] #35 size=2 phys=0x0002C2BA val=0x0000 ra=0x8001A24C sp=0x801FFF98 pc=0x00000000 f=0
[BLACKSCREEN][15650-STEP] #105 pc=0x80015658 instr=0x03E00008 v0=0x00000000 v1=0x00000022 a0=0xFFFFFFFF a1=0x00008000 c2ba=0x0000 c2b8=0x00000000 c2bc=0x00000000 ra=0x8001A24C sp=0x801FFF98 f=0
[BLACKSCREEN][15650-RET] #35 reason=jr_ra end=0x80015658 target=0x8001A24C steps=3 v0=0x00000000 v1=0x00000022 c2ba=0x0000 c2b8=0x00000000 c2bc=0x00000000 ra=0x8001A24C sp=0x801FFF98 f=0
[BLACKSCREEN][INTERP] start=0x80015650 end=0x80015658 steps=3 reason=jr_ra target=0x8001A24C ra=0x8001A24C sp=0x801FFF98 f=0
[BLACKSCREEN][A110-RET] call_pc=0x8001A244 target=0x80015650 v0_before=0xFFFFFFFF v1_before=0x00000022 v0_after=0x00000000 v1_after=0x00000022 c9278=0x1F801BD4 c927c=0x00000023 sp_before=0x801FFF98 sp_after=0x801FFF98 ra=0x8001A24C f=0
[BLACKSCREEN][A110-15650-RET] #35 call_pc=0x8001A244 v0_after=0x00000000 v1_after=0x00000022 a0=0xFFFFFFFF a1=0x00008000 sp_after=0x801FFF98 c2ba=0x0000 f=0
[BLACKSCREEN][A110-PATH] #140 pc=0x8001A24C instr=0x1040002B v0=0x00000000 v1=0x00000022 a0=0xFFFFFFFF a1=0x00008000 a2=0x00000000 a3=0x00000000 s0=0x00000003 s1=0x801E0000 s2=0x80032D80 s3=0x80032B48 sp=0x801FFF98 ra=0x8001A24C m2ab4=0x00000000 m2ab8=0x00000000 m2ac5=0x00 c2ba=0x0000 c2b8=0x00000000 c2bc=0x00000000 f=0
[BLACKSCREEN][A110-CALL] pc=0x8001A17C target=0x80015308 v0=0x00000000 v1=0x00000022 a0=0xFFFFFFFF a1=0x00008000 a2=0x00000000 a3=0x00000000 sp=0x801FFF98 ra=0x8001A184 f=0
[BLACKSCREEN][CALL] enter #79 addr=0x80015308 kseg0=0x80015308 ra=0x8001A184 sp=0x801FFF98 f=0
[BLACKSCREEN][STATE-C2A8AC-R] #75 size=4 phys=0x0002C2A8 val=0x1F801814 ra=0x8001A184 sp=0x801FFF98 pc=0x00000000 f=0
[BLACKSCREEN][STATE-C2A8AC-R] #76 size=4 phys=0x0002C2AC val=0x1F801110 ra=0x8001A184 sp=0x801FFF98 pc=0x00000000 f=0
[BLACKSCREEN][CALL] route=compiled_early #37 addr=0x80015308 ra=0x8001A184 f=0
[BLACKSCREEN][A110-RET] call_pc=0x8001A17C target=0x80015308 v0_before=0x00000000 v1_before=0x00000022 v0_after=0x1F801814 v1_after=0x1F801110 c9278=0x1F801BD4 c927c=0x00000023 sp_before=0x801FFF98 sp_after=0x801FFF98 ra=0x8001A184 f=0
[BLACKSCREEN][A110-EXIT-COND] pc=0x8001A194 instr=0x1460000B v1=0x00000000 v0=0x1F801814 will_branch=0 next=0x8001A19C else=0x8001A1C4 c9278=0x1F801BD4 c927c=0x00000023 ra=0x8001A184 sp=0x801FFF98 f=0
[BLACKSCREEN][A110-PATH] #141 pc=0x8001A238 instr=0x00001021 v0=0x00000000 v1=0x00000023 a0=0xFFFFFFFF a1=0x00008000 a2=0x00000000 a3=0x00000000 s0=0x00000003 s1=0x801E0000 s2=0x80032D80 s3=0x80032B48 sp=0x801FFF98 ra=0x8001A184 m2ab4=0x00000000 m2ab8=0x00000000 m2ac5=0x00 c2ba=0x0000 c2b8=0x00000000 c2bc=0x00000000 f=0
[BLACKSCREEN][A110-PATH] #142 pc=0x8001A23C instr=0x14400049 v0=0x00000000 v1=0x00000023 a0=0xFFFFFFFF a1=0x00008000 a2=0x00000000 a3=0x00000000 s0=0x00000003 s1=0x801E0000 s2=0x80032D80 s3=0x80032B48 sp=0x801FFF98 ra=0x8001A184 m2ab4=0x00000000 m2ab8=0x00000000 m2ac5=0x00 c2ba=0x0000 c2b8=0x00000000 c2bc=0x00000000 f=0
[BLACKSCREEN][A110-PATH] #143 pc=0x8001A244 instr=0x0C005594 v0=0xFFFFFFFF v1=0x00000023 a0=0xFFFFFFFF a1=0x00008000 a2=0x00000000 a3=0x00000000 s0=0x00000003 s1=0x801E0000 s2=0x80032D80 s3=0x80032B48 sp=0x801FFF98 ra=0x8001A184 m2ab4=0x00000000 m2ab8=0x00000000 m2ac5=0x00 c2ba=0x0000 c2b8=0x00000000 c2bc=0x00000000 f=0
[BLACKSCREEN][A110-CALL] pc=0x8001A244 target=0x80015650 v0=0xFFFFFFFF v1=0x00000023 a0=0xFFFFFFFF a1=0x00008000 a2=0x00000000 a3=0x00000000 sp=0x801FFF98 ra=0x8001A24C f=0
[BLACKSCREEN][A110-15650-CALL] #36 call_pc=0x8001A244 ra=0x8001A24C v0=0xFFFFFFFF v1=0x00000023 a0=0xFFFFFFFF a1=0x00008000 sp=0x801FFF98 c2ba=0x0000 f=0
[BLACKSCREEN][CALL] enter #80 addr=0x80015650 kseg0=0x80015650 ra=0x8001A24C sp=0x801FFF98 f=0
[BLACKSCREEN][CALL] stage=before_overlay #42 addr=0x80015650 ra=0x8001A24C f=0
[BLACKSCREEN][CALL] stage=before_inbinary #42 addr=0x80015650 ra=0x8001A24C f=0
[BLACKSCREEN][CALL] route=interp #42 addr=0x80015650 ra=0x8001A24C f=0
[BLACKSCREEN][INTERP] enter start=0x80015650 instr0=0x3C028003 a0=0xFFFFFFFF ra=0x8001A24C sp=0x801FFF98 f=0
[BLACKSCREEN][15650-STEP] #106 pc=0x80015650 instr=0x3C028003 v0=0xFFFFFFFF v1=0x00000023 a0=0xFFFFFFFF a1=0x00008000 c2ba=0x0000 c2b8=0x00000000 c2bc=0x00000000 ra=0x8001A24C sp=0x801FFF98 f=0
[BLACKSCREEN][15650-STEP] #107 pc=0x80015654 instr=0x9442C2BA v0=0x80030000 v1=0x00000023 a0=0xFFFFFFFF a1=0x00008000 c2ba=0x0000 c2b8=0x00000000 c2bc=0x00000000 ra=0x8001A24C sp=0x801FFF98 f=0
[BLACKSCREEN][STATE-C2BA-R] #36 size=2 phys=0x0002C2BA val=0x0000 ra=0x8001A24C sp=0x801FFF98 pc=0x00000000 f=0
[BLACKSCREEN][15650-STEP] #108 pc=0x80015658 instr=0x03E00008 v0=0x00000000 v1=0x00000023 a0=0xFFFFFFFF a1=0x00008000 c2ba=0x0000 c2b8=0x00000000 c2bc=0x00000000 ra=0x8001A24C sp=0x801FFF98 f=0
[BLACKSCREEN][15650-RET] #36 reason=jr_ra end=0x80015658 target=0x8001A24C steps=3 v0=0x00000000 v1=0x00000023 c2ba=0x0000 c2b8=0x00000000 c2bc=0x00000000 ra=0x8001A24C sp=0x801FFF98 f=0
[BLACKSCREEN][INTERP] start=0x80015650 end=0x80015658 steps=3 reason=jr_ra target=0x8001A24C ra=0x8001A24C sp=0x801FFF98 f=0
[BLACKSCREEN][A110-RET] call_pc=0x8001A244 target=0x80015650 v0_before=0xFFFFFFFF v1_before=0x00000023 v0_after=0x00000000 v1_after=0x00000023 c9278=0x1F801BD4 c927c=0x00000024 sp_before=0x801FFF98 sp_after=0x801FFF98 ra=0x8001A24C f=0
[BLACKSCREEN][A110-15650-RET] #36 call_pc=0x8001A244 v0_after=0x00000000 v1_after=0x00000023 a0=0xFFFFFFFF a1=0x00008000 sp_after=0x801FFF98 c2ba=0x0000 f=0
[BLACKSCREEN][A110-PATH] #144 pc=0x8001A24C instr=0x1040002B v0=0x00000000 v1=0x00000023 a0=0xFFFFFFFF a1=0x00008000 a2=0x00000000 a3=0x00000000 s0=0x00000003 s1=0x801E0000 s2=0x80032D80 s3=0x80032B48 sp=0x801FFF98 ra=0x8001A24C m2ab4=0x00000000 m2ab8=0x00000000 m2ac5=0x00 c2ba=0x0000 c2b8=0x00000000 c2bc=0x00000000 f=0
[BLACKSCREEN][A110-CALL] pc=0x8001A17C target=0x80015308 v0=0x00000000 v1=0x00000023 a0=0xFFFFFFFF a1=0x00008000 a2=0x00000000 a3=0x00000000 sp=0x801FFF98 ra=0x8001A184 f=0
[BLACKSCREEN][STATE-C2A8AC-R] #77 size=4 phys=0x0002C2A8 val=0x1F801814 ra=0x8001A184 sp=0x801FFF98 pc=0x00000000 f=0
[BLACKSCREEN][STATE-C2A8AC-R] #78 size=4 phys=0x0002C2AC val=0x1F801110 ra=0x8001A184 sp=0x801FFF98 pc=0x00000000 f=0
[BLACKSCREEN][CALL] route=compiled_early #38 addr=0x80015308 ra=0x8001A184 f=0
[BLACKSCREEN][A110-RET] call_pc=0x8001A17C target=0x80015308 v0_before=0x00000000 v1_before=0x00000023 v0_after=0x1F801814 v1_after=0x1F801110 c9278=0x1F801BD4 c927c=0x00000024 sp_before=0x801FFF98 sp_after=0x801FFF98 ra=0x8001A184 f=0
[BLACKSCREEN][A110-EXIT-COND] pc=0x8001A194 instr=0x1460000B v1=0x00000000 v0=0x1F801814 will_branch=0 next=0x8001A19C else=0x8001A1C4 c9278=0x1F801BD4 c927c=0x00000024 ra=0x8001A184 sp=0x801FFF98 f=0
[BLACKSCREEN][A110-PATH] #145 pc=0x8001A238 instr=0x00001021 v0=0x00000000 v1=0x00000024 a0=0xFFFFFFFF a1=0x00008000 a2=0x00000000 a3=0x00000000 s0=0x00000003 s1=0x801E0000 s2=0x80032D80 s3=0x80032B48 sp=0x801FFF98 ra=0x8001A184 m2ab4=0x00000000 m2ab8=0x00000000 m2ac5=0x00 c2ba=0x0000 c2b8=0x00000000 c2bc=0x00000000 f=0
[BLACKSCREEN][A110-PATH] #146 pc=0x8001A23C instr=0x14400049 v0=0x00000000 v1=0x00000024 a0=0xFFFFFFFF a1=0x00008000 a2=0x00000000 a3=0x00000000 s0=0x00000003 s1=0x801E0000 s2=0x80032D80 s3=0x80032B48 sp=0x801FFF98 ra=0x8001A184 m2ab4=0x00000000 m2ab8=0x00000000 m2ac5=0x00 c2ba=0x0000 c2b8=0x00000000 c2bc=0x00000000 f=0
[BLACKSCREEN][A110-PATH] #147 pc=0x8001A244 instr=0x0C005594 v0=0xFFFFFFFF v1=0x00000024 a0=0xFFFFFFFF a1=0x00008000 a2=0x00000000 a3=0x00000000 s0=0x00000003 s1=0x801E0000 s2=0x80032D80 s3=0x80032B48 sp=0x801FFF98 ra=0x8001A184 m2ab4=0x00000000 m2ab8=0x00000000 m2ac5=0x00 c2ba=0x0000 c2b8=0x00000000 c2bc=0x00000000 f=0
[BLACKSCREEN][A110-CALL] pc=0x8001A244 target=0x80015650 v0=0xFFFFFFFF v1=0x00000024 a0=0xFFFFFFFF a1=0x00008000 a2=0x00000000 a3=0x00000000 sp=0x801FFF98 ra=0x8001A24C f=0
[BLACKSCREEN][A110-15650-CALL] #37 call_pc=0x8001A244 ra=0x8001A24C v0=0xFFFFFFFF v1=0x00000024 a0=0xFFFFFFFF a1=0x00008000 sp=0x801FFF98 c2ba=0x0000 f=0
[BLACKSCREEN][CALL] stage=before_overlay #43 addr=0x80015650 ra=0x8001A24C f=0
[BLACKSCREEN][CALL] stage=before_inbinary #43 addr=0x80015650 ra=0x8001A24C f=0
[BLACKSCREEN][CALL] route=interp #43 addr=0x80015650 ra=0x8001A24C f=0
[BLACKSCREEN][INTERP] enter start=0x80015650 instr0=0x3C028003 a0=0xFFFFFFFF ra=0x8001A24C sp=0x801FFF98 f=0
[BLACKSCREEN][15650-STEP] #109 pc=0x80015650 instr=0x3C028003 v0=0xFFFFFFFF v1=0x00000024 a0=0xFFFFFFFF a1=0x00008000 c2ba=0x0000 c2b8=0x00000000 c2bc=0x00000000 ra=0x8001A24C sp=0x801FFF98 f=0
[BLACKSCREEN][15650-STEP] #110 pc=0x80015654 instr=0x9442C2BA v0=0x80030000 v1=0x00000024 a0=0xFFFFFFFF a1=0x00008000 c2ba=0x0000 c2b8=0x00000000 c2bc=0x00000000 ra=0x8001A24C sp=0x801FFF98 f=0
[BLACKSCREEN][STATE-C2BA-R] #37 size=2 phys=0x0002C2BA val=0x0000 ra=0x8001A24C sp=0x801FFF98 pc=0x00000000 f=0
[BLACKSCREEN][15650-STEP] #111 pc=0x80015658 instr=0x03E00008 v0=0x00000000 v1=0x00000024 a0=0xFFFFFFFF a1=0x00008000 c2ba=0x0000 c2b8=0x00000000 c2bc=0x00000000 ra=0x8001A24C sp=0x801FFF98 f=0
[BLACKSCREEN][15650-RET] #37 reason=jr_ra end=0x80015658 target=0x8001A24C steps=3 v0=0x00000000 v1=0x00000024 c2ba=0x0000 c2b8=0x00000000 c2bc=0x00000000 ra=0x8001A24C sp=0x801FFF98 f=0
[BLACKSCREEN][INTERP] start=0x80015650 end=0x80015658 steps=3 reason=jr_ra target=0x8001A24C ra=0x8001A24C sp=0x801FFF98 f=0
[BLACKSCREEN][A110-RET] call_pc=0x8001A244 target=0x80015650 v0_before=0xFFFFFFFF v1_before=0x00000024 v0_after=0x00000000 v1_after=0x00000024 c9278=0x1F801BD4 c927c=0x00000025 sp_before=0x801FFF98 sp_after=0x801FFF98 ra=0x8001A24C f=0
[BLACKSCREEN][A110-15650-RET] #37 call_pc=0x8001A244 v0_after=0x00000000 v1_after=0x00000024 a0=0xFFFFFFFF a1=0x00008000 sp_after=0x801FFF98 c2ba=0x0000 f=0
[BLACKSCREEN][A110-PATH] #148 pc=0x8001A24C instr=0x1040002B v0=0x00000000 v1=0x00000024 a0=0xFFFFFFFF a1=0x00008000 a2=0x00000000 a3=0x00000000 s0=0x00000003 s1=0x801E0000 s2=0x80032D80 s3=0x80032B48 sp=0x801FFF98 ra=0x8001A24C m2ab4=0x00000000 m2ab8=0x00000000 m2ac5=0x00 c2ba=0x0000 c2b8=0x00000000 c2bc=0x00000000 f=0
[BLACKSCREEN][A110-CALL] pc=0x8001A17C target=0x80015308 v0=0x00000000 v1=0x00000024 a0=0xFFFFFFFF a1=0x00008000 a2=0x00000000 a3=0x00000000 sp=0x801FFF98 ra=0x8001A184 f=0
[BLACKSCREEN][STATE-C2A8AC-R] #79 size=4 phys=0x0002C2A8 val=0x1F801814 ra=0x8001A184 sp=0x801FFF98 pc=0x00000000 f=0
[BLACKSCREEN][STATE-C2A8AC-R] #80 size=4 phys=0x0002C2AC val=0x1F801110 ra=0x8001A184 sp=0x801FFF98 pc=0x00000000 f=0
[BLACKSCREEN][CALL] route=compiled_early #39 addr=0x80015308 ra=0x8001A184 f=0
[BLACKSCREEN][A110-RET] call_pc=0x8001A17C target=0x80015308 v0_before=0x00000000 v1_before=0x00000024 v0_after=0x1F801814 v1_after=0x1F801110 c9278=0x1F801BD4 c927c=0x00000025 sp_before=0x801FFF98 sp_after=0x801FFF98 ra=0x8001A184 f=0
[BLACKSCREEN][A110-EXIT-COND] pc=0x8001A194 instr=0x1460000B v1=0x00000000 v0=0x1F801814 will_branch=0 next=0x8001A19C else=0x8001A1C4 c9278=0x1F801BD4 c927c=0x00000025 ra=0x8001A184 sp=0x801FFF98 f=0
[BLACKSCREEN][A110-PATH] #149 pc=0x8001A238 instr=0x00001021 v0=0x00000000 v1=0x00000025 a0=0xFFFFFFFF a1=0x00008000 a2=0x00000000 a3=0x00000000 s0=0x00000003 s1=0x801E0000 s2=0x80032D80 s3=0x80032B48 sp=0x801FFF98 ra=0x8001A184 m2ab4=0x00000000 m2ab8=0x00000000 m2ac5=0x00 c2ba=0x0000 c2b8=0x00000000 c2bc=0x00000000 f=0
[BLACKSCREEN][A110-PATH] #150 pc=0x8001A23C instr=0x14400049 v0=0x00000000 v1=0x00000025 a0=0xFFFFFFFF a1=0x00008000 a2=0x00000000 a3=0x00000000 s0=0x00000003 s1=0x801E0000 s2=0x80032D80 s3=0x80032B48 sp=0x801FFF98 ra=0x8001A184 m2ab4=0x00000000 m2ab8=0x00000000 m2ac5=0x00 c2ba=0x0000 c2b8=0x00000000 c2bc=0x00000000 f=0
[BLACKSCREEN][A110-PATH] #151 pc=0x8001A244 instr=0x0C005594 v0=0xFFFFFFFF v1=0x00000025 a0=0xFFFFFFFF a1=0x00008000 a2=0x00000000 a3=0x00000000 s0=0x00000003 s1=0x801E0000 s2=0x80032D80 s3=0x80032B48 sp=0x801FFF98 ra=0x8001A184 m2ab4=0x00000000 m2ab8=0x00000000 m2ac5=0x00 c2ba=0x0000 c2b8=0x00000000 c2bc=0x00000000 f=0
[BLACKSCREEN][A110-CALL] pc=0x8001A244 target=0x80015650 v0=0xFFFFFFFF v1=0x00000025 a0=0xFFFFFFFF a1=0x00008000 a2=0x00000000 a3=0x00000000 sp=0x801FFF98 ra=0x8001A24C f=0
[BLACKSCREEN][A110-15650-CALL] #38 call_pc=0x8001A244 ra=0x8001A24C v0=0xFFFFFFFF v1=0x00000025 a0=0xFFFFFFFF a1=0x00008000 sp=0x801FFF98 c2ba=0x0000 f=0
[BLACKSCREEN][CALL] stage=before_overlay #44 addr=0x80015650 ra=0x8001A24C f=0
[BLACKSCREEN][CALL] stage=before_inbinary #44 addr=0x80015650 ra=0x8001A24C f=0
[BLACKSCREEN][CALL] route=interp #44 addr=0x80015650 ra=0x8001A24C f=0
[BLACKSCREEN][INTERP] enter start=0x80015650 instr0=0x3C028003 a0=0xFFFFFFFF ra=0x8001A24C sp=0x801FFF98 f=0
[BLACKSCREEN][15650-STEP] #112 pc=0x80015650 instr=0x3C028003 v0=0xFFFFFFFF v1=0x00000025 a0=0xFFFFFFFF a1=0x00008000 c2ba=0x0000 c2b8=0x00000000 c2bc=0x00000000 ra=0x8001A24C sp=0x801FFF98 f=0
[BLACKSCREEN][15650-STEP] #113 pc=0x80015654 instr=0x9442C2BA v0=0x80030000 v1=0x00000025 a0=0xFFFFFFFF a1=0x00008000 c2ba=0x0000 c2b8=0x00000000 c2bc=0x00000000 ra=0x8001A24C sp=0x801FFF98 f=0
[BLACKSCREEN][STATE-C2BA-R] #38 size=2 phys=0x0002C2BA val=0x0000 ra=0x8001A24C sp=0x801FFF98 pc=0x00000000 f=0
[BLACKSCREEN][15650-STEP] #114 pc=0x80015658 instr=0x03E00008 v0=0x00000000 v1=0x00000025 a0=0xFFFFFFFF a1=0x00008000 c2ba=0x0000 c2b8=0x00000000 c2bc=0x00000000 ra=0x8001A24C sp=0x801FFF98 f=0
[BLACKSCREEN][15650-RET] #38 reason=jr_ra end=0x80015658 target=0x8001A24C steps=3 v0=0x00000000 v1=0x00000025 c2ba=0x0000 c2b8=0x00000000 c2bc=0x00000000 ra=0x8001A24C sp=0x801FFF98 f=0
[BLACKSCREEN][INTERP] start=0x80015650 end=0x80015658 steps=3 reason=jr_ra target=0x8001A24C ra=0x8001A24C sp=0x801FFF98 f=0
[BLACKSCREEN][A110-RET] call_pc=0x8001A244 target=0x80015650 v0_before=0xFFFFFFFF v1_before=0x00000025 v0_after=0x00000000 v1_after=0x00000025 c9278=0x1F801BD4 c927c=0x00000026 sp_before=0x801FFF98 sp_after=0x801FFF98 ra=0x8001A24C f=0
[BLACKSCREEN][A110-15650-RET] #38 call_pc=0x8001A244 v0_after=0x00000000 v1_after=0x00000025 a0=0xFFFFFFFF a1=0x00008000 sp_after=0x801FFF98 c2ba=0x0000 f=0
[BLACKSCREEN][A110-PATH] #152 pc=0x8001A24C instr=0x1040002B v0=0x00000000 v1=0x00000025 a0=0xFFFFFFFF a1=0x00008000 a2=0x00000000 a3=0x00000000 s0=0x00000003 s1=0x801E0000 s2=0x80032D80 s3=0x80032B48 sp=0x801FFF98 ra=0x8001A24C m2ab4=0x00000000 m2ab8=0x00000000 m2ac5=0x00 c2ba=0x0000 c2b8=0x00000000 c2bc=0x00000000 f=0
[BLACKSCREEN][A110-CALL] pc=0x8001A17C target=0x80015308 v0=0x00000000 v1=0x00000025 a0=0xFFFFFFFF a1=0x00008000 a2=0x00000000 a3=0x00000000 sp=0x801FFF98 ra=0x8001A184 f=0
[BLACKSCREEN][STATE-C2A8AC-R] #81 size=4 phys=0x0002C2A8 val=0x1F801814 ra=0x8001A184 sp=0x801FFF98 pc=0x00000000 f=0
[BLACKSCREEN][STATE-C2A8AC-R] #82 size=4 phys=0x0002C2AC val=0x1F801110 ra=0x8001A184 sp=0x801FFF98 pc=0x00000000 f=0
[BLACKSCREEN][CALL] route=compiled_early #40 addr=0x80015308 ra=0x8001A184 f=0
[BLACKSCREEN][A110-RET] call_pc=0x8001A17C target=0x80015308 v0_before=0x00000000 v1_before=0x00000025 v0_after=0x1F801814 v1_after=0x1F801110 c9278=0x1F801BD4 c927c=0x00000026 sp_before=0x801FFF98 sp_after=0x801FFF98 ra=0x8001A184 f=0
[BLACKSCREEN][A110-EXIT-COND] pc=0x8001A194 instr=0x1460000B v1=0x00000000 v0=0x1F801814 will_branch=0 next=0x8001A19C else=0x8001A1C4 c9278=0x1F801BD4 c927c=0x00000026 ra=0x8001A184 sp=0x801FFF98 f=0
[BLACKSCREEN][A110-PATH] #153 pc=0x8001A238 instr=0x00001021 v0=0x00000000 v1=0x00000026 a0=0xFFFFFFFF a1=0x00008000 a2=0x00000000 a3=0x00000000 s0=0x00000003 s1=0x801E0000 s2=0x80032D80 s3=0x80032B48 sp=0x801FFF98 ra=0x8001A184 m2ab4=0x00000000 m2ab8=0x00000000 m2ac5=0x00 c2ba=0x0000 c2b8=0x00000000 c2bc=0x00000000 f=0
[BLACKSCREEN][A110-PATH] #154 pc=0x8001A23C instr=0x14400049 v0=0x00000000 v1=0x00000026 a0=0xFFFFFFFF a1=0x00008000 a2=0x00000000 a3=0x00000000 s0=0x00000003 s1=0x801E0000 s2=0x80032D80 s3=0x80032B48 sp=0x801FFF98 ra=0x8001A184 m2ab4=0x00000000 m2ab8=0x00000000 m2ac5=0x00 c2ba=0x0000 c2b8=0x00000000 c2bc=0x00000000 f=0
[BLACKSCREEN][A110-PATH] #155 pc=0x8001A244 instr=0x0C005594 v0=0xFFFFFFFF v1=0x00000026 a0=0xFFFFFFFF a1=0x00008000 a2=0x00000000 a3=0x00000000 s0=0x00000003 s1=0x801E0000 s2=0x80032D80 s3=0x80032B48 sp=0x801FFF98 ra=0x8001A184 m2ab4=0x00000000 m2ab8=0x00000000 m2ac5=0x00 c2ba=0x0000 c2b8=0x00000000 c2bc=0x00000000 f=0
[BLACKSCREEN][A110-CALL] pc=0x8001A244 target=0x80015650 v0=0xFFFFFFFF v1=0x00000026 a0=0xFFFFFFFF a1=0x00008000 a2=0x00000000 a3=0x00000000 sp=0x801FFF98 ra=0x8001A24C f=0
[BLACKSCREEN][A110-15650-CALL] #39 call_pc=0x8001A244 ra=0x8001A24C v0=0xFFFFFFFF v1=0x00000026 a0=0xFFFFFFFF a1=0x00008000 sp=0x801FFF98 c2ba=0x0000 f=0
[BLACKSCREEN][CALL] stage=before_overlay #45 addr=0x80015650 ra=0x8001A24C f=0
[BLACKSCREEN][CALL] stage=before_inbinary #45 addr=0x80015650 ra=0x8001A24C f=0
[BLACKSCREEN][CALL] route=interp #45 addr=0x80015650 ra=0x8001A24C f=0
[BLACKSCREEN][INTERP] enter start=0x80015650 instr0=0x3C028003 a0=0xFFFFFFFF ra=0x8001A24C sp=0x801FFF98 f=0
[BLACKSCREEN][15650-STEP] #115 pc=0x80015650 instr=0x3C028003 v0=0xFFFFFFFF v1=0x00000026 a0=0xFFFFFFFF a1=0x00008000 c2ba=0x0000 c2b8=0x00000000 c2bc=0x00000000 ra=0x8001A24C sp=0x801FFF98 f=0
[BLACKSCREEN][15650-STEP] #116 pc=0x80015654 instr=0x9442C2BA v0=0x80030000 v1=0x00000026 a0=0xFFFFFFFF a1=0x00008000 c2ba=0x0000 c2b8=0x00000000 c2bc=0x00000000 ra=0x8001A24C sp=0x801FFF98 f=0
[BLACKSCREEN][STATE-C2BA-R] #39 size=2 phys=0x0002C2BA val=0x0000 ra=0x8001A24C sp=0x801FFF98 pc=0x00000000 f=0
[BLACKSCREEN][15650-STEP] #117 pc=0x80015658 instr=0x03E00008 v0=0x00000000 v1=0x00000026 a0=0xFFFFFFFF a1=0x00008000 c2ba=0x0000 c2b8=0x00000000 c2bc=0x00000000 ra=0x8001A24C sp=0x801FFF98 f=0
[BLACKSCREEN][15650-RET] #39 reason=jr_ra end=0x80015658 target=0x8001A24C steps=3 v0=0x00000000 v1=0x00000026 c2ba=0x0000 c2b8=0x00000000 c2bc=0x00000000 ra=0x8001A24C sp=0x801FFF98 f=0
[BLACKSCREEN][INTERP] start=0x80015650 end=0x80015658 steps=3 reason=jr_ra target=0x8001A24C ra=0x8001A24C sp=0x801FFF98 f=0
[BLACKSCREEN][A110-RET] call_pc=0x8001A244 target=0x80015650 v0_before=0xFFFFFFFF v1_before=0x00000026 v0_after=0x00000000 v1_after=0x00000026 c9278=0x1F801BD4 c927c=0x00000027 sp_before=0x801FFF98 sp_after=0x801FFF98 ra=0x8001A24C f=0
[BLACKSCREEN][A110-15650-RET] #39 call_pc=0x8001A244 v0_after=0x00000000 v1_after=0x00000026 a0=0xFFFFFFFF a1=0x00008000 sp_after=0x801FFF98 c2ba=0x0000 f=0
[BLACKSCREEN][A110-PATH] #156 pc=0x8001A24C instr=0x1040002B v0=0x00000000 v1=0x00000026 a0=0xFFFFFFFF a1=0x00008000 a2=0x00000000 a3=0x00000000 s0=0x00000003 s1=0x801E0000 s2=0x80032D80 s3=0x80032B48 sp=0x801FFF98 ra=0x8001A24C m2ab4=0x00000000 m2ab8=0x00000000 m2ac5=0x00 c2ba=0x0000 c2b8=0x00000000 c2bc=0x00000000 f=0
[BLACKSCREEN][A110-CALL] pc=0x8001A17C target=0x80015308 v0=0x00000000 v1=0x00000026 a0=0xFFFFFFFF a1=0x00008000 a2=0x00000000 a3=0x00000000 sp=0x801FFF98 ra=0x8001A184 f=0
[BLACKSCREEN][STATE-C2A8AC-R] #83 size=4 phys=0x0002C2A8 val=0x1F801814 ra=0x8001A184 sp=0x801FFF98 pc=0x00000000 f=0
[BLACKSCREEN][STATE-C2A8AC-R] #84 size=4 phys=0x0002C2AC val=0x1F801110 ra=0x8001A184 sp=0x801FFF98 pc=0x00000000 f=0
[BLACKSCREEN][CALL] route=compiled_early #41 addr=0x80015308 ra=0x8001A184 f=0
[BLACKSCREEN][A110-RET] call_pc=0x8001A17C target=0x80015308 v0_before=0x00000000 v1_before=0x00000026 v0_after=0x1F801814 v1_after=0x1F801110 c9278=0x1F801BD4 c927c=0x00000027 sp_before=0x801FFF98 sp_after=0x801FFF98 ra=0x8001A184 f=0
[BLACKSCREEN][A110-EXIT-COND] pc=0x8001A194 instr=0x1460000B v1=0x00000000 v0=0x1F801814 will_branch=0 next=0x8001A19C else=0x8001A1C4 c9278=0x1F801BD4 c927c=0x00000027 ra=0x8001A184 sp=0x801FFF98 f=0
[BLACKSCREEN][A110-PATH] #157 pc=0x8001A238 instr=0x00001021 v0=0x00000000 v1=0x00000027 a0=0xFFFFFFFF a1=0x00008000 a2=0x00000000 a3=0x00000000 s0=0x00000003 s1=0x801E0000 s2=0x80032D80 s3=0x80032B48 sp=0x801FFF98 ra=0x8001A184 m2ab4=0x00000000 m2ab8=0x00000000 m2ac5=0x00 c2ba=0x0000 c2b8=0x00000000 c2bc=0x00000000 f=0
[BLACKSCREEN][A110-PATH] #158 pc=0x8001A23C instr=0x14400049 v0=0x00000000 v1=0x00000027 a0=0xFFFFFFFF a1=0x00008000 a2=0x00000000 a3=0x00000000 s0=0x00000003 s1=0x801E0000 s2=0x80032D80 s3=0x80032B48 sp=0x801FFF98 ra=0x8001A184 m2ab4=0x00000000 m2ab8=0x00000000 m2ac5=0x00 c2ba=0x0000 c2b8=0x00000000 c2bc=0x00000000 f=0
[BLACKSCREEN][A110-PATH] #159 pc=0x8001A244 instr=0x0C005594 v0=0xFFFFFFFF v1=0x00000027 a0=0xFFFFFFFF a1=0x00008000 a2=0x00000000 a3=0x00000000 s0=0x00000003 s1=0x801E0000 s2=0x80032D80 s3=0x80032B48 sp=0x801FFF98 ra=0x8001A184 m2ab4=0x00000000 m2ab8=0x00000000 m2ac5=0x00 c2ba=0x0000 c2b8=0x00000000 c2bc=0x00000000 f=0
[BLACKSCREEN][A110-CALL] pc=0x8001A244 target=0x80015650 v0=0xFFFFFFFF v1=0x00000027 a0=0xFFFFFFFF a1=0x00008000 a2=0x00000000 a3=0x00000000 sp=0x801FFF98 ra=0x8001A24C f=0
[BLACKSCREEN][A110-15650-CALL] #40 call_pc=0x8001A244 ra=0x8001A24C v0=0xFFFFFFFF v1=0x00000027 a0=0xFFFFFFFF a1=0x00008000 sp=0x801FFF98 c2ba=0x0000 f=0
[BLACKSCREEN][CALL] stage=before_overlay #46 addr=0x80015650 ra=0x8001A24C f=0
[BLACKSCREEN][CALL] stage=before_inbinary #46 addr=0x80015650 ra=0x8001A24C f=0
[BLACKSCREEN][CALL] route=interp #46 addr=0x80015650 ra=0x8001A24C f=0
[BLACKSCREEN][INTERP] enter start=0x80015650 instr0=0x3C028003 a0=0xFFFFFFFF ra=0x8001A24C sp=0x801FFF98 f=0
[BLACKSCREEN][15650-STEP] #118 pc=0x80015650 instr=0x3C028003 v0=0xFFFFFFFF v1=0x00000027 a0=0xFFFFFFFF a1=0x00008000 c2ba=0x0000 c2b8=0x00000000 c2bc=0x00000000 ra=0x8001A24C sp=0x801FFF98 f=0
[BLACKSCREEN][15650-STEP] #119 pc=0x80015654 instr=0x9442C2BA v0=0x80030000 v1=0x00000027 a0=0xFFFFFFFF a1=0x00008000 c2ba=0x0000 c2b8=0x00000000 c2bc=0x00000000 ra=0x8001A24C sp=0x801FFF98 f=0
[BLACKSCREEN][STATE-C2BA-R] #40 size=2 phys=0x0002C2BA val=0x0000 ra=0x8001A24C sp=0x801FFF98 pc=0x00000000 f=0
[BLACKSCREEN][15650-STEP] #120 pc=0x80015658 instr=0x03E00008 v0=0x00000000 v1=0x00000027 a0=0xFFFFFFFF a1=0x00008000 c2ba=0x0000 c2b8=0x00000000 c2bc=0x00000000 ra=0x8001A24C sp=0x801FFF98 f=0
[BLACKSCREEN][15650-RET] #40 reason=jr_ra end=0x80015658 target=0x8001A24C steps=3 v0=0x00000000 v1=0x00000027 c2ba=0x0000 c2b8=0x00000000 c2bc=0x00000000 ra=0x8001A24C sp=0x801FFF98 f=0
[BLACKSCREEN][INTERP] start=0x80015650 end=0x80015658 steps=3 reason=jr_ra target=0x8001A24C ra=0x8001A24C sp=0x801FFF98 f=0
[BLACKSCREEN][A110-RET] call_pc=0x8001A244 target=0x80015650 v0_before=0xFFFFFFFF v1_before=0x00000027 v0_after=0x00000000 v1_after=0x00000027 c9278=0x1F801BD4 c927c=0x00000028 sp_before=0x801FFF98 sp_after=0x801FFF98 ra=0x8001A24C f=0
[BLACKSCREEN][A110-15650-RET] #40 call_pc=0x8001A244 v0_after=0x00000000 v1_after=0x00000027 a0=0xFFFFFFFF a1=0x00008000 sp_after=0x801FFF98 c2ba=0x0000 f=0
[BLACKSCREEN][A110-PATH] #160 pc=0x8001A24C instr=0x1040002B v0=0x00000000 v1=0x00000027 a0=0xFFFFFFFF a1=0x00008000 a2=0x00000000 a3=0x00000000 s0=0x00000003 s1=0x801E0000 s2=0x80032D80 s3=0x80032B48 sp=0x801FFF98 ra=0x8001A24C m2ab4=0x00000000 m2ab8=0x00000000 m2ac5=0x00 c2ba=0x0000 c2b8=0x00000000 c2bc=0x00000000 f=0
[BLACKSCREEN][A110-CALL] pc=0x8001A17C target=0x80015308 v0=0x00000000 v1=0x00000027 a0=0xFFFFFFFF a1=0x00008000 a2=0x00000000 a3=0x00000000 sp=0x801FFF98 ra=0x8001A184 f=0
[BLACKSCREEN][STATE-C2A8AC-R] #85 size=4 phys=0x0002C2A8 val=0x1F801814 ra=0x8001A184 sp=0x801FFF98 pc=0x00000000 f=0
[BLACKSCREEN][STATE-C2A8AC-R] #86 size=4 phys=0x0002C2AC val=0x1F801110 ra=0x8001A184 sp=0x801FFF98 pc=0x00000000 f=0
[BLACKSCREEN][CALL] route=compiled_early #42 addr=0x80015308 ra=0x8001A184 f=0
[BLACKSCREEN][A110-RET] call_pc=0x8001A17C target=0x80015308 v0_before=0x00000000 v1_before=0x00000027 v0_after=0x1F801814 v1_after=0x1F801110 c9278=0x1F801BD4 c927c=0x00000028 sp_before=0x801FFF98 sp_after=0x801FFF98 ra=0x8001A184 f=0
[BLACKSCREEN][A110-EXIT-COND] pc=0x8001A194 instr=0x1460000B v1=0x00000000 v0=0x1F801814 will_branch=0 next=0x8001A19C else=0x8001A1C4 c9278=0x1F801BD4 c927c=0x00000028 ra=0x8001A184 sp=0x801FFF98 f=0
[BLACKSCREEN][A110-PATH] #161 pc=0x8001A238 instr=0x00001021 v0=0x00000000 v1=0x00000028 a0=0xFFFFFFFF a1=0x00008000 a2=0x00000000 a3=0x00000000 s0=0x00000003 s1=0x801E0000 s2=0x80032D80 s3=0x80032B48 sp=0x801FFF98 ra=0x8001A184 m2ab4=0x00000000 m2ab8=0x00000000 m2ac5=0x00 c2ba=0x0000 c2b8=0x00000000 c2bc=0x00000000 f=0
[BLACKSCREEN][A110-PATH] #162 pc=0x8001A23C instr=0x14400049 v0=0x00000000 v1=0x00000028 a0=0xFFFFFFFF a1=0x00008000 a2=0x00000000 a3=0x00000000 s0=0x00000003 s1=0x801E0000 s2=0x80032D80 s3=0x80032B48 sp=0x801FFF98 ra=0x8001A184 m2ab4=0x00000000 m2ab8=0x00000000 m2ac5=0x00 c2ba=0x0000 c2b8=0x00000000 c2bc=0x00000000 f=0
[BLACKSCREEN][A110-PATH] #163 pc=0x8001A244 instr=0x0C005594 v0=0xFFFFFFFF v1=0x00000028 a0=0xFFFFFFFF a1=0x00008000 a2=0x00000000 a3=0x00000000 s0=0x00000003 s1=0x801E0000 s2=0x80032D80 s3=0x80032B48 sp=0x801FFF98 ra=0x8001A184 m2ab4=0x00000000 m2ab8=0x00000000 m2ac5=0x00 c2ba=0x0000 c2b8=0x00000000 c2bc=0x00000000 f=0
[BLACKSCREEN][A110-CALL] pc=0x8001A244 target=0x80015650 v0=0xFFFFFFFF v1=0x00000028 a0=0xFFFFFFFF a1=0x00008000 a2=0x00000000 a3=0x00000000 sp=0x801FFF98 ra=0x8001A24C f=0
[BLACKSCREEN][A110-15650-CALL] #41 call_pc=0x8001A244 ra=0x8001A24C v0=0xFFFFFFFF v1=0x00000028 a0=0xFFFFFFFF a1=0x00008000 sp=0x801FFF98 c2ba=0x0000 f=0
[BLACKSCREEN][CALL] stage=before_overlay #47 addr=0x80015650 ra=0x8001A24C f=0
[BLACKSCREEN][CALL] stage=before_inbinary #47 addr=0x80015650 ra=0x8001A24C f=0
[BLACKSCREEN][CALL] route=interp #47 addr=0x80015650 ra=0x8001A24C f=0
[BLACKSCREEN][INTERP] enter start=0x80015650 instr0=0x3C028003 a0=0xFFFFFFFF ra=0x8001A24C sp=0x801FFF98 f=0
[BLACKSCREEN][15650-STEP] #121 pc=0x80015650 instr=0x3C028003 v0=0xFFFFFFFF v1=0x00000028 a0=0xFFFFFFFF a1=0x00008000 c2ba=0x0000 c2b8=0x00000000 c2bc=0x00000000 ra=0x8001A24C sp=0x801FFF98 f=0
[BLACKSCREEN][15650-STEP] #122 pc=0x80015654 instr=0x9442C2BA v0=0x80030000 v1=0x00000028 a0=0xFFFFFFFF a1=0x00008000 c2ba=0x0000 c2b8=0x00000000 c2bc=0x00000000 ra=0x8001A24C sp=0x801FFF98 f=0
[BLACKSCREEN][STATE-C2BA-R] #41 size=2 phys=0x0002C2BA val=0x0000 ra=0x8001A24C sp=0x801FFF98 pc=0x00000000 f=0
[BLACKSCREEN][15650-STEP] #123 pc=0x80015658 instr=0x03E00008 v0=0x00000000 v1=0x00000028 a0=0xFFFFFFFF a1=0x00008000 c2ba=0x0000 c2b8=0x00000000 c2bc=0x00000000 ra=0x8001A24C sp=0x801FFF98 f=0
[BLACKSCREEN][15650-RET] #41 reason=jr_ra end=0x80015658 target=0x8001A24C steps=3 v0=0x00000000 v1=0x00000028 c2ba=0x0000 c2b8=0x00000000 c2bc=0x00000000 ra=0x8001A24C sp=0x801FFF98 f=0
[BLACKSCREEN][INTERP] start=0x80015650 end=0x80015658 steps=3 reason=jr_ra target=0x8001A24C ra=0x8001A24C sp=0x801FFF98 f=0
[BLACKSCREEN][A110-RET] call_pc=0x8001A244 target=0x80015650 v0_before=0xFFFFFFFF v1_before=0x00000028 v0_after=0x00000000 v1_after=0x00000028 c9278=0x1F801BD4 c927c=0x00000029 sp_before=0x801FFF98 sp_after=0x801FFF98 ra=0x8001A24C f=0
[BLACKSCREEN][A110-15650-RET] #41 call_pc=0x8001A244 v0_after=0x00000000 v1_after=0x00000028 a0=0xFFFFFFFF a1=0x00008000 sp_after=0x801FFF98 c2ba=0x0000 f=0
[BLACKSCREEN][A110-PATH] #164 pc=0x8001A24C instr=0x1040002B v0=0x00000000 v1=0x00000028 a0=0xFFFFFFFF a1=0x00008000 a2=0x00000000 a3=0x00000000 s0=0x00000003 s1=0x801E0000 s2=0x80032D80 s3=0x80032B48 sp=0x801FFF98 ra=0x8001A24C m2ab4=0x00000000 m2ab8=0x00000000 m2ac5=0x00 c2ba=0x0000 c2b8=0x00000000 c2bc=0x00000000 f=0
[BLACKSCREEN][A110-CALL] pc=0x8001A17C target=0x80015308 v0=0x00000000 v1=0x00000028 a0=0xFFFFFFFF a1=0x00008000 a2=0x00000000 a3=0x00000000 sp=0x801FFF98 ra=0x8001A184 f=0
[BLACKSCREEN][STATE-C2A8AC-R] #87 size=4 phys=0x0002C2A8 val=0x1F801814 ra=0x8001A184 sp=0x801FFF98 pc=0x00000000 f=0
[BLACKSCREEN][STATE-C2A8AC-R] #88 size=4 phys=0x0002C2AC val=0x1F801110 ra=0x8001A184 sp=0x801FFF98 pc=0x00000000 f=0
[BLACKSCREEN][CALL] route=compiled_early #43 addr=0x80015308 ra=0x8001A184 f=0
[BLACKSCREEN][A110-RET] call_pc=0x8001A17C target=0x80015308 v0_before=0x00000000 v1_before=0x00000028 v0_after=0x1F801814 v1_after=0x1F801110 c9278=0x1F801BD4 c927c=0x00000029 sp_before=0x801FFF98 sp_after=0x801FFF98 ra=0x8001A184 f=0
[BLACKSCREEN][A110-EXIT-COND] pc=0x8001A194 instr=0x1460000B v1=0x00000000 v0=0x1F801814 will_branch=0 next=0x8001A19C else=0x8001A1C4 c9278=0x1F801BD4 c927c=0x00000029 ra=0x8001A184 sp=0x801FFF98 f=0
[BLACKSCREEN][A110-PATH] #165 pc=0x8001A238 instr=0x00001021 v0=0x00000000 v1=0x00000029 a0=0xFFFFFFFF a1=0x00008000 a2=0x00000000 a3=0x00000000 s0=0x00000003 s1=0x801E0000 s2=0x80032D80 s3=0x80032B48 sp=0x801FFF98 ra=0x8001A184 m2ab4=0x00000000 m2ab8=0x00000000 m2ac5=0x00 c2ba=0x0000 c2b8=0x00000000 c2bc=0x00000000 f=0
[BLACKSCREEN][A110-PATH] #166 pc=0x8001A23C instr=0x14400049 v0=0x00000000 v1=0x00000029 a0=0xFFFFFFFF a1=0x00008000 a2=0x00000000 a3=0x00000000 s0=0x00000003 s1=0x801E0000 s2=0x80032D80 s3=0x80032B48 sp=0x801FFF98 ra=0x8001A184 m2ab4=0x00000000 m2ab8=0x00000000 m2ac5=0x00 c2ba=0x0000 c2b8=0x00000000 c2bc=0x00000000 f=0
[BLACKSCREEN][A110-PATH] #167 pc=0x8001A244 instr=0x0C005594 v0=0xFFFFFFFF v1=0x00000029 a0=0xFFFFFFFF a1=0x00008000 a2=0x00000000 a3=0x00000000 s0=0x00000003 s1=0x801E0000 s2=0x80032D80 s3=0x80032B48 sp=0x801FFF98 ra=0x8001A184 m2ab4=0x00000000 m2ab8=0x00000000 m2ac5=0x00 c2ba=0x0000 c2b8=0x00000000 c2bc=0x00000000 f=0
[BLACKSCREEN][A110-CALL] pc=0x8001A244 target=0x80015650 v0=0xFFFFFFFF v1=0x00000029 a0=0xFFFFFFFF a1=0x00008000 a2=0x00000000 a3=0x00000000 sp=0x801FFF98 ra=0x8001A24C f=0
[BLACKSCREEN][A110-15650-CALL] #42 call_pc=0x8001A244 ra=0x8001A24C v0=0xFFFFFFFF v1=0x00000029 a0=0xFFFFFFFF a1=0x00008000 sp=0x801FFF98 c2ba=0x0000 f=0
[BLACKSCREEN][CALL] stage=before_overlay #48 addr=0x80015650 ra=0x8001A24C f=0
[BLACKSCREEN][CALL] stage=before_inbinary #48 addr=0x80015650 ra=0x8001A24C f=0
[BLACKSCREEN][CALL] route=interp #48 addr=0x80015650 ra=0x8001A24C f=0
[BLACKSCREEN][INTERP] enter start=0x80015650 instr0=0x3C028003 a0=0xFFFFFFFF ra=0x8001A24C sp=0x801FFF98 f=0
[BLACKSCREEN][15650-STEP] #124 pc=0x80015650 instr=0x3C028003 v0=0xFFFFFFFF v1=0x00000029 a0=0xFFFFFFFF a1=0x00008000 c2ba=0x0000 c2b8=0x00000000 c2bc=0x00000000 ra=0x8001A24C sp=0x801FFF98 f=0
[BLACKSCREEN][15650-STEP] #125 pc=0x80015654 instr=0x9442C2BA v0=0x80030000 v1=0x00000029 a0=0xFFFFFFFF a1=0x00008000 c2ba=0x0000 c2b8=0x00000000 c2bc=0x00000000 ra=0x8001A24C sp=0x801FFF98 f=0
[BLACKSCREEN][STATE-C2BA-R] #42 size=2 phys=0x0002C2BA val=0x0000 ra=0x8001A24C sp=0x801FFF98 pc=0x00000000 f=0
[BLACKSCREEN][15650-STEP] #126 pc=0x80015658 instr=0x03E00008 v0=0x00000000 v1=0x00000029 a0=0xFFFFFFFF a1=0x00008000 c2ba=0x0000 c2b8=0x00000000 c2bc=0x00000000 ra=0x8001A24C sp=0x801FFF98 f=0
[BLACKSCREEN][15650-RET] #42 reason=jr_ra end=0x80015658 target=0x8001A24C steps=3 v0=0x00000000 v1=0x00000029 c2ba=0x0000 c2b8=0x00000000 c2bc=0x00000000 ra=0x8001A24C sp=0x801FFF98 f=0
[BLACKSCREEN][INTERP] start=0x80015650 end=0x80015658 steps=3 reason=jr_ra target=0x8001A24C ra=0x8001A24C sp=0x801FFF98 f=0
[BLACKSCREEN][A110-RET] call_pc=0x8001A244 target=0x80015650 v0_before=0xFFFFFFFF v1_before=0x00000029 v0_after=0x00000000 v1_after=0x00000029 c9278=0x1F801BD4 c927c=0x0000002A sp_before=0x801FFF98 sp_after=0x801FFF98 ra=0x8001A24C f=0
[BLACKSCREEN][A110-15650-RET] #42 call_pc=0x8001A244 v0_after=0x00000000 v1_after=0x00000029 a0=0xFFFFFFFF a1=0x00008000 sp_after=0x801FFF98 c2ba=0x0000 f=0
[BLACKSCREEN][A110-PATH] #168 pc=0x8001A24C instr=0x1040002B v0=0x00000000 v1=0x00000029 a0=0xFFFFFFFF a1=0x00008000 a2=0x00000000 a3=0x00000000 s0=0x00000003 s1=0x801E0000 s2=0x80032D80 s3=0x80032B48 sp=0x801FFF98 ra=0x8001A24C m2ab4=0x00000000 m2ab8=0x00000000 m2ac5=0x00 c2ba=0x0000 c2b8=0x00000000 c2bc=0x00000000 f=0
[BLACKSCREEN][A110-CALL] pc=0x8001A17C target=0x80015308 v0=0x00000000 v1=0x00000029 a0=0xFFFFFFFF a1=0x00008000 a2=0x00000000 a3=0x00000000 sp=0x801FFF98 ra=0x8001A184 f=0
[BLACKSCREEN][STATE-C2A8AC-R] #89 size=4 phys=0x0002C2A8 val=0x1F801814 ra=0x8001A184 sp=0x801FFF98 pc=0x00000000 f=0
[BLACKSCREEN][STATE-C2A8AC-R] #90 size=4 phys=0x0002C2AC val=0x1F801110 ra=0x8001A184 sp=0x801FFF98 pc=0x00000000 f=0
[BLACKSCREEN][CALL] route=compiled_early #44 addr=0x80015308 ra=0x8001A184 f=0
[BLACKSCREEN][A110-RET] call_pc=0x8001A17C target=0x80015308 v0_before=0x00000000 v1_before=0x00000029 v0_after=0x1F801814 v1_after=0x1F801110 c9278=0x1F801BD4 c927c=0x0000002A sp_before=0x801FFF98 sp_after=0x801FFF98 ra=0x8001A184 f=0
[BLACKSCREEN][A110-EXIT-COND] pc=0x8001A194 instr=0x1460000B v1=0x00000000 v0=0x1F801814 will_branch=0 next=0x8001A19C else=0x8001A1C4 c9278=0x1F801BD4 c927c=0x0000002A ra=0x8001A184 sp=0x801FFF98 f=0
[BLACKSCREEN][A110-PATH] #169 pc=0x8001A238 instr=0x00001021 v0=0x00000000 v1=0x0000002A a0=0xFFFFFFFF a1=0x00008000 a2=0x00000000 a3=0x00000000 s0=0x00000003 s1=0x801E0000 s2=0x80032D80 s3=0x80032B48 sp=0x801FFF98 ra=0x8001A184 m2ab4=0x00000000 m2ab8=0x00000000 m2ac5=0x00 c2ba=0x0000 c2b8=0x00000000 c2bc=0x00000000 f=0
[BLACKSCREEN][A110-PATH] #170 pc=0x8001A23C instr=0x14400049 v0=0x00000000 v1=0x0000002A a0=0xFFFFFFFF a1=0x00008000 a2=0x00000000 a3=0x00000000 s0=0x00000003 s1=0x801E0000 s2=0x80032D80 s3=0x80032B48 sp=0x801FFF98 ra=0x8001A184 m2ab4=0x00000000 m2ab8=0x00000000 m2ac5=0x00 c2ba=0x0000 c2b8=0x00000000 c2bc=0x00000000 f=0
[BLACKSCREEN][A110-PATH] #171 pc=0x8001A244 instr=0x0C005594 v0=0xFFFFFFFF v1=0x0000002A a0=0xFFFFFFFF a1=0x00008000 a2=0x00000000 a3=0x00000000 s0=0x00000003 s1=0x801E0000 s2=0x80032D80 s3=0x80032B48 sp=0x801FFF98 ra=0x8001A184 m2ab4=0x00000000 m2ab8=0x00000000 m2ac5=0x00 c2ba=0x0000 c2b8=0x00000000 c2bc=0x00000000 f=0
[BLACKSCREEN][A110-CALL] pc=0x8001A244 target=0x80015650 v0=0xFFFFFFFF v1=0x0000002A a0=0xFFFFFFFF a1=0x00008000 a2=0x00000000 a3=0x00000000 sp=0x801FFF98 ra=0x8001A24C f=0
[BLACKSCREEN][A110-15650-CALL] #43 call_pc=0x8001A244 ra=0x8001A24C v0=0xFFFFFFFF v1=0x0000002A a0=0xFFFFFFFF a1=0x00008000 sp=0x801FFF98 c2ba=0x0000 f=0
[BLACKSCREEN][CALL] stage=before_overlay #49 addr=0x80015650 ra=0x8001A24C f=0
[BLACKSCREEN][CALL] stage=before_inbinary #49 addr=0x80015650 ra=0x8001A24C f=0
[BLACKSCREEN][CALL] route=interp #49 addr=0x80015650 ra=0x8001A24C f=0
[BLACKSCREEN][INTERP] enter start=0x80015650 instr0=0x3C028003 a0=0xFFFFFFFF ra=0x8001A24C sp=0x801FFF98 f=0
[BLACKSCREEN][15650-STEP] #127 pc=0x80015650 instr=0x3C028003 v0=0xFFFFFFFF v1=0x0000002A a0=0xFFFFFFFF a1=0x00008000 c2ba=0x0000 c2b8=0x00000000 c2bc=0x00000000 ra=0x8001A24C sp=0x801FFF98 f=0
[BLACKSCREEN][15650-STEP] #128 pc=0x80015654 instr=0x9442C2BA v0=0x80030000 v1=0x0000002A a0=0xFFFFFFFF a1=0x00008000 c2ba=0x0000 c2b8=0x00000000 c2bc=0x00000000 ra=0x8001A24C sp=0x801FFF98 f=0
[BLACKSCREEN][STATE-C2BA-R] #43 size=2 phys=0x0002C2BA val=0x0000 ra=0x8001A24C sp=0x801FFF98 pc=0x00000000 f=0
[BLACKSCREEN][15650-STEP] #129 pc=0x80015658 instr=0x03E00008 v0=0x00000000 v1=0x0000002A a0=0xFFFFFFFF a1=0x00008000 c2ba=0x0000 c2b8=0x00000000 c2bc=0x00000000 ra=0x8001A24C sp=0x801FFF98 f=0
[BLACKSCREEN][15650-RET] #43 reason=jr_ra end=0x80015658 target=0x8001A24C steps=3 v0=0x00000000 v1=0x0000002A c2ba=0x0000 c2b8=0x00000000 c2bc=0x00000000 ra=0x8001A24C sp=0x801FFF98 f=0
[BLACKSCREEN][INTERP] start=0x80015650 end=0x80015658 steps=3 reason=jr_ra target=0x8001A24C ra=0x8001A24C sp=0x801FFF98 f=0
[BLACKSCREEN][A110-RET] call_pc=0x8001A244 target=0x80015650 v0_before=0xFFFFFFFF v1_before=0x0000002A v0_after=0x00000000 v1_after=0x0000002A c9278=0x1F801BD4 c927c=0x0000002B sp_before=0x801FFF98 sp_after=0x801FFF98 ra=0x8001A24C f=0
[BLACKSCREEN][A110-15650-RET] #43 call_pc=0x8001A244 v0_after=0x00000000 v1_after=0x0000002A a0=0xFFFFFFFF a1=0x00008000 sp_after=0x801FFF98 c2ba=0x0000 f=0
[BLACKSCREEN][A110-PATH] #172 pc=0x8001A24C instr=0x1040002B v0=0x00000000 v1=0x0000002A a0=0xFFFFFFFF a1=0x00008000 a2=0x00000000 a3=0x00000000 s0=0x00000003 s1=0x801E0000 s2=0x80032D80 s3=0x80032B48 sp=0x801FFF98 ra=0x8001A24C m2ab4=0x00000000 m2ab8=0x00000000 m2ac5=0x00 c2ba=0x0000 c2b8=0x00000000 c2bc=0x00000000 f=0
[BLACKSCREEN][A110-CALL] pc=0x8001A17C target=0x80015308 v0=0x00000000 v1=0x0000002A a0=0xFFFFFFFF a1=0x00008000 a2=0x00000000 a3=0x00000000 sp=0x801FFF98 ra=0x8001A184 f=0
[BLACKSCREEN][STATE-C2A8AC-R] #91 size=4 phys=0x0002C2A8 val=0x1F801814 ra=0x8001A184 sp=0x801FFF98 pc=0x00000000 f=0
[BLACKSCREEN][STATE-C2A8AC-R] #92 size=4 phys=0x0002C2AC val=0x1F801110 ra=0x8001A184 sp=0x801FFF98 pc=0x00000000 f=0
[BLACKSCREEN][CALL] route=compiled_early #45 addr=0x80015308 ra=0x8001A184 f=0
[BLACKSCREEN][A110-RET] call_pc=0x8001A17C target=0x80015308 v0_before=0x00000000 v1_before=0x0000002A v0_after=0x1F801814 v1_after=0x1F801110 c9278=0x1F801BD4 c927c=0x0000002B sp_before=0x801FFF98 sp_after=0x801FFF98 ra=0x8001A184 f=0
[BLACKSCREEN][A110-EXIT-COND] pc=0x8001A194 instr=0x1460000B v1=0x00000000 v0=0x1F801814 will_branch=0 next=0x8001A19C else=0x8001A1C4 c9278=0x1F801BD4 c927c=0x0000002B ra=0x8001A184 sp=0x801FFF98 f=0
[BLACKSCREEN][A110-PATH] #173 pc=0x8001A238 instr=0x00001021 v0=0x00000000 v1=0x0000002B a0=0xFFFFFFFF a1=0x00008000 a2=0x00000000 a3=0x00000000 s0=0x00000003 s1=0x801E0000 s2=0x80032D80 s3=0x80032B48 sp=0x801FFF98 ra=0x8001A184 m2ab4=0x00000000 m2ab8=0x00000000 m2ac5=0x00 c2ba=0x0000 c2b8=0x00000000 c2bc=0x00000000 f=0
[BLACKSCREEN][A110-PATH] #174 pc=0x8001A23C instr=0x14400049 v0=0x00000000 v1=0x0000002B a0=0xFFFFFFFF a1=0x00008000 a2=0x00000000 a3=0x00000000 s0=0x00000003 s1=0x801E0000 s2=0x80032D80 s3=0x80032B48 sp=0x801FFF98 ra=0x8001A184 m2ab4=0x00000000 m2ab8=0x00000000 m2ac5=0x00 c2ba=0x0000 c2b8=0x00000000 c2bc=0x00000000 f=0
[BLACKSCREEN][A110-PATH] #175 pc=0x8001A244 instr=0x0C005594 v0=0xFFFFFFFF v1=0x0000002B a0=0xFFFFFFFF a1=0x00008000 a2=0x00000000 a3=0x00000000 s0=0x00000003 s1=0x801E0000 s2=0x80032D80 s3=0x80032B48 sp=0x801FFF98 ra=0x8001A184 m2ab4=0x00000000 m2ab8=0x00000000 m2ac5=0x00 c2ba=0x0000 c2b8=0x00000000 c2bc=0x00000000 f=0
[BLACKSCREEN][A110-CALL] pc=0x8001A244 target=0x80015650 v0=0xFFFFFFFF v1=0x0000002B a0=0xFFFFFFFF a1=0x00008000 a2=0x00000000 a3=0x00000000 sp=0x801FFF98 ra=0x8001A24C f=0
[BLACKSCREEN][A110-15650-CALL] #44 call_pc=0x8001A244 ra=0x8001A24C v0=0xFFFFFFFF v1=0x0000002B a0=0xFFFFFFFF a1=0x00008000 sp=0x801FFF98 c2ba=0x0000 f=0
[BLACKSCREEN][CALL] stage=before_overlay #50 addr=0x80015650 ra=0x8001A24C f=0
[BLACKSCREEN][CALL] stage=before_inbinary #50 addr=0x80015650 ra=0x8001A24C f=0
[BLACKSCREEN][CALL] route=interp #50 addr=0x80015650 ra=0x8001A24C f=0
[BLACKSCREEN][INTERP] enter start=0x80015650 instr0=0x3C028003 a0=0xFFFFFFFF ra=0x8001A24C sp=0x801FFF98 f=0
[BLACKSCREEN][15650-STEP] #130 pc=0x80015650 instr=0x3C028003 v0=0xFFFFFFFF v1=0x0000002B a0=0xFFFFFFFF a1=0x00008000 c2ba=0x0000 c2b8=0x00000000 c2bc=0x00000000 ra=0x8001A24C sp=0x801FFF98 f=0
[BLACKSCREEN][15650-STEP] #131 pc=0x80015654 instr=0x9442C2BA v0=0x80030000 v1=0x0000002B a0=0xFFFFFFFF a1=0x00008000 c2ba=0x0000 c2b8=0x00000000 c2bc=0x00000000 ra=0x8001A24C sp=0x801FFF98 f=0
[BLACKSCREEN][STATE-C2BA-R] #44 size=2 phys=0x0002C2BA val=0x0000 ra=0x8001A24C sp=0x801FFF98 pc=0x00000000 f=0
[BLACKSCREEN][15650-STEP] #132 pc=0x80015658 instr=0x03E00008 v0=0x00000000 v1=0x0000002B a0=0xFFFFFFFF a1=0x00008000 c2ba=0x0000 c2b8=0x00000000 c2bc=0x00000000 ra=0x8001A24C sp=0x801FFF98 f=0
[BLACKSCREEN][15650-RET] #44 reason=jr_ra end=0x80015658 target=0x8001A24C steps=3 v0=0x00000000 v1=0x0000002B c2ba=0x0000 c2b8=0x00000000 c2bc=0x00000000 ra=0x8001A24C sp=0x801FFF98 f=0
[BLACKSCREEN][INTERP] start=0x80015650 end=0x80015658 steps=3 reason=jr_ra target=0x8001A24C ra=0x8001A24C sp=0x801FFF98 f=0
[BLACKSCREEN][A110-RET] call_pc=0x8001A244 target=0x80015650 v0_before=0xFFFFFFFF v1_before=0x0000002B v0_after=0x00000000 v1_after=0x0000002B c9278=0x1F801BD4 c927c=0x0000002C sp_before=0x801FFF98 sp_after=0x801FFF98 ra=0x8001A24C f=0
[BLACKSCREEN][A110-15650-RET] #44 call_pc=0x8001A244 v0_after=0x00000000 v1_after=0x0000002B a0=0xFFFFFFFF a1=0x00008000 sp_after=0x801FFF98 c2ba=0x0000 f=0
[BLACKSCREEN][A110-PATH] #176 pc=0x8001A24C instr=0x1040002B v0=0x00000000 v1=0x0000002B a0=0xFFFFFFFF a1=0x00008000 a2=0x00000000 a3=0x00000000 s0=0x00000003 s1=0x801E0000 s2=0x80032D80 s3=0x80032B48 sp=0x801FFF98 ra=0x8001A24C m2ab4=0x00000000 m2ab8=0x00000000 m2ac5=0x00 c2ba=0x0000 c2b8=0x00000000 c2bc=0x00000000 f=0
[BLACKSCREEN][A110-CALL] pc=0x8001A17C target=0x80015308 v0=0x00000000 v1=0x0000002B a0=0xFFFFFFFF a1=0x00008000 a2=0x00000000 a3=0x00000000 sp=0x801FFF98 ra=0x8001A184 f=0
[BLACKSCREEN][STATE-C2A8AC-R] #93 size=4 phys=0x0002C2A8 val=0x1F801814 ra=0x8001A184 sp=0x801FFF98 pc=0x00000000 f=0
[BLACKSCREEN][STATE-C2A8AC-R] #94 size=4 phys=0x0002C2AC val=0x1F801110 ra=0x8001A184 sp=0x801FFF98 pc=0x00000000 f=0
[BLACKSCREEN][CALL] route=compiled_early #46 addr=0x80015308 ra=0x8001A184 f=0
[BLACKSCREEN][A110-RET] call_pc=0x8001A17C target=0x80015308 v0_before=0x00000000 v1_before=0x0000002B v0_after=0x1F801814 v1_after=0x1F801110 c9278=0x1F801BD4 c927c=0x0000002C sp_before=0x801FFF98 sp_after=0x801FFF98 ra=0x8001A184 f=0
[BLACKSCREEN][A110-EXIT-COND] pc=0x8001A194 instr=0x1460000B v1=0x00000000 v0=0x1F801814 will_branch=0 next=0x8001A19C else=0x8001A1C4 c9278=0x1F801BD4 c927c=0x0000002C ra=0x8001A184 sp=0x801FFF98 f=0
[BLACKSCREEN][A110-PATH] #177 pc=0x8001A238 instr=0x00001021 v0=0x00000000 v1=0x0000002C a0=0xFFFFFFFF a1=0x00008000 a2=0x00000000 a3=0x00000000 s0=0x00000003 s1=0x801E0000 s2=0x80032D80 s3=0x80032B48 sp=0x801FFF98 ra=0x8001A184 m2ab4=0x00000000 m2ab8=0x00000000 m2ac5=0x00 c2ba=0x0000 c2b8=0x00000000 c2bc=0x00000000 f=0
[BLACKSCREEN][A110-PATH] #178 pc=0x8001A23C instr=0x14400049 v0=0x00000000 v1=0x0000002C a0=0xFFFFFFFF a1=0x00008000 a2=0x00000000 a3=0x00000000 s0=0x00000003 s1=0x801E0000 s2=0x80032D80 s3=0x80032B48 sp=0x801FFF98 ra=0x8001A184 m2ab4=0x00000000 m2ab8=0x00000000 m2ac5=0x00 c2ba=0x0000 c2b8=0x00000000 c2bc=0x00000000 f=0
[BLACKSCREEN][A110-PATH] #179 pc=0x8001A244 instr=0x0C005594 v0=0xFFFFFFFF v1=0x0000002C a0=0xFFFFFFFF a1=0x00008000 a2=0x00000000 a3=0x00000000 s0=0x00000003 s1=0x801E0000 s2=0x80032D80 s3=0x80032B48 sp=0x801FFF98 ra=0x8001A184 m2ab4=0x00000000 m2ab8=0x00000000 m2ac5=0x00 c2ba=0x0000 c2b8=0x00000000 c2bc=0x00000000 f=0
[BLACKSCREEN][A110-CALL] pc=0x8001A244 target=0x80015650 v0=0xFFFFFFFF v1=0x0000002C a0=0xFFFFFFFF a1=0x00008000 a2=0x00000000 a3=0x00000000 sp=0x801FFF98 ra=0x8001A24C f=0
[BLACKSCREEN][A110-15650-CALL] #45 call_pc=0x8001A244 ra=0x8001A24C v0=0xFFFFFFFF v1=0x0000002C a0=0xFFFFFFFF a1=0x00008000 sp=0x801FFF98 c2ba=0x0000 f=0
[BLACKSCREEN][CALL] stage=before_overlay #51 addr=0x80015650 ra=0x8001A24C f=0
[BLACKSCREEN][CALL] stage=before_inbinary #51 addr=0x80015650 ra=0x8001A24C f=0
[BLACKSCREEN][CALL] route=interp #51 addr=0x80015650 ra=0x8001A24C f=0
[BLACKSCREEN][INTERP] enter start=0x80015650 instr0=0x3C028003 a0=0xFFFFFFFF ra=0x8001A24C sp=0x801FFF98 f=0
[BLACKSCREEN][15650-STEP] #133 pc=0x80015650 instr=0x3C028003 v0=0xFFFFFFFF v1=0x0000002C a0=0xFFFFFFFF a1=0x00008000 c2ba=0x0000 c2b8=0x00000000 c2bc=0x00000000 ra=0x8001A24C sp=0x801FFF98 f=0
[BLACKSCREEN][15650-STEP] #134 pc=0x80015654 instr=0x9442C2BA v0=0x80030000 v1=0x0000002C a0=0xFFFFFFFF a1=0x00008000 c2ba=0x0000 c2b8=0x00000000 c2bc=0x00000000 ra=0x8001A24C sp=0x801FFF98 f=0
[BLACKSCREEN][STATE-C2BA-R] #45 size=2 phys=0x0002C2BA val=0x0000 ra=0x8001A24C sp=0x801FFF98 pc=0x00000000 f=0
[BLACKSCREEN][15650-STEP] #135 pc=0x80015658 instr=0x03E00008 v0=0x00000000 v1=0x0000002C a0=0xFFFFFFFF a1=0x00008000 c2ba=0x0000 c2b8=0x00000000 c2bc=0x00000000 ra=0x8001A24C sp=0x801FFF98 f=0
[BLACKSCREEN][15650-RET] #45 reason=jr_ra end=0x80015658 target=0x8001A24C steps=3 v0=0x00000000 v1=0x0000002C c2ba=0x0000 c2b8=0x00000000 c2bc=0x00000000 ra=0x8001A24C sp=0x801FFF98 f=0
[BLACKSCREEN][INTERP] start=0x80015650 end=0x80015658 steps=3 reason=jr_ra target=0x8001A24C ra=0x8001A24C sp=0x801FFF98 f=0
[BLACKSCREEN][A110-RET] call_pc=0x8001A244 target=0x80015650 v0_before=0xFFFFFFFF v1_before=0x0000002C v0_after=0x00000000 v1_after=0x0000002C c9278=0x1F801BD4 c927c=0x0000002D sp_before=0x801FFF98 sp_after=0x801FFF98 ra=0x8001A24C f=0
[BLACKSCREEN][A110-15650-RET] #45 call_pc=0x8001A244 v0_after=0x00000000 v1_after=0x0000002C a0=0xFFFFFFFF a1=0x00008000 sp_after=0x801FFF98 c2ba=0x0000 f=0
[BLACKSCREEN][A110-PATH] #180 pc=0x8001A24C instr=0x1040002B v0=0x00000000 v1=0x0000002C a0=0xFFFFFFFF a1=0x00008000 a2=0x00000000 a3=0x00000000 s0=0x00000003 s1=0x801E0000 s2=0x80032D80 s3=0x80032B48 sp=0x801FFF98 ra=0x8001A24C m2ab4=0x00000000 m2ab8=0x00000000 m2ac5=0x00 c2ba=0x0000 c2b8=0x00000000 c2bc=0x00000000 f=0
[BLACKSCREEN][A110-CALL] pc=0x8001A17C target=0x80015308 v0=0x00000000 v1=0x0000002C a0=0xFFFFFFFF a1=0x00008000 a2=0x00000000 a3=0x00000000 sp=0x801FFF98 ra=0x8001A184 f=0
[BLACKSCREEN][STATE-C2A8AC-R] #95 size=4 phys=0x0002C2A8 val=0x1F801814 ra=0x8001A184 sp=0x801FFF98 pc=0x00000000 f=0
[BLACKSCREEN][STATE-C2A8AC-R] #96 size=4 phys=0x0002C2AC val=0x1F801110 ra=0x8001A184 sp=0x801FFF98 pc=0x00000000 f=0
[BLACKSCREEN][CALL] route=compiled_early #47 addr=0x80015308 ra=0x8001A184 f=0
[BLACKSCREEN][A110-RET] call_pc=0x8001A17C target=0x80015308 v0_before=0x00000000 v1_before=0x0000002C v0_after=0x1F801814 v1_after=0x1F801110 c9278=0x1F801BD4 c927c=0x0000002D sp_before=0x801FFF98 sp_after=0x801FFF98 ra=0x8001A184 f=0
[BLACKSCREEN][A110-EXIT-COND] pc=0x8001A194 instr=0x1460000B v1=0x00000000 v0=0x1F801814 will_branch=0 next=0x8001A19C else=0x8001A1C4 c9278=0x1F801BD4 c927c=0x0000002D ra=0x8001A184 sp=0x801FFF98 f=0
[BLACKSCREEN][A110-PATH] #181 pc=0x8001A238 instr=0x00001021 v0=0x00000000 v1=0x0000002D a0=0xFFFFFFFF a1=0x00008000 a2=0x00000000 a3=0x00000000 s0=0x00000003 s1=0x801E0000 s2=0x80032D80 s3=0x80032B48 sp=0x801FFF98 ra=0x8001A184 m2ab4=0x00000000 m2ab8=0x00000000 m2ac5=0x00 c2ba=0x0000 c2b8=0x00000000 c2bc=0x00000000 f=0
[BLACKSCREEN][A110-PATH] #182 pc=0x8001A23C instr=0x14400049 v0=0x00000000 v1=0x0000002D a0=0xFFFFFFFF a1=0x00008000 a2=0x00000000 a3=0x00000000 s0=0x00000003 s1=0x801E0000 s2=0x80032D80 s3=0x80032B48 sp=0x801FFF98 ra=0x8001A184 m2ab4=0x00000000 m2ab8=0x00000000 m2ac5=0x00 c2ba=0x0000 c2b8=0x00000000 c2bc=0x00000000 f=0
[BLACKSCREEN][A110-PATH] #183 pc=0x8001A244 instr=0x0C005594 v0=0xFFFFFFFF v1=0x0000002D a0=0xFFFFFFFF a1=0x00008000 a2=0x00000000 a3=0x00000000 s0=0x00000003 s1=0x801E0000 s2=0x80032D80 s3=0x80032B48 sp=0x801FFF98 ra=0x8001A184 m2ab4=0x00000000 m2ab8=0x00000000 m2ac5=0x00 c2ba=0x0000 c2b8=0x00000000 c2bc=0x00000000 f=0
[BLACKSCREEN][A110-CALL] pc=0x8001A244 target=0x80015650 v0=0xFFFFFFFF v1=0x0000002D a0=0xFFFFFFFF a1=0x00008000 a2=0x00000000 a3=0x00000000 sp=0x801FFF98 ra=0x8001A24C f=0
[BLACKSCREEN][A110-15650-CALL] #46 call_pc=0x8001A244 ra=0x8001A24C v0=0xFFFFFFFF v1=0x0000002D a0=0xFFFFFFFF a1=0x00008000 sp=0x801FFF98 c2ba=0x0000 f=0
[BLACKSCREEN][CALL] stage=before_overlay #52 addr=0x80015650 ra=0x8001A24C f=0
[BLACKSCREEN][CALL] stage=before_inbinary #52 addr=0x80015650 ra=0x8001A24C f=0
[BLACKSCREEN][CALL] route=interp #52 addr=0x80015650 ra=0x8001A24C f=0
[BLACKSCREEN][INTERP] enter start=0x80015650 instr0=0x3C028003 a0=0xFFFFFFFF ra=0x8001A24C sp=0x801FFF98 f=0
[BLACKSCREEN][15650-STEP] #136 pc=0x80015650 instr=0x3C028003 v0=0xFFFFFFFF v1=0x0000002D a0=0xFFFFFFFF a1=0x00008000 c2ba=0x0000 c2b8=0x00000000 c2bc=0x00000000 ra=0x8001A24C sp=0x801FFF98 f=0
[BLACKSCREEN][15650-STEP] #137 pc=0x80015654 instr=0x9442C2BA v0=0x80030000 v1=0x0000002D a0=0xFFFFFFFF a1=0x00008000 c2ba=0x0000 c2b8=0x00000000 c2bc=0x00000000 ra=0x8001A24C sp=0x801FFF98 f=0
[BLACKSCREEN][STATE-C2BA-R] #46 size=2 phys=0x0002C2BA val=0x0000 ra=0x8001A24C sp=0x801FFF98 pc=0x00000000 f=0
[BLACKSCREEN][15650-STEP] #138 pc=0x80015658 instr=0x03E00008 v0=0x00000000 v1=0x0000002D a0=0xFFFFFFFF a1=0x00008000 c2ba=0x0000 c2b8=0x00000000 c2bc=0x00000000 ra=0x8001A24C sp=0x801FFF98 f=0
[BLACKSCREEN][15650-RET] #46 reason=jr_ra end=0x80015658 target=0x8001A24C steps=3 v0=0x00000000 v1=0x0000002D c2ba=0x0000 c2b8=0x00000000 c2bc=0x00000000 ra=0x8001A24C sp=0x801FFF98 f=0
[BLACKSCREEN][INTERP] start=0x80015650 end=0x80015658 steps=3 reason=jr_ra target=0x8001A24C ra=0x8001A24C sp=0x801FFF98 f=0
[BLACKSCREEN][A110-RET] call_pc=0x8001A244 target=0x80015650 v0_before=0xFFFFFFFF v1_before=0x0000002D v0_after=0x00000000 v1_after=0x0000002D c9278=0x1F801BD4 c927c=0x0000002E sp_before=0x801FFF98 sp_after=0x801FFF98 ra=0x8001A24C f=0
[BLACKSCREEN][A110-15650-RET] #46 call_pc=0x8001A244 v0_after=0x00000000 v1_after=0x0000002D a0=0xFFFFFFFF a1=0x00008000 sp_after=0x801FFF98 c2ba=0x0000 f=0
[BLACKSCREEN][A110-PATH] #184 pc=0x8001A24C instr=0x1040002B v0=0x00000000 v1=0x0000002D a0=0xFFFFFFFF a1=0x00008000 a2=0x00000000 a3=0x00000000 s0=0x00000003 s1=0x801E0000 s2=0x80032D80 s3=0x80032B48 sp=0x801FFF98 ra=0x8001A24C m2ab4=0x00000000 m2ab8=0x00000000 m2ac5=0x00 c2ba=0x0000 c2b8=0x00000000 c2bc=0x00000000 f=0
[BLACKSCREEN][A110-CALL] pc=0x8001A17C target=0x80015308 v0=0x00000000 v1=0x0000002D a0=0xFFFFFFFF a1=0x00008000 a2=0x00000000 a3=0x00000000 sp=0x801FFF98 ra=0x8001A184 f=0
[BLACKSCREEN][STATE-C2A8AC-R] #97 size=4 phys=0x0002C2A8 val=0x1F801814 ra=0x8001A184 sp=0x801FFF98 pc=0x00000000 f=0
[BLACKSCREEN][STATE-C2A8AC-R] #98 size=4 phys=0x0002C2AC val=0x1F801110 ra=0x8001A184 sp=0x801FFF98 pc=0x00000000 f=0
[BLACKSCREEN][CALL] route=compiled_early #48 addr=0x80015308 ra=0x8001A184 f=0
[BLACKSCREEN][A110-RET] call_pc=0x8001A17C target=0x80015308 v0_before=0x00000000 v1_before=0x0000002D v0_after=0x1F801814 v1_after=0x1F801110 c9278=0x1F801BD4 c927c=0x0000002E sp_before=0x801FFF98 sp_after=0x801FFF98 ra=0x8001A184 f=0
[BLACKSCREEN][A110-EXIT-COND] pc=0x8001A194 instr=0x1460000B v1=0x00000000 v0=0x1F801814 will_branch=0 next=0x8001A19C else=0x8001A1C4 c9278=0x1F801BD4 c927c=0x0000002E ra=0x8001A184 sp=0x801FFF98 f=0
[BLACKSCREEN][A110-PATH] #185 pc=0x8001A238 instr=0x00001021 v0=0x00000000 v1=0x0000002E a0=0xFFFFFFFF a1=0x00008000 a2=0x00000000 a3=0x00000000 s0=0x00000003 s1=0x801E0000 s2=0x80032D80 s3=0x80032B48 sp=0x801FFF98 ra=0x8001A184 m2ab4=0x00000000 m2ab8=0x00000000 m2ac5=0x00 c2ba=0x0000 c2b8=0x00000000 c2bc=0x00000000 f=0
[BLACKSCREEN][A110-PATH] #186 pc=0x8001A23C instr=0x14400049 v0=0x00000000 v1=0x0000002E a0=0xFFFFFFFF a1=0x00008000 a2=0x00000000 a3=0x00000000 s0=0x00000003 s1=0x801E0000 s2=0x80032D80 s3=0x80032B48 sp=0x801FFF98 ra=0x8001A184 m2ab4=0x00000000 m2ab8=0x00000000 m2ac5=0x00 c2ba=0x0000 c2b8=0x00000000 c2bc=0x00000000 f=0
[BLACKSCREEN][A110-PATH] #187 pc=0x8001A244 instr=0x0C005594 v0=0xFFFFFFFF v1=0x0000002E a0=0xFFFFFFFF a1=0x00008000 a2=0x00000000 a3=0x00000000 s0=0x00000003 s1=0x801E0000 s2=0x80032D80 s3=0x80032B48 sp=0x801FFF98 ra=0x8001A184 m2ab4=0x00000000 m2ab8=0x00000000 m2ac5=0x00 c2ba=0x0000 c2b8=0x00000000 c2bc=0x00000000 f=0
[BLACKSCREEN][A110-CALL] pc=0x8001A244 target=0x80015650 v0=0xFFFFFFFF v1=0x0000002E a0=0xFFFFFFFF a1=0x00008000 a2=0x00000000 a3=0x00000000 sp=0x801FFF98 ra=0x8001A24C f=0
[BLACKSCREEN][A110-15650-CALL] #47 call_pc=0x8001A244 ra=0x8001A24C v0=0xFFFFFFFF v1=0x0000002E a0=0xFFFFFFFF a1=0x00008000 sp=0x801FFF98 c2ba=0x0000 f=0
[BLACKSCREEN][CALL] stage=before_overlay #53 addr=0x80015650 ra=0x8001A24C f=0
[BLACKSCREEN][CALL] stage=before_inbinary #53 addr=0x80015650 ra=0x8001A24C f=0
[BLACKSCREEN][CALL] route=interp #53 addr=0x80015650 ra=0x8001A24C f=0
[BLACKSCREEN][INTERP] enter start=0x80015650 instr0=0x3C028003 a0=0xFFFFFFFF ra=0x8001A24C sp=0x801FFF98 f=0
[BLACKSCREEN][15650-STEP] #139 pc=0x80015650 instr=0x3C028003 v0=0xFFFFFFFF v1=0x0000002E a0=0xFFFFFFFF a1=0x00008000 c2ba=0x0000 c2b8=0x00000000 c2bc=0x00000000 ra=0x8001A24C sp=0x801FFF98 f=0
[BLACKSCREEN][15650-STEP] #140 pc=0x80015654 instr=0x9442C2BA v0=0x80030000 v1=0x0000002E a0=0xFFFFFFFF a1=0x00008000 c2ba=0x0000 c2b8=0x00000000 c2bc=0x00000000 ra=0x8001A24C sp=0x801FFF98 f=0
[BLACKSCREEN][STATE-C2BA-R] #47 size=2 phys=0x0002C2BA val=0x0000 ra=0x8001A24C sp=0x801FFF98 pc=0x00000000 f=0
[BLACKSCREEN][15650-STEP] #141 pc=0x80015658 instr=0x03E00008 v0=0x00000000 v1=0x0000002E a0=0xFFFFFFFF a1=0x00008000 c2ba=0x0000 c2b8=0x00000000 c2bc=0x00000000 ra=0x8001A24C sp=0x801FFF98 f=0
[BLACKSCREEN][15650-RET] #47 reason=jr_ra end=0x80015658 target=0x8001A24C steps=3 v0=0x00000000 v1=0x0000002E c2ba=0x0000 c2b8=0x00000000 c2bc=0x00000000 ra=0x8001A24C sp=0x801FFF98 f=0
[BLACKSCREEN][INTERP] start=0x80015650 end=0x80015658 steps=3 reason=jr_ra target=0x8001A24C ra=0x8001A24C sp=0x801FFF98 f=0
[BLACKSCREEN][A110-RET] call_pc=0x8001A244 target=0x80015650 v0_before=0xFFFFFFFF v1_before=0x0000002E v0_after=0x00000000 v1_after=0x0000002E c9278=0x1F801BD4 c927c=0x0000002F sp_before=0x801FFF98 sp_after=0x801FFF98 ra=0x8001A24C f=0
[BLACKSCREEN][A110-15650-RET] #47 call_pc=0x8001A244 v0_after=0x00000000 v1_after=0x0000002E a0=0xFFFFFFFF a1=0x00008000 sp_after=0x801FFF98 c2ba=0x0000 f=0
[BLACKSCREEN][A110-PATH] #188 pc=0x8001A24C instr=0x1040002B v0=0x00000000 v1=0x0000002E a0=0xFFFFFFFF a1=0x00008000 a2=0x00000000 a3=0x00000000 s0=0x00000003 s1=0x801E0000 s2=0x80032D80 s3=0x80032B48 sp=0x801FFF98 ra=0x8001A24C m2ab4=0x00000000 m2ab8=0x00000000 m2ac5=0x00 c2ba=0x0000 c2b8=0x00000000 c2bc=0x00000000 f=0
[BLACKSCREEN][A110-CALL] pc=0x8001A17C target=0x80015308 v0=0x00000000 v1=0x0000002E a0=0xFFFFFFFF a1=0x00008000 a2=0x00000000 a3=0x00000000 sp=0x801FFF98 ra=0x8001A184 f=0
[BLACKSCREEN][STATE-C2A8AC-R] #99 size=4 phys=0x0002C2A8 val=0x1F801814 ra=0x8001A184 sp=0x801FFF98 pc=0x00000000 f=0
[BLACKSCREEN][STATE-C2A8AC-R] #100 size=4 phys=0x0002C2AC val=0x1F801110 ra=0x8001A184 sp=0x801FFF98 pc=0x00000000 f=0
[BLACKSCREEN][CALL] route=compiled_early #49 addr=0x80015308 ra=0x8001A184 f=0
[BLACKSCREEN][A110-RET] call_pc=0x8001A17C target=0x80015308 v0_before=0x00000000 v1_before=0x0000002E v0_after=0x1F801814 v1_after=0x1F801110 c9278=0x1F801BD4 c927c=0x0000002F sp_before=0x801FFF98 sp_after=0x801FFF98 ra=0x8001A184 f=0
[BLACKSCREEN][A110-EXIT-COND] pc=0x8001A194 instr=0x1460000B v1=0x00000000 v0=0x1F801814 will_branch=0 next=0x8001A19C else=0x8001A1C4 c9278=0x1F801BD4 c927c=0x0000002F ra=0x8001A184 sp=0x801FFF98 f=0
[BLACKSCREEN][A110-PATH] #189 pc=0x8001A238 instr=0x00001021 v0=0x00000000 v1=0x0000002F a0=0xFFFFFFFF a1=0x00008000 a2=0x00000000 a3=0x00000000 s0=0x00000003 s1=0x801E0000 s2=0x80032D80 s3=0x80032B48 sp=0x801FFF98 ra=0x8001A184 m2ab4=0x00000000 m2ab8=0x00000000 m2ac5=0x00 c2ba=0x0000 c2b8=0x00000000 c2bc=0x00000000 f=0
[BLACKSCREEN][A110-PATH] #190 pc=0x8001A23C instr=0x14400049 v0=0x00000000 v1=0x0000002F a0=0xFFFFFFFF a1=0x00008000 a2=0x00000000 a3=0x00000000 s0=0x00000003 s1=0x801E0000 s2=0x80032D80 s3=0x80032B48 sp=0x801FFF98 ra=0x8001A184 m2ab4=0x00000000 m2ab8=0x00000000 m2ac5=0x00 c2ba=0x0000 c2b8=0x00000000 c2bc=0x00000000 f=0
[BLACKSCREEN][A110-PATH] #191 pc=0x8001A244 instr=0x0C005594 v0=0xFFFFFFFF v1=0x0000002F a0=0xFFFFFFFF a1=0x00008000 a2=0x00000000 a3=0x00000000 s0=0x00000003 s1=0x801E0000 s2=0x80032D80 s3=0x80032B48 sp=0x801FFF98 ra=0x8001A184 m2ab4=0x00000000 m2ab8=0x00000000 m2ac5=0x00 c2ba=0x0000 c2b8=0x00000000 c2bc=0x00000000 f=0
[BLACKSCREEN][A110-CALL] pc=0x8001A244 target=0x80015650 v0=0xFFFFFFFF v1=0x0000002F a0=0xFFFFFFFF a1=0x00008000 a2=0x00000000 a3=0x00000000 sp=0x801FFF98 ra=0x8001A24C f=0
[BLACKSCREEN][A110-15650-CALL] #48 call_pc=0x8001A244 ra=0x8001A24C v0=0xFFFFFFFF v1=0x0000002F a0=0xFFFFFFFF a1=0x00008000 sp=0x801FFF98 c2ba=0x0000 f=0
[BLACKSCREEN][CALL] stage=before_overlay #54 addr=0x80015650 ra=0x8001A24C f=0
[BLACKSCREEN][CALL] stage=before_inbinary #54 addr=0x80015650 ra=0x8001A24C f=0
[BLACKSCREEN][CALL] route=interp #54 addr=0x80015650 ra=0x8001A24C f=0
[BLACKSCREEN][INTERP] enter start=0x80015650 instr0=0x3C028003 a0=0xFFFFFFFF ra=0x8001A24C sp=0x801FFF98 f=0
[BLACKSCREEN][15650-STEP] #142 pc=0x80015650 instr=0x3C028003 v0=0xFFFFFFFF v1=0x0000002F a0=0xFFFFFFFF a1=0x00008000 c2ba=0x0000 c2b8=0x00000000 c2bc=0x00000000 ra=0x8001A24C sp=0x801FFF98 f=0
[BLACKSCREEN][15650-STEP] #143 pc=0x80015654 instr=0x9442C2BA v0=0x80030000 v1=0x0000002F a0=0xFFFFFFFF a1=0x00008000 c2ba=0x0000 c2b8=0x00000000 c2bc=0x00000000 ra=0x8001A24C sp=0x801FFF98 f=0
[BLACKSCREEN][STATE-C2BA-R] #48 size=2 phys=0x0002C2BA val=0x0000 ra=0x8001A24C sp=0x801FFF98 pc=0x00000000 f=0
[BLACKSCREEN][15650-STEP] #144 pc=0x80015658 instr=0x03E00008 v0=0x00000000 v1=0x0000002F a0=0xFFFFFFFF a1=0x00008000 c2ba=0x0000 c2b8=0x00000000 c2bc=0x00000000 ra=0x8001A24C sp=0x801FFF98 f=0
[BLACKSCREEN][15650-RET] #48 reason=jr_ra end=0x80015658 target=0x8001A24C steps=3 v0=0x00000000 v1=0x0000002F c2ba=0x0000 c2b8=0x00000000 c2bc=0x00000000 ra=0x8001A24C sp=0x801FFF98 f=0
[BLACKSCREEN][INTERP] start=0x80015650 end=0x80015658 steps=3 reason=jr_ra target=0x8001A24C ra=0x8001A24C sp=0x801FFF98 f=0
[BLACKSCREEN][A110-RET] call_pc=0x8001A244 target=0x80015650 v0_before=0xFFFFFFFF v1_before=0x0000002F v0_after=0x00000000 v1_after=0x0000002F c9278=0x1F801BD4 c927c=0x00000030 sp_before=0x801FFF98 sp_after=0x801FFF98 ra=0x8001A24C f=0
[BLACKSCREEN][A110-15650-RET] #48 call_pc=0x8001A244 v0_after=0x00000000 v1_after=0x0000002F a0=0xFFFFFFFF a1=0x00008000 sp_after=0x801FFF98 c2ba=0x0000 f=0
[BLACKSCREEN][A110-PATH] #192 pc=0x8001A24C instr=0x1040002B v0=0x00000000 v1=0x0000002F a0=0xFFFFFFFF a1=0x00008000 a2=0x00000000 a3=0x00000000 s0=0x00000003 s1=0x801E0000 s2=0x80032D80 s3=0x80032B48 sp=0x801FFF98 ra=0x8001A24C m2ab4=0x00000000 m2ab8=0x00000000 m2ac5=0x00 c2ba=0x0000 c2b8=0x00000000 c2bc=0x00000000 f=0
[BLACKSCREEN][A110-CALL] pc=0x8001A17C target=0x80015308 v0=0x00000000 v1=0x0000002F a0=0xFFFFFFFF a1=0x00008000 a2=0x00000000 a3=0x00000000 sp=0x801FFF98 ra=0x8001A184 f=0
[BLACKSCREEN][STATE-C2A8AC-R] #101 size=4 phys=0x0002C2A8 val=0x1F801814 ra=0x8001A184 sp=0x801FFF98 pc=0x00000000 f=0
[BLACKSCREEN][STATE-C2A8AC-R] #102 size=4 phys=0x0002C2AC val=0x1F801110 ra=0x8001A184 sp=0x801FFF98 pc=0x00000000 f=0
[BLACKSCREEN][CALL] route=compiled_early #50 addr=0x80015308 ra=0x8001A184 f=0
[BLACKSCREEN][A110-RET] call_pc=0x8001A17C target=0x80015308 v0_before=0x00000000 v1_before=0x0000002F v0_after=0x1F801814 v1_after=0x1F801110 c9278=0x1F801BD4 c927c=0x00000030 sp_before=0x801FFF98 sp_after=0x801FFF98 ra=0x8001A184 f=0
[BLACKSCREEN][A110-EXIT-COND] pc=0x8001A194 instr=0x1460000B v1=0x00000000 v0=0x1F801814 will_branch=0 next=0x8001A19C else=0x8001A1C4 c9278=0x1F801BD4 c927c=0x00000030 ra=0x8001A184 sp=0x801FFF98 f=0
[BLACKSCREEN][A110-PATH] #193 pc=0x8001A238 instr=0x00001021 v0=0x00000000 v1=0x00000030 a0=0xFFFFFFFF a1=0x00008000 a2=0x00000000 a3=0x00000000 s0=0x00000003 s1=0x801E0000 s2=0x80032D80 s3=0x80032B48 sp=0x801FFF98 ra=0x8001A184 m2ab4=0x00000000 m2ab8=0x00000000 m2ac5=0x00 c2ba=0x0000 c2b8=0x00000000 c2bc=0x00000000 f=0
[BLACKSCREEN][A110-PATH] #194 pc=0x8001A23C instr=0x14400049 v0=0x00000000 v1=0x00000030 a0=0xFFFFFFFF a1=0x00008000 a2=0x00000000 a3=0x00000000 s0=0x00000003 s1=0x801E0000 s2=0x80032D80 s3=0x80032B48 sp=0x801FFF98 ra=0x8001A184 m2ab4=0x00000000 m2ab8=0x00000000 m2ac5=0x00 c2ba=0x0000 c2b8=0x00000000 c2bc=0x00000000 f=0
[BLACKSCREEN][A110-PATH] #195 pc=0x8001A244 instr=0x0C005594 v0=0xFFFFFFFF v1=0x00000030 a0=0xFFFFFFFF a1=0x00008000 a2=0x00000000 a3=0x00000000 s0=0x00000003 s1=0x801E0000 s2=0x80032D80 s3=0x80032B48 sp=0x801FFF98 ra=0x8001A184 m2ab4=0x00000000 m2ab8=0x00000000 m2ac5=0x00 c2ba=0x0000 c2b8=0x00000000 c2bc=0x00000000 f=0
[BLACKSCREEN][A110-CALL] pc=0x8001A244 target=0x80015650 v0=0xFFFFFFFF v1=0x00000030 a0=0xFFFFFFFF a1=0x00008000 a2=0x00000000 a3=0x00000000 sp=0x801FFF98 ra=0x8001A24C f=0
[BLACKSCREEN][A110-15650-CALL] #49 call_pc=0x8001A244 ra=0x8001A24C v0=0xFFFFFFFF v1=0x00000030 a0=0xFFFFFFFF a1=0x00008000 sp=0x801FFF98 c2ba=0x0000 f=0
[BLACKSCREEN][CALL] stage=before_overlay #55 addr=0x80015650 ra=0x8001A24C f=0
[BLACKSCREEN][CALL] stage=before_inbinary #55 addr=0x80015650 ra=0x8001A24C f=0
[BLACKSCREEN][CALL] route=interp #55 addr=0x80015650 ra=0x8001A24C f=0
[BLACKSCREEN][INTERP] enter start=0x80015650 instr0=0x3C028003 a0=0xFFFFFFFF ra=0x8001A24C sp=0x801FFF98 f=0
[BLACKSCREEN][15650-STEP] #145 pc=0x80015650 instr=0x3C028003 v0=0xFFFFFFFF v1=0x00000030 a0=0xFFFFFFFF a1=0x00008000 c2ba=0x0000 c2b8=0x00000000 c2bc=0x00000000 ra=0x8001A24C sp=0x801FFF98 f=0
[BLACKSCREEN][15650-STEP] #146 pc=0x80015654 instr=0x9442C2BA v0=0x80030000 v1=0x00000030 a0=0xFFFFFFFF a1=0x00008000 c2ba=0x0000 c2b8=0x00000000 c2bc=0x00000000 ra=0x8001A24C sp=0x801FFF98 f=0
[BLACKSCREEN][STATE-C2BA-R] #49 size=2 phys=0x0002C2BA val=0x0000 ra=0x8001A24C sp=0x801FFF98 pc=0x00000000 f=0
[BLACKSCREEN][15650-STEP] #147 pc=0x80015658 instr=0x03E00008 v0=0x00000000 v1=0x00000030 a0=0xFFFFFFFF a1=0x00008000 c2ba=0x0000 c2b8=0x00000000 c2bc=0x00000000 ra=0x8001A24C sp=0x801FFF98 f=0
[BLACKSCREEN][15650-RET] #49 reason=jr_ra end=0x80015658 target=0x8001A24C steps=3 v0=0x00000000 v1=0x00000030 c2ba=0x0000 c2b8=0x00000000 c2bc=0x00000000 ra=0x8001A24C sp=0x801FFF98 f=0
[BLACKSCREEN][INTERP] start=0x80015650 end=0x80015658 steps=3 reason=jr_ra target=0x8001A24C ra=0x8001A24C sp=0x801FFF98 f=0
[BLACKSCREEN][A110-RET] call_pc=0x8001A244 target=0x80015650 v0_before=0xFFFFFFFF v1_before=0x00000030 v0_after=0x00000000 v1_after=0x00000030 c9278=0x1F801BD4 c927c=0x00000031 sp_before=0x801FFF98 sp_after=0x801FFF98 ra=0x8001A24C f=0
[BLACKSCREEN][A110-15650-RET] #49 call_pc=0x8001A244 v0_after=0x00000000 v1_after=0x00000030 a0=0xFFFFFFFF a1=0x00008000 sp_after=0x801FFF98 c2ba=0x0000 f=0
[BLACKSCREEN][A110-PATH] #196 pc=0x8001A24C instr=0x1040002B v0=0x00000000 v1=0x00000030 a0=0xFFFFFFFF a1=0x00008000 a2=0x00000000 a3=0x00000000 s0=0x00000003 s1=0x801E0000 s2=0x80032D80 s3=0x80032B48 sp=0x801FFF98 ra=0x8001A24C m2ab4=0x00000000 m2ab8=0x00000000 m2ac5=0x00 c2ba=0x0000 c2b8=0x00000000 c2bc=0x00000000 f=0
[BLACKSCREEN][A110-CALL] pc=0x8001A17C target=0x80015308 v0=0x00000000 v1=0x00000030 a0=0xFFFFFFFF a1=0x00008000 a2=0x00000000 a3=0x00000000 sp=0x801FFF98 ra=0x8001A184 f=0
[BLACKSCREEN][STATE-C2A8AC-R] #103 size=4 phys=0x0002C2A8 val=0x1F801814 ra=0x8001A184 sp=0x801FFF98 pc=0x00000000 f=0
[BLACKSCREEN][STATE-C2A8AC-R] #104 size=4 phys=0x0002C2AC val=0x1F801110 ra=0x8001A184 sp=0x801FFF98 pc=0x00000000 f=0
[BLACKSCREEN][CALL] route=compiled_early #51 addr=0x80015308 ra=0x8001A184 f=0
[BLACKSCREEN][A110-RET] call_pc=0x8001A17C target=0x80015308 v0_before=0x00000000 v1_before=0x00000030 v0_after=0x1F801814 v1_after=0x1F801110 c9278=0x1F801BD4 c927c=0x00000031 sp_before=0x801FFF98 sp_after=0x801FFF98 ra=0x8001A184 f=0
[BLACKSCREEN][A110-EXIT-COND] pc=0x8001A194 instr=0x1460000B v1=0x00000000 v0=0x1F801814 will_branch=0 next=0x8001A19C else=0x8001A1C4 c9278=0x1F801BD4 c927c=0x00000031 ra=0x8001A184 sp=0x801FFF98 f=0
[BLACKSCREEN][A110-PATH] #197 pc=0x8001A238 instr=0x00001021 v0=0x00000000 v1=0x00000031 a0=0xFFFFFFFF a1=0x00008000 a2=0x00000000 a3=0x00000000 s0=0x00000003 s1=0x801E0000 s2=0x80032D80 s3=0x80032B48 sp=0x801FFF98 ra=0x8001A184 m2ab4=0x00000000 m2ab8=0x00000000 m2ac5=0x00 c2ba=0x0000 c2b8=0x00000000 c2bc=0x00000000 f=0
[BLACKSCREEN][A110-PATH] #198 pc=0x8001A23C instr=0x14400049 v0=0x00000000 v1=0x00000031 a0=0xFFFFFFFF a1=0x00008000 a2=0x00000000 a3=0x00000000 s0=0x00000003 s1=0x801E0000 s2=0x80032D80 s3=0x80032B48 sp=0x801FFF98 ra=0x8001A184 m2ab4=0x00000000 m2ab8=0x00000000 m2ac5=0x00 c2ba=0x0000 c2b8=0x00000000 c2bc=0x00000000 f=0
[BLACKSCREEN][A110-PATH] #199 pc=0x8001A244 instr=0x0C005594 v0=0xFFFFFFFF v1=0x00000031 a0=0xFFFFFFFF a1=0x00008000 a2=0x00000000 a3=0x00000000 s0=0x00000003 s1=0x801E0000 s2=0x80032D80 s3=0x80032B48 sp=0x801FFF98 ra=0x8001A184 m2ab4=0x00000000 m2ab8=0x00000000 m2ac5=0x00 c2ba=0x0000 c2b8=0x00000000 c2bc=0x00000000 f=0
[BLACKSCREEN][A110-CALL] pc=0x8001A244 target=0x80015650 v0=0xFFFFFFFF v1=0x00000031 a0=0xFFFFFFFF a1=0x00008000 a2=0x00000000 a3=0x00000000 sp=0x801FFF98 ra=0x8001A24C f=0
[BLACKSCREEN][A110-15650-CALL] #50 call_pc=0x8001A244 ra=0x8001A24C v0=0xFFFFFFFF v1=0x00000031 a0=0xFFFFFFFF a1=0x00008000 sp=0x801FFF98 c2ba=0x0000 f=0
[BLACKSCREEN][CALL] stage=before_overlay #56 addr=0x80015650 ra=0x8001A24C f=0
[BLACKSCREEN][CALL] stage=before_inbinary #56 addr=0x80015650 ra=0x8001A24C f=0
[BLACKSCREEN][CALL] route=interp #56 addr=0x80015650 ra=0x8001A24C f=0
[BLACKSCREEN][INTERP] enter start=0x80015650 instr0=0x3C028003 a0=0xFFFFFFFF ra=0x8001A24C sp=0x801FFF98 f=0
[BLACKSCREEN][15650-STEP] #148 pc=0x80015650 instr=0x3C028003 v0=0xFFFFFFFF v1=0x00000031 a0=0xFFFFFFFF a1=0x00008000 c2ba=0x0000 c2b8=0x00000000 c2bc=0x00000000 ra=0x8001A24C sp=0x801FFF98 f=0
[BLACKSCREEN][15650-STEP] #149 pc=0x80015654 instr=0x9442C2BA v0=0x80030000 v1=0x00000031 a0=0xFFFFFFFF a1=0x00008000 c2ba=0x0000 c2b8=0x00000000 c2bc=0x00000000 ra=0x8001A24C sp=0x801FFF98 f=0
[BLACKSCREEN][STATE-C2BA-R] #50 size=2 phys=0x0002C2BA val=0x0000 ra=0x8001A24C sp=0x801FFF98 pc=0x00000000 f=0
[BLACKSCREEN][15650-STEP] #150 pc=0x80015658 instr=0x03E00008 v0=0x00000000 v1=0x00000031 a0=0xFFFFFFFF a1=0x00008000 c2ba=0x0000 c2b8=0x00000000 c2bc=0x00000000 ra=0x8001A24C sp=0x801FFF98 f=0
[BLACKSCREEN][15650-RET] #50 reason=jr_ra end=0x80015658 target=0x8001A24C steps=3 v0=0x00000000 v1=0x00000031 c2ba=0x0000 c2b8=0x00000000 c2bc=0x00000000 ra=0x8001A24C sp=0x801FFF98 f=0
[BLACKSCREEN][INTERP] start=0x80015650 end=0x80015658 steps=3 reason=jr_ra target=0x8001A24C ra=0x8001A24C sp=0x801FFF98 f=0
[BLACKSCREEN][A110-RET] call_pc=0x8001A244 target=0x80015650 v0_before=0xFFFFFFFF v1_before=0x00000031 v0_after=0x00000000 v1_after=0x00000031 c9278=0x1F801BD4 c927c=0x00000032 sp_before=0x801FFF98 sp_after=0x801FFF98 ra=0x8001A24C f=0
[BLACKSCREEN][A110-15650-RET] #50 call_pc=0x8001A244 v0_after=0x00000000 v1_after=0x00000031 a0=0xFFFFFFFF a1=0x00008000 sp_after=0x801FFF98 c2ba=0x0000 f=0
[BLACKSCREEN][A110-PATH] #200 pc=0x8001A24C instr=0x1040002B v0=0x00000000 v1=0x00000031 a0=0xFFFFFFFF a1=0x00008000 a2=0x00000000 a3=0x00000000 s0=0x00000003 s1=0x801E0000 s2=0x80032D80 s3=0x80032B48 sp=0x801FFF98 ra=0x8001A24C m2ab4=0x00000000 m2ab8=0x00000000 m2ac5=0x00 c2ba=0x0000 c2b8=0x00000000 c2bc=0x00000000 f=0
[BLACKSCREEN][A110-CALL] pc=0x8001A17C target=0x80015308 v0=0x00000000 v1=0x00000031 a0=0xFFFFFFFF a1=0x00008000 a2=0x00000000 a3=0x00000000 sp=0x801FFF98 ra=0x8001A184 f=0
[BLACKSCREEN][STATE-C2A8AC-R] #105 size=4 phys=0x0002C2A8 val=0x1F801814 ra=0x8001A184 sp=0x801FFF98 pc=0x00000000 f=0
[BLACKSCREEN][STATE-C2A8AC-R] #106 size=4 phys=0x0002C2AC val=0x1F801110 ra=0x8001A184 sp=0x801FFF98 pc=0x00000000 f=0
[BLACKSCREEN][CALL] route=compiled_early #52 addr=0x80015308 ra=0x8001A184 f=0
[BLACKSCREEN][A110-RET] call_pc=0x8001A17C target=0x80015308 v0_before=0x00000000 v1_before=0x00000031 v0_after=0x1F801814 v1_after=0x1F801110 c9278=0x1F801BD4 c927c=0x00000032 sp_before=0x801FFF98 sp_after=0x801FFF98 ra=0x8001A184 f=0
[BLACKSCREEN][A110-EXIT-COND] pc=0x8001A194 instr=0x1460000B v1=0x00000000 v0=0x1F801814 will_branch=0 next=0x8001A19C else=0x8001A1C4 c9278=0x1F801BD4 c927c=0x00000032 ra=0x8001A184 sp=0x801FFF98 f=0
[BLACKSCREEN][A110-PATH] #201 pc=0x8001A238 instr=0x00001021 v0=0x00000000 v1=0x00000032 a0=0xFFFFFFFF a1=0x00008000 a2=0x00000000 a3=0x00000000 s0=0x00000003 s1=0x801E0000 s2=0x80032D80 s3=0x80032B48 sp=0x801FFF98 ra=0x8001A184 m2ab4=0x00000000 m2ab8=0x00000000 m2ac5=0x00 c2ba=0x0000 c2b8=0x00000000 c2bc=0x00000000 f=0
[BLACKSCREEN][A110-PATH] #202 pc=0x8001A23C instr=0x14400049 v0=0x00000000 v1=0x00000032 a0=0xFFFFFFFF a1=0x00008000 a2=0x00000000 a3=0x00000000 s0=0x00000003 s1=0x801E0000 s2=0x80032D80 s3=0x80032B48 sp=0x801FFF98 ra=0x8001A184 m2ab4=0x00000000 m2ab8=0x00000000 m2ac5=0x00 c2ba=0x0000 c2b8=0x00000000 c2bc=0x00000000 f=0
[BLACKSCREEN][A110-PATH] #203 pc=0x8001A244 instr=0x0C005594 v0=0xFFFFFFFF v1=0x00000032 a0=0xFFFFFFFF a1=0x00008000 a2=0x00000000 a3=0x00000000 s0=0x00000003 s1=0x801E0000 s2=0x80032D80 s3=0x80032B48 sp=0x801FFF98 ra=0x8001A184 m2ab4=0x00000000 m2ab8=0x00000000 m2ac5=0x00 c2ba=0x0000 c2b8=0x00000000 c2bc=0x00000000 f=0
[BLACKSCREEN][A110-CALL] pc=0x8001A244 target=0x80015650 v0=0xFFFFFFFF v1=0x00000032 a0=0xFFFFFFFF a1=0x00008000 a2=0x00000000 a3=0x00000000 sp=0x801FFF98 ra=0x8001A24C f=0
[BLACKSCREEN][A110-15650-CALL] #51 call_pc=0x8001A244 ra=0x8001A24C v0=0xFFFFFFFF v1=0x00000032 a0=0xFFFFFFFF a1=0x00008000 sp=0x801FFF98 c2ba=0x0000 f=0
[BLACKSCREEN][CALL] stage=before_overlay #57 addr=0x80015650 ra=0x8001A24C f=0
[BLACKSCREEN][CALL] stage=before_inbinary #57 addr=0x80015650 ra=0x8001A24C f=0
[BLACKSCREEN][CALL] route=interp #57 addr=0x80015650 ra=0x8001A24C f=0
[BLACKSCREEN][INTERP] enter start=0x80015650 instr0=0x3C028003 a0=0xFFFFFFFF ra=0x8001A24C sp=0x801FFF98 f=0
[BLACKSCREEN][15650-STEP] #151 pc=0x80015650 instr=0x3C028003 v0=0xFFFFFFFF v1=0x00000032 a0=0xFFFFFFFF a1=0x00008000 c2ba=0x0000 c2b8=0x00000000 c2bc=0x00000000 ra=0x8001A24C sp=0x801FFF98 f=0
[BLACKSCREEN][15650-STEP] #152 pc=0x80015654 instr=0x9442C2BA v0=0x80030000 v1=0x00000032 a0=0xFFFFFFFF a1=0x00008000 c2ba=0x0000 c2b8=0x00000000 c2bc=0x00000000 ra=0x8001A24C sp=0x801FFF98 f=0
[BLACKSCREEN][STATE-C2BA-R] #51 size=2 phys=0x0002C2BA val=0x0000 ra=0x8001A24C sp=0x801FFF98 pc=0x00000000 f=0
[BLACKSCREEN][15650-STEP] #153 pc=0x80015658 instr=0x03E00008 v0=0x00000000 v1=0x00000032 a0=0xFFFFFFFF a1=0x00008000 c2ba=0x0000 c2b8=0x00000000 c2bc=0x00000000 ra=0x8001A24C sp=0x801FFF98 f=0
[BLACKSCREEN][15650-RET] #51 reason=jr_ra end=0x80015658 target=0x8001A24C steps=3 v0=0x00000000 v1=0x00000032 c2ba=0x0000 c2b8=0x00000000 c2bc=0x00000000 ra=0x8001A24C sp=0x801FFF98 f=0
[BLACKSCREEN][INTERP] start=0x80015650 end=0x80015658 steps=3 reason=jr_ra target=0x8001A24C ra=0x8001A24C sp=0x801FFF98 f=0
[BLACKSCREEN][A110-RET] call_pc=0x8001A244 target=0x80015650 v0_before=0xFFFFFFFF v1_before=0x00000032 v0_after=0x00000000 v1_after=0x00000032 c9278=0x1F801BD4 c927c=0x00000033 sp_before=0x801FFF98 sp_after=0x801FFF98 ra=0x8001A24C f=0
[BLACKSCREEN][A110-15650-RET] #51 call_pc=0x8001A244 v0_after=0x00000000 v1_after=0x00000032 a0=0xFFFFFFFF a1=0x00008000 sp_after=0x801FFF98 c2ba=0x0000 f=0
[BLACKSCREEN][A110-PATH] #204 pc=0x8001A24C instr=0x1040002B v0=0x00000000 v1=0x00000032 a0=0xFFFFFFFF a1=0x00008000 a2=0x00000000 a3=0x00000000 s0=0x00000003 s1=0x801E0000 s2=0x80032D80 s3=0x80032B48 sp=0x801FFF98 ra=0x8001A24C m2ab4=0x00000000 m2ab8=0x00000000 m2ac5=0x00 c2ba=0x0000 c2b8=0x00000000 c2bc=0x00000000 f=0
[BLACKSCREEN][A110-CALL] pc=0x8001A17C target=0x80015308 v0=0x00000000 v1=0x00000032 a0=0xFFFFFFFF a1=0x00008000 a2=0x00000000 a3=0x00000000 sp=0x801FFF98 ra=0x8001A184 f=0
[BLACKSCREEN][STATE-C2A8AC-R] #107 size=4 phys=0x0002C2A8 val=0x1F801814 ra=0x8001A184 sp=0x801FFF98 pc=0x00000000 f=0
[BLACKSCREEN][STATE-C2A8AC-R] #108 size=4 phys=0x0002C2AC val=0x1F801110 ra=0x8001A184 sp=0x801FFF98 pc=0x00000000 f=0
[BLACKSCREEN][CALL] route=compiled_early #53 addr=0x80015308 ra=0x8001A184 f=0
[BLACKSCREEN][A110-RET] call_pc=0x8001A17C target=0x80015308 v0_before=0x00000000 v1_before=0x00000032 v0_after=0x1F801814 v1_after=0x1F801110 c9278=0x1F801BD4 c927c=0x00000033 sp_before=0x801FFF98 sp_after=0x801FFF98 ra=0x8001A184 f=0
[BLACKSCREEN][A110-EXIT-COND] pc=0x8001A194 instr=0x1460000B v1=0x00000000 v0=0x1F801814 will_branch=0 next=0x8001A19C else=0x8001A1C4 c9278=0x1F801BD4 c927c=0x00000033 ra=0x8001A184 sp=0x801FFF98 f=0
[BLACKSCREEN][A110-PATH] #205 pc=0x8001A238 instr=0x00001021 v0=0x00000000 v1=0x00000033 a0=0xFFFFFFFF a1=0x00008000 a2=0x00000000 a3=0x00000000 s0=0x00000003 s1=0x801E0000 s2=0x80032D80 s3=0x80032B48 sp=0x801FFF98 ra=0x8001A184 m2ab4=0x00000000 m2ab8=0x00000000 m2ac5=0x00 c2ba=0x0000 c2b8=0x00000000 c2bc=0x00000000 f=0
[BLACKSCREEN][A110-PATH] #206 pc=0x8001A23C instr=0x14400049 v0=0x00000000 v1=0x00000033 a0=0xFFFFFFFF a1=0x00008000 a2=0x00000000 a3=0x00000000 s0=0x00000003 s1=0x801E0000 s2=0x80032D80 s3=0x80032B48 sp=0x801FFF98 ra=0x8001A184 m2ab4=0x00000000 m2ab8=0x00000000 m2ac5=0x00 c2ba=0x0000 c2b8=0x00000000 c2bc=0x00000000 f=0
[BLACKSCREEN][A110-PATH] #207 pc=0x8001A244 instr=0x0C005594 v0=0xFFFFFFFF v1=0x00000033 a0=0xFFFFFFFF a1=0x00008000 a2=0x00000000 a3=0x00000000 s0=0x00000003 s1=0x801E0000 s2=0x80032D80 s3=0x80032B48 sp=0x801FFF98 ra=0x8001A184 m2ab4=0x00000000 m2ab8=0x00000000 m2ac5=0x00 c2ba=0x0000 c2b8=0x00000000 c2bc=0x00000000 f=0
[BLACKSCREEN][A110-CALL] pc=0x8001A244 target=0x80015650 v0=0xFFFFFFFF v1=0x00000033 a0=0xFFFFFFFF a1=0x00008000 a2=0x00000000 a3=0x00000000 sp=0x801FFF98 ra=0x8001A24C f=0
[BLACKSCREEN][A110-15650-CALL] #52 call_pc=0x8001A244 ra=0x8001A24C v0=0xFFFFFFFF v1=0x00000033 a0=0xFFFFFFFF a1=0x00008000 sp=0x801FFF98 c2ba=0x0000 f=0
[BLACKSCREEN][CALL] stage=before_overlay #58 addr=0x80015650 ra=0x8001A24C f=0
[BLACKSCREEN][CALL] stage=before_inbinary #58 addr=0x80015650 ra=0x8001A24C f=0
[BLACKSCREEN][CALL] route=interp #58 addr=0x80015650 ra=0x8001A24C f=0
[BLACKSCREEN][INTERP] enter start=0x80015650 instr0=0x3C028003 a0=0xFFFFFFFF ra=0x8001A24C sp=0x801FFF98 f=0
[BLACKSCREEN][15650-STEP] #154 pc=0x80015650 instr=0x3C028003 v0=0xFFFFFFFF v1=0x00000033 a0=0xFFFFFFFF a1=0x00008000 c2ba=0x0000 c2b8=0x00000000 c2bc=0x00000000 ra=0x8001A24C sp=0x801FFF98 f=0
[BLACKSCREEN][15650-STEP] #155 pc=0x80015654 instr=0x9442C2BA v0=0x80030000 v1=0x00000033 a0=0xFFFFFFFF a1=0x00008000 c2ba=0x0000 c2b8=0x00000000 c2bc=0x00000000 ra=0x8001A24C sp=0x801FFF98 f=0
[BLACKSCREEN][STATE-C2BA-R] #52 size=2 phys=0x0002C2BA val=0x0000 ra=0x8001A24C sp=0x801FFF98 pc=0x00000000 f=0
[BLACKSCREEN][15650-STEP] #156 pc=0x80015658 instr=0x03E00008 v0=0x00000000 v1=0x00000033 a0=0xFFFFFFFF a1=0x00008000 c2ba=0x0000 c2b8=0x00000000 c2bc=0x00000000 ra=0x8001A24C sp=0x801FFF98 f=0
[BLACKSCREEN][15650-RET] #52 reason=jr_ra end=0x80015658 target=0x8001A24C steps=3 v0=0x00000000 v1=0x00000033 c2ba=0x0000 c2b8=0x00000000 c2bc=0x00000000 ra=0x8001A24C sp=0x801FFF98 f=0
[BLACKSCREEN][INTERP] start=0x80015650 end=0x80015658 steps=3 reason=jr_ra target=0x8001A24C ra=0x8001A24C sp=0x801FFF98 f=0
[BLACKSCREEN][A110-RET] call_pc=0x8001A244 target=0x80015650 v0_before=0xFFFFFFFF v1_before=0x00000033 v0_after=0x00000000 v1_after=0x00000033 c9278=0x1F801BD4 c927c=0x00000034 sp_before=0x801FFF98 sp_after=0x801FFF98 ra=0x8001A24C f=0
[BLACKSCREEN][A110-15650-RET] #52 call_pc=0x8001A244 v0_after=0x00000000 v1_after=0x00000033 a0=0xFFFFFFFF a1=0x00008000 sp_after=0x801FFF98 c2ba=0x0000 f=0
[BLACKSCREEN][A110-PATH] #208 pc=0x8001A24C instr=0x1040002B v0=0x00000000 v1=0x00000033 a0=0xFFFFFFFF a1=0x00008000 a2=0x00000000 a3=0x00000000 s0=0x00000003 s1=0x801E0000 s2=0x80032D80 s3=0x80032B48 sp=0x801FFF98 ra=0x8001A24C m2ab4=0x00000000 m2ab8=0x00000000 m2ac5=0x00 c2ba=0x0000 c2b8=0x00000000 c2bc=0x00000000 f=0
[BLACKSCREEN][A110-CALL] pc=0x8001A17C target=0x80015308 v0=0x00000000 v1=0x00000033 a0=0xFFFFFFFF a1=0x00008000 a2=0x00000000 a3=0x00000000 sp=0x801FFF98 ra=0x8001A184 f=0
[BLACKSCREEN][STATE-C2A8AC-R] #109 size=4 phys=0x0002C2A8 val=0x1F801814 ra=0x8001A184 sp=0x801FFF98 pc=0x00000000 f=0
[BLACKSCREEN][STATE-C2A8AC-R] #110 size=4 phys=0x0002C2AC val=0x1F801110 ra=0x8001A184 sp=0x801FFF98 pc=0x00000000 f=0
[BLACKSCREEN][CALL] route=compiled_early #54 addr=0x80015308 ra=0x8001A184 f=0
[BLACKSCREEN][A110-RET] call_pc=0x8001A17C target=0x80015308 v0_before=0x00000000 v1_before=0x00000033 v0_after=0x1F801814 v1_after=0x1F801110 c9278=0x1F801BD4 c927c=0x00000034 sp_before=0x801FFF98 sp_after=0x801FFF98 ra=0x8001A184 f=0
[BLACKSCREEN][A110-EXIT-COND] pc=0x8001A194 instr=0x1460000B v1=0x00000000 v0=0x1F801814 will_branch=0 next=0x8001A19C else=0x8001A1C4 c9278=0x1F801BD4 c927c=0x00000034 ra=0x8001A184 sp=0x801FFF98 f=0
[BLACKSCREEN][A110-PATH] #209 pc=0x8001A238 instr=0x00001021 v0=0x00000000 v1=0x00000034 a0=0xFFFFFFFF a1=0x00008000 a2=0x00000000 a3=0x00000000 s0=0x00000003 s1=0x801E0000 s2=0x80032D80 s3=0x80032B48 sp=0x801FFF98 ra=0x8001A184 m2ab4=0x00000000 m2ab8=0x00000000 m2ac5=0x00 c2ba=0x0000 c2b8=0x00000000 c2bc=0x00000000 f=0
[BLACKSCREEN][A110-PATH] #210 pc=0x8001A23C instr=0x14400049 v0=0x00000000 v1=0x00000034 a0=0xFFFFFFFF a1=0x00008000 a2=0x00000000 a3=0x00000000 s0=0x00000003 s1=0x801E0000 s2=0x80032D80 s3=0x80032B48 sp=0x801FFF98 ra=0x8001A184 m2ab4=0x00000000 m2ab8=0x00000000 m2ac5=0x00 c2ba=0x0000 c2b8=0x00000000 c2bc=0x00000000 f=0
[BLACKSCREEN][A110-PATH] #211 pc=0x8001A244 instr=0x0C005594 v0=0xFFFFFFFF v1=0x00000034 a0=0xFFFFFFFF a1=0x00008000 a2=0x00000000 a3=0x00000000 s0=0x00000003 s1=0x801E0000 s2=0x80032D80 s3=0x80032B48 sp=0x801FFF98 ra=0x8001A184 m2ab4=0x00000000 m2ab8=0x00000000 m2ac5=0x00 c2ba=0x0000 c2b8=0x00000000 c2bc=0x00000000 f=0
[BLACKSCREEN][A110-CALL] pc=0x8001A244 target=0x80015650 v0=0xFFFFFFFF v1=0x00000034 a0=0xFFFFFFFF a1=0x00008000 a2=0x00000000 a3=0x00000000 sp=0x801FFF98 ra=0x8001A24C f=0
[BLACKSCREEN][A110-15650-CALL] #53 call_pc=0x8001A244 ra=0x8001A24C v0=0xFFFFFFFF v1=0x00000034 a0=0xFFFFFFFF a1=0x00008000 sp=0x801FFF98 c2ba=0x0000 f=0
[BLACKSCREEN][CALL] stage=before_overlay #59 addr=0x80015650 ra=0x8001A24C f=0
[BLACKSCREEN][CALL] stage=before_inbinary #59 addr=0x80015650 ra=0x8001A24C f=0
[BLACKSCREEN][CALL] route=interp #59 addr=0x80015650 ra=0x8001A24C f=0
[BLACKSCREEN][INTERP] enter start=0x80015650 instr0=0x3C028003 a0=0xFFFFFFFF ra=0x8001A24C sp=0x801FFF98 f=0
[BLACKSCREEN][15650-STEP] #157 pc=0x80015650 instr=0x3C028003 v0=0xFFFFFFFF v1=0x00000034 a0=0xFFFFFFFF a1=0x00008000 c2ba=0x0000 c2b8=0x00000000 c2bc=0x00000000 ra=0x8001A24C sp=0x801FFF98 f=0
[BLACKSCREEN][15650-STEP] #158 pc=0x80015654 instr=0x9442C2BA v0=0x80030000 v1=0x00000034 a0=0xFFFFFFFF a1=0x00008000 c2ba=0x0000 c2b8=0x00000000 c2bc=0x00000000 ra=0x8001A24C sp=0x801FFF98 f=0
[BLACKSCREEN][STATE-C2BA-R] #53 size=2 phys=0x0002C2BA val=0x0000 ra=0x8001A24C sp=0x801FFF98 pc=0x00000000 f=0
[BLACKSCREEN][15650-STEP] #159 pc=0x80015658 instr=0x03E00008 v0=0x00000000 v1=0x00000034 a0=0xFFFFFFFF a1=0x00008000 c2ba=0x0000 c2b8=0x00000000 c2bc=0x00000000 ra=0x8001A24C sp=0x801FFF98 f=0
[BLACKSCREEN][15650-RET] #53 reason=jr_ra end=0x80015658 target=0x8001A24C steps=3 v0=0x00000000 v1=0x00000034 c2ba=0x0000 c2b8=0x00000000 c2bc=0x00000000 ra=0x8001A24C sp=0x801FFF98 f=0
[BLACKSCREEN][INTERP] start=0x80015650 end=0x80015658 steps=3 reason=jr_ra target=0x8001A24C ra=0x8001A24C sp=0x801FFF98 f=0
[BLACKSCREEN][A110-RET] call_pc=0x8001A244 target=0x80015650 v0_before=0xFFFFFFFF v1_before=0x00000034 v0_after=0x00000000 v1_after=0x00000034 c9278=0x1F801BD4 c927c=0x00000035 sp_before=0x801FFF98 sp_after=0x801FFF98 ra=0x8001A24C f=0
[BLACKSCREEN][A110-15650-RET] #53 call_pc=0x8001A244 v0_after=0x00000000 v1_after=0x00000034 a0=0xFFFFFFFF a1=0x00008000 sp_after=0x801FFF98 c2ba=0x0000 f=0
[BLACKSCREEN][A110-PATH] #212 pc=0x8001A24C instr=0x1040002B v0=0x00000000 v1=0x00000034 a0=0xFFFFFFFF a1=0x00008000 a2=0x00000000 a3=0x00000000 s0=0x00000003 s1=0x801E0000 s2=0x80032D80 s3=0x80032B48 sp=0x801FFF98 ra=0x8001A24C m2ab4=0x00000000 m2ab8=0x00000000 m2ac5=0x00 c2ba=0x0000 c2b8=0x00000000 c2bc=0x00000000 f=0
[BLACKSCREEN][A110-CALL] pc=0x8001A17C target=0x80015308 v0=0x00000000 v1=0x00000034 a0=0xFFFFFFFF a1=0x00008000 a2=0x00000000 a3=0x00000000 sp=0x801FFF98 ra=0x8001A184 f=0
[BLACKSCREEN][STATE-C2A8AC-R] #111 size=4 phys=0x0002C2A8 val=0x1F801814 ra=0x8001A184 sp=0x801FFF98 pc=0x00000000 f=0
[BLACKSCREEN][STATE-C2A8AC-R] #112 size=4 phys=0x0002C2AC val=0x1F801110 ra=0x8001A184 sp=0x801FFF98 pc=0x00000000 f=0
[BLACKSCREEN][CALL] route=compiled_early #55 addr=0x80015308 ra=0x8001A184 f=0
[BLACKSCREEN][A110-RET] call_pc=0x8001A17C target=0x80015308 v0_before=0x00000000 v1_before=0x00000034 v0_after=0x1F801814 v1_after=0x1F801110 c9278=0x1F801BD4 c927c=0x00000035 sp_before=0x801FFF98 sp_after=0x801FFF98 ra=0x8001A184 f=0
[BLACKSCREEN][A110-EXIT-COND] pc=0x8001A194 instr=0x1460000B v1=0x00000000 v0=0x1F801814 will_branch=0 next=0x8001A19C else=0x8001A1C4 c9278=0x1F801BD4 c927c=0x00000035 ra=0x8001A184 sp=0x801FFF98 f=0
[BLACKSCREEN][A110-PATH] #213 pc=0x8001A238 instr=0x00001021 v0=0x00000000 v1=0x00000035 a0=0xFFFFFFFF a1=0x00008000 a2=0x00000000 a3=0x00000000 s0=0x00000003 s1=0x801E0000 s2=0x80032D80 s3=0x80032B48 sp=0x801FFF98 ra=0x8001A184 m2ab4=0x00000000 m2ab8=0x00000000 m2ac5=0x00 c2ba=0x0000 c2b8=0x00000000 c2bc=0x00000000 f=0
[BLACKSCREEN][A110-PATH] #214 pc=0x8001A23C instr=0x14400049 v0=0x00000000 v1=0x00000035 a0=0xFFFFFFFF a1=0x00008000 a2=0x00000000 a3=0x00000000 s0=0x00000003 s1=0x801E0000 s2=0x80032D80 s3=0x80032B48 sp=0x801FFF98 ra=0x8001A184 m2ab4=0x00000000 m2ab8=0x00000000 m2ac5=0x00 c2ba=0x0000 c2b8=0x00000000 c2bc=0x00000000 f=0
[BLACKSCREEN][A110-PATH] #215 pc=0x8001A244 instr=0x0C005594 v0=0xFFFFFFFF v1=0x00000035 a0=0xFFFFFFFF a1=0x00008000 a2=0x00000000 a3=0x00000000 s0=0x00000003 s1=0x801E0000 s2=0x80032D80 s3=0x80032B48 sp=0x801FFF98 ra=0x8001A184 m2ab4=0x00000000 m2ab8=0x00000000 m2ac5=0x00 c2ba=0x0000 c2b8=0x00000000 c2bc=0x00000000 f=0
[BLACKSCREEN][A110-CALL] pc=0x8001A244 target=0x80015650 v0=0xFFFFFFFF v1=0x00000035 a0=0xFFFFFFFF a1=0x00008000 a2=0x00000000 a3=0x00000000 sp=0x801FFF98 ra=0x8001A24C f=0
[BLACKSCREEN][A110-15650-CALL] #54 call_pc=0x8001A244 ra=0x8001A24C v0=0xFFFFFFFF v1=0x00000035 a0=0xFFFFFFFF a1=0x00008000 sp=0x801FFF98 c2ba=0x0000 f=0
[BLACKSCREEN][CALL] stage=before_overlay #60 addr=0x80015650 ra=0x8001A24C f=0
[BLACKSCREEN][CALL] stage=before_inbinary #60 addr=0x80015650 ra=0x8001A24C f=0
[BLACKSCREEN][CALL] route=interp #60 addr=0x80015650 ra=0x8001A24C f=0
[BLACKSCREEN][INTERP] enter start=0x80015650 instr0=0x3C028003 a0=0xFFFFFFFF ra=0x8001A24C sp=0x801FFF98 f=0
[BLACKSCREEN][15650-STEP] #160 pc=0x80015650 instr=0x3C028003 v0=0xFFFFFFFF v1=0x00000035 a0=0xFFFFFFFF a1=0x00008000 c2ba=0x0000 c2b8=0x00000000 c2bc=0x00000000 ra=0x8001A24C sp=0x801FFF98 f=0
[BLACKSCREEN][15650-STEP] #161 pc=0x80015654 instr=0x9442C2BA v0=0x80030000 v1=0x00000035 a0=0xFFFFFFFF a1=0x00008000 c2ba=0x0000 c2b8=0x00000000 c2bc=0x00000000 ra=0x8001A24C sp=0x801FFF98 f=0
[BLACKSCREEN][STATE-C2BA-R] #54 size=2 phys=0x0002C2BA val=0x0000 ra=0x8001A24C sp=0x801FFF98 pc=0x00000000 f=0
[BLACKSCREEN][15650-STEP] #162 pc=0x80015658 instr=0x03E00008 v0=0x00000000 v1=0x00000035 a0=0xFFFFFFFF a1=0x00008000 c2ba=0x0000 c2b8=0x00000000 c2bc=0x00000000 ra=0x8001A24C sp=0x801FFF98 f=0
[BLACKSCREEN][15650-RET] #54 reason=jr_ra end=0x80015658 target=0x8001A24C steps=3 v0=0x00000000 v1=0x00000035 c2ba=0x0000 c2b8=0x00000000 c2bc=0x00000000 ra=0x8001A24C sp=0x801FFF98 f=0
[BLACKSCREEN][INTERP] start=0x80015650 end=0x80015658 steps=3 reason=jr_ra target=0x8001A24C ra=0x8001A24C sp=0x801FFF98 f=0
[BLACKSCREEN][A110-RET] call_pc=0x8001A244 target=0x80015650 v0_before=0xFFFFFFFF v1_before=0x00000035 v0_after=0x00000000 v1_after=0x00000035 c9278=0x1F801BD4 c927c=0x00000036 sp_before=0x801FFF98 sp_after=0x801FFF98 ra=0x8001A24C f=0
[BLACKSCREEN][A110-15650-RET] #54 call_pc=0x8001A244 v0_after=0x00000000 v1_after=0x00000035 a0=0xFFFFFFFF a1=0x00008000 sp_after=0x801FFF98 c2ba=0x0000 f=0
[BLACKSCREEN][A110-PATH] #216 pc=0x8001A24C instr=0x1040002B v0=0x00000000 v1=0x00000035 a0=0xFFFFFFFF a1=0x00008000 a2=0x00000000 a3=0x00000000 s0=0x00000003 s1=0x801E0000 s2=0x80032D80 s3=0x80032B48 sp=0x801FFF98 ra=0x8001A24C m2ab4=0x00000000 m2ab8=0x00000000 m2ac5=0x00 c2ba=0x0000 c2b8=0x00000000 c2bc=0x00000000 f=0
[BLACKSCREEN][A110-CALL] pc=0x8001A17C target=0x80015308 v0=0x00000000 v1=0x00000035 a0=0xFFFFFFFF a1=0x00008000 a2=0x00000000 a3=0x00000000 sp=0x801FFF98 ra=0x8001A184 f=0
[BLACKSCREEN][STATE-C2A8AC-R] #113 size=4 phys=0x0002C2A8 val=0x1F801814 ra=0x8001A184 sp=0x801FFF98 pc=0x00000000 f=0
[BLACKSCREEN][STATE-C2A8AC-R] #114 size=4 phys=0x0002C2AC val=0x1F801110 ra=0x8001A184 sp=0x801FFF98 pc=0x00000000 f=0
[BLACKSCREEN][CALL] route=compiled_early #56 addr=0x80015308 ra=0x8001A184 f=0
[BLACKSCREEN][A110-RET] call_pc=0x8001A17C target=0x80015308 v0_before=0x00000000 v1_before=0x00000035 v0_after=0x1F801814 v1_after=0x1F801110 c9278=0x1F801BD4 c927c=0x00000036 sp_before=0x801FFF98 sp_after=0x801FFF98 ra=0x8001A184 f=0
[BLACKSCREEN][A110-EXIT-COND] pc=0x8001A194 instr=0x1460000B v1=0x00000000 v0=0x1F801814 will_branch=0 next=0x8001A19C else=0x8001A1C4 c9278=0x1F801BD4 c927c=0x00000036 ra=0x8001A184 sp=0x801FFF98 f=0
[BLACKSCREEN][A110-PATH] #217 pc=0x8001A238 instr=0x00001021 v0=0x00000000 v1=0x00000036 a0=0xFFFFFFFF a1=0x00008000 a2=0x00000000 a3=0x00000000 s0=0x00000003 s1=0x801E0000 s2=0x80032D80 s3=0x80032B48 sp=0x801FFF98 ra=0x8001A184 m2ab4=0x00000000 m2ab8=0x00000000 m2ac5=0x00 c2ba=0x0000 c2b8=0x00000000 c2bc=0x00000000 f=0
[BLACKSCREEN][A110-PATH] #218 pc=0x8001A23C instr=0x14400049 v0=0x00000000 v1=0x00000036 a0=0xFFFFFFFF a1=0x00008000 a2=0x00000000 a3=0x00000000 s0=0x00000003 s1=0x801E0000 s2=0x80032D80 s3=0x80032B48 sp=0x801FFF98 ra=0x8001A184 m2ab4=0x00000000 m2ab8=0x00000000 m2ac5=0x00 c2ba=0x0000 c2b8=0x00000000 c2bc=0x00000000 f=0
[BLACKSCREEN][A110-PATH] #219 pc=0x8001A244 instr=0x0C005594 v0=0xFFFFFFFF v1=0x00000036 a0=0xFFFFFFFF a1=0x00008000 a2=0x00000000 a3=0x00000000 s0=0x00000003 s1=0x801E0000 s2=0x80032D80 s3=0x80032B48 sp=0x801FFF98 ra=0x8001A184 m2ab4=0x00000000 m2ab8=0x00000000 m2ac5=0x00 c2ba=0x0000 c2b8=0x00000000 c2bc=0x00000000 f=0
[BLACKSCREEN][A110-CALL] pc=0x8001A244 target=0x80015650 v0=0xFFFFFFFF v1=0x00000036 a0=0xFFFFFFFF a1=0x00008000 a2=0x00000000 a3=0x00000000 sp=0x801FFF98 ra=0x8001A24C f=0
[BLACKSCREEN][A110-15650-CALL] #55 call_pc=0x8001A244 ra=0x8001A24C v0=0xFFFFFFFF v1=0x00000036 a0=0xFFFFFFFF a1=0x00008000 sp=0x801FFF98 c2ba=0x0000 f=0
[BLACKSCREEN][CALL] stage=before_overlay #61 addr=0x80015650 ra=0x8001A24C f=0
[BLACKSCREEN][CALL] stage=before_inbinary #61 addr=0x80015650 ra=0x8001A24C f=0
[BLACKSCREEN][CALL] route=interp #61 addr=0x80015650 ra=0x8001A24C f=0
[BLACKSCREEN][INTERP] enter start=0x80015650 instr0=0x3C028003 a0=0xFFFFFFFF ra=0x8001A24C sp=0x801FFF98 f=0
[BLACKSCREEN][15650-STEP] #163 pc=0x80015650 instr=0x3C028003 v0=0xFFFFFFFF v1=0x00000036 a0=0xFFFFFFFF a1=0x00008000 c2ba=0x0000 c2b8=0x00000000 c2bc=0x00000000 ra=0x8001A24C sp=0x801FFF98 f=0
[BLACKSCREEN][15650-STEP] #164 pc=0x80015654 instr=0x9442C2BA v0=0x80030000 v1=0x00000036 a0=0xFFFFFFFF a1=0x00008000 c2ba=0x0000 c2b8=0x00000000 c2bc=0x00000000 ra=0x8001A24C sp=0x801FFF98 f=0
[BLACKSCREEN][STATE-C2BA-R] #55 size=2 phys=0x0002C2BA val=0x0000 ra=0x8001A24C sp=0x801FFF98 pc=0x00000000 f=0
[BLACKSCREEN][15650-STEP] #165 pc=0x80015658 instr=0x03E00008 v0=0x00000000 v1=0x00000036 a0=0xFFFFFFFF a1=0x00008000 c2ba=0x0000 c2b8=0x00000000 c2bc=0x00000000 ra=0x8001A24C sp=0x801FFF98 f=0
[BLACKSCREEN][15650-RET] #55 reason=jr_ra end=0x80015658 target=0x8001A24C steps=3 v0=0x00000000 v1=0x00000036 c2ba=0x0000 c2b8=0x00000000 c2bc=0x00000000 ra=0x8001A24C sp=0x801FFF98 f=0
[BLACKSCREEN][INTERP] start=0x80015650 end=0x80015658 steps=3 reason=jr_ra target=0x8001A24C ra=0x8001A24C sp=0x801FFF98 f=0
[BLACKSCREEN][A110-RET] call_pc=0x8001A244 target=0x80015650 v0_before=0xFFFFFFFF v1_before=0x00000036 v0_after=0x00000000 v1_after=0x00000036 c9278=0x1F801BD4 c927c=0x00000037 sp_before=0x801FFF98 sp_after=0x801FFF98 ra=0x8001A24C f=0
[BLACKSCREEN][A110-15650-RET] #55 call_pc=0x8001A244 v0_after=0x00000000 v1_after=0x00000036 a0=0xFFFFFFFF a1=0x00008000 sp_after=0x801FFF98 c2ba=0x0000 f=0
[BLACKSCREEN][A110-PATH] #220 pc=0x8001A24C instr=0x1040002B v0=0x00000000 v1=0x00000036 a0=0xFFFFFFFF a1=0x00008000 a2=0x00000000 a3=0x00000000 s0=0x00000003 s1=0x801E0000 s2=0x80032D80 s3=0x80032B48 sp=0x801FFF98 ra=0x8001A24C m2ab4=0x00000000 m2ab8=0x00000000 m2ac5=0x00 c2ba=0x0000 c2b8=0x00000000 c2bc=0x00000000 f=0
[BLACKSCREEN][A110-CALL] pc=0x8001A17C target=0x80015308 v0=0x00000000 v1=0x00000036 a0=0xFFFFFFFF a1=0x00008000 a2=0x00000000 a3=0x00000000 sp=0x801FFF98 ra=0x8001A184 f=0
[BLACKSCREEN][STATE-C2A8AC-R] #115 size=4 phys=0x0002C2A8 val=0x1F801814 ra=0x8001A184 sp=0x801FFF98 pc=0x00000000 f=0
[BLACKSCREEN][STATE-C2A8AC-R] #116 size=4 phys=0x0002C2AC val=0x1F801110 ra=0x8001A184 sp=0x801FFF98 pc=0x00000000 f=0
[BLACKSCREEN][CALL] route=compiled_early #57 addr=0x80015308 ra=0x8001A184 f=0
[BLACKSCREEN][A110-RET] call_pc=0x8001A17C target=0x80015308 v0_before=0x00000000 v1_before=0x00000036 v0_after=0x1F801814 v1_after=0x1F801110 c9278=0x1F801BD4 c927c=0x00000037 sp_before=0x801FFF98 sp_after=0x801FFF98 ra=0x8001A184 f=0
[BLACKSCREEN][A110-EXIT-COND] pc=0x8001A194 instr=0x1460000B v1=0x00000000 v0=0x1F801814 will_branch=0 next=0x8001A19C else=0x8001A1C4 c9278=0x1F801BD4 c927c=0x00000037 ra=0x8001A184 sp=0x801FFF98 f=0
[BLACKSCREEN][A110-PATH] #221 pc=0x8001A238 instr=0x00001021 v0=0x00000000 v1=0x00000037 a0=0xFFFFFFFF a1=0x00008000 a2=0x00000000 a3=0x00000000 s0=0x00000003 s1=0x801E0000 s2=0x80032D80 s3=0x80032B48 sp=0x801FFF98 ra=0x8001A184 m2ab4=0x00000000 m2ab8=0x00000000 m2ac5=0x00 c2ba=0x0000 c2b8=0x00000000 c2bc=0x00000000 f=0
[BLACKSCREEN][A110-PATH] #222 pc=0x8001A23C instr=0x14400049 v0=0x00000000 v1=0x00000037 a0=0xFFFFFFFF a1=0x00008000 a2=0x00000000 a3=0x00000000 s0=0x00000003 s1=0x801E0000 s2=0x80032D80 s3=0x80032B48 sp=0x801FFF98 ra=0x8001A184 m2ab4=0x00000000 m2ab8=0x00000000 m2ac5=0x00 c2ba=0x0000 c2b8=0x00000000 c2bc=0x00000000 f=0
[BLACKSCREEN][A110-PATH] #223 pc=0x8001A244 instr=0x0C005594 v0=0xFFFFFFFF v1=0x00000037 a0=0xFFFFFFFF a1=0x00008000 a2=0x00000000 a3=0x00000000 s0=0x00000003 s1=0x801E0000 s2=0x80032D80 s3=0x80032B48 sp=0x801FFF98 ra=0x8001A184 m2ab4=0x00000000 m2ab8=0x00000000 m2ac5=0x00 c2ba=0x0000 c2b8=0x00000000 c2bc=0x00000000 f=0
[BLACKSCREEN][A110-CALL] pc=0x8001A244 target=0x80015650 v0=0xFFFFFFFF v1=0x00000037 a0=0xFFFFFFFF a1=0x00008000 a2=0x00000000 a3=0x00000000 sp=0x801FFF98 ra=0x8001A24C f=0
[BLACKSCREEN][A110-15650-CALL] #56 call_pc=0x8001A244 ra=0x8001A24C v0=0xFFFFFFFF v1=0x00000037 a0=0xFFFFFFFF a1=0x00008000 sp=0x801FFF98 c2ba=0x0000 f=0
[BLACKSCREEN][CALL] stage=before_overlay #62 addr=0x80015650 ra=0x8001A24C f=0
[BLACKSCREEN][CALL] stage=before_inbinary #62 addr=0x80015650 ra=0x8001A24C f=0
[BLACKSCREEN][CALL] route=interp #62 addr=0x80015650 ra=0x8001A24C f=0
[BLACKSCREEN][INTERP] enter start=0x80015650 instr0=0x3C028003 a0=0xFFFFFFFF ra=0x8001A24C sp=0x801FFF98 f=0
[BLACKSCREEN][15650-STEP] #166 pc=0x80015650 instr=0x3C028003 v0=0xFFFFFFFF v1=0x00000037 a0=0xFFFFFFFF a1=0x00008000 c2ba=0x0000 c2b8=0x00000000 c2bc=0x00000000 ra=0x8001A24C sp=0x801FFF98 f=0
[BLACKSCREEN][15650-STEP] #167 pc=0x80015654 instr=0x9442C2BA v0=0x80030000 v1=0x00000037 a0=0xFFFFFFFF a1=0x00008000 c2ba=0x0000 c2b8=0x00000000 c2bc=0x00000000 ra=0x8001A24C sp=0x801FFF98 f=0
[BLACKSCREEN][STATE-C2BA-R] #56 size=2 phys=0x0002C2BA val=0x0000 ra=0x8001A24C sp=0x801FFF98 pc=0x00000000 f=0
[BLACKSCREEN][15650-STEP] #168 pc=0x80015658 instr=0x03E00008 v0=0x00000000 v1=0x00000037 a0=0xFFFFFFFF a1=0x00008000 c2ba=0x0000 c2b8=0x00000000 c2bc=0x00000000 ra=0x8001A24C sp=0x801FFF98 f=0
[BLACKSCREEN][15650-RET] #56 reason=jr_ra end=0x80015658 target=0x8001A24C steps=3 v0=0x00000000 v1=0x00000037 c2ba=0x0000 c2b8=0x00000000 c2bc=0x00000000 ra=0x8001A24C sp=0x801FFF98 f=0
[BLACKSCREEN][INTERP] start=0x80015650 end=0x80015658 steps=3 reason=jr_ra target=0x8001A24C ra=0x8001A24C sp=0x801FFF98 f=0
[BLACKSCREEN][A110-RET] call_pc=0x8001A244 target=0x80015650 v0_before=0xFFFFFFFF v1_before=0x00000037 v0_after=0x00000000 v1_after=0x00000037 c9278=0x1F801BD4 c927c=0x00000038 sp_before=0x801FFF98 sp_after=0x801FFF98 ra=0x8001A24C f=0
[BLACKSCREEN][A110-15650-RET] #56 call_pc=0x8001A244 v0_after=0x00000000 v1_after=0x00000037 a0=0xFFFFFFFF a1=0x00008000 sp_after=0x801FFF98 c2ba=0x0000 f=0
[BLACKSCREEN][A110-PATH] #224 pc=0x8001A24C instr=0x1040002B v0=0x00000000 v1=0x00000037 a0=0xFFFFFFFF a1=0x00008000 a2=0x00000000 a3=0x00000000 s0=0x00000003 s1=0x801E0000 s2=0x80032D80 s3=0x80032B48 sp=0x801FFF98 ra=0x8001A24C m2ab4=0x00000000 m2ab8=0x00000000 m2ac5=0x00 c2ba=0x0000 c2b8=0x00000000 c2bc=0x00000000 f=0
[BLACKSCREEN][A110-CALL] pc=0x8001A17C target=0x80015308 v0=0x00000000 v1=0x00000037 a0=0xFFFFFFFF a1=0x00008000 a2=0x00000000 a3=0x00000000 sp=0x801FFF98 ra=0x8001A184 f=0
[BLACKSCREEN][STATE-C2A8AC-R] #117 size=4 phys=0x0002C2A8 val=0x1F801814 ra=0x8001A184 sp=0x801FFF98 pc=0x00000000 f=0
[BLACKSCREEN][STATE-C2A8AC-R] #118 size=4 phys=0x0002C2AC val=0x1F801110 ra=0x8001A184 sp=0x801FFF98 pc=0x00000000 f=0
[BLACKSCREEN][CALL] route=compiled_early #58 addr=0x80015308 ra=0x8001A184 f=0
[BLACKSCREEN][A110-RET] call_pc=0x8001A17C target=0x80015308 v0_before=0x00000000 v1_before=0x00000037 v0_after=0x1F801814 v1_after=0x1F801110 c9278=0x1F801BD4 c927c=0x00000038 sp_before=0x801FFF98 sp_after=0x801FFF98 ra=0x8001A184 f=0
[BLACKSCREEN][A110-EXIT-COND] pc=0x8001A194 instr=0x1460000B v1=0x00000000 v0=0x1F801814 will_branch=0 next=0x8001A19C else=0x8001A1C4 c9278=0x1F801BD4 c927c=0x00000038 ra=0x8001A184 sp=0x801FFF98 f=0
[BLACKSCREEN][A110-PATH] #225 pc=0x8001A238 instr=0x00001021 v0=0x00000000 v1=0x00000038 a0=0xFFFFFFFF a1=0x00008000 a2=0x00000000 a3=0x00000000 s0=0x00000003 s1=0x801E0000 s2=0x80032D80 s3=0x80032B48 sp=0x801FFF98 ra=0x8001A184 m2ab4=0x00000000 m2ab8=0x00000000 m2ac5=0x00 c2ba=0x0000 c2b8=0x00000000 c2bc=0x00000000 f=0
[BLACKSCREEN][A110-PATH] #226 pc=0x8001A23C instr=0x14400049 v0=0x00000000 v1=0x00000038 a0=0xFFFFFFFF a1=0x00008000 a2=0x00000000 a3=0x00000000 s0=0x00000003 s1=0x801E0000 s2=0x80032D80 s3=0x80032B48 sp=0x801FFF98 ra=0x8001A184 m2ab4=0x00000000 m2ab8=0x00000000 m2ac5=0x00 c2ba=0x0000 c2b8=0x00000000 c2bc=0x00000000 f=0
[BLACKSCREEN][A110-PATH] #227 pc=0x8001A244 instr=0x0C005594 v0=0xFFFFFFFF v1=0x00000038 a0=0xFFFFFFFF a1=0x00008000 a2=0x00000000 a3=0x00000000 s0=0x00000003 s1=0x801E0000 s2=0x80032D80 s3=0x80032B48 sp=0x801FFF98 ra=0x8001A184 m2ab4=0x00000000 m2ab8=0x00000000 m2ac5=0x00 c2ba=0x0000 c2b8=0x00000000 c2bc=0x00000000 f=0
[BLACKSCREEN][A110-CALL] pc=0x8001A244 target=0x80015650 v0=0xFFFFFFFF v1=0x00000038 a0=0xFFFFFFFF a1=0x00008000 a2=0x00000000 a3=0x00000000 sp=0x801FFF98 ra=0x8001A24C f=0
[BLACKSCREEN][A110-15650-CALL] #57 call_pc=0x8001A244 ra=0x8001A24C v0=0xFFFFFFFF v1=0x00000038 a0=0xFFFFFFFF a1=0x00008000 sp=0x801FFF98 c2ba=0x0000 f=0
[BLACKSCREEN][CALL] stage=before_overlay #63 addr=0x80015650 ra=0x8001A24C f=0
[BLACKSCREEN][CALL] stage=before_inbinary #63 addr=0x80015650 ra=0x8001A24C f=0
[BLACKSCREEN][CALL] route=interp #63 addr=0x80015650 ra=0x8001A24C f=0
[BLACKSCREEN][INTERP] enter start=0x80015650 instr0=0x3C028003 a0=0xFFFFFFFF ra=0x8001A24C sp=0x801FFF98 f=0
[BLACKSCREEN][15650-STEP] #169 pc=0x80015650 instr=0x3C028003 v0=0xFFFFFFFF v1=0x00000038 a0=0xFFFFFFFF a1=0x00008000 c2ba=0x0000 c2b8=0x00000000 c2bc=0x00000000 ra=0x8001A24C sp=0x801FFF98 f=0
[BLACKSCREEN][15650-STEP] #170 pc=0x80015654 instr=0x9442C2BA v0=0x80030000 v1=0x00000038 a0=0xFFFFFFFF a1=0x00008000 c2ba=0x0000 c2b8=0x00000000 c2bc=0x00000000 ra=0x8001A24C sp=0x801FFF98 f=0
[BLACKSCREEN][STATE-C2BA-R] #57 size=2 phys=0x0002C2BA val=0x0000 ra=0x8001A24C sp=0x801FFF98 pc=0x00000000 f=0
[BLACKSCREEN][15650-STEP] #171 pc=0x80015658 instr=0x03E00008 v0=0x00000000 v1=0x00000038 a0=0xFFFFFFFF a1=0x00008000 c2ba=0x0000 c2b8=0x00000000 c2bc=0x00000000 ra=0x8001A24C sp=0x801FFF98 f=0
[BLACKSCREEN][15650-RET] #57 reason=jr_ra end=0x80015658 target=0x8001A24C steps=3 v0=0x00000000 v1=0x00000038 c2ba=0x0000 c2b8=0x00000000 c2bc=0x00000000 ra=0x8001A24C sp=0x801FFF98 f=0
[BLACKSCREEN][INTERP] start=0x80015650 end=0x80015658 steps=3 reason=jr_ra target=0x8001A24C ra=0x8001A24C sp=0x801FFF98 f=0
[BLACKSCREEN][A110-RET] call_pc=0x8001A244 target=0x80015650 v0_before=0xFFFFFFFF v1_before=0x00000038 v0_after=0x00000000 v1_after=0x00000038 c9278=0x1F801BD4 c927c=0x00000039 sp_before=0x801FFF98 sp_after=0x801FFF98 ra=0x8001A24C f=0
[BLACKSCREEN][A110-15650-RET] #57 call_pc=0x8001A244 v0_after=0x00000000 v1_after=0x00000038 a0=0xFFFFFFFF a1=0x00008000 sp_after=0x801FFF98 c2ba=0x0000 f=0
[BLACKSCREEN][A110-PATH] #228 pc=0x8001A24C instr=0x1040002B v0=0x00000000 v1=0x00000038 a0=0xFFFFFFFF a1=0x00008000 a2=0x00000000 a3=0x00000000 s0=0x00000003 s1=0x801E0000 s2=0x80032D80 s3=0x80032B48 sp=0x801FFF98 ra=0x8001A24C m2ab4=0x00000000 m2ab8=0x00000000 m2ac5=0x00 c2ba=0x0000 c2b8=0x00000000 c2bc=0x00000000 f=0
[BLACKSCREEN][A110-CALL] pc=0x8001A17C target=0x80015308 v0=0x00000000 v1=0x00000038 a0=0xFFFFFFFF a1=0x00008000 a2=0x00000000 a3=0x00000000 sp=0x801FFF98 ra=0x8001A184 f=0
[BLACKSCREEN][STATE-C2A8AC-R] #119 size=4 phys=0x0002C2A8 val=0x1F801814 ra=0x8001A184 sp=0x801FFF98 pc=0x00000000 f=0
[BLACKSCREEN][STATE-C2A8AC-R] #120 size=4 phys=0x0002C2AC val=0x1F801110 ra=0x8001A184 sp=0x801FFF98 pc=0x00000000 f=0
[BLACKSCREEN][CALL] route=compiled_early #59 addr=0x80015308 ra=0x8001A184 f=0
[BLACKSCREEN][A110-RET] call_pc=0x8001A17C target=0x80015308 v0_before=0x00000000 v1_before=0x00000038 v0_after=0x1F801814 v1_after=0x1F801110 c9278=0x1F801BD4 c927c=0x00000039 sp_before=0x801FFF98 sp_after=0x801FFF98 ra=0x8001A184 f=0
[BLACKSCREEN][A110-EXIT-COND] pc=0x8001A194 instr=0x1460000B v1=0x00000000 v0=0x1F801814 will_branch=0 next=0x8001A19C else=0x8001A1C4 c9278=0x1F801BD4 c927c=0x00000039 ra=0x8001A184 sp=0x801FFF98 f=0
[BLACKSCREEN][A110-PATH] #229 pc=0x8001A238 instr=0x00001021 v0=0x00000000 v1=0x00000039 a0=0xFFFFFFFF a1=0x00008000 a2=0x00000000 a3=0x00000000 s0=0x00000003 s1=0x801E0000 s2=0x80032D80 s3=0x80032B48 sp=0x801FFF98 ra=0x8001A184 m2ab4=0x00000000 m2ab8=0x00000000 m2ac5=0x00 c2ba=0x0000 c2b8=0x00000000 c2bc=0x00000000 f=0
[BLACKSCREEN][A110-PATH] #230 pc=0x8001A23C instr=0x14400049 v0=0x00000000 v1=0x00000039 a0=0xFFFFFFFF a1=0x00008000 a2=0x00000000 a3=0x00000000 s0=0x00000003 s1=0x801E0000 s2=0x80032D80 s3=0x80032B48 sp=0x801FFF98 ra=0x8001A184 m2ab4=0x00000000 m2ab8=0x00000000 m2ac5=0x00 c2ba=0x0000 c2b8=0x00000000 c2bc=0x00000000 f=0
[BLACKSCREEN][A110-PATH] #231 pc=0x8001A244 instr=0x0C005594 v0=0xFFFFFFFF v1=0x00000039 a0=0xFFFFFFFF a1=0x00008000 a2=0x00000000 a3=0x00000000 s0=0x00000003 s1=0x801E0000 s2=0x80032D80 s3=0x80032B48 sp=0x801FFF98 ra=0x8001A184 m2ab4=0x00000000 m2ab8=0x00000000 m2ac5=0x00 c2ba=0x0000 c2b8=0x00000000 c2bc=0x00000000 f=0
[BLACKSCREEN][A110-CALL] pc=0x8001A244 target=0x80015650 v0=0xFFFFFFFF v1=0x00000039 a0=0xFFFFFFFF a1=0x00008000 a2=0x00000000 a3=0x00000000 sp=0x801FFF98 ra=0x8001A24C f=0
[BLACKSCREEN][A110-15650-CALL] #58 call_pc=0x8001A244 ra=0x8001A24C v0=0xFFFFFFFF v1=0x00000039 a0=0xFFFFFFFF a1=0x00008000 sp=0x801FFF98 c2ba=0x0000 f=0
[BLACKSCREEN][CALL] stage=before_overlay #64 addr=0x80015650 ra=0x8001A24C f=0
[BLACKSCREEN][CALL] stage=before_inbinary #64 addr=0x80015650 ra=0x8001A24C f=0
[BLACKSCREEN][CALL] route=interp #64 addr=0x80015650 ra=0x8001A24C f=0
[BLACKSCREEN][INTERP] enter start=0x80015650 instr0=0x3C028003 a0=0xFFFFFFFF ra=0x8001A24C sp=0x801FFF98 f=0
[BLACKSCREEN][15650-STEP] #172 pc=0x80015650 instr=0x3C028003 v0=0xFFFFFFFF v1=0x00000039 a0=0xFFFFFFFF a1=0x00008000 c2ba=0x0000 c2b8=0x00000000 c2bc=0x00000000 ra=0x8001A24C sp=0x801FFF98 f=0
[BLACKSCREEN][15650-STEP] #173 pc=0x80015654 instr=0x9442C2BA v0=0x80030000 v1=0x00000039 a0=0xFFFFFFFF a1=0x00008000 c2ba=0x0000 c2b8=0x00000000 c2bc=0x00000000 ra=0x8001A24C sp=0x801FFF98 f=0
[BLACKSCREEN][STATE-C2BA-R] #58 size=2 phys=0x0002C2BA val=0x0000 ra=0x8001A24C sp=0x801FFF98 pc=0x00000000 f=0
[BLACKSCREEN][15650-STEP] #174 pc=0x80015658 instr=0x03E00008 v0=0x00000000 v1=0x00000039 a0=0xFFFFFFFF a1=0x00008000 c2ba=0x0000 c2b8=0x00000000 c2bc=0x00000000 ra=0x8001A24C sp=0x801FFF98 f=0
[BLACKSCREEN][15650-RET] #58 reason=jr_ra end=0x80015658 target=0x8001A24C steps=3 v0=0x00000000 v1=0x00000039 c2ba=0x0000 c2b8=0x00000000 c2bc=0x00000000 ra=0x8001A24C sp=0x801FFF98 f=0
[BLACKSCREEN][INTERP] start=0x80015650 end=0x80015658 steps=3 reason=jr_ra target=0x8001A24C ra=0x8001A24C sp=0x801FFF98 f=0
[BLACKSCREEN][A110-RET] call_pc=0x8001A244 target=0x80015650 v0_before=0xFFFFFFFF v1_before=0x00000039 v0_after=0x00000000 v1_after=0x00000039 c9278=0x1F801BD4 c927c=0x0000003A sp_before=0x801FFF98 sp_after=0x801FFF98 ra=0x8001A24C f=0
[BLACKSCREEN][A110-15650-RET] #58 call_pc=0x8001A244 v0_after=0x00000000 v1_after=0x00000039 a0=0xFFFFFFFF a1=0x00008000 sp_after=0x801FFF98 c2ba=0x0000 f=0
[BLACKSCREEN][A110-PATH] #232 pc=0x8001A24C instr=0x1040002B v0=0x00000000 v1=0x00000039 a0=0xFFFFFFFF a1=0x00008000 a2=0x00000000 a3=0x00000000 s0=0x00000003 s1=0x801E0000 s2=0x80032D80 s3=0x80032B48 sp=0x801FFF98 ra=0x8001A24C m2ab4=0x00000000 m2ab8=0x00000000 m2ac5=0x00 c2ba=0x0000 c2b8=0x00000000 c2bc=0x00000000 f=0
[BLACKSCREEN][A110-CALL] pc=0x8001A17C target=0x80015308 v0=0x00000000 v1=0x00000039 a0=0xFFFFFFFF a1=0x00008000 a2=0x00000000 a3=0x00000000 sp=0x801FFF98 ra=0x8001A184 f=0
[BLACKSCREEN][STATE-C2A8AC-R] #121 size=4 phys=0x0002C2A8 val=0x1F801814 ra=0x8001A184 sp=0x801FFF98 pc=0x00000000 f=0
[BLACKSCREEN][STATE-C2A8AC-R] #122 size=4 phys=0x0002C2AC val=0x1F801110 ra=0x8001A184 sp=0x801FFF98 pc=0x00000000 f=0
[BLACKSCREEN][CALL] route=compiled_early #60 addr=0x80015308 ra=0x8001A184 f=0
[BLACKSCREEN][A110-RET] call_pc=0x8001A17C target=0x80015308 v0_before=0x00000000 v1_before=0x00000039 v0_after=0x1F801814 v1_after=0x1F801110 c9278=0x1F801BD4 c927c=0x0000003A sp_before=0x801FFF98 sp_after=0x801FFF98 ra=0x8001A184 f=0
[BLACKSCREEN][A110-EXIT-COND] pc=0x8001A194 instr=0x1460000B v1=0x00000000 v0=0x1F801814 will_branch=0 next=0x8001A19C else=0x8001A1C4 c9278=0x1F801BD4 c927c=0x0000003A ra=0x8001A184 sp=0x801FFF98 f=0
[BLACKSCREEN][A110-PATH] #233 pc=0x8001A238 instr=0x00001021 v0=0x00000000 v1=0x0000003A a0=0xFFFFFFFF a1=0x00008000 a2=0x00000000 a3=0x00000000 s0=0x00000003 s1=0x801E0000 s2=0x80032D80 s3=0x80032B48 sp=0x801FFF98 ra=0x8001A184 m2ab4=0x00000000 m2ab8=0x00000000 m2ac5=0x00 c2ba=0x0000 c2b8=0x00000000 c2bc=0x00000000 f=0
[BLACKSCREEN][A110-PATH] #234 pc=0x8001A23C instr=0x14400049 v0=0x00000000 v1=0x0000003A a0=0xFFFFFFFF a1=0x00008000 a2=0x00000000 a3=0x00000000 s0=0x00000003 s1=0x801E0000 s2=0x80032D80 s3=0x80032B48 sp=0x801FFF98 ra=0x8001A184 m2ab4=0x00000000 m2ab8=0x00000000 m2ac5=0x00 c2ba=0x0000 c2b8=0x00000000 c2bc=0x00000000 f=0
[BLACKSCREEN][A110-PATH] #235 pc=0x8001A244 instr=0x0C005594 v0=0xFFFFFFFF v1=0x0000003A a0=0xFFFFFFFF a1=0x00008000 a2=0x00000000 a3=0x00000000 s0=0x00000003 s1=0x801E0000 s2=0x80032D80 s3=0x80032B48 sp=0x801FFF98 ra=0x8001A184 m2ab4=0x00000000 m2ab8=0x00000000 m2ac5=0x00 c2ba=0x0000 c2b8=0x00000000 c2bc=0x00000000 f=0
[BLACKSCREEN][A110-CALL] pc=0x8001A244 target=0x80015650 v0=0xFFFFFFFF v1=0x0000003A a0=0xFFFFFFFF a1=0x00008000 a2=0x00000000 a3=0x00000000 sp=0x801FFF98 ra=0x8001A24C f=0
[BLACKSCREEN][A110-15650-CALL] #59 call_pc=0x8001A244 ra=0x8001A24C v0=0xFFFFFFFF v1=0x0000003A a0=0xFFFFFFFF a1=0x00008000 sp=0x801FFF98 c2ba=0x0000 f=0
[BLACKSCREEN][CALL] stage=before_overlay #65 addr=0x80015650 ra=0x8001A24C f=0
[BLACKSCREEN][CALL] stage=before_inbinary #65 addr=0x80015650 ra=0x8001A24C f=0
[BLACKSCREEN][CALL] route=interp #65 addr=0x80015650 ra=0x8001A24C f=0
[BLACKSCREEN][INTERP] enter start=0x80015650 instr0=0x3C028003 a0=0xFFFFFFFF ra=0x8001A24C sp=0x801FFF98 f=0
[BLACKSCREEN][15650-STEP] #175 pc=0x80015650 instr=0x3C028003 v0=0xFFFFFFFF v1=0x0000003A a0=0xFFFFFFFF a1=0x00008000 c2ba=0x0000 c2b8=0x00000000 c2bc=0x00000000 ra=0x8001A24C sp=0x801FFF98 f=0
[BLACKSCREEN][15650-STEP] #176 pc=0x80015654 instr=0x9442C2BA v0=0x80030000 v1=0x0000003A a0=0xFFFFFFFF a1=0x00008000 c2ba=0x0000 c2b8=0x00000000 c2bc=0x00000000 ra=0x8001A24C sp=0x801FFF98 f=0
[BLACKSCREEN][STATE-C2BA-R] #59 size=2 phys=0x0002C2BA val=0x0000 ra=0x8001A24C sp=0x801FFF98 pc=0x00000000 f=0
[BLACKSCREEN][15650-STEP] #177 pc=0x80015658 instr=0x03E00008 v0=0x00000000 v1=0x0000003A a0=0xFFFFFFFF a1=0x00008000 c2ba=0x0000 c2b8=0x00000000 c2bc=0x00000000 ra=0x8001A24C sp=0x801FFF98 f=0
[BLACKSCREEN][15650-RET] #59 reason=jr_ra end=0x80015658 target=0x8001A24C steps=3 v0=0x00000000 v1=0x0000003A c2ba=0x0000 c2b8=0x00000000 c2bc=0x00000000 ra=0x8001A24C sp=0x801FFF98 f=0
[BLACKSCREEN][INTERP] start=0x80015650 end=0x80015658 steps=3 reason=jr_ra target=0x8001A24C ra=0x8001A24C sp=0x801FFF98 f=0
[BLACKSCREEN][A110-RET] call_pc=0x8001A244 target=0x80015650 v0_before=0xFFFFFFFF v1_before=0x0000003A v0_after=0x00000000 v1_after=0x0000003A c9278=0x1F801BD4 c927c=0x0000003B sp_before=0x801FFF98 sp_after=0x801FFF98 ra=0x8001A24C f=0
[BLACKSCREEN][A110-15650-RET] #59 call_pc=0x8001A244 v0_after=0x00000000 v1_after=0x0000003A a0=0xFFFFFFFF a1=0x00008000 sp_after=0x801FFF98 c2ba=0x0000 f=0
[BLACKSCREEN][A110-PATH] #236 pc=0x8001A24C instr=0x1040002B v0=0x00000000 v1=0x0000003A a0=0xFFFFFFFF a1=0x00008000 a2=0x00000000 a3=0x00000000 s0=0x00000003 s1=0x801E0000 s2=0x80032D80 s3=0x80032B48 sp=0x801FFF98 ra=0x8001A24C m2ab4=0x00000000 m2ab8=0x00000000 m2ac5=0x00 c2ba=0x0000 c2b8=0x00000000 c2bc=0x00000000 f=0
[BLACKSCREEN][A110-CALL] pc=0x8001A17C target=0x80015308 v0=0x00000000 v1=0x0000003A a0=0xFFFFFFFF a1=0x00008000 a2=0x00000000 a3=0x00000000 sp=0x801FFF98 ra=0x8001A184 f=0
[BLACKSCREEN][STATE-C2A8AC-R] #123 size=4 phys=0x0002C2A8 val=0x1F801814 ra=0x8001A184 sp=0x801FFF98 pc=0x00000000 f=0
[BLACKSCREEN][STATE-C2A8AC-R] #124 size=4 phys=0x0002C2AC val=0x1F801110 ra=0x8001A184 sp=0x801FFF98 pc=0x00000000 f=0
[BLACKSCREEN][CALL] route=compiled_early #61 addr=0x80015308 ra=0x8001A184 f=0
[BLACKSCREEN][A110-RET] call_pc=0x8001A17C target=0x80015308 v0_before=0x00000000 v1_before=0x0000003A v0_after=0x1F801814 v1_after=0x1F801110 c9278=0x1F801BD4 c927c=0x0000003B sp_before=0x801FFF98 sp_after=0x801FFF98 ra=0x8001A184 f=0
[BLACKSCREEN][A110-EXIT-COND] pc=0x8001A194 instr=0x1460000B v1=0x00000000 v0=0x1F801814 will_branch=0 next=0x8001A19C else=0x8001A1C4 c9278=0x1F801BD4 c927c=0x0000003B ra=0x8001A184 sp=0x801FFF98 f=0
[BLACKSCREEN][A110-PATH] #237 pc=0x8001A238 instr=0x00001021 v0=0x00000000 v1=0x0000003B a0=0xFFFFFFFF a1=0x00008000 a2=0x00000000 a3=0x00000000 s0=0x00000003 s1=0x801E0000 s2=0x80032D80 s3=0x80032B48 sp=0x801FFF98 ra=0x8001A184 m2ab4=0x00000000 m2ab8=0x00000000 m2ac5=0x00 c2ba=0x0000 c2b8=0x00000000 c2bc=0x00000000 f=0
[BLACKSCREEN][A110-PATH] #238 pc=0x8001A23C instr=0x14400049 v0=0x00000000 v1=0x0000003B a0=0xFFFFFFFF a1=0x00008000 a2=0x00000000 a3=0x00000000 s0=0x00000003 s1=0x801E0000 s2=0x80032D80 s3=0x80032B48 sp=0x801FFF98 ra=0x8001A184 m2ab4=0x00000000 m2ab8=0x00000000 m2ac5=0x00 c2ba=0x0000 c2b8=0x00000000 c2bc=0x00000000 f=0
[BLACKSCREEN][A110-PATH] #239 pc=0x8001A244 instr=0x0C005594 v0=0xFFFFFFFF v1=0x0000003B a0=0xFFFFFFFF a1=0x00008000 a2=0x00000000 a3=0x00000000 s0=0x00000003 s1=0x801E0000 s2=0x80032D80 s3=0x80032B48 sp=0x801FFF98 ra=0x8001A184 m2ab4=0x00000000 m2ab8=0x00000000 m2ac5=0x00 c2ba=0x0000 c2b8=0x00000000 c2bc=0x00000000 f=0
[BLACKSCREEN][A110-15650-CALL] #60 call_pc=0x8001A244 ra=0x8001A24C v0=0xFFFFFFFF v1=0x0000003B a0=0xFFFFFFFF a1=0x00008000 sp=0x801FFF98 c2ba=0x0000 f=0
[BLACKSCREEN][CALL] stage=before_overlay #66 addr=0x80015650 ra=0x8001A24C f=0
[BLACKSCREEN][CALL] stage=before_inbinary #66 addr=0x80015650 ra=0x8001A24C f=0
[BLACKSCREEN][CALL] route=interp #66 addr=0x80015650 ra=0x8001A24C f=0
[BLACKSCREEN][INTERP] enter start=0x80015650 instr0=0x3C028003 a0=0xFFFFFFFF ra=0x8001A24C sp=0x801FFF98 f=0
[BLACKSCREEN][15650-STEP] #178 pc=0x80015650 instr=0x3C028003 v0=0xFFFFFFFF v1=0x0000003B a0=0xFFFFFFFF a1=0x00008000 c2ba=0x0000 c2b8=0x00000000 c2bc=0x00000000 ra=0x8001A24C sp=0x801FFF98 f=0
[BLACKSCREEN][15650-STEP] #179 pc=0x80015654 instr=0x9442C2BA v0=0x80030000 v1=0x0000003B a0=0xFFFFFFFF a1=0x00008000 c2ba=0x0000 c2b8=0x00000000 c2bc=0x00000000 ra=0x8001A24C sp=0x801FFF98 f=0
[BLACKSCREEN][STATE-C2BA-R] #60 size=2 phys=0x0002C2BA val=0x0000 ra=0x8001A24C sp=0x801FFF98 pc=0x00000000 f=0
[BLACKSCREEN][15650-STEP] #180 pc=0x80015658 instr=0x03E00008 v0=0x00000000 v1=0x0000003B a0=0xFFFFFFFF a1=0x00008000 c2ba=0x0000 c2b8=0x00000000 c2bc=0x00000000 ra=0x8001A24C sp=0x801FFF98 f=0
[BLACKSCREEN][15650-RET] #60 reason=jr_ra end=0x80015658 target=0x8001A24C steps=3 v0=0x00000000 v1=0x0000003B c2ba=0x0000 c2b8=0x00000000 c2bc=0x00000000 ra=0x8001A24C sp=0x801FFF98 f=0
[BLACKSCREEN][INTERP] start=0x80015650 end=0x80015658 steps=3 reason=jr_ra target=0x8001A24C ra=0x8001A24C sp=0x801FFF98 f=0
[BLACKSCREEN][A110-15650-RET] #60 call_pc=0x8001A244 v0_after=0x00000000 v1_after=0x0000003B a0=0xFFFFFFFF a1=0x00008000 sp_after=0x801FFF98 c2ba=0x0000 f=0
[BLACKSCREEN][A110-PATH] #240 pc=0x8001A24C instr=0x1040002B v0=0x00000000 v1=0x0000003B a0=0xFFFFFFFF a1=0x00008000 a2=0x00000000 a3=0x00000000 s0=0x00000003 s1=0x801E0000 s2=0x80032D80 s3=0x80032B48 sp=0x801FFF98 ra=0x8001A24C m2ab4=0x00000000 m2ab8=0x00000000 m2ac5=0x00 c2ba=0x0000 c2b8=0x00000000 c2bc=0x00000000 f=0
[BLACKSCREEN][STATE-C2A8AC-R] #125 size=4 phys=0x0002C2A8 val=0x1F801814 ra=0x8001A184 sp=0x801FFF98 pc=0x00000000 f=0
[BLACKSCREEN][STATE-C2A8AC-R] #126 size=4 phys=0x0002C2AC val=0x1F801110 ra=0x8001A184 sp=0x801FFF98 pc=0x00000000 f=0
[BLACKSCREEN][CALL] route=compiled_early #62 addr=0x80015308 ra=0x8001A184 f=0
[BLACKSCREEN][A110-EXIT-COND] pc=0x8001A194 instr=0x1460000B v1=0x00000000 v0=0x1F801814 will_branch=0 next=0x8001A19C else=0x8001A1C4 c9278=0x1F801BD4 c927c=0x0000003C ra=0x8001A184 sp=0x801FFF98 f=0
[BLACKSCREEN][A110-PATH] #241 pc=0x8001A238 instr=0x00001021 v0=0x00000000 v1=0x0000003C a0=0xFFFFFFFF a1=0x00008000 a2=0x00000000 a3=0x00000000 s0=0x00000003 s1=0x801E0000 s2=0x80032D80 s3=0x80032B48 sp=0x801FFF98 ra=0x8001A184 m2ab4=0x00000000 m2ab8=0x00000000 m2ac5=0x00 c2ba=0x0000 c2b8=0x00000000 c2bc=0x00000000 f=0
[BLACKSCREEN][A110-PATH] #242 pc=0x8001A23C instr=0x14400049 v0=0x00000000 v1=0x0000003C a0=0xFFFFFFFF a1=0x00008000 a2=0x00000000 a3=0x00000000 s0=0x00000003 s1=0x801E0000 s2=0x80032D80 s3=0x80032B48 sp=0x801FFF98 ra=0x8001A184 m2ab4=0x00000000 m2ab8=0x00000000 m2ac5=0x00 c2ba=0x0000 c2b8=0x00000000 c2bc=0x00000000 f=0
[BLACKSCREEN][A110-PATH] #243 pc=0x8001A244 instr=0x0C005594 v0=0xFFFFFFFF v1=0x0000003C a0=0xFFFFFFFF a1=0x00008000 a2=0x00000000 a3=0x00000000 s0=0x00000003 s1=0x801E0000 s2=0x80032D80 s3=0x80032B48 sp=0x801FFF98 ra=0x8001A184 m2ab4=0x00000000 m2ab8=0x00000000 m2ac5=0x00 c2ba=0x0000 c2b8=0x00000000 c2bc=0x00000000 f=0
[BLACKSCREEN][A110-15650-CALL] #61 call_pc=0x8001A244 ra=0x8001A24C v0=0xFFFFFFFF v1=0x0000003C a0=0xFFFFFFFF a1=0x00008000 sp=0x801FFF98 c2ba=0x0000 f=0
[BLACKSCREEN][CALL] stage=before_overlay #67 addr=0x80015650 ra=0x8001A24C f=0
[BLACKSCREEN][CALL] stage=before_inbinary #67 addr=0x80015650 ra=0x8001A24C f=0
[BLACKSCREEN][CALL] route=interp #67 addr=0x80015650 ra=0x8001A24C f=0
[BLACKSCREEN][INTERP] enter start=0x80015650 instr0=0x3C028003 a0=0xFFFFFFFF ra=0x8001A24C sp=0x801FFF98 f=0
[BLACKSCREEN][15650-STEP] #181 pc=0x80015650 instr=0x3C028003 v0=0xFFFFFFFF v1=0x0000003C a0=0xFFFFFFFF a1=0x00008000 c2ba=0x0000 c2b8=0x00000000 c2bc=0x00000000 ra=0x8001A24C sp=0x801FFF98 f=0
[BLACKSCREEN][15650-STEP] #182 pc=0x80015654 instr=0x9442C2BA v0=0x80030000 v1=0x0000003C a0=0xFFFFFFFF a1=0x00008000 c2ba=0x0000 c2b8=0x00000000 c2bc=0x00000000 ra=0x8001A24C sp=0x801FFF98 f=0
[BLACKSCREEN][STATE-C2BA-R] #61 size=2 phys=0x0002C2BA val=0x0000 ra=0x8001A24C sp=0x801FFF98 pc=0x00000000 f=0
[BLACKSCREEN][15650-STEP] #183 pc=0x80015658 instr=0x03E00008 v0=0x00000000 v1=0x0000003C a0=0xFFFFFFFF a1=0x00008000 c2ba=0x0000 c2b8=0x00000000 c2bc=0x00000000 ra=0x8001A24C sp=0x801FFF98 f=0
[BLACKSCREEN][15650-RET] #61 reason=jr_ra end=0x80015658 target=0x8001A24C steps=3 v0=0x00000000 v1=0x0000003C c2ba=0x0000 c2b8=0x00000000 c2bc=0x00000000 ra=0x8001A24C sp=0x801FFF98 f=0
[BLACKSCREEN][INTERP] start=0x80015650 end=0x80015658 steps=3 reason=jr_ra target=0x8001A24C ra=0x8001A24C sp=0x801FFF98 f=0
[BLACKSCREEN][A110-15650-RET] #61 call_pc=0x8001A244 v0_after=0x00000000 v1_after=0x0000003C a0=0xFFFFFFFF a1=0x00008000 sp_after=0x801FFF98 c2ba=0x0000 f=0
[BLACKSCREEN][A110-PATH] #244 pc=0x8001A24C instr=0x1040002B v0=0x00000000 v1=0x0000003C a0=0xFFFFFFFF a1=0x00008000 a2=0x00000000 a3=0x00000000 s0=0x00000003 s1=0x801E0000 s2=0x80032D80 s3=0x80032B48 sp=0x801FFF98 ra=0x8001A24C m2ab4=0x00000000 m2ab8=0x00000000 m2ac5=0x00 c2ba=0x0000 c2b8=0x00000000 c2bc=0x00000000 f=0
[BLACKSCREEN][STATE-C2A8AC-R] #127 size=4 phys=0x0002C2A8 val=0x1F801814 ra=0x8001A184 sp=0x801FFF98 pc=0x00000000 f=0
[BLACKSCREEN][STATE-C2A8AC-R] #128 size=4 phys=0x0002C2AC val=0x1F801110 ra=0x8001A184 sp=0x801FFF98 pc=0x00000000 f=0
[BLACKSCREEN][CALL] route=compiled_early #63 addr=0x80015308 ra=0x8001A184 f=0
[BLACKSCREEN][A110-EXIT-COND] pc=0x8001A194 instr=0x1460000B v1=0x00000000 v0=0x1F801814 will_branch=0 next=0x8001A19C else=0x8001A1C4 c9278=0x1F801BD4 c927c=0x0000003D ra=0x8001A184 sp=0x801FFF98 f=0
[BLACKSCREEN][A110-PATH] #245 pc=0x8001A238 instr=0x00001021 v0=0x00000000 v1=0x0000003D a0=0xFFFFFFFF a1=0x00008000 a2=0x00000000 a3=0x00000000 s0=0x00000003 s1=0x801E0000 s2=0x80032D80 s3=0x80032B48 sp=0x801FFF98 ra=0x8001A184 m2ab4=0x00000000 m2ab8=0x00000000 m2ac5=0x00 c2ba=0x0000 c2b8=0x00000000 c2bc=0x00000000 f=0
[BLACKSCREEN][A110-PATH] #246 pc=0x8001A23C instr=0x14400049 v0=0x00000000 v1=0x0000003D a0=0xFFFFFFFF a1=0x00008000 a2=0x00000000 a3=0x00000000 s0=0x00000003 s1=0x801E0000 s2=0x80032D80 s3=0x80032B48 sp=0x801FFF98 ra=0x8001A184 m2ab4=0x00000000 m2ab8=0x00000000 m2ac5=0x00 c2ba=0x0000 c2b8=0x00000000 c2bc=0x00000000 f=0
[BLACKSCREEN][A110-PATH] #247 pc=0x8001A244 instr=0x0C005594 v0=0xFFFFFFFF v1=0x0000003D a0=0xFFFFFFFF a1=0x00008000 a2=0x00000000 a3=0x00000000 s0=0x00000003 s1=0x801E0000 s2=0x80032D80 s3=0x80032B48 sp=0x801FFF98 ra=0x8001A184 m2ab4=0x00000000 m2ab8=0x00000000 m2ac5=0x00 c2ba=0x0000 c2b8=0x00000000 c2bc=0x00000000 f=0
[BLACKSCREEN][A110-15650-CALL] #62 call_pc=0x8001A244 ra=0x8001A24C v0=0xFFFFFFFF v1=0x0000003D a0=0xFFFFFFFF a1=0x00008000 sp=0x801FFF98 c2ba=0x0000 f=0
[BLACKSCREEN][CALL] stage=before_overlay #68 addr=0x80015650 ra=0x8001A24C f=0
[BLACKSCREEN][CALL] stage=before_inbinary #68 addr=0x80015650 ra=0x8001A24C f=0
[BLACKSCREEN][CALL] route=interp #68 addr=0x80015650 ra=0x8001A24C f=0
[BLACKSCREEN][INTERP] enter start=0x80015650 instr0=0x3C028003 a0=0xFFFFFFFF ra=0x8001A24C sp=0x801FFF98 f=0
[BLACKSCREEN][15650-STEP] #184 pc=0x80015650 instr=0x3C028003 v0=0xFFFFFFFF v1=0x0000003D a0=0xFFFFFFFF a1=0x00008000 c2ba=0x0000 c2b8=0x00000000 c2bc=0x00000000 ra=0x8001A24C sp=0x801FFF98 f=0
[BLACKSCREEN][15650-STEP] #185 pc=0x80015654 instr=0x9442C2BA v0=0x80030000 v1=0x0000003D a0=0xFFFFFFFF a1=0x00008000 c2ba=0x0000 c2b8=0x00000000 c2bc=0x00000000 ra=0x8001A24C sp=0x801FFF98 f=0
[BLACKSCREEN][STATE-C2BA-R] #62 size=2 phys=0x0002C2BA val=0x0000 ra=0x8001A24C sp=0x801FFF98 pc=0x00000000 f=0
[BLACKSCREEN][15650-STEP] #186 pc=0x80015658 instr=0x03E00008 v0=0x00000000 v1=0x0000003D a0=0xFFFFFFFF a1=0x00008000 c2ba=0x0000 c2b8=0x00000000 c2bc=0x00000000 ra=0x8001A24C sp=0x801FFF98 f=0
[BLACKSCREEN][15650-RET] #62 reason=jr_ra end=0x80015658 target=0x8001A24C steps=3 v0=0x00000000 v1=0x0000003D c2ba=0x0000 c2b8=0x00000000 c2bc=0x00000000 ra=0x8001A24C sp=0x801FFF98 f=0
[BLACKSCREEN][INTERP] start=0x80015650 end=0x80015658 steps=3 reason=jr_ra target=0x8001A24C ra=0x8001A24C sp=0x801FFF98 f=0
[BLACKSCREEN][A110-15650-RET] #62 call_pc=0x8001A244 v0_after=0x00000000 v1_after=0x0000003D a0=0xFFFFFFFF a1=0x00008000 sp_after=0x801FFF98 c2ba=0x0000 f=0
[BLACKSCREEN][A110-PATH] #248 pc=0x8001A24C instr=0x1040002B v0=0x00000000 v1=0x0000003D a0=0xFFFFFFFF a1=0x00008000 a2=0x00000000 a3=0x00000000 s0=0x00000003 s1=0x801E0000 s2=0x80032D80 s3=0x80032B48 sp=0x801FFF98 ra=0x8001A24C m2ab4=0x00000000 m2ab8=0x00000000 m2ac5=0x00 c2ba=0x0000 c2b8=0x00000000 c2bc=0x00000000 f=0
[BLACKSCREEN][STATE-C2A8AC-R] #129 size=4 phys=0x0002C2A8 val=0x1F801814 ra=0x8001A184 sp=0x801FFF98 pc=0x00000000 f=0
[BLACKSCREEN][STATE-C2A8AC-R] #130 size=4 phys=0x0002C2AC val=0x1F801110 ra=0x8001A184 sp=0x801FFF98 pc=0x00000000 f=0
[BLACKSCREEN][CALL] route=compiled_early #64 addr=0x80015308 ra=0x8001A184 f=0
[BLACKSCREEN][A110-EXIT-COND] pc=0x8001A194 instr=0x1460000B v1=0x00000000 v0=0x1F801814 will_branch=0 next=0x8001A19C else=0x8001A1C4 c9278=0x1F801BD4 c927c=0x0000003E ra=0x8001A184 sp=0x801FFF98 f=0
[BLACKSCREEN][A110-PATH] #249 pc=0x8001A238 instr=0x00001021 v0=0x00000000 v1=0x0000003E a0=0xFFFFFFFF a1=0x00008000 a2=0x00000000 a3=0x00000000 s0=0x00000003 s1=0x801E0000 s2=0x80032D80 s3=0x80032B48 sp=0x801FFF98 ra=0x8001A184 m2ab4=0x00000000 m2ab8=0x00000000 m2ac5=0x00 c2ba=0x0000 c2b8=0x00000000 c2bc=0x00000000 f=0
[BLACKSCREEN][A110-PATH] #250 pc=0x8001A23C instr=0x14400049 v0=0x00000000 v1=0x0000003E a0=0xFFFFFFFF a1=0x00008000 a2=0x00000000 a3=0x00000000 s0=0x00000003 s1=0x801E0000 s2=0x80032D80 s3=0x80032B48 sp=0x801FFF98 ra=0x8001A184 m2ab4=0x00000000 m2ab8=0x00000000 m2ac5=0x00 c2ba=0x0000 c2b8=0x00000000 c2bc=0x00000000 f=0
[BLACKSCREEN][A110-PATH] #251 pc=0x8001A244 instr=0x0C005594 v0=0xFFFFFFFF v1=0x0000003E a0=0xFFFFFFFF a1=0x00008000 a2=0x00000000 a3=0x00000000 s0=0x00000003 s1=0x801E0000 s2=0x80032D80 s3=0x80032B48 sp=0x801FFF98 ra=0x8001A184 m2ab4=0x00000000 m2ab8=0x00000000 m2ac5=0x00 c2ba=0x0000 c2b8=0x00000000 c2bc=0x00000000 f=0
[BLACKSCREEN][A110-15650-CALL] #63 call_pc=0x8001A244 ra=0x8001A24C v0=0xFFFFFFFF v1=0x0000003E a0=0xFFFFFFFF a1=0x00008000 sp=0x801FFF98 c2ba=0x0000 f=0
[BLACKSCREEN][CALL] stage=before_overlay #69 addr=0x80015650 ra=0x8001A24C f=0
[BLACKSCREEN][CALL] stage=before_inbinary #69 addr=0x80015650 ra=0x8001A24C f=0
[BLACKSCREEN][CALL] route=interp #69 addr=0x80015650 ra=0x8001A24C f=0
[BLACKSCREEN][INTERP] enter start=0x80015650 instr0=0x3C028003 a0=0xFFFFFFFF ra=0x8001A24C sp=0x801FFF98 f=0
[BLACKSCREEN][15650-STEP] #187 pc=0x80015650 instr=0x3C028003 v0=0xFFFFFFFF v1=0x0000003E a0=0xFFFFFFFF a1=0x00008000 c2ba=0x0000 c2b8=0x00000000 c2bc=0x00000000 ra=0x8001A24C sp=0x801FFF98 f=0
[BLACKSCREEN][15650-STEP] #188 pc=0x80015654 instr=0x9442C2BA v0=0x80030000 v1=0x0000003E a0=0xFFFFFFFF a1=0x00008000 c2ba=0x0000 c2b8=0x00000000 c2bc=0x00000000 ra=0x8001A24C sp=0x801FFF98 f=0
[BLACKSCREEN][STATE-C2BA-R] #63 size=2 phys=0x0002C2BA val=0x0000 ra=0x8001A24C sp=0x801FFF98 pc=0x00000000 f=0
[BLACKSCREEN][15650-STEP] #189 pc=0x80015658 instr=0x03E00008 v0=0x00000000 v1=0x0000003E a0=0xFFFFFFFF a1=0x00008000 c2ba=0x0000 c2b8=0x00000000 c2bc=0x00000000 ra=0x8001A24C sp=0x801FFF98 f=0
[BLACKSCREEN][15650-RET] #63 reason=jr_ra end=0x80015658 target=0x8001A24C steps=3 v0=0x00000000 v1=0x0000003E c2ba=0x0000 c2b8=0x00000000 c2bc=0x00000000 ra=0x8001A24C sp=0x801FFF98 f=0
[BLACKSCREEN][INTERP] start=0x80015650 end=0x80015658 steps=3 reason=jr_ra target=0x8001A24C ra=0x8001A24C sp=0x801FFF98 f=0
[BLACKSCREEN][A110-15650-RET] #63 call_pc=0x8001A244 v0_after=0x00000000 v1_after=0x0000003E a0=0xFFFFFFFF a1=0x00008000 sp_after=0x801FFF98 c2ba=0x0000 f=0
[BLACKSCREEN][A110-PATH] #252 pc=0x8001A24C instr=0x1040002B v0=0x00000000 v1=0x0000003E a0=0xFFFFFFFF a1=0x00008000 a2=0x00000000 a3=0x00000000 s0=0x00000003 s1=0x801E0000 s2=0x80032D80 s3=0x80032B48 sp=0x801FFF98 ra=0x8001A24C m2ab4=0x00000000 m2ab8=0x00000000 m2ac5=0x00 c2ba=0x0000 c2b8=0x00000000 c2bc=0x00000000 f=0
[BLACKSCREEN][STATE-C2A8AC-R] #131 size=4 phys=0x0002C2A8 val=0x1F801814 ra=0x8001A184 sp=0x801FFF98 pc=0x00000000 f=0
[BLACKSCREEN][STATE-C2A8AC-R] #132 size=4 phys=0x0002C2AC val=0x1F801110 ra=0x8001A184 sp=0x801FFF98 pc=0x00000000 f=0
[BLACKSCREEN][CALL] route=compiled_early #65 addr=0x80015308 ra=0x8001A184 f=0
[BLACKSCREEN][A110-EXIT-COND] pc=0x8001A194 instr=0x1460000B v1=0x00000000 v0=0x1F801814 will_branch=0 next=0x8001A19C else=0x8001A1C4 c9278=0x1F801BD4 c927c=0x0000003F ra=0x8001A184 sp=0x801FFF98 f=0
[BLACKSCREEN][A110-PATH] #253 pc=0x8001A238 instr=0x00001021 v0=0x00000000 v1=0x0000003F a0=0xFFFFFFFF a1=0x00008000 a2=0x00000000 a3=0x00000000 s0=0x00000003 s1=0x801E0000 s2=0x80032D80 s3=0x80032B48 sp=0x801FFF98 ra=0x8001A184 m2ab4=0x00000000 m2ab8=0x00000000 m2ac5=0x00 c2ba=0x0000 c2b8=0x00000000 c2bc=0x00000000 f=0
[BLACKSCREEN][A110-PATH] #254 pc=0x8001A23C instr=0x14400049 v0=0x00000000 v1=0x0000003F a0=0xFFFFFFFF a1=0x00008000 a2=0x00000000 a3=0x00000000 s0=0x00000003 s1=0x801E0000 s2=0x80032D80 s3=0x80032B48 sp=0x801FFF98 ra=0x8001A184 m2ab4=0x00000000 m2ab8=0x00000000 m2ac5=0x00 c2ba=0x0000 c2b8=0x00000000 c2bc=0x00000000 f=0
[BLACKSCREEN][A110-PATH] #255 pc=0x8001A244 instr=0x0C005594 v0=0xFFFFFFFF v1=0x0000003F a0=0xFFFFFFFF a1=0x00008000 a2=0x00000000 a3=0x00000000 s0=0x00000003 s1=0x801E0000 s2=0x80032D80 s3=0x80032B48 sp=0x801FFF98 ra=0x8001A184 m2ab4=0x00000000 m2ab8=0x00000000 m2ac5=0x00 c2ba=0x0000 c2b8=0x00000000 c2bc=0x00000000 f=0
[BLACKSCREEN][A110-15650-CALL] #64 call_pc=0x8001A244 ra=0x8001A24C v0=0xFFFFFFFF v1=0x0000003F a0=0xFFFFFFFF a1=0x00008000 sp=0x801FFF98 c2ba=0x0000 f=0
[BLACKSCREEN][CALL] stage=before_overlay #70 addr=0x80015650 ra=0x8001A24C f=0
[BLACKSCREEN][CALL] stage=before_inbinary #70 addr=0x80015650 ra=0x8001A24C f=0
[BLACKSCREEN][CALL] route=interp #70 addr=0x80015650 ra=0x8001A24C f=0
[BLACKSCREEN][INTERP] enter start=0x80015650 instr0=0x3C028003 a0=0xFFFFFFFF ra=0x8001A24C sp=0x801FFF98 f=0
[BLACKSCREEN][15650-STEP] #190 pc=0x80015650 instr=0x3C028003 v0=0xFFFFFFFF v1=0x0000003F a0=0xFFFFFFFF a1=0x00008000 c2ba=0x0000 c2b8=0x00000000 c2bc=0x00000000 ra=0x8001A24C sp=0x801FFF98 f=0
[BLACKSCREEN][15650-STEP] #191 pc=0x80015654 instr=0x9442C2BA v0=0x80030000 v1=0x0000003F a0=0xFFFFFFFF a1=0x00008000 c2ba=0x0000 c2b8=0x00000000 c2bc=0x00000000 ra=0x8001A24C sp=0x801FFF98 f=0
[BLACKSCREEN][STATE-C2BA-R] #64 size=2 phys=0x0002C2BA val=0x0000 ra=0x8001A24C sp=0x801FFF98 pc=0x00000000 f=0
[BLACKSCREEN][15650-STEP] #192 pc=0x80015658 instr=0x03E00008 v0=0x00000000 v1=0x0000003F a0=0xFFFFFFFF a1=0x00008000 c2ba=0x0000 c2b8=0x00000000 c2bc=0x00000000 ra=0x8001A24C sp=0x801FFF98 f=0
[BLACKSCREEN][15650-RET] #64 reason=jr_ra end=0x80015658 target=0x8001A24C steps=3 v0=0x00000000 v1=0x0000003F c2ba=0x0000 c2b8=0x00000000 c2bc=0x00000000 ra=0x8001A24C sp=0x801FFF98 f=0
[BLACKSCREEN][INTERP] start=0x80015650 end=0x80015658 steps=3 reason=jr_ra target=0x8001A24C ra=0x8001A24C sp=0x801FFF98 f=0
[BLACKSCREEN][A110-15650-RET] #64 call_pc=0x8001A244 v0_after=0x00000000 v1_after=0x0000003F a0=0xFFFFFFFF a1=0x00008000 sp_after=0x801FFF98 c2ba=0x0000 f=0
[BLACKSCREEN][A110-PATH] #256 pc=0x8001A24C instr=0x1040002B v0=0x00000000 v1=0x0000003F a0=0xFFFFFFFF a1=0x00008000 a2=0x00000000 a3=0x00000000 s0=0x00000003 s1=0x801E0000 s2=0x80032D80 s3=0x80032B48 sp=0x801FFF98 ra=0x8001A24C m2ab4=0x00000000 m2ab8=0x00000000 m2ac5=0x00 c2ba=0x0000 c2b8=0x00000000 c2bc=0x00000000 f=0
[BLACKSCREEN][STATE-C2A8AC-R] #133 size=4 phys=0x0002C2A8 val=0x1F801814 ra=0x8001A184 sp=0x801FFF98 pc=0x00000000 f=0
[BLACKSCREEN][STATE-C2A8AC-R] #134 size=4 phys=0x0002C2AC val=0x1F801110 ra=0x8001A184 sp=0x801FFF98 pc=0x00000000 f=0
[BLACKSCREEN][CALL] route=compiled_early #66 addr=0x80015308 ra=0x8001A184 f=0
[BLACKSCREEN][A110-EXIT-COND] pc=0x8001A194 instr=0x1460000B v1=0x00000000 v0=0x1F801814 will_branch=0 next=0x8001A19C else=0x8001A1C4 c9278=0x1F801BD4 c927c=0x00000040 ra=0x8001A184 sp=0x801FFF98 f=0
[BLACKSCREEN][A110-PATH] #257 pc=0x8001A238 instr=0x00001021 v0=0x00000000 v1=0x00000040 a0=0xFFFFFFFF a1=0x00008000 a2=0x00000000 a3=0x00000000 s0=0x00000003 s1=0x801E0000 s2=0x80032D80 s3=0x80032B48 sp=0x801FFF98 ra=0x8001A184 m2ab4=0x00000000 m2ab8=0x00000000 m2ac5=0x00 c2ba=0x0000 c2b8=0x00000000 c2bc=0x00000000 f=0
[BLACKSCREEN][A110-PATH] #258 pc=0x8001A23C instr=0x14400049 v0=0x00000000 v1=0x00000040 a0=0xFFFFFFFF a1=0x00008000 a2=0x00000000 a3=0x00000000 s0=0x00000003 s1=0x801E0000 s2=0x80032D80 s3=0x80032B48 sp=0x801FFF98 ra=0x8001A184 m2ab4=0x00000000 m2ab8=0x00000000 m2ac5=0x00 c2ba=0x0000 c2b8=0x00000000 c2bc=0x00000000 f=0
[BLACKSCREEN][A110-PATH] #259 pc=0x8001A244 instr=0x0C005594 v0=0xFFFFFFFF v1=0x00000040 a0=0xFFFFFFFF a1=0x00008000 a2=0x00000000 a3=0x00000000 s0=0x00000003 s1=0x801E0000 s2=0x80032D80 s3=0x80032B48 sp=0x801FFF98 ra=0x8001A184 m2ab4=0x00000000 m2ab8=0x00000000 m2ac5=0x00 c2ba=0x0000 c2b8=0x00000000 c2bc=0x00000000 f=0
[BLACKSCREEN][A110-15650-CALL] #65 call_pc=0x8001A244 ra=0x8001A24C v0=0xFFFFFFFF v1=0x00000040 a0=0xFFFFFFFF a1=0x00008000 sp=0x801FFF98 c2ba=0x0000 f=0
[BLACKSCREEN][CALL] stage=before_overlay #71 addr=0x80015650 ra=0x8001A24C f=0
[BLACKSCREEN][CALL] stage=before_inbinary #71 addr=0x80015650 ra=0x8001A24C f=0
[BLACKSCREEN][CALL] route=interp #71 addr=0x80015650 ra=0x8001A24C f=0
[BLACKSCREEN][INTERP] enter start=0x80015650 instr0=0x3C028003 a0=0xFFFFFFFF ra=0x8001A24C sp=0x801FFF98 f=0
[BLACKSCREEN][15650-STEP] #193 pc=0x80015650 instr=0x3C028003 v0=0xFFFFFFFF v1=0x00000040 a0=0xFFFFFFFF a1=0x00008000 c2ba=0x0000 c2b8=0x00000000 c2bc=0x00000000 ra=0x8001A24C sp=0x801FFF98 f=0
[BLACKSCREEN][15650-STEP] #194 pc=0x80015654 instr=0x9442C2BA v0=0x80030000 v1=0x00000040 a0=0xFFFFFFFF a1=0x00008000 c2ba=0x0000 c2b8=0x00000000 c2bc=0x00000000 ra=0x8001A24C sp=0x801FFF98 f=0
[BLACKSCREEN][STATE-C2BA-R] #65 size=2 phys=0x0002C2BA val=0x0000 ra=0x8001A24C sp=0x801FFF98 pc=0x00000000 f=0
[BLACKSCREEN][15650-STEP] #195 pc=0x80015658 instr=0x03E00008 v0=0x00000000 v1=0x00000040 a0=0xFFFFFFFF a1=0x00008000 c2ba=0x0000 c2b8=0x00000000 c2bc=0x00000000 ra=0x8001A24C sp=0x801FFF98 f=0
[BLACKSCREEN][15650-RET] #65 reason=jr_ra end=0x80015658 target=0x8001A24C steps=3 v0=0x00000000 v1=0x00000040 c2ba=0x0000 c2b8=0x00000000 c2bc=0x00000000 ra=0x8001A24C sp=0x801FFF98 f=0
[BLACKSCREEN][INTERP] start=0x80015650 end=0x80015658 steps=3 reason=jr_ra target=0x8001A24C ra=0x8001A24C sp=0x801FFF98 f=0
[BLACKSCREEN][A110-15650-RET] #65 call_pc=0x8001A244 v0_after=0x00000000 v1_after=0x00000040 a0=0xFFFFFFFF a1=0x00008000 sp_after=0x801FFF98 c2ba=0x0000 f=0
[BLACKSCREEN][A110-PATH] #260 pc=0x8001A24C instr=0x1040002B v0=0x00000000 v1=0x00000040 a0=0xFFFFFFFF a1=0x00008000 a2=0x00000000 a3=0x00000000 s0=0x00000003 s1=0x801E0000 s2=0x80032D80 s3=0x80032B48 sp=0x801FFF98 ra=0x8001A24C m2ab4=0x00000000 m2ab8=0x00000000 m2ac5=0x00 c2ba=0x0000 c2b8=0x00000000 c2bc=0x00000000 f=0
[BLACKSCREEN][STATE-C2A8AC-R] #135 size=4 phys=0x0002C2A8 val=0x1F801814 ra=0x8001A184 sp=0x801FFF98 pc=0x00000000 f=0
[BLACKSCREEN][STATE-C2A8AC-R] #136 size=4 phys=0x0002C2AC val=0x1F801110 ra=0x8001A184 sp=0x801FFF98 pc=0x00000000 f=0
[BLACKSCREEN][CALL] route=compiled_early #67 addr=0x80015308 ra=0x8001A184 f=0
[BLACKSCREEN][A110-EXIT-COND] pc=0x8001A194 instr=0x1460000B v1=0x00000000 v0=0x1F801814 will_branch=0 next=0x8001A19C else=0x8001A1C4 c9278=0x1F801BD4 c927c=0x00000041 ra=0x8001A184 sp=0x801FFF98 f=0
[BLACKSCREEN][A110-PATH] #261 pc=0x8001A238 instr=0x00001021 v0=0x00000000 v1=0x00000041 a0=0xFFFFFFFF a1=0x00008000 a2=0x00000000 a3=0x00000000 s0=0x00000003 s1=0x801E0000 s2=0x80032D80 s3=0x80032B48 sp=0x801FFF98 ra=0x8001A184 m2ab4=0x00000000 m2ab8=0x00000000 m2ac5=0x00 c2ba=0x0000 c2b8=0x00000000 c2bc=0x00000000 f=0
[BLACKSCREEN][A110-PATH] #262 pc=0x8001A23C instr=0x14400049 v0=0x00000000 v1=0x00000041 a0=0xFFFFFFFF a1=0x00008000 a2=0x00000000 a3=0x00000000 s0=0x00000003 s1=0x801E0000 s2=0x80032D80 s3=0x80032B48 sp=0x801FFF98 ra=0x8001A184 m2ab4=0x00000000 m2ab8=0x00000000 m2ac5=0x00 c2ba=0x0000 c2b8=0x00000000 c2bc=0x00000000 f=0
[BLACKSCREEN][A110-PATH] #263 pc=0x8001A244 instr=0x0C005594 v0=0xFFFFFFFF v1=0x00000041 a0=0xFFFFFFFF a1=0x00008000 a2=0x00000000 a3=0x00000000 s0=0x00000003 s1=0x801E0000 s2=0x80032D80 s3=0x80032B48 sp=0x801FFF98 ra=0x8001A184 m2ab4=0x00000000 m2ab8=0x00000000 m2ac5=0x00 c2ba=0x0000 c2b8=0x00000000 c2bc=0x00000000 f=0
[BLACKSCREEN][A110-15650-CALL] #66 call_pc=0x8001A244 ra=0x8001A24C v0=0xFFFFFFFF v1=0x00000041 a0=0xFFFFFFFF a1=0x00008000 sp=0x801FFF98 c2ba=0x0000 f=0
[BLACKSCREEN][CALL] stage=before_overlay #72 addr=0x80015650 ra=0x8001A24C f=0
[BLACKSCREEN][CALL] stage=before_inbinary #72 addr=0x80015650 ra=0x8001A24C f=0
[BLACKSCREEN][CALL] route=interp #72 addr=0x80015650 ra=0x8001A24C f=0
[BLACKSCREEN][INTERP] enter start=0x80015650 instr0=0x3C028003 a0=0xFFFFFFFF ra=0x8001A24C sp=0x801FFF98 f=0
[BLACKSCREEN][15650-STEP] #196 pc=0x80015650 instr=0x3C028003 v0=0xFFFFFFFF v1=0x00000041 a0=0xFFFFFFFF a1=0x00008000 c2ba=0x0000 c2b8=0x00000000 c2bc=0x00000000 ra=0x8001A24C sp=0x801FFF98 f=0
[BLACKSCREEN][15650-STEP] #197 pc=0x80015654 instr=0x9442C2BA v0=0x80030000 v1=0x00000041 a0=0xFFFFFFFF a1=0x00008000 c2ba=0x0000 c2b8=0x00000000 c2bc=0x00000000 ra=0x8001A24C sp=0x801FFF98 f=0
[BLACKSCREEN][STATE-C2BA-R] #66 size=2 phys=0x0002C2BA val=0x0000 ra=0x8001A24C sp=0x801FFF98 pc=0x00000000 f=0
[BLACKSCREEN][15650-STEP] #198 pc=0x80015658 instr=0x03E00008 v0=0x00000000 v1=0x00000041 a0=0xFFFFFFFF a1=0x00008000 c2ba=0x0000 c2b8=0x00000000 c2bc=0x00000000 ra=0x8001A24C sp=0x801FFF98 f=0
[BLACKSCREEN][15650-RET] #66 reason=jr_ra end=0x80015658 target=0x8001A24C steps=3 v0=0x00000000 v1=0x00000041 c2ba=0x0000 c2b8=0x00000000 c2bc=0x00000000 ra=0x8001A24C sp=0x801FFF98 f=0
[BLACKSCREEN][INTERP] start=0x80015650 end=0x80015658 steps=3 reason=jr_ra target=0x8001A24C ra=0x8001A24C sp=0x801FFF98 f=0
[BLACKSCREEN][A110-15650-RET] #66 call_pc=0x8001A244 v0_after=0x00000000 v1_after=0x00000041 a0=0xFFFFFFFF a1=0x00008000 sp_after=0x801FFF98 c2ba=0x0000 f=0
[BLACKSCREEN][A110-PATH] #264 pc=0x8001A24C instr=0x1040002B v0=0x00000000 v1=0x00000041 a0=0xFFFFFFFF a1=0x00008000 a2=0x00000000 a3=0x00000000 s0=0x00000003 s1=0x801E0000 s2=0x80032D80 s3=0x80032B48 sp=0x801FFF98 ra=0x8001A24C m2ab4=0x00000000 m2ab8=0x00000000 m2ac5=0x00 c2ba=0x0000 c2b8=0x00000000 c2bc=0x00000000 f=0
[BLACKSCREEN][STATE-C2A8AC-R] #137 size=4 phys=0x0002C2A8 val=0x1F801814 ra=0x8001A184 sp=0x801FFF98 pc=0x00000000 f=0
[BLACKSCREEN][STATE-C2A8AC-R] #138 size=4 phys=0x0002C2AC val=0x1F801110 ra=0x8001A184 sp=0x801FFF98 pc=0x00000000 f=0
[BLACKSCREEN][CALL] route=compiled_early #68 addr=0x80015308 ra=0x8001A184 f=0
[BLACKSCREEN][A110-EXIT-COND] pc=0x8001A194 instr=0x1460000B v1=0x00000000 v0=0x1F801814 will_branch=0 next=0x8001A19C else=0x8001A1C4 c9278=0x1F801BD4 c927c=0x00000042 ra=0x8001A184 sp=0x801FFF98 f=0
[BLACKSCREEN][A110-PATH] #265 pc=0x8001A238 instr=0x00001021 v0=0x00000000 v1=0x00000042 a0=0xFFFFFFFF a1=0x00008000 a2=0x00000000 a3=0x00000000 s0=0x00000003 s1=0x801E0000 s2=0x80032D80 s3=0x80032B48 sp=0x801FFF98 ra=0x8001A184 m2ab4=0x00000000 m2ab8=0x00000000 m2ac5=0x00 c2ba=0x0000 c2b8=0x00000000 c2bc=0x00000000 f=0
[BLACKSCREEN][A110-PATH] #266 pc=0x8001A23C instr=0x14400049 v0=0x00000000 v1=0x00000042 a0=0xFFFFFFFF a1=0x00008000 a2=0x00000000 a3=0x00000000 s0=0x00000003 s1=0x801E0000 s2=0x80032D80 s3=0x80032B48 sp=0x801FFF98 ra=0x8001A184 m2ab4=0x00000000 m2ab8=0x00000000 m2ac5=0x00 c2ba=0x0000 c2b8=0x00000000 c2bc=0x00000000 f=0
[BLACKSCREEN][A110-PATH] #267 pc=0x8001A244 instr=0x0C005594 v0=0xFFFFFFFF v1=0x00000042 a0=0xFFFFFFFF a1=0x00008000 a2=0x00000000 a3=0x00000000 s0=0x00000003 s1=0x801E0000 s2=0x80032D80 s3=0x80032B48 sp=0x801FFF98 ra=0x8001A184 m2ab4=0x00000000 m2ab8=0x00000000 m2ac5=0x00 c2ba=0x0000 c2b8=0x00000000 c2bc=0x00000000 f=0
[BLACKSCREEN][A110-15650-CALL] #67 call_pc=0x8001A244 ra=0x8001A24C v0=0xFFFFFFFF v1=0x00000042 a0=0xFFFFFFFF a1=0x00008000 sp=0x801FFF98 c2ba=0x0000 f=0
[BLACKSCREEN][CALL] stage=before_overlay #73 addr=0x80015650 ra=0x8001A24C f=0
[BLACKSCREEN][CALL] stage=before_inbinary #73 addr=0x80015650 ra=0x8001A24C f=0
[BLACKSCREEN][CALL] route=interp #73 addr=0x80015650 ra=0x8001A24C f=0
[BLACKSCREEN][INTERP] enter start=0x80015650 instr0=0x3C028003 a0=0xFFFFFFFF ra=0x8001A24C sp=0x801FFF98 f=0
[BLACKSCREEN][15650-STEP] #199 pc=0x80015650 instr=0x3C028003 v0=0xFFFFFFFF v1=0x00000042 a0=0xFFFFFFFF a1=0x00008000 c2ba=0x0000 c2b8=0x00000000 c2bc=0x00000000 ra=0x8001A24C sp=0x801FFF98 f=0
[BLACKSCREEN][15650-STEP] #200 pc=0x80015654 instr=0x9442C2BA v0=0x80030000 v1=0x00000042 a0=0xFFFFFFFF a1=0x00008000 c2ba=0x0000 c2b8=0x00000000 c2bc=0x00000000 ra=0x8001A24C sp=0x801FFF98 f=0
[BLACKSCREEN][STATE-C2BA-R] #67 size=2 phys=0x0002C2BA val=0x0000 ra=0x8001A24C sp=0x801FFF98 pc=0x00000000 f=0
[BLACKSCREEN][15650-STEP] #201 pc=0x80015658 instr=0x03E00008 v0=0x00000000 v1=0x00000042 a0=0xFFFFFFFF a1=0x00008000 c2ba=0x0000 c2b8=0x00000000 c2bc=0x00000000 ra=0x8001A24C sp=0x801FFF98 f=0
[BLACKSCREEN][15650-RET] #67 reason=jr_ra end=0x80015658 target=0x8001A24C steps=3 v0=0x00000000 v1=0x00000042 c2ba=0x0000 c2b8=0x00000000 c2bc=0x00000000 ra=0x8001A24C sp=0x801FFF98 f=0
[BLACKSCREEN][INTERP] start=0x80015650 end=0x80015658 steps=3 reason=jr_ra target=0x8001A24C ra=0x8001A24C sp=0x801FFF98 f=0
[BLACKSCREEN][A110-15650-RET] #67 call_pc=0x8001A244 v0_after=0x00000000 v1_after=0x00000042 a0=0xFFFFFFFF a1=0x00008000 sp_after=0x801FFF98 c2ba=0x0000 f=0
[BLACKSCREEN][A110-PATH] #268 pc=0x8001A24C instr=0x1040002B v0=0x00000000 v1=0x00000042 a0=0xFFFFFFFF a1=0x00008000 a2=0x00000000 a3=0x00000000 s0=0x00000003 s1=0x801E0000 s2=0x80032D80 s3=0x80032B48 sp=0x801FFF98 ra=0x8001A24C m2ab4=0x00000000 m2ab8=0x00000000 m2ac5=0x00 c2ba=0x0000 c2b8=0x00000000 c2bc=0x00000000 f=0
[BLACKSCREEN][STATE-C2A8AC-R] #139 size=4 phys=0x0002C2A8 val=0x1F801814 ra=0x8001A184 sp=0x801FFF98 pc=0x00000000 f=0
[BLACKSCREEN][STATE-C2A8AC-R] #140 size=4 phys=0x0002C2AC val=0x1F801110 ra=0x8001A184 sp=0x801FFF98 pc=0x00000000 f=0
[BLACKSCREEN][CALL] route=compiled_early #69 addr=0x80015308 ra=0x8001A184 f=0
[BLACKSCREEN][A110-EXIT-COND] pc=0x8001A194 instr=0x1460000B v1=0x00000000 v0=0x1F801814 will_branch=0 next=0x8001A19C else=0x8001A1C4 c9278=0x1F801BD4 c927c=0x00000043 ra=0x8001A184 sp=0x801FFF98 f=0
[BLACKSCREEN][A110-PATH] #269 pc=0x8001A238 instr=0x00001021 v0=0x00000000 v1=0x00000043 a0=0xFFFFFFFF a1=0x00008000 a2=0x00000000 a3=0x00000000 s0=0x00000003 s1=0x801E0000 s2=0x80032D80 s3=0x80032B48 sp=0x801FFF98 ra=0x8001A184 m2ab4=0x00000000 m2ab8=0x00000000 m2ac5=0x00 c2ba=0x0000 c2b8=0x00000000 c2bc=0x00000000 f=0
[BLACKSCREEN][A110-PATH] #270 pc=0x8001A23C instr=0x14400049 v0=0x00000000 v1=0x00000043 a0=0xFFFFFFFF a1=0x00008000 a2=0x00000000 a3=0x00000000 s0=0x00000003 s1=0x801E0000 s2=0x80032D80 s3=0x80032B48 sp=0x801FFF98 ra=0x8001A184 m2ab4=0x00000000 m2ab8=0x00000000 m2ac5=0x00 c2ba=0x0000 c2b8=0x00000000 c2bc=0x00000000 f=0
[BLACKSCREEN][A110-PATH] #271 pc=0x8001A244 instr=0x0C005594 v0=0xFFFFFFFF v1=0x00000043 a0=0xFFFFFFFF a1=0x00008000 a2=0x00000000 a3=0x00000000 s0=0x00000003 s1=0x801E0000 s2=0x80032D80 s3=0x80032B48 sp=0x801FFF98 ra=0x8001A184 m2ab4=0x00000000 m2ab8=0x00000000 m2ac5=0x00 c2ba=0x0000 c2b8=0x00000000 c2bc=0x00000000 f=0
[BLACKSCREEN][A110-15650-CALL] #68 call_pc=0x8001A244 ra=0x8001A24C v0=0xFFFFFFFF v1=0x00000043 a0=0xFFFFFFFF a1=0x00008000 sp=0x801FFF98 c2ba=0x0000 f=0
[BLACKSCREEN][CALL] stage=before_overlay #74 addr=0x80015650 ra=0x8001A24C f=0
[BLACKSCREEN][CALL] stage=before_inbinary #74 addr=0x80015650 ra=0x8001A24C f=0
[BLACKSCREEN][CALL] route=interp #74 addr=0x80015650 ra=0x8001A24C f=0
[BLACKSCREEN][INTERP] enter start=0x80015650 instr0=0x3C028003 a0=0xFFFFFFFF ra=0x8001A24C sp=0x801FFF98 f=0
[BLACKSCREEN][15650-STEP] #202 pc=0x80015650 instr=0x3C028003 v0=0xFFFFFFFF v1=0x00000043 a0=0xFFFFFFFF a1=0x00008000 c2ba=0x0000 c2b8=0x00000000 c2bc=0x00000000 ra=0x8001A24C sp=0x801FFF98 f=0
[BLACKSCREEN][15650-STEP] #203 pc=0x80015654 instr=0x9442C2BA v0=0x80030000 v1=0x00000043 a0=0xFFFFFFFF a1=0x00008000 c2ba=0x0000 c2b8=0x00000000 c2bc=0x00000000 ra=0x8001A24C sp=0x801FFF98 f=0
[BLACKSCREEN][STATE-C2BA-R] #68 size=2 phys=0x0002C2BA val=0x0000 ra=0x8001A24C sp=0x801FFF98 pc=0x00000000 f=0
[BLACKSCREEN][15650-STEP] #204 pc=0x80015658 instr=0x03E00008 v0=0x00000000 v1=0x00000043 a0=0xFFFFFFFF a1=0x00008000 c2ba=0x0000 c2b8=0x00000000 c2bc=0x00000000 ra=0x8001A24C sp=0x801FFF98 f=0
[BLACKSCREEN][15650-RET] #68 reason=jr_ra end=0x80015658 target=0x8001A24C steps=3 v0=0x00000000 v1=0x00000043 c2ba=0x0000 c2b8=0x00000000 c2bc=0x00000000 ra=0x8001A24C sp=0x801FFF98 f=0
[BLACKSCREEN][INTERP] start=0x80015650 end=0x80015658 steps=3 reason=jr_ra target=0x8001A24C ra=0x8001A24C sp=0x801FFF98 f=0
[BLACKSCREEN][A110-15650-RET] #68 call_pc=0x8001A244 v0_after=0x00000000 v1_after=0x00000043 a0=0xFFFFFFFF a1=0x00008000 sp_after=0x801FFF98 c2ba=0x0000 f=0
[BLACKSCREEN][A110-PATH] #272 pc=0x8001A24C instr=0x1040002B v0=0x00000000 v1=0x00000043 a0=0xFFFFFFFF a1=0x00008000 a2=0x00000000 a3=0x00000000 s0=0x00000003 s1=0x801E0000 s2=0x80032D80 s3=0x80032B48 sp=0x801FFF98 ra=0x8001A24C m2ab4=0x00000000 m2ab8=0x00000000 m2ac5=0x00 c2ba=0x0000 c2b8=0x00000000 c2bc=0x00000000 f=0
[BLACKSCREEN][STATE-C2A8AC-R] #141 size=4 phys=0x0002C2A8 val=0x1F801814 ra=0x8001A184 sp=0x801FFF98 pc=0x00000000 f=0
[BLACKSCREEN][STATE-C2A8AC-R] #142 size=4 phys=0x0002C2AC val=0x1F801110 ra=0x8001A184 sp=0x801FFF98 pc=0x00000000 f=0
[BLACKSCREEN][CALL] route=compiled_early #70 addr=0x80015308 ra=0x8001A184 f=0
[BLACKSCREEN][A110-EXIT-COND] pc=0x8001A194 instr=0x1460000B v1=0x00000000 v0=0x1F801814 will_branch=0 next=0x8001A19C else=0x8001A1C4 c9278=0x1F801BD4 c927c=0x00000044 ra=0x8001A184 sp=0x801FFF98 f=0
[BLACKSCREEN][A110-PATH] #273 pc=0x8001A238 instr=0x00001021 v0=0x00000000 v1=0x00000044 a0=0xFFFFFFFF a1=0x00008000 a2=0x00000000 a3=0x00000000 s0=0x00000003 s1=0x801E0000 s2=0x80032D80 s3=0x80032B48 sp=0x801FFF98 ra=0x8001A184 m2ab4=0x00000000 m2ab8=0x00000000 m2ac5=0x00 c2ba=0x0000 c2b8=0x00000000 c2bc=0x00000000 f=0
[BLACKSCREEN][A110-PATH] #274 pc=0x8001A23C instr=0x14400049 v0=0x00000000 v1=0x00000044 a0=0xFFFFFFFF a1=0x00008000 a2=0x00000000 a3=0x00000000 s0=0x00000003 s1=0x801E0000 s2=0x80032D80 s3=0x80032B48 sp=0x801FFF98 ra=0x8001A184 m2ab4=0x00000000 m2ab8=0x00000000 m2ac5=0x00 c2ba=0x0000 c2b8=0x00000000 c2bc=0x00000000 f=0
[BLACKSCREEN][A110-PATH] #275 pc=0x8001A244 instr=0x0C005594 v0=0xFFFFFFFF v1=0x00000044 a0=0xFFFFFFFF a1=0x00008000 a2=0x00000000 a3=0x00000000 s0=0x00000003 s1=0x801E0000 s2=0x80032D80 s3=0x80032B48 sp=0x801FFF98 ra=0x8001A184 m2ab4=0x00000000 m2ab8=0x00000000 m2ac5=0x00 c2ba=0x0000 c2b8=0x00000000 c2bc=0x00000000 f=0
[BLACKSCREEN][A110-15650-CALL] #69 call_pc=0x8001A244 ra=0x8001A24C v0=0xFFFFFFFF v1=0x00000044 a0=0xFFFFFFFF a1=0x00008000 sp=0x801FFF98 c2ba=0x0000 f=0
[BLACKSCREEN][CALL] stage=before_overlay #75 addr=0x80015650 ra=0x8001A24C f=0
[BLACKSCREEN][CALL] stage=before_inbinary #75 addr=0x80015650 ra=0x8001A24C f=0
[BLACKSCREEN][CALL] route=interp #75 addr=0x80015650 ra=0x8001A24C f=0
[BLACKSCREEN][INTERP] enter start=0x80015650 instr0=0x3C028003 a0=0xFFFFFFFF ra=0x8001A24C sp=0x801FFF98 f=0
[BLACKSCREEN][15650-STEP] #205 pc=0x80015650 instr=0x3C028003 v0=0xFFFFFFFF v1=0x00000044 a0=0xFFFFFFFF a1=0x00008000 c2ba=0x0000 c2b8=0x00000000 c2bc=0x00000000 ra=0x8001A24C sp=0x801FFF98 f=0
[BLACKSCREEN][15650-STEP] #206 pc=0x80015654 instr=0x9442C2BA v0=0x80030000 v1=0x00000044 a0=0xFFFFFFFF a1=0x00008000 c2ba=0x0000 c2b8=0x00000000 c2bc=0x00000000 ra=0x8001A24C sp=0x801FFF98 f=0
[BLACKSCREEN][STATE-C2BA-R] #69 size=2 phys=0x0002C2BA val=0x0000 ra=0x8001A24C sp=0x801FFF98 pc=0x00000000 f=0
[BLACKSCREEN][15650-STEP] #207 pc=0x80015658 instr=0x03E00008 v0=0x00000000 v1=0x00000044 a0=0xFFFFFFFF a1=0x00008000 c2ba=0x0000 c2b8=0x00000000 c2bc=0x00000000 ra=0x8001A24C sp=0x801FFF98 f=0
[BLACKSCREEN][15650-RET] #69 reason=jr_ra end=0x80015658 target=0x8001A24C steps=3 v0=0x00000000 v1=0x00000044 c2ba=0x0000 c2b8=0x00000000 c2bc=0x00000000 ra=0x8001A24C sp=0x801FFF98 f=0
[BLACKSCREEN][INTERP] start=0x80015650 end=0x80015658 steps=3 reason=jr_ra target=0x8001A24C ra=0x8001A24C sp=0x801FFF98 f=0
[BLACKSCREEN][A110-15650-RET] #69 call_pc=0x8001A244 v0_after=0x00000000 v1_after=0x00000044 a0=0xFFFFFFFF a1=0x00008000 sp_after=0x801FFF98 c2ba=0x0000 f=0
[BLACKSCREEN][A110-PATH] #276 pc=0x8001A24C instr=0x1040002B v0=0x00000000 v1=0x00000044 a0=0xFFFFFFFF a1=0x00008000 a2=0x00000000 a3=0x00000000 s0=0x00000003 s1=0x801E0000 s2=0x80032D80 s3=0x80032B48 sp=0x801FFF98 ra=0x8001A24C m2ab4=0x00000000 m2ab8=0x00000000 m2ac5=0x00 c2ba=0x0000 c2b8=0x00000000 c2bc=0x00000000 f=0
[BLACKSCREEN][STATE-C2A8AC-R] #143 size=4 phys=0x0002C2A8 val=0x1F801814 ra=0x8001A184 sp=0x801FFF98 pc=0x00000000 f=0
[BLACKSCREEN][STATE-C2A8AC-R] #144 size=4 phys=0x0002C2AC val=0x1F801110 ra=0x8001A184 sp=0x801FFF98 pc=0x00000000 f=0
[BLACKSCREEN][CALL] route=compiled_early #71 addr=0x80015308 ra=0x8001A184 f=0
[BLACKSCREEN][A110-EXIT-COND] pc=0x8001A194 instr=0x1460000B v1=0x00000000 v0=0x1F801814 will_branch=0 next=0x8001A19C else=0x8001A1C4 c9278=0x1F801BD4 c927c=0x00000045 ra=0x8001A184 sp=0x801FFF98 f=0
[BLACKSCREEN][A110-PATH] #277 pc=0x8001A238 instr=0x00001021 v0=0x00000000 v1=0x00000045 a0=0xFFFFFFFF a1=0x00008000 a2=0x00000000 a3=0x00000000 s0=0x00000003 s1=0x801E0000 s2=0x80032D80 s3=0x80032B48 sp=0x801FFF98 ra=0x8001A184 m2ab4=0x00000000 m2ab8=0x00000000 m2ac5=0x00 c2ba=0x0000 c2b8=0x00000000 c2bc=0x00000000 f=0
[BLACKSCREEN][A110-PATH] #278 pc=0x8001A23C instr=0x14400049 v0=0x00000000 v1=0x00000045 a0=0xFFFFFFFF a1=0x00008000 a2=0x00000000 a3=0x00000000 s0=0x00000003 s1=0x801E0000 s2=0x80032D80 s3=0x80032B48 sp=0x801FFF98 ra=0x8001A184 m2ab4=0x00000000 m2ab8=0x00000000 m2ac5=0x00 c2ba=0x0000 c2b8=0x00000000 c2bc=0x00000000 f=0
[BLACKSCREEN][A110-PATH] #279 pc=0x8001A244 instr=0x0C005594 v0=0xFFFFFFFF v1=0x00000045 a0=0xFFFFFFFF a1=0x00008000 a2=0x00000000 a3=0x00000000 s0=0x00000003 s1=0x801E0000 s2=0x80032D80 s3=0x80032B48 sp=0x801FFF98 ra=0x8001A184 m2ab4=0x00000000 m2ab8=0x00000000 m2ac5=0x00 c2ba=0x0000 c2b8=0x00000000 c2bc=0x00000000 f=0
[BLACKSCREEN][A110-15650-CALL] #70 call_pc=0x8001A244 ra=0x8001A24C v0=0xFFFFFFFF v1=0x00000045 a0=0xFFFFFFFF a1=0x00008000 sp=0x801FFF98 c2ba=0x0000 f=0
[BLACKSCREEN][CALL] stage=before_overlay #76 addr=0x80015650 ra=0x8001A24C f=0
[BLACKSCREEN][CALL] stage=before_inbinary #76 addr=0x80015650 ra=0x8001A24C f=0
[BLACKSCREEN][CALL] route=interp #76 addr=0x80015650 ra=0x8001A24C f=0
[BLACKSCREEN][INTERP] enter start=0x80015650 instr0=0x3C028003 a0=0xFFFFFFFF ra=0x8001A24C sp=0x801FFF98 f=0
[BLACKSCREEN][15650-STEP] #208 pc=0x80015650 instr=0x3C028003 v0=0xFFFFFFFF v1=0x00000045 a0=0xFFFFFFFF a1=0x00008000 c2ba=0x0000 c2b8=0x00000000 c2bc=0x00000000 ra=0x8001A24C sp=0x801FFF98 f=0
[BLACKSCREEN][15650-STEP] #209 pc=0x80015654 instr=0x9442C2BA v0=0x80030000 v1=0x00000045 a0=0xFFFFFFFF a1=0x00008000 c2ba=0x0000 c2b8=0x00000000 c2bc=0x00000000 ra=0x8001A24C sp=0x801FFF98 f=0
[BLACKSCREEN][STATE-C2BA-R] #70 size=2 phys=0x0002C2BA val=0x0000 ra=0x8001A24C sp=0x801FFF98 pc=0x00000000 f=0
[BLACKSCREEN][15650-STEP] #210 pc=0x80015658 instr=0x03E00008 v0=0x00000000 v1=0x00000045 a0=0xFFFFFFFF a1=0x00008000 c2ba=0x0000 c2b8=0x00000000 c2bc=0x00000000 ra=0x8001A24C sp=0x801FFF98 f=0
[BLACKSCREEN][15650-RET] #70 reason=jr_ra end=0x80015658 target=0x8001A24C steps=3 v0=0x00000000 v1=0x00000045 c2ba=0x0000 c2b8=0x00000000 c2bc=0x00000000 ra=0x8001A24C sp=0x801FFF98 f=0
[BLACKSCREEN][INTERP] start=0x80015650 end=0x80015658 steps=3 reason=jr_ra target=0x8001A24C ra=0x8001A24C sp=0x801FFF98 f=0
[BLACKSCREEN][A110-15650-RET] #70 call_pc=0x8001A244 v0_after=0x00000000 v1_after=0x00000045 a0=0xFFFFFFFF a1=0x00008000 sp_after=0x801FFF98 c2ba=0x0000 f=0
[BLACKSCREEN][A110-PATH] #280 pc=0x8001A24C instr=0x1040002B v0=0x00000000 v1=0x00000045 a0=0xFFFFFFFF a1=0x00008000 a2=0x00000000 a3=0x00000000 s0=0x00000003 s1=0x801E0000 s2=0x80032D80 s3=0x80032B48 sp=0x801FFF98 ra=0x8001A24C m2ab4=0x00000000 m2ab8=0x00000000 m2ac5=0x00 c2ba=0x0000 c2b8=0x00000000 c2bc=0x00000000 f=0
[BLACKSCREEN][STATE-C2A8AC-R] #145 size=4 phys=0x0002C2A8 val=0x1F801814 ra=0x8001A184 sp=0x801FFF98 pc=0x00000000 f=0
[BLACKSCREEN][STATE-C2A8AC-R] #146 size=4 phys=0x0002C2AC val=0x1F801110 ra=0x8001A184 sp=0x801FFF98 pc=0x00000000 f=0
[BLACKSCREEN][CALL] route=compiled_early #72 addr=0x80015308 ra=0x8001A184 f=0
[BLACKSCREEN][A110-EXIT-COND] pc=0x8001A194 instr=0x1460000B v1=0x00000000 v0=0x1F801814 will_branch=0 next=0x8001A19C else=0x8001A1C4 c9278=0x1F801BD4 c927c=0x00000046 ra=0x8001A184 sp=0x801FFF98 f=0
[BLACKSCREEN][A110-PATH] #281 pc=0x8001A238 instr=0x00001021 v0=0x00000000 v1=0x00000046 a0=0xFFFFFFFF a1=0x00008000 a2=0x00000000 a3=0x00000000 s0=0x00000003 s1=0x801E0000 s2=0x80032D80 s3=0x80032B48 sp=0x801FFF98 ra=0x8001A184 m2ab4=0x00000000 m2ab8=0x00000000 m2ac5=0x00 c2ba=0x0000 c2b8=0x00000000 c2bc=0x00000000 f=0
[BLACKSCREEN][A110-PATH] #282 pc=0x8001A23C instr=0x14400049 v0=0x00000000 v1=0x00000046 a0=0xFFFFFFFF a1=0x00008000 a2=0x00000000 a3=0x00000000 s0=0x00000003 s1=0x801E0000 s2=0x80032D80 s3=0x80032B48 sp=0x801FFF98 ra=0x8001A184 m2ab4=0x00000000 m2ab8=0x00000000 m2ac5=0x00 c2ba=0x0000 c2b8=0x00000000 c2bc=0x00000000 f=0
[BLACKSCREEN][A110-PATH] #283 pc=0x8001A244 instr=0x0C005594 v0=0xFFFFFFFF v1=0x00000046 a0=0xFFFFFFFF a1=0x00008000 a2=0x00000000 a3=0x00000000 s0=0x00000003 s1=0x801E0000 s2=0x80032D80 s3=0x80032B48 sp=0x801FFF98 ra=0x8001A184 m2ab4=0x00000000 m2ab8=0x00000000 m2ac5=0x00 c2ba=0x0000 c2b8=0x00000000 c2bc=0x00000000 f=0
[BLACKSCREEN][A110-15650-CALL] #71 call_pc=0x8001A244 ra=0x8001A24C v0=0xFFFFFFFF v1=0x00000046 a0=0xFFFFFFFF a1=0x00008000 sp=0x801FFF98 c2ba=0x0000 f=0
[BLACKSCREEN][CALL] stage=before_overlay #77 addr=0x80015650 ra=0x8001A24C f=0
[BLACKSCREEN][CALL] stage=before_inbinary #77 addr=0x80015650 ra=0x8001A24C f=0
[BLACKSCREEN][CALL] route=interp #77 addr=0x80015650 ra=0x8001A24C f=0
[BLACKSCREEN][INTERP] enter start=0x80015650 instr0=0x3C028003 a0=0xFFFFFFFF ra=0x8001A24C sp=0x801FFF98 f=0
[BLACKSCREEN][15650-STEP] #211 pc=0x80015650 instr=0x3C028003 v0=0xFFFFFFFF v1=0x00000046 a0=0xFFFFFFFF a1=0x00008000 c2ba=0x0000 c2b8=0x00000000 c2bc=0x00000000 ra=0x8001A24C sp=0x801FFF98 f=0
[BLACKSCREEN][15650-STEP] #212 pc=0x80015654 instr=0x9442C2BA v0=0x80030000 v1=0x00000046 a0=0xFFFFFFFF a1=0x00008000 c2ba=0x0000 c2b8=0x00000000 c2bc=0x00000000 ra=0x8001A24C sp=0x801FFF98 f=0
[BLACKSCREEN][STATE-C2BA-R] #71 size=2 phys=0x0002C2BA val=0x0000 ra=0x8001A24C sp=0x801FFF98 pc=0x00000000 f=0
[BLACKSCREEN][15650-STEP] #213 pc=0x80015658 instr=0x03E00008 v0=0x00000000 v1=0x00000046 a0=0xFFFFFFFF a1=0x00008000 c2ba=0x0000 c2b8=0x00000000 c2bc=0x00000000 ra=0x8001A24C sp=0x801FFF98 f=0
[BLACKSCREEN][15650-RET] #71 reason=jr_ra end=0x80015658 target=0x8001A24C steps=3 v0=0x00000000 v1=0x00000046 c2ba=0x0000 c2b8=0x00000000 c2bc=0x00000000 ra=0x8001A24C sp=0x801FFF98 f=0
[BLACKSCREEN][INTERP] start=0x80015650 end=0x80015658 steps=3 reason=jr_ra target=0x8001A24C ra=0x8001A24C sp=0x801FFF98 f=0
[BLACKSCREEN][A110-15650-RET] #71 call_pc=0x8001A244 v0_after=0x00000000 v1_after=0x00000046 a0=0xFFFFFFFF a1=0x00008000 sp_after=0x801FFF98 c2ba=0x0000 f=0
[BLACKSCREEN][A110-PATH] #284 pc=0x8001A24C instr=0x1040002B v0=0x00000000 v1=0x00000046 a0=0xFFFFFFFF a1=0x00008000 a2=0x00000000 a3=0x00000000 s0=0x00000003 s1=0x801E0000 s2=0x80032D80 s3=0x80032B48 sp=0x801FFF98 ra=0x8001A24C m2ab4=0x00000000 m2ab8=0x00000000 m2ac5=0x00 c2ba=0x0000 c2b8=0x00000000 c2bc=0x00000000 f=0
[BLACKSCREEN][STATE-C2A8AC-R] #147 size=4 phys=0x0002C2A8 val=0x1F801814 ra=0x8001A184 sp=0x801FFF98 pc=0x00000000 f=0
[BLACKSCREEN][STATE-C2A8AC-R] #148 size=4 phys=0x0002C2AC val=0x1F801110 ra=0x8001A184 sp=0x801FFF98 pc=0x00000000 f=0
[BLACKSCREEN][CALL] route=compiled_early #73 addr=0x80015308 ra=0x8001A184 f=0
[BLACKSCREEN][A110-EXIT-COND] pc=0x8001A194 instr=0x1460000B v1=0x00000000 v0=0x1F801814 will_branch=0 next=0x8001A19C else=0x8001A1C4 c9278=0x1F801BD4 c927c=0x00000047 ra=0x8001A184 sp=0x801FFF98 f=0
[BLACKSCREEN][A110-PATH] #285 pc=0x8001A238 instr=0x00001021 v0=0x00000000 v1=0x00000047 a0=0xFFFFFFFF a1=0x00008000 a2=0x00000000 a3=0x00000000 s0=0x00000003 s1=0x801E0000 s2=0x80032D80 s3=0x80032B48 sp=0x801FFF98 ra=0x8001A184 m2ab4=0x00000000 m2ab8=0x00000000 m2ac5=0x00 c2ba=0x0000 c2b8=0x00000000 c2bc=0x00000000 f=0
[BLACKSCREEN][A110-PATH] #286 pc=0x8001A23C instr=0x14400049 v0=0x00000000 v1=0x00000047 a0=0xFFFFFFFF a1=0x00008000 a2=0x00000000 a3=0x00000000 s0=0x00000003 s1=0x801E0000 s2=0x80032D80 s3=0x80032B48 sp=0x801FFF98 ra=0x8001A184 m2ab4=0x00000000 m2ab8=0x00000000 m2ac5=0x00 c2ba=0x0000 c2b8=0x00000000 c2bc=0x00000000 f=0
[BLACKSCREEN][A110-PATH] #287 pc=0x8001A244 instr=0x0C005594 v0=0xFFFFFFFF v1=0x00000047 a0=0xFFFFFFFF a1=0x00008000 a2=0x00000000 a3=0x00000000 s0=0x00000003 s1=0x801E0000 s2=0x80032D80 s3=0x80032B48 sp=0x801FFF98 ra=0x8001A184 m2ab4=0x00000000 m2ab8=0x00000000 m2ac5=0x00 c2ba=0x0000 c2b8=0x00000000 c2bc=0x00000000 f=0
[BLACKSCREEN][A110-15650-CALL] #72 call_pc=0x8001A244 ra=0x8001A24C v0=0xFFFFFFFF v1=0x00000047 a0=0xFFFFFFFF a1=0x00008000 sp=0x801FFF98 c2ba=0x0000 f=0
[BLACKSCREEN][CALL] stage=before_overlay #78 addr=0x80015650 ra=0x8001A24C f=0
[BLACKSCREEN][CALL] stage=before_inbinary #78 addr=0x80015650 ra=0x8001A24C f=0
[BLACKSCREEN][CALL] route=interp #78 addr=0x80015650 ra=0x8001A24C f=0
[BLACKSCREEN][INTERP] enter start=0x80015650 instr0=0x3C028003 a0=0xFFFFFFFF ra=0x8001A24C sp=0x801FFF98 f=0
[BLACKSCREEN][15650-STEP] #214 pc=0x80015650 instr=0x3C028003 v0=0xFFFFFFFF v1=0x00000047 a0=0xFFFFFFFF a1=0x00008000 c2ba=0x0000 c2b8=0x00000000 c2bc=0x00000000 ra=0x8001A24C sp=0x801FFF98 f=0
[BLACKSCREEN][15650-STEP] #215 pc=0x80015654 instr=0x9442C2BA v0=0x80030000 v1=0x00000047 a0=0xFFFFFFFF a1=0x00008000 c2ba=0x0000 c2b8=0x00000000 c2bc=0x00000000 ra=0x8001A24C sp=0x801FFF98 f=0
[BLACKSCREEN][STATE-C2BA-R] #72 size=2 phys=0x0002C2BA val=0x0000 ra=0x8001A24C sp=0x801FFF98 pc=0x00000000 f=0
[BLACKSCREEN][15650-STEP] #216 pc=0x80015658 instr=0x03E00008 v0=0x00000000 v1=0x00000047 a0=0xFFFFFFFF a1=0x00008000 c2ba=0x0000 c2b8=0x00000000 c2bc=0x00000000 ra=0x8001A24C sp=0x801FFF98 f=0
[BLACKSCREEN][15650-RET] #72 reason=jr_ra end=0x80015658 target=0x8001A24C steps=3 v0=0x00000000 v1=0x00000047 c2ba=0x0000 c2b8=0x00000000 c2bc=0x00000000 ra=0x8001A24C sp=0x801FFF98 f=0
[BLACKSCREEN][INTERP] start=0x80015650 end=0x80015658 steps=3 reason=jr_ra target=0x8001A24C ra=0x8001A24C sp=0x801FFF98 f=0
[BLACKSCREEN][A110-15650-RET] #72 call_pc=0x8001A244 v0_after=0x00000000 v1_after=0x00000047 a0=0xFFFFFFFF a1=0x00008000 sp_after=0x801FFF98 c2ba=0x0000 f=0
[BLACKSCREEN][A110-PATH] #288 pc=0x8001A24C instr=0x1040002B v0=0x00000000 v1=0x00000047 a0=0xFFFFFFFF a1=0x00008000 a2=0x00000000 a3=0x00000000 s0=0x00000003 s1=0x801E0000 s2=0x80032D80 s3=0x80032B48 sp=0x801FFF98 ra=0x8001A24C m2ab4=0x00000000 m2ab8=0x00000000 m2ac5=0x00 c2ba=0x0000 c2b8=0x00000000 c2bc=0x00000000 f=0
[BLACKSCREEN][STATE-C2A8AC-R] #149 size=4 phys=0x0002C2A8 val=0x1F801814 ra=0x8001A184 sp=0x801FFF98 pc=0x00000000 f=0
[BLACKSCREEN][STATE-C2A8AC-R] #150 size=4 phys=0x0002C2AC val=0x1F801110 ra=0x8001A184 sp=0x801FFF98 pc=0x00000000 f=0
[BLACKSCREEN][CALL] route=compiled_early #74 addr=0x80015308 ra=0x8001A184 f=0
[BLACKSCREEN][A110-EXIT-COND] pc=0x8001A194 instr=0x1460000B v1=0x00000000 v0=0x1F801814 will_branch=0 next=0x8001A19C else=0x8001A1C4 c9278=0x1F801BD4 c927c=0x00000048 ra=0x8001A184 sp=0x801FFF98 f=0
[BLACKSCREEN][A110-PATH] #289 pc=0x8001A238 instr=0x00001021 v0=0x00000000 v1=0x00000048 a0=0xFFFFFFFF a1=0x00008000 a2=0x00000000 a3=0x00000000 s0=0x00000003 s1=0x801E0000 s2=0x80032D80 s3=0x80032B48 sp=0x801FFF98 ra=0x8001A184 m2ab4=0x00000000 m2ab8=0x00000000 m2ac5=0x00 c2ba=0x0000 c2b8=0x00000000 c2bc=0x00000000 f=0
[BLACKSCREEN][A110-PATH] #290 pc=0x8001A23C instr=0x14400049 v0=0x00000000 v1=0x00000048 a0=0xFFFFFFFF a1=0x00008000 a2=0x00000000 a3=0x00000000 s0=0x00000003 s1=0x801E0000 s2=0x80032D80 s3=0x80032B48 sp=0x801FFF98 ra=0x8001A184 m2ab4=0x00000000 m2ab8=0x00000000 m2ac5=0x00 c2ba=0x0000 c2b8=0x00000000 c2bc=0x00000000 f=0
[BLACKSCREEN][A110-PATH] #291 pc=0x8001A244 instr=0x0C005594 v0=0xFFFFFFFF v1=0x00000048 a0=0xFFFFFFFF a1=0x00008000 a2=0x00000000 a3=0x00000000 s0=0x00000003 s1=0x801E0000 s2=0x80032D80 s3=0x80032B48 sp=0x801FFF98 ra=0x8001A184 m2ab4=0x00000000 m2ab8=0x00000000 m2ac5=0x00 c2ba=0x0000 c2b8=0x00000000 c2bc=0x00000000 f=0
[BLACKSCREEN][A110-15650-CALL] #73 call_pc=0x8001A244 ra=0x8001A24C v0=0xFFFFFFFF v1=0x00000048 a0=0xFFFFFFFF a1=0x00008000 sp=0x801FFF98 c2ba=0x0000 f=0
[BLACKSCREEN][CALL] stage=before_overlay #79 addr=0x80015650 ra=0x8001A24C f=0
[BLACKSCREEN][CALL] stage=before_inbinary #79 addr=0x80015650 ra=0x8001A24C f=0
[BLACKSCREEN][CALL] route=interp #79 addr=0x80015650 ra=0x8001A24C f=0
[BLACKSCREEN][INTERP] enter start=0x80015650 instr0=0x3C028003 a0=0xFFFFFFFF ra=0x8001A24C sp=0x801FFF98 f=0
[BLACKSCREEN][15650-STEP] #217 pc=0x80015650 instr=0x3C028003 v0=0xFFFFFFFF v1=0x00000048 a0=0xFFFFFFFF a1=0x00008000 c2ba=0x0000 c2b8=0x00000000 c2bc=0x00000000 ra=0x8001A24C sp=0x801FFF98 f=0
[BLACKSCREEN][15650-STEP] #218 pc=0x80015654 instr=0x9442C2BA v0=0x80030000 v1=0x00000048 a0=0xFFFFFFFF a1=0x00008000 c2ba=0x0000 c2b8=0x00000000 c2bc=0x00000000 ra=0x8001A24C sp=0x801FFF98 f=0
[BLACKSCREEN][STATE-C2BA-R] #73 size=2 phys=0x0002C2BA val=0x0000 ra=0x8001A24C sp=0x801FFF98 pc=0x00000000 f=0
[BLACKSCREEN][15650-STEP] #219 pc=0x80015658 instr=0x03E00008 v0=0x00000000 v1=0x00000048 a0=0xFFFFFFFF a1=0x00008000 c2ba=0x0000 c2b8=0x00000000 c2bc=0x00000000 ra=0x8001A24C sp=0x801FFF98 f=0
[BLACKSCREEN][15650-RET] #73 reason=jr_ra end=0x80015658 target=0x8001A24C steps=3 v0=0x00000000 v1=0x00000048 c2ba=0x0000 c2b8=0x00000000 c2bc=0x00000000 ra=0x8001A24C sp=0x801FFF98 f=0
[BLACKSCREEN][INTERP] start=0x80015650 end=0x80015658 steps=3 reason=jr_ra target=0x8001A24C ra=0x8001A24C sp=0x801FFF98 f=0
[BLACKSCREEN][A110-15650-RET] #73 call_pc=0x8001A244 v0_after=0x00000000 v1_after=0x00000048 a0=0xFFFFFFFF a1=0x00008000 sp_after=0x801FFF98 c2ba=0x0000 f=0
[BLACKSCREEN][A110-PATH] #292 pc=0x8001A24C instr=0x1040002B v0=0x00000000 v1=0x00000048 a0=0xFFFFFFFF a1=0x00008000 a2=0x00000000 a3=0x00000000 s0=0x00000003 s1=0x801E0000 s2=0x80032D80 s3=0x80032B48 sp=0x801FFF98 ra=0x8001A24C m2ab4=0x00000000 m2ab8=0x00000000 m2ac5=0x00 c2ba=0x0000 c2b8=0x00000000 c2bc=0x00000000 f=0
[BLACKSCREEN][STATE-C2A8AC-R] #151 size=4 phys=0x0002C2A8 val=0x1F801814 ra=0x8001A184 sp=0x801FFF98 pc=0x00000000 f=0
[BLACKSCREEN][STATE-C2A8AC-R] #152 size=4 phys=0x0002C2AC val=0x1F801110 ra=0x8001A184 sp=0x801FFF98 pc=0x00000000 f=0
[BLACKSCREEN][CALL] route=compiled_early #75 addr=0x80015308 ra=0x8001A184 f=0
[BLACKSCREEN][A110-EXIT-COND] pc=0x8001A194 instr=0x1460000B v1=0x00000000 v0=0x1F801814 will_branch=0 next=0x8001A19C else=0x8001A1C4 c9278=0x1F801BD4 c927c=0x00000049 ra=0x8001A184 sp=0x801FFF98 f=0
[BLACKSCREEN][A110-PATH] #293 pc=0x8001A238 instr=0x00001021 v0=0x00000000 v1=0x00000049 a0=0xFFFFFFFF a1=0x00008000 a2=0x00000000 a3=0x00000000 s0=0x00000003 s1=0x801E0000 s2=0x80032D80 s3=0x80032B48 sp=0x801FFF98 ra=0x8001A184 m2ab4=0x00000000 m2ab8=0x00000000 m2ac5=0x00 c2ba=0x0000 c2b8=0x00000000 c2bc=0x00000000 f=0
[BLACKSCREEN][A110-PATH] #294 pc=0x8001A23C instr=0x14400049 v0=0x00000000 v1=0x00000049 a0=0xFFFFFFFF a1=0x00008000 a2=0x00000000 a3=0x00000000 s0=0x00000003 s1=0x801E0000 s2=0x80032D80 s3=0x80032B48 sp=0x801FFF98 ra=0x8001A184 m2ab4=0x00000000 m2ab8=0x00000000 m2ac5=0x00 c2ba=0x0000 c2b8=0x00000000 c2bc=0x00000000 f=0
[BLACKSCREEN][A110-PATH] #295 pc=0x8001A244 instr=0x0C005594 v0=0xFFFFFFFF v1=0x00000049 a0=0xFFFFFFFF a1=0x00008000 a2=0x00000000 a3=0x00000000 s0=0x00000003 s1=0x801E0000 s2=0x80032D80 s3=0x80032B48 sp=0x801FFF98 ra=0x8001A184 m2ab4=0x00000000 m2ab8=0x00000000 m2ac5=0x00 c2ba=0x0000 c2b8=0x00000000 c2bc=0x00000000 f=0
[BLACKSCREEN][A110-15650-CALL] #74 call_pc=0x8001A244 ra=0x8001A24C v0=0xFFFFFFFF v1=0x00000049 a0=0xFFFFFFFF a1=0x00008000 sp=0x801FFF98 c2ba=0x0000 f=0
[BLACKSCREEN][CALL] stage=before_overlay #80 addr=0x80015650 ra=0x8001A24C f=0
[BLACKSCREEN][CALL] stage=before_inbinary #80 addr=0x80015650 ra=0x8001A24C f=0
[BLACKSCREEN][CALL] route=interp #80 addr=0x80015650 ra=0x8001A24C f=0
[BLACKSCREEN][INTERP] enter start=0x80015650 instr0=0x3C028003 a0=0xFFFFFFFF ra=0x8001A24C sp=0x801FFF98 f=0
[BLACKSCREEN][15650-STEP] #220 pc=0x80015650 instr=0x3C028003 v0=0xFFFFFFFF v1=0x00000049 a0=0xFFFFFFFF a1=0x00008000 c2ba=0x0000 c2b8=0x00000000 c2bc=0x00000000 ra=0x8001A24C sp=0x801FFF98 f=0
[BLACKSCREEN][15650-STEP] #221 pc=0x80015654 instr=0x9442C2BA v0=0x80030000 v1=0x00000049 a0=0xFFFFFFFF a1=0x00008000 c2ba=0x0000 c2b8=0x00000000 c2bc=0x00000000 ra=0x8001A24C sp=0x801FFF98 f=0
[BLACKSCREEN][STATE-C2BA-R] #74 size=2 phys=0x0002C2BA val=0x0000 ra=0x8001A24C sp=0x801FFF98 pc=0x00000000 f=0
[BLACKSCREEN][15650-STEP] #222 pc=0x80015658 instr=0x03E00008 v0=0x00000000 v1=0x00000049 a0=0xFFFFFFFF a1=0x00008000 c2ba=0x0000 c2b8=0x00000000 c2bc=0x00000000 ra=0x8001A24C sp=0x801FFF98 f=0
[BLACKSCREEN][15650-RET] #74 reason=jr_ra end=0x80015658 target=0x8001A24C steps=3 v0=0x00000000 v1=0x00000049 c2ba=0x0000 c2b8=0x00000000 c2bc=0x00000000 ra=0x8001A24C sp=0x801FFF98 f=0
[BLACKSCREEN][INTERP] start=0x80015650 end=0x80015658 steps=3 reason=jr_ra target=0x8001A24C ra=0x8001A24C sp=0x801FFF98 f=0
[BLACKSCREEN][A110-15650-RET] #74 call_pc=0x8001A244 v0_after=0x00000000 v1_after=0x00000049 a0=0xFFFFFFFF a1=0x00008000 sp_after=0x801FFF98 c2ba=0x0000 f=0
[BLACKSCREEN][A110-PATH] #296 pc=0x8001A24C instr=0x1040002B v0=0x00000000 v1=0x00000049 a0=0xFFFFFFFF a1=0x00008000 a2=0x00000000 a3=0x00000000 s0=0x00000003 s1=0x801E0000 s2=0x80032D80 s3=0x80032B48 sp=0x801FFF98 ra=0x8001A24C m2ab4=0x00000000 m2ab8=0x00000000 m2ac5=0x00 c2ba=0x0000 c2b8=0x00000000 c2bc=0x00000000 f=0
[BLACKSCREEN][STATE-C2A8AC-R] #153 size=4 phys=0x0002C2A8 val=0x1F801814 ra=0x8001A184 sp=0x801FFF98 pc=0x00000000 f=0
[BLACKSCREEN][STATE-C2A8AC-R] #154 size=4 phys=0x0002C2AC val=0x1F801110 ra=0x8001A184 sp=0x801FFF98 pc=0x00000000 f=0
[BLACKSCREEN][CALL] route=compiled_early #76 addr=0x80015308 ra=0x8001A184 f=0
[BLACKSCREEN][A110-EXIT-COND] pc=0x8001A194 instr=0x1460000B v1=0x00000000 v0=0x1F801814 will_branch=0 next=0x8001A19C else=0x8001A1C4 c9278=0x1F801BD4 c927c=0x0000004A ra=0x8001A184 sp=0x801FFF98 f=0
[BLACKSCREEN][A110-PATH] #297 pc=0x8001A238 instr=0x00001021 v0=0x00000000 v1=0x0000004A a0=0xFFFFFFFF a1=0x00008000 a2=0x00000000 a3=0x00000000 s0=0x00000003 s1=0x801E0000 s2=0x80032D80 s3=0x80032B48 sp=0x801FFF98 ra=0x8001A184 m2ab4=0x00000000 m2ab8=0x00000000 m2ac5=0x00 c2ba=0x0000 c2b8=0x00000000 c2bc=0x00000000 f=0
[BLACKSCREEN][A110-PATH] #298 pc=0x8001A23C instr=0x14400049 v0=0x00000000 v1=0x0000004A a0=0xFFFFFFFF a1=0x00008000 a2=0x00000000 a3=0x00000000 s0=0x00000003 s1=0x801E0000 s2=0x80032D80 s3=0x80032B48 sp=0x801FFF98 ra=0x8001A184 m2ab4=0x00000000 m2ab8=0x00000000 m2ac5=0x00 c2ba=0x0000 c2b8=0x00000000 c2bc=0x00000000 f=0
[BLACKSCREEN][A110-PATH] #299 pc=0x8001A244 instr=0x0C005594 v0=0xFFFFFFFF v1=0x0000004A a0=0xFFFFFFFF a1=0x00008000 a2=0x00000000 a3=0x00000000 s0=0x00000003 s1=0x801E0000 s2=0x80032D80 s3=0x80032B48 sp=0x801FFF98 ra=0x8001A184 m2ab4=0x00000000 m2ab8=0x00000000 m2ac5=0x00 c2ba=0x0000 c2b8=0x00000000 c2bc=0x00000000 f=0
[BLACKSCREEN][A110-15650-CALL] #75 call_pc=0x8001A244 ra=0x8001A24C v0=0xFFFFFFFF v1=0x0000004A a0=0xFFFFFFFF a1=0x00008000 sp=0x801FFF98 c2ba=0x0000 f=0
[BLACKSCREEN][INTERP] enter start=0x80015650 instr0=0x3C028003 a0=0xFFFFFFFF ra=0x8001A24C sp=0x801FFF98 f=0
[BLACKSCREEN][15650-STEP] #223 pc=0x80015650 instr=0x3C028003 v0=0xFFFFFFFF v1=0x0000004A a0=0xFFFFFFFF a1=0x00008000 c2ba=0x0000 c2b8=0x00000000 c2bc=0x00000000 ra=0x8001A24C sp=0x801FFF98 f=0
[BLACKSCREEN][15650-STEP] #224 pc=0x80015654 instr=0x9442C2BA v0=0x80030000 v1=0x0000004A a0=0xFFFFFFFF a1=0x00008000 c2ba=0x0000 c2b8=0x00000000 c2bc=0x00000000 ra=0x8001A24C sp=0x801FFF98 f=0
[BLACKSCREEN][STATE-C2BA-R] #75 size=2 phys=0x0002C2BA val=0x0000 ra=0x8001A24C sp=0x801FFF98 pc=0x00000000 f=0
[BLACKSCREEN][15650-STEP] #225 pc=0x80015658 instr=0x03E00008 v0=0x00000000 v1=0x0000004A a0=0xFFFFFFFF a1=0x00008000 c2ba=0x0000 c2b8=0x00000000 c2bc=0x00000000 ra=0x8001A24C sp=0x801FFF98 f=0
[BLACKSCREEN][15650-RET] #75 reason=jr_ra end=0x80015658 target=0x8001A24C steps=3 v0=0x00000000 v1=0x0000004A c2ba=0x0000 c2b8=0x00000000 c2bc=0x00000000 ra=0x8001A24C sp=0x801FFF98 f=0
[BLACKSCREEN][INTERP] start=0x80015650 end=0x80015658 steps=3 reason=jr_ra target=0x8001A24C ra=0x8001A24C sp=0x801FFF98 f=0
[BLACKSCREEN][A110-15650-RET] #75 call_pc=0x8001A244 v0_after=0x00000000 v1_after=0x0000004A a0=0xFFFFFFFF a1=0x00008000 sp_after=0x801FFF98 c2ba=0x0000 f=0
[BLACKSCREEN][A110-PATH] #300 pc=0x8001A24C instr=0x1040002B v0=0x00000000 v1=0x0000004A a0=0xFFFFFFFF a1=0x00008000 a2=0x00000000 a3=0x00000000 s0=0x00000003 s1=0x801E0000 s2=0x80032D80 s3=0x80032B48 sp=0x801FFF98 ra=0x8001A24C m2ab4=0x00000000 m2ab8=0x00000000 m2ac5=0x00 c2ba=0x0000 c2b8=0x00000000 c2bc=0x00000000 f=0
[BLACKSCREEN][STATE-C2A8AC-R] #155 size=4 phys=0x0002C2A8 val=0x1F801814 ra=0x8001A184 sp=0x801FFF98 pc=0x00000000 f=0
[BLACKSCREEN][STATE-C2A8AC-R] #156 size=4 phys=0x0002C2AC val=0x1F801110 ra=0x8001A184 sp=0x801FFF98 pc=0x00000000 f=0
[BLACKSCREEN][CALL] route=compiled_early #77 addr=0x80015308 ra=0x8001A184 f=0
[BLACKSCREEN][A110-EXIT-COND] pc=0x8001A194 instr=0x1460000B v1=0x00000000 v0=0x1F801814 will_branch=0 next=0x8001A19C else=0x8001A1C4 c9278=0x1F801BD4 c927c=0x0000004B ra=0x8001A184 sp=0x801FFF98 f=0
[BLACKSCREEN][A110-PATH] #301 pc=0x8001A238 instr=0x00001021 v0=0x00000000 v1=0x0000004B a0=0xFFFFFFFF a1=0x00008000 a2=0x00000000 a3=0x00000000 s0=0x00000003 s1=0x801E0000 s2=0x80032D80 s3=0x80032B48 sp=0x801FFF98 ra=0x8001A184 m2ab4=0x00000000 m2ab8=0x00000000 m2ac5=0x00 c2ba=0x0000 c2b8=0x00000000 c2bc=0x00000000 f=0
[BLACKSCREEN][A110-PATH] #302 pc=0x8001A23C instr=0x14400049 v0=0x00000000 v1=0x0000004B a0=0xFFFFFFFF a1=0x00008000 a2=0x00000000 a3=0x00000000 s0=0x00000003 s1=0x801E0000 s2=0x80032D80 s3=0x80032B48 sp=0x801FFF98 ra=0x8001A184 m2ab4=0x00000000 m2ab8=0x00000000 m2ac5=0x00 c2ba=0x0000 c2b8=0x00000000 c2bc=0x00000000 f=0
[BLACKSCREEN][A110-PATH] #303 pc=0x8001A244 instr=0x0C005594 v0=0xFFFFFFFF v1=0x0000004B a0=0xFFFFFFFF a1=0x00008000 a2=0x00000000 a3=0x00000000 s0=0x00000003 s1=0x801E0000 s2=0x80032D80 s3=0x80032B48 sp=0x801FFF98 ra=0x8001A184 m2ab4=0x00000000 m2ab8=0x00000000 m2ac5=0x00 c2ba=0x0000 c2b8=0x00000000 c2bc=0x00000000 f=0
[BLACKSCREEN][A110-15650-CALL] #76 call_pc=0x8001A244 ra=0x8001A24C v0=0xFFFFFFFF v1=0x0000004B a0=0xFFFFFFFF a1=0x00008000 sp=0x801FFF98 c2ba=0x0000 f=0
[BLACKSCREEN][INTERP] enter start=0x80015650 instr0=0x3C028003 a0=0xFFFFFFFF ra=0x8001A24C sp=0x801FFF98 f=0
[BLACKSCREEN][15650-STEP] #226 pc=0x80015650 instr=0x3C028003 v0=0xFFFFFFFF v1=0x0000004B a0=0xFFFFFFFF a1=0x00008000 c2ba=0x0000 c2b8=0x00000000 c2bc=0x00000000 ra=0x8001A24C sp=0x801FFF98 f=0
[BLACKSCREEN][15650-STEP] #227 pc=0x80015654 instr=0x9442C2BA v0=0x80030000 v1=0x0000004B a0=0xFFFFFFFF a1=0x00008000 c2ba=0x0000 c2b8=0x00000000 c2bc=0x00000000 ra=0x8001A24C sp=0x801FFF98 f=0
[BLACKSCREEN][STATE-C2BA-R] #76 size=2 phys=0x0002C2BA val=0x0000 ra=0x8001A24C sp=0x801FFF98 pc=0x00000000 f=0
[BLACKSCREEN][15650-STEP] #228 pc=0x80015658 instr=0x03E00008 v0=0x00000000 v1=0x0000004B a0=0xFFFFFFFF a1=0x00008000 c2ba=0x0000 c2b8=0x00000000 c2bc=0x00000000 ra=0x8001A24C sp=0x801FFF98 f=0
[BLACKSCREEN][15650-RET] #76 reason=jr_ra end=0x80015658 target=0x8001A24C steps=3 v0=0x00000000 v1=0x0000004B c2ba=0x0000 c2b8=0x00000000 c2bc=0x00000000 ra=0x8001A24C sp=0x801FFF98 f=0
[BLACKSCREEN][INTERP] start=0x80015650 end=0x80015658 steps=3 reason=jr_ra target=0x8001A24C ra=0x8001A24C sp=0x801FFF98 f=0
[BLACKSCREEN][A110-15650-RET] #76 call_pc=0x8001A244 v0_after=0x00000000 v1_after=0x0000004B a0=0xFFFFFFFF a1=0x00008000 sp_after=0x801FFF98 c2ba=0x0000 f=0
[BLACKSCREEN][A110-PATH] #304 pc=0x8001A24C instr=0x1040002B v0=0x00000000 v1=0x0000004B a0=0xFFFFFFFF a1=0x00008000 a2=0x00000000 a3=0x00000000 s0=0x00000003 s1=0x801E0000 s2=0x80032D80 s3=0x80032B48 sp=0x801FFF98 ra=0x8001A24C m2ab4=0x00000000 m2ab8=0x00000000 m2ac5=0x00 c2ba=0x0000 c2b8=0x00000000 c2bc=0x00000000 f=0
[BLACKSCREEN][STATE-C2A8AC-R] #157 size=4 phys=0x0002C2A8 val=0x1F801814 ra=0x8001A184 sp=0x801FFF98 pc=0x00000000 f=0
[BLACKSCREEN][STATE-C2A8AC-R] #158 size=4 phys=0x0002C2AC val=0x1F801110 ra=0x8001A184 sp=0x801FFF98 pc=0x00000000 f=0
[BLACKSCREEN][CALL] route=compiled_early #78 addr=0x80015308 ra=0x8001A184 f=0
[BLACKSCREEN][A110-EXIT-COND] pc=0x8001A194 instr=0x1460000B v1=0x00000000 v0=0x1F801814 will_branch=0 next=0x8001A19C else=0x8001A1C4 c9278=0x1F801BD4 c927c=0x0000004C ra=0x8001A184 sp=0x801FFF98 f=0
[BLACKSCREEN][A110-PATH] #305 pc=0x8001A238 instr=0x00001021 v0=0x00000000 v1=0x0000004C a0=0xFFFFFFFF a1=0x00008000 a2=0x00000000 a3=0x00000000 s0=0x00000003 s1=0x801E0000 s2=0x80032D80 s3=0x80032B48 sp=0x801FFF98 ra=0x8001A184 m2ab4=0x00000000 m2ab8=0x00000000 m2ac5=0x00 c2ba=0x0000 c2b8=0x00000000 c2bc=0x00000000 f=0
[BLACKSCREEN][A110-PATH] #306 pc=0x8001A23C instr=0x14400049 v0=0x00000000 v1=0x0000004C a0=0xFFFFFFFF a1=0x00008000 a2=0x00000000 a3=0x00000000 s0=0x00000003 s1=0x801E0000 s2=0x80032D80 s3=0x80032B48 sp=0x801FFF98 ra=0x8001A184 m2ab4=0x00000000 m2ab8=0x00000000 m2ac5=0x00 c2ba=0x0000 c2b8=0x00000000 c2bc=0x00000000 f=0
[BLACKSCREEN][A110-PATH] #307 pc=0x8001A244 instr=0x0C005594 v0=0xFFFFFFFF v1=0x0000004C a0=0xFFFFFFFF a1=0x00008000 a2=0x00000000 a3=0x00000000 s0=0x00000003 s1=0x801E0000 s2=0x80032D80 s3=0x80032B48 sp=0x801FFF98 ra=0x8001A184 m2ab4=0x00000000 m2ab8=0x00000000 m2ac5=0x00 c2ba=0x0000 c2b8=0x00000000 c2bc=0x00000000 f=0
[BLACKSCREEN][A110-15650-CALL] #77 call_pc=0x8001A244 ra=0x8001A24C v0=0xFFFFFFFF v1=0x0000004C a0=0xFFFFFFFF a1=0x00008000 sp=0x801FFF98 c2ba=0x0000 f=0
[BLACKSCREEN][INTERP] enter start=0x80015650 instr0=0x3C028003 a0=0xFFFFFFFF ra=0x8001A24C sp=0x801FFF98 f=0
[BLACKSCREEN][15650-STEP] #229 pc=0x80015650 instr=0x3C028003 v0=0xFFFFFFFF v1=0x0000004C a0=0xFFFFFFFF a1=0x00008000 c2ba=0x0000 c2b8=0x00000000 c2bc=0x00000000 ra=0x8001A24C sp=0x801FFF98 f=0
[BLACKSCREEN][15650-STEP] #230 pc=0x80015654 instr=0x9442C2BA v0=0x80030000 v1=0x0000004C a0=0xFFFFFFFF a1=0x00008000 c2ba=0x0000 c2b8=0x00000000 c2bc=0x00000000 ra=0x8001A24C sp=0x801FFF98 f=0
[BLACKSCREEN][STATE-C2BA-R] #77 size=2 phys=0x0002C2BA val=0x0000 ra=0x8001A24C sp=0x801FFF98 pc=0x00000000 f=0
[BLACKSCREEN][15650-STEP] #231 pc=0x80015658 instr=0x03E00008 v0=0x00000000 v1=0x0000004C a0=0xFFFFFFFF a1=0x00008000 c2ba=0x0000 c2b8=0x00000000 c2bc=0x00000000 ra=0x8001A24C sp=0x801FFF98 f=0
[BLACKSCREEN][15650-RET] #77 reason=jr_ra end=0x80015658 target=0x8001A24C steps=3 v0=0x00000000 v1=0x0000004C c2ba=0x0000 c2b8=0x00000000 c2bc=0x00000000 ra=0x8001A24C sp=0x801FFF98 f=0
[BLACKSCREEN][INTERP] start=0x80015650 end=0x80015658 steps=3 reason=jr_ra target=0x8001A24C ra=0x8001A24C sp=0x801FFF98 f=0
[BLACKSCREEN][A110-15650-RET] #77 call_pc=0x8001A244 v0_after=0x00000000 v1_after=0x0000004C a0=0xFFFFFFFF a1=0x00008000 sp_after=0x801FFF98 c2ba=0x0000 f=0
[BLACKSCREEN][A110-PATH] #308 pc=0x8001A24C instr=0x1040002B v0=0x00000000 v1=0x0000004C a0=0xFFFFFFFF a1=0x00008000 a2=0x00000000 a3=0x00000000 s0=0x00000003 s1=0x801E0000 s2=0x80032D80 s3=0x80032B48 sp=0x801FFF98 ra=0x8001A24C m2ab4=0x00000000 m2ab8=0x00000000 m2ac5=0x00 c2ba=0x0000 c2b8=0x00000000 c2bc=0x00000000 f=0
[BLACKSCREEN][STATE-C2A8AC-R] #159 size=4 phys=0x0002C2A8 val=0x1F801814 ra=0x8001A184 sp=0x801FFF98 pc=0x00000000 f=0
[BLACKSCREEN][STATE-C2A8AC-R] #160 size=4 phys=0x0002C2AC val=0x1F801110 ra=0x8001A184 sp=0x801FFF98 pc=0x00000000 f=0
[BLACKSCREEN][CALL] route=compiled_early #79 addr=0x80015308 ra=0x8001A184 f=0
[BLACKSCREEN][A110-EXIT-COND] pc=0x8001A194 instr=0x1460000B v1=0x00000000 v0=0x1F801814 will_branch=0 next=0x8001A19C else=0x8001A1C4 c9278=0x1F801BD4 c927c=0x0000004D ra=0x8001A184 sp=0x801FFF98 f=0
[BLACKSCREEN][A110-PATH] #309 pc=0x8001A238 instr=0x00001021 v0=0x00000000 v1=0x0000004D a0=0xFFFFFFFF a1=0x00008000 a2=0x00000000 a3=0x00000000 s0=0x00000003 s1=0x801E0000 s2=0x80032D80 s3=0x80032B48 sp=0x801FFF98 ra=0x8001A184 m2ab4=0x00000000 m2ab8=0x00000000 m2ac5=0x00 c2ba=0x0000 c2b8=0x00000000 c2bc=0x00000000 f=0
[BLACKSCREEN][A110-PATH] #310 pc=0x8001A23C instr=0x14400049 v0=0x00000000 v1=0x0000004D a0=0xFFFFFFFF a1=0x00008000 a2=0x00000000 a3=0x00000000 s0=0x00000003 s1=0x801E0000 s2=0x80032D80 s3=0x80032B48 sp=0x801FFF98 ra=0x8001A184 m2ab4=0x00000000 m2ab8=0x00000000 m2ac5=0x00 c2ba=0x0000 c2b8=0x00000000 c2bc=0x00000000 f=0
[BLACKSCREEN][A110-PATH] #311 pc=0x8001A244 instr=0x0C005594 v0=0xFFFFFFFF v1=0x0000004D a0=0xFFFFFFFF a1=0x00008000 a2=0x00000000 a3=0x00000000 s0=0x00000003 s1=0x801E0000 s2=0x80032D80 s3=0x80032B48 sp=0x801FFF98 ra=0x8001A184 m2ab4=0x00000000 m2ab8=0x00000000 m2ac5=0x00 c2ba=0x0000 c2b8=0x00000000 c2bc=0x00000000 f=0
[BLACKSCREEN][A110-15650-CALL] #78 call_pc=0x8001A244 ra=0x8001A24C v0=0xFFFFFFFF v1=0x0000004D a0=0xFFFFFFFF a1=0x00008000 sp=0x801FFF98 c2ba=0x0000 f=0
[BLACKSCREEN][INTERP] enter start=0x80015650 instr0=0x3C028003 a0=0xFFFFFFFF ra=0x8001A24C sp=0x801FFF98 f=0
[BLACKSCREEN][15650-STEP] #232 pc=0x80015650 instr=0x3C028003 v0=0xFFFFFFFF v1=0x0000004D a0=0xFFFFFFFF a1=0x00008000 c2ba=0x0000 c2b8=0x00000000 c2bc=0x00000000 ra=0x8001A24C sp=0x801FFF98 f=0
[BLACKSCREEN][15650-STEP] #233 pc=0x80015654 instr=0x9442C2BA v0=0x80030000 v1=0x0000004D a0=0xFFFFFFFF a1=0x00008000 c2ba=0x0000 c2b8=0x00000000 c2bc=0x00000000 ra=0x8001A24C sp=0x801FFF98 f=0
[BLACKSCREEN][STATE-C2BA-R] #78 size=2 phys=0x0002C2BA val=0x0000 ra=0x8001A24C sp=0x801FFF98 pc=0x00000000 f=0
[BLACKSCREEN][15650-STEP] #234 pc=0x80015658 instr=0x03E00008 v0=0x00000000 v1=0x0000004D a0=0xFFFFFFFF a1=0x00008000 c2ba=0x0000 c2b8=0x00000000 c2bc=0x00000000 ra=0x8001A24C sp=0x801FFF98 f=0
[BLACKSCREEN][15650-RET] #78 reason=jr_ra end=0x80015658 target=0x8001A24C steps=3 v0=0x00000000 v1=0x0000004D c2ba=0x0000 c2b8=0x00000000 c2bc=0x00000000 ra=0x8001A24C sp=0x801FFF98 f=0
[BLACKSCREEN][INTERP] start=0x80015650 end=0x80015658 steps=3 reason=jr_ra target=0x8001A24C ra=0x8001A24C sp=0x801FFF98 f=0
[BLACKSCREEN][A110-15650-RET] #78 call_pc=0x8001A244 v0_after=0x00000000 v1_after=0x0000004D a0=0xFFFFFFFF a1=0x00008000 sp_after=0x801FFF98 c2ba=0x0000 f=0
[BLACKSCREEN][A110-PATH] #312 pc=0x8001A24C instr=0x1040002B v0=0x00000000 v1=0x0000004D a0=0xFFFFFFFF a1=0x00008000 a2=0x00000000 a3=0x00000000 s0=0x00000003 s1=0x801E0000 s2=0x80032D80 s3=0x80032B48 sp=0x801FFF98 ra=0x8001A24C m2ab4=0x00000000 m2ab8=0x00000000 m2ac5=0x00 c2ba=0x0000 c2b8=0x00000000 c2bc=0x00000000 f=0
[BLACKSCREEN][STATE-C2A8AC-R] #161 size=4 phys=0x0002C2A8 val=0x1F801814 ra=0x8001A184 sp=0x801FFF98 pc=0x00000000 f=0
[BLACKSCREEN][STATE-C2A8AC-R] #162 size=4 phys=0x0002C2AC val=0x1F801110 ra=0x8001A184 sp=0x801FFF98 pc=0x00000000 f=0
[BLACKSCREEN][CALL] route=compiled_early #80 addr=0x80015308 ra=0x8001A184 f=0
[BLACKSCREEN][A110-EXIT-COND] pc=0x8001A194 instr=0x1460000B v1=0x00000000 v0=0x1F801814 will_branch=0 next=0x8001A19C else=0x8001A1C4 c9278=0x1F801BD4 c927c=0x0000004E ra=0x8001A184 sp=0x801FFF98 f=0
[BLACKSCREEN][A110-PATH] #313 pc=0x8001A238 instr=0x00001021 v0=0x00000000 v1=0x0000004E a0=0xFFFFFFFF a1=0x00008000 a2=0x00000000 a3=0x00000000 s0=0x00000003 s1=0x801E0000 s2=0x80032D80 s3=0x80032B48 sp=0x801FFF98 ra=0x8001A184 m2ab4=0x00000000 m2ab8=0x00000000 m2ac5=0x00 c2ba=0x0000 c2b8=0x00000000 c2bc=0x00000000 f=0
[BLACKSCREEN][A110-PATH] #314 pc=0x8001A23C instr=0x14400049 v0=0x00000000 v1=0x0000004E a0=0xFFFFFFFF a1=0x00008000 a2=0x00000000 a3=0x00000000 s0=0x00000003 s1=0x801E0000 s2=0x80032D80 s3=0x80032B48 sp=0x801FFF98 ra=0x8001A184 m2ab4=0x00000000 m2ab8=0x00000000 m2ac5=0x00 c2ba=0x0000 c2b8=0x00000000 c2bc=0x00000000 f=0
[BLACKSCREEN][A110-PATH] #315 pc=0x8001A244 instr=0x0C005594 v0=0xFFFFFFFF v1=0x0000004E a0=0xFFFFFFFF a1=0x00008000 a2=0x00000000 a3=0x00000000 s0=0x00000003 s1=0x801E0000 s2=0x80032D80 s3=0x80032B48 sp=0x801FFF98 ra=0x8001A184 m2ab4=0x00000000 m2ab8=0x00000000 m2ac5=0x00 c2ba=0x0000 c2b8=0x00000000 c2bc=0x00000000 f=0
[BLACKSCREEN][A110-15650-CALL] #79 call_pc=0x8001A244 ra=0x8001A24C v0=0xFFFFFFFF v1=0x0000004E a0=0xFFFFFFFF a1=0x00008000 sp=0x801FFF98 c2ba=0x0000 f=0
[BLACKSCREEN][INTERP] enter start=0x80015650 instr0=0x3C028003 a0=0xFFFFFFFF ra=0x8001A24C sp=0x801FFF98 f=0
[BLACKSCREEN][15650-STEP] #235 pc=0x80015650 instr=0x3C028003 v0=0xFFFFFFFF v1=0x0000004E a0=0xFFFFFFFF a1=0x00008000 c2ba=0x0000 c2b8=0x00000000 c2bc=0x00000000 ra=0x8001A24C sp=0x801FFF98 f=0
[BLACKSCREEN][15650-STEP] #236 pc=0x80015654 instr=0x9442C2BA v0=0x80030000 v1=0x0000004E a0=0xFFFFFFFF a1=0x00008000 c2ba=0x0000 c2b8=0x00000000 c2bc=0x00000000 ra=0x8001A24C sp=0x801FFF98 f=0
[BLACKSCREEN][STATE-C2BA-R] #79 size=2 phys=0x0002C2BA val=0x0000 ra=0x8001A24C sp=0x801FFF98 pc=0x00000000 f=0
[BLACKSCREEN][15650-STEP] #237 pc=0x80015658 instr=0x03E00008 v0=0x00000000 v1=0x0000004E a0=0xFFFFFFFF a1=0x00008000 c2ba=0x0000 c2b8=0x00000000 c2bc=0x00000000 ra=0x8001A24C sp=0x801FFF98 f=0
[BLACKSCREEN][15650-RET] #79 reason=jr_ra end=0x80015658 target=0x8001A24C steps=3 v0=0x00000000 v1=0x0000004E c2ba=0x0000 c2b8=0x00000000 c2bc=0x00000000 ra=0x8001A24C sp=0x801FFF98 f=0
[BLACKSCREEN][INTERP] start=0x80015650 end=0x80015658 steps=3 reason=jr_ra target=0x8001A24C ra=0x8001A24C sp=0x801FFF98 f=0
[BLACKSCREEN][A110-15650-RET] #79 call_pc=0x8001A244 v0_after=0x00000000 v1_after=0x0000004E a0=0xFFFFFFFF a1=0x00008000 sp_after=0x801FFF98 c2ba=0x0000 f=0
[BLACKSCREEN][A110-PATH] #316 pc=0x8001A24C instr=0x1040002B v0=0x00000000 v1=0x0000004E a0=0xFFFFFFFF a1=0x00008000 a2=0x00000000 a3=0x00000000 s0=0x00000003 s1=0x801E0000 s2=0x80032D80 s3=0x80032B48 sp=0x801FFF98 ra=0x8001A24C m2ab4=0x00000000 m2ab8=0x00000000 m2ac5=0x00 c2ba=0x0000 c2b8=0x00000000 c2bc=0x00000000 f=0
[BLACKSCREEN][STATE-C2A8AC-R] #163 size=4 phys=0x0002C2A8 val=0x1F801814 ra=0x8001A184 sp=0x801FFF98 pc=0x00000000 f=0
[BLACKSCREEN][STATE-C2A8AC-R] #164 size=4 phys=0x0002C2AC val=0x1F801110 ra=0x8001A184 sp=0x801FFF98 pc=0x00000000 f=0
[BLACKSCREEN][A110-EXIT-COND] pc=0x8001A194 instr=0x1460000B v1=0x00000000 v0=0x1F801814 will_branch=0 next=0x8001A19C else=0x8001A1C4 c9278=0x1F801BD4 c927c=0x0000004F ra=0x8001A184 sp=0x801FFF98 f=0
[BLACKSCREEN][A110-PATH] #317 pc=0x8001A238 instr=0x00001021 v0=0x00000000 v1=0x0000004F a0=0xFFFFFFFF a1=0x00008000 a2=0x00000000 a3=0x00000000 s0=0x00000003 s1=0x801E0000 s2=0x80032D80 s3=0x80032B48 sp=0x801FFF98 ra=0x8001A184 m2ab4=0x00000000 m2ab8=0x00000000 m2ac5=0x00 c2ba=0x0000 c2b8=0x00000000 c2bc=0x00000000 f=0
[BLACKSCREEN][A110-PATH] #318 pc=0x8001A23C instr=0x14400049 v0=0x00000000 v1=0x0000004F a0=0xFFFFFFFF a1=0x00008000 a2=0x00000000 a3=0x00000000 s0=0x00000003 s1=0x801E0000 s2=0x80032D80 s3=0x80032B48 sp=0x801FFF98 ra=0x8001A184 m2ab4=0x00000000 m2ab8=0x00000000 m2ac5=0x00 c2ba=0x0000 c2b8=0x00000000 c2bc=0x00000000 f=0
[BLACKSCREEN][A110-PATH] #319 pc=0x8001A244 instr=0x0C005594 v0=0xFFFFFFFF v1=0x0000004F a0=0xFFFFFFFF a1=0x00008000 a2=0x00000000 a3=0x00000000 s0=0x00000003 s1=0x801E0000 s2=0x80032D80 s3=0x80032B48 sp=0x801FFF98 ra=0x8001A184 m2ab4=0x00000000 m2ab8=0x00000000 m2ac5=0x00 c2ba=0x0000 c2b8=0x00000000 c2bc=0x00000000 f=0
[BLACKSCREEN][A110-15650-CALL] #80 call_pc=0x8001A244 ra=0x8001A24C v0=0xFFFFFFFF v1=0x0000004F a0=0xFFFFFFFF a1=0x00008000 sp=0x801FFF98 c2ba=0x0000 f=0
[BLACKSCREEN][INTERP] enter start=0x80015650 instr0=0x3C028003 a0=0xFFFFFFFF ra=0x8001A24C sp=0x801FFF98 f=0
[BLACKSCREEN][15650-STEP] #238 pc=0x80015650 instr=0x3C028003 v0=0xFFFFFFFF v1=0x0000004F a0=0xFFFFFFFF a1=0x00008000 c2ba=0x0000 c2b8=0x00000000 c2bc=0x00000000 ra=0x8001A24C sp=0x801FFF98 f=0
[BLACKSCREEN][15650-STEP] #239 pc=0x80015654 instr=0x9442C2BA v0=0x80030000 v1=0x0000004F a0=0xFFFFFFFF a1=0x00008000 c2ba=0x0000 c2b8=0x00000000 c2bc=0x00000000 ra=0x8001A24C sp=0x801FFF98 f=0
[BLACKSCREEN][STATE-C2BA-R] #80 size=2 phys=0x0002C2BA val=0x0000 ra=0x8001A24C sp=0x801FFF98 pc=0x00000000 f=0
[BLACKSCREEN][15650-STEP] #240 pc=0x80015658 instr=0x03E00008 v0=0x00000000 v1=0x0000004F a0=0xFFFFFFFF a1=0x00008000 c2ba=0x0000 c2b8=0x00000000 c2bc=0x00000000 ra=0x8001A24C sp=0x801FFF98 f=0
[BLACKSCREEN][15650-RET] #80 reason=jr_ra end=0x80015658 target=0x8001A24C steps=3 v0=0x00000000 v1=0x0000004F c2ba=0x0000 c2b8=0x00000000 c2bc=0x00000000 ra=0x8001A24C sp=0x801FFF98 f=0
[BLACKSCREEN][INTERP] start=0x80015650 end=0x80015658 steps=3 reason=jr_ra target=0x8001A24C ra=0x8001A24C sp=0x801FFF98 f=0
[BLACKSCREEN][A110-15650-RET] #80 call_pc=0x8001A244 v0_after=0x00000000 v1_after=0x0000004F a0=0xFFFFFFFF a1=0x00008000 sp_after=0x801FFF98 c2ba=0x0000 f=0
[BLACKSCREEN][A110-PATH] #320 pc=0x8001A24C instr=0x1040002B v0=0x00000000 v1=0x0000004F a0=0xFFFFFFFF a1=0x00008000 a2=0x00000000 a3=0x00000000 s0=0x00000003 s1=0x801E0000 s2=0x80032D80 s3=0x80032B48 sp=0x801FFF98 ra=0x8001A24C m2ab4=0x00000000 m2ab8=0x00000000 m2ac5=0x00 c2ba=0x0000 c2b8=0x00000000 c2bc=0x00000000 f=0
[BLACKSCREEN][STATE-C2A8AC-R] #165 size=4 phys=0x0002C2A8 val=0x1F801814 ra=0x8001A184 sp=0x801FFF98 pc=0x00000000 f=0
[BLACKSCREEN][STATE-C2A8AC-R] #166 size=4 phys=0x0002C2AC val=0x1F801110 ra=0x8001A184 sp=0x801FFF98 pc=0x00000000 f=0
[BLACKSCREEN][A110-PATH] #321 pc=0x8001A238 instr=0x00001021 v0=0x00000000 v1=0x00000050 a0=0xFFFFFFFF a1=0x00008000 a2=0x00000000 a3=0x00000000 s0=0x00000003 s1=0x801E0000 s2=0x80032D80 s3=0x80032B48 sp=0x801FFF98 ra=0x8001A184 m2ab4=0x00000000 m2ab8=0x00000000 m2ac5=0x00 c2ba=0x0000 c2b8=0x00000000 c2bc=0x00000000 f=0
[BLACKSCREEN][A110-PATH] #322 pc=0x8001A23C instr=0x14400049 v0=0x00000000 v1=0x00000050 a0=0xFFFFFFFF a1=0x00008000 a2=0x00000000 a3=0x00000000 s0=0x00000003 s1=0x801E0000 s2=0x80032D80 s3=0x80032B48 sp=0x801FFF98 ra=0x8001A184 m2ab4=0x00000000 m2ab8=0x00000000 m2ac5=0x00 c2ba=0x0000 c2b8=0x00000000 c2bc=0x00000000 f=0
[BLACKSCREEN][A110-PATH] #323 pc=0x8001A244 instr=0x0C005594 v0=0xFFFFFFFF v1=0x00000050 a0=0xFFFFFFFF a1=0x00008000 a2=0x00000000 a3=0x00000000 s0=0x00000003 s1=0x801E0000 s2=0x80032D80 s3=0x80032B48 sp=0x801FFF98 ra=0x8001A184 m2ab4=0x00000000 m2ab8=0x00000000 m2ac5=0x00 c2ba=0x0000 c2b8=0x00000000 c2bc=0x00000000 f=0
[BLACKSCREEN][A110-15650-CALL] #81 call_pc=0x8001A244 ra=0x8001A24C v0=0xFFFFFFFF v1=0x00000050 a0=0xFFFFFFFF a1=0x00008000 sp=0x801FFF98 c2ba=0x0000 f=0
[BLACKSCREEN][INTERP] enter start=0x80015650 instr0=0x3C028003 a0=0xFFFFFFFF ra=0x8001A24C sp=0x801FFF98 f=0
[BLACKSCREEN][15650-STEP] #241 pc=0x80015650 instr=0x3C028003 v0=0xFFFFFFFF v1=0x00000050 a0=0xFFFFFFFF a1=0x00008000 c2ba=0x0000 c2b8=0x00000000 c2bc=0x00000000 ra=0x8001A24C sp=0x801FFF98 f=0
[BLACKSCREEN][15650-STEP] #242 pc=0x80015654 instr=0x9442C2BA v0=0x80030000 v1=0x00000050 a0=0xFFFFFFFF a1=0x00008000 c2ba=0x0000 c2b8=0x00000000 c2bc=0x00000000 ra=0x8001A24C sp=0x801FFF98 f=0
[BLACKSCREEN][STATE-C2BA-R] #81 size=2 phys=0x0002C2BA val=0x0000 ra=0x8001A24C sp=0x801FFF98 pc=0x00000000 f=0
[BLACKSCREEN][15650-STEP] #243 pc=0x80015658 instr=0x03E00008 v0=0x00000000 v1=0x00000050 a0=0xFFFFFFFF a1=0x00008000 c2ba=0x0000 c2b8=0x00000000 c2bc=0x00000000 ra=0x8001A24C sp=0x801FFF98 f=0
[BLACKSCREEN][15650-RET] #81 reason=jr_ra end=0x80015658 target=0x8001A24C steps=3 v0=0x00000000 v1=0x00000050 c2ba=0x0000 c2b8=0x00000000 c2bc=0x00000000 ra=0x8001A24C sp=0x801FFF98 f=0
[BLACKSCREEN][INTERP] start=0x80015650 end=0x80015658 steps=3 reason=jr_ra target=0x8001A24C ra=0x8001A24C sp=0x801FFF98 f=0
[BLACKSCREEN][A110-15650-RET] #81 call_pc=0x8001A244 v0_after=0x00000000 v1_after=0x00000050 a0=0xFFFFFFFF a1=0x00008000 sp_after=0x801FFF98 c2ba=0x0000 f=0
[BLACKSCREEN][A110-PATH] #324 pc=0x8001A24C instr=0x1040002B v0=0x00000000 v1=0x00000050 a0=0xFFFFFFFF a1=0x00008000 a2=0x00000000 a3=0x00000000 s0=0x00000003 s1=0x801E0000 s2=0x80032D80 s3=0x80032B48 sp=0x801FFF98 ra=0x8001A24C m2ab4=0x00000000 m2ab8=0x00000000 m2ac5=0x00 c2ba=0x0000 c2b8=0x00000000 c2bc=0x00000000 f=0
[BLACKSCREEN][STATE-C2A8AC-R] #167 size=4 phys=0x0002C2A8 val=0x1F801814 ra=0x8001A184 sp=0x801FFF98 pc=0x00000000 f=0
[BLACKSCREEN][STATE-C2A8AC-R] #168 size=4 phys=0x0002C2AC val=0x1F801110 ra=0x8001A184 sp=0x801FFF98 pc=0x00000000 f=0
[BLACKSCREEN][A110-PATH] #325 pc=0x8001A238 instr=0x00001021 v0=0x00000000 v1=0x00000051 a0=0xFFFFFFFF a1=0x00008000 a2=0x00000000 a3=0x00000000 s0=0x00000003 s1=0x801E0000 s2=0x80032D80 s3=0x80032B48 sp=0x801FFF98 ra=0x8001A184 m2ab4=0x00000000 m2ab8=0x00000000 m2ac5=0x00 c2ba=0x0000 c2b8=0x00000000 c2bc=0x00000000 f=0
[BLACKSCREEN][A110-PATH] #326 pc=0x8001A23C instr=0x14400049 v0=0x00000000 v1=0x00000051 a0=0xFFFFFFFF a1=0x00008000 a2=0x00000000 a3=0x00000000 s0=0x00000003 s1=0x801E0000 s2=0x80032D80 s3=0x80032B48 sp=0x801FFF98 ra=0x8001A184 m2ab4=0x00000000 m2ab8=0x00000000 m2ac5=0x00 c2ba=0x0000 c2b8=0x00000000 c2bc=0x00000000 f=0
[BLACKSCREEN][A110-PATH] #327 pc=0x8001A244 instr=0x0C005594 v0=0xFFFFFFFF v1=0x00000051 a0=0xFFFFFFFF a1=0x00008000 a2=0x00000000 a3=0x00000000 s0=0x00000003 s1=0x801E0000 s2=0x80032D80 s3=0x80032B48 sp=0x801FFF98 ra=0x8001A184 m2ab4=0x00000000 m2ab8=0x00000000 m2ac5=0x00 c2ba=0x0000 c2b8=0x00000000 c2bc=0x00000000 f=0
[BLACKSCREEN][A110-15650-CALL] #82 call_pc=0x8001A244 ra=0x8001A24C v0=0xFFFFFFFF v1=0x00000051 a0=0xFFFFFFFF a1=0x00008000 sp=0x801FFF98 c2ba=0x0000 f=0
[BLACKSCREEN][INTERP] enter start=0x80015650 instr0=0x3C028003 a0=0xFFFFFFFF ra=0x8001A24C sp=0x801FFF98 f=0
[BLACKSCREEN][15650-STEP] #244 pc=0x80015650 instr=0x3C028003 v0=0xFFFFFFFF v1=0x00000051 a0=0xFFFFFFFF a1=0x00008000 c2ba=0x0000 c2b8=0x00000000 c2bc=0x00000000 ra=0x8001A24C sp=0x801FFF98 f=0
[BLACKSCREEN][15650-STEP] #245 pc=0x80015654 instr=0x9442C2BA v0=0x80030000 v1=0x00000051 a0=0xFFFFFFFF a1=0x00008000 c2ba=0x0000 c2b8=0x00000000 c2bc=0x00000000 ra=0x8001A24C sp=0x801FFF98 f=0
[BLACKSCREEN][STATE-C2BA-R] #82 size=2 phys=0x0002C2BA val=0x0000 ra=0x8001A24C sp=0x801FFF98 pc=0x00000000 f=0
[BLACKSCREEN][15650-STEP] #246 pc=0x80015658 instr=0x03E00008 v0=0x00000000 v1=0x00000051 a0=0xFFFFFFFF a1=0x00008000 c2ba=0x0000 c2b8=0x00000000 c2bc=0x00000000 ra=0x8001A24C sp=0x801FFF98 f=0
[BLACKSCREEN][15650-RET] #82 reason=jr_ra end=0x80015658 target=0x8001A24C steps=3 v0=0x00000000 v1=0x00000051 c2ba=0x0000 c2b8=0x00000000 c2bc=0x00000000 ra=0x8001A24C sp=0x801FFF98 f=0
[BLACKSCREEN][INTERP] start=0x80015650 end=0x80015658 steps=3 reason=jr_ra target=0x8001A24C ra=0x8001A24C sp=0x801FFF98 f=0
[BLACKSCREEN][A110-15650-RET] #82 call_pc=0x8001A244 v0_after=0x00000000 v1_after=0x00000051 a0=0xFFFFFFFF a1=0x00008000 sp_after=0x801FFF98 c2ba=0x0000 f=0
[BLACKSCREEN][A110-PATH] #328 pc=0x8001A24C instr=0x1040002B v0=0x00000000 v1=0x00000051 a0=0xFFFFFFFF a1=0x00008000 a2=0x00000000 a3=0x00000000 s0=0x00000003 s1=0x801E0000 s2=0x80032D80 s3=0x80032B48 sp=0x801FFF98 ra=0x8001A24C m2ab4=0x00000000 m2ab8=0x00000000 m2ac5=0x00 c2ba=0x0000 c2b8=0x00000000 c2bc=0x00000000 f=0
[BLACKSCREEN][STATE-C2A8AC-R] #169 size=4 phys=0x0002C2A8 val=0x1F801814 ra=0x8001A184 sp=0x801FFF98 pc=0x00000000 f=0
[BLACKSCREEN][STATE-C2A8AC-R] #170 size=4 phys=0x0002C2AC val=0x1F801110 ra=0x8001A184 sp=0x801FFF98 pc=0x00000000 f=0
[BLACKSCREEN][A110-PATH] #329 pc=0x8001A238 instr=0x00001021 v0=0x00000000 v1=0x00000052 a0=0xFFFFFFFF a1=0x00008000 a2=0x00000000 a3=0x00000000 s0=0x00000003 s1=0x801E0000 s2=0x80032D80 s3=0x80032B48 sp=0x801FFF98 ra=0x8001A184 m2ab4=0x00000000 m2ab8=0x00000000 m2ac5=0x00 c2ba=0x0000 c2b8=0x00000000 c2bc=0x00000000 f=0
[BLACKSCREEN][A110-PATH] #330 pc=0x8001A23C instr=0x14400049 v0=0x00000000 v1=0x00000052 a0=0xFFFFFFFF a1=0x00008000 a2=0x00000000 a3=0x00000000 s0=0x00000003 s1=0x801E0000 s2=0x80032D80 s3=0x80032B48 sp=0x801FFF98 ra=0x8001A184 m2ab4=0x00000000 m2ab8=0x00000000 m2ac5=0x00 c2ba=0x0000 c2b8=0x00000000 c2bc=0x00000000 f=0
[BLACKSCREEN][A110-PATH] #331 pc=0x8001A244 instr=0x0C005594 v0=0xFFFFFFFF v1=0x00000052 a0=0xFFFFFFFF a1=0x00008000 a2=0x00000000 a3=0x00000000 s0=0x00000003 s1=0x801E0000 s2=0x80032D80 s3=0x80032B48 sp=0x801FFF98 ra=0x8001A184 m2ab4=0x00000000 m2ab8=0x00000000 m2ac5=0x00 c2ba=0x0000 c2b8=0x00000000 c2bc=0x00000000 f=0
[BLACKSCREEN][A110-15650-CALL] #83 call_pc=0x8001A244 ra=0x8001A24C v0=0xFFFFFFFF v1=0x00000052 a0=0xFFFFFFFF a1=0x00008000 sp=0x801FFF98 c2ba=0x0000 f=0
[BLACKSCREEN][INTERP] enter start=0x80015650 instr0=0x3C028003 a0=0xFFFFFFFF ra=0x8001A24C sp=0x801FFF98 f=0
[BLACKSCREEN][15650-STEP] #247 pc=0x80015650 instr=0x3C028003 v0=0xFFFFFFFF v1=0x00000052 a0=0xFFFFFFFF a1=0x00008000 c2ba=0x0000 c2b8=0x00000000 c2bc=0x00000000 ra=0x8001A24C sp=0x801FFF98 f=0
[BLACKSCREEN][15650-STEP] #248 pc=0x80015654 instr=0x9442C2BA v0=0x80030000 v1=0x00000052 a0=0xFFFFFFFF a1=0x00008000 c2ba=0x0000 c2b8=0x00000000 c2bc=0x00000000 ra=0x8001A24C sp=0x801FFF98 f=0
[BLACKSCREEN][STATE-C2BA-R] #83 size=2 phys=0x0002C2BA val=0x0000 ra=0x8001A24C sp=0x801FFF98 pc=0x00000000 f=0
[BLACKSCREEN][15650-STEP] #249 pc=0x80015658 instr=0x03E00008 v0=0x00000000 v1=0x00000052 a0=0xFFFFFFFF a1=0x00008000 c2ba=0x0000 c2b8=0x00000000 c2bc=0x00000000 ra=0x8001A24C sp=0x801FFF98 f=0
[BLACKSCREEN][15650-RET] #83 reason=jr_ra end=0x80015658 target=0x8001A24C steps=3 v0=0x00000000 v1=0x00000052 c2ba=0x0000 c2b8=0x00000000 c2bc=0x00000000 ra=0x8001A24C sp=0x801FFF98 f=0
[BLACKSCREEN][INTERP] start=0x80015650 end=0x80015658 steps=3 reason=jr_ra target=0x8001A24C ra=0x8001A24C sp=0x801FFF98 f=0
[BLACKSCREEN][A110-15650-RET] #83 call_pc=0x8001A244 v0_after=0x00000000 v1_after=0x00000052 a0=0xFFFFFFFF a1=0x00008000 sp_after=0x801FFF98 c2ba=0x0000 f=0
[BLACKSCREEN][A110-PATH] #332 pc=0x8001A24C instr=0x1040002B v0=0x00000000 v1=0x00000052 a0=0xFFFFFFFF a1=0x00008000 a2=0x00000000 a3=0x00000000 s0=0x00000003 s1=0x801E0000 s2=0x80032D80 s3=0x80032B48 sp=0x801FFF98 ra=0x8001A24C m2ab4=0x00000000 m2ab8=0x00000000 m2ac5=0x00 c2ba=0x0000 c2b8=0x00000000 c2bc=0x00000000 f=0
[BLACKSCREEN][STATE-C2A8AC-R] #171 size=4 phys=0x0002C2A8 val=0x1F801814 ra=0x8001A184 sp=0x801FFF98 pc=0x00000000 f=0
[BLACKSCREEN][STATE-C2A8AC-R] #172 size=4 phys=0x0002C2AC val=0x1F801110 ra=0x8001A184 sp=0x801FFF98 pc=0x00000000 f=0
[BLACKSCREEN][A110-PATH] #333 pc=0x8001A238 instr=0x00001021 v0=0x00000000 v1=0x00000053 a0=0xFFFFFFFF a1=0x00008000 a2=0x00000000 a3=0x00000000 s0=0x00000003 s1=0x801E0000 s2=0x80032D80 s3=0x80032B48 sp=0x801FFF98 ra=0x8001A184 m2ab4=0x00000000 m2ab8=0x00000000 m2ac5=0x00 c2ba=0x0000 c2b8=0x00000000 c2bc=0x00000000 f=0
[BLACKSCREEN][A110-PATH] #334 pc=0x8001A23C instr=0x14400049 v0=0x00000000 v1=0x00000053 a0=0xFFFFFFFF a1=0x00008000 a2=0x00000000 a3=0x00000000 s0=0x00000003 s1=0x801E0000 s2=0x80032D80 s3=0x80032B48 sp=0x801FFF98 ra=0x8001A184 m2ab4=0x00000000 m2ab8=0x00000000 m2ac5=0x00 c2ba=0x0000 c2b8=0x00000000 c2bc=0x00000000 f=0
[BLACKSCREEN][A110-PATH] #335 pc=0x8001A244 instr=0x0C005594 v0=0xFFFFFFFF v1=0x00000053 a0=0xFFFFFFFF a1=0x00008000 a2=0x00000000 a3=0x00000000 s0=0x00000003 s1=0x801E0000 s2=0x80032D80 s3=0x80032B48 sp=0x801FFF98 ra=0x8001A184 m2ab4=0x00000000 m2ab8=0x00000000 m2ac5=0x00 c2ba=0x0000 c2b8=0x00000000 c2bc=0x00000000 f=0
[BLACKSCREEN][A110-15650-CALL] #84 call_pc=0x8001A244 ra=0x8001A24C v0=0xFFFFFFFF v1=0x00000053 a0=0xFFFFFFFF a1=0x00008000 sp=0x801FFF98 c2ba=0x0000 f=0
[BLACKSCREEN][INTERP] enter start=0x80015650 instr0=0x3C028003 a0=0xFFFFFFFF ra=0x8001A24C sp=0x801FFF98 f=0
[BLACKSCREEN][15650-STEP] #250 pc=0x80015650 instr=0x3C028003 v0=0xFFFFFFFF v1=0x00000053 a0=0xFFFFFFFF a1=0x00008000 c2ba=0x0000 c2b8=0x00000000 c2bc=0x00000000 ra=0x8001A24C sp=0x801FFF98 f=0
[BLACKSCREEN][15650-STEP] #251 pc=0x80015654 instr=0x9442C2BA v0=0x80030000 v1=0x00000053 a0=0xFFFFFFFF a1=0x00008000 c2ba=0x0000 c2b8=0x00000000 c2bc=0x00000000 ra=0x8001A24C sp=0x801FFF98 f=0
[BLACKSCREEN][STATE-C2BA-R] #84 size=2 phys=0x0002C2BA val=0x0000 ra=0x8001A24C sp=0x801FFF98 pc=0x00000000 f=0
[BLACKSCREEN][15650-STEP] #252 pc=0x80015658 instr=0x03E00008 v0=0x00000000 v1=0x00000053 a0=0xFFFFFFFF a1=0x00008000 c2ba=0x0000 c2b8=0x00000000 c2bc=0x00000000 ra=0x8001A24C sp=0x801FFF98 f=0
[BLACKSCREEN][15650-RET] #84 reason=jr_ra end=0x80015658 target=0x8001A24C steps=3 v0=0x00000000 v1=0x00000053 c2ba=0x0000 c2b8=0x00000000 c2bc=0x00000000 ra=0x8001A24C sp=0x801FFF98 f=0
[BLACKSCREEN][INTERP] start=0x80015650 end=0x80015658 steps=3 reason=jr_ra target=0x8001A24C ra=0x8001A24C sp=0x801FFF98 f=0
[BLACKSCREEN][A110-15650-RET] #84 call_pc=0x8001A244 v0_after=0x00000000 v1_after=0x00000053 a0=0xFFFFFFFF a1=0x00008000 sp_after=0x801FFF98 c2ba=0x0000 f=0
[BLACKSCREEN][A110-PATH] #336 pc=0x8001A24C instr=0x1040002B v0=0x00000000 v1=0x00000053 a0=0xFFFFFFFF a1=0x00008000 a2=0x00000000 a3=0x00000000 s0=0x00000003 s1=0x801E0000 s2=0x80032D80 s3=0x80032B48 sp=0x801FFF98 ra=0x8001A24C m2ab4=0x00000000 m2ab8=0x00000000 m2ac5=0x00 c2ba=0x0000 c2b8=0x00000000 c2bc=0x00000000 f=0
[BLACKSCREEN][STATE-C2A8AC-R] #173 size=4 phys=0x0002C2A8 val=0x1F801814 ra=0x8001A184 sp=0x801FFF98 pc=0x00000000 f=0
[BLACKSCREEN][STATE-C2A8AC-R] #174 size=4 phys=0x0002C2AC val=0x1F801110 ra=0x8001A184 sp=0x801FFF98 pc=0x00000000 f=0
[BLACKSCREEN][A110-PATH] #337 pc=0x8001A238 instr=0x00001021 v0=0x00000000 v1=0x00000054 a0=0xFFFFFFFF a1=0x00008000 a2=0x00000000 a3=0x00000000 s0=0x00000003 s1=0x801E0000 s2=0x80032D80 s3=0x80032B48 sp=0x801FFF98 ra=0x8001A184 m2ab4=0x00000000 m2ab8=0x00000000 m2ac5=0x00 c2ba=0x0000 c2b8=0x00000000 c2bc=0x00000000 f=0
[BLACKSCREEN][A110-PATH] #338 pc=0x8001A23C instr=0x14400049 v0=0x00000000 v1=0x00000054 a0=0xFFFFFFFF a1=0x00008000 a2=0x00000000 a3=0x00000000 s0=0x00000003 s1=0x801E0000 s2=0x80032D80 s3=0x80032B48 sp=0x801FFF98 ra=0x8001A184 m2ab4=0x00000000 m2ab8=0x00000000 m2ac5=0x00 c2ba=0x0000 c2b8=0x00000000 c2bc=0x00000000 f=0
[BLACKSCREEN][A110-PATH] #339 pc=0x8001A244 instr=0x0C005594 v0=0xFFFFFFFF v1=0x00000054 a0=0xFFFFFFFF a1=0x00008000 a2=0x00000000 a3=0x00000000 s0=0x00000003 s1=0x801E0000 s2=0x80032D80 s3=0x80032B48 sp=0x801FFF98 ra=0x8001A184 m2ab4=0x00000000 m2ab8=0x00000000 m2ac5=0x00 c2ba=0x0000 c2b8=0x00000000 c2bc=0x00000000 f=0
[BLACKSCREEN][A110-15650-CALL] #85 call_pc=0x8001A244 ra=0x8001A24C v0=0xFFFFFFFF v1=0x00000054 a0=0xFFFFFFFF a1=0x00008000 sp=0x801FFF98 c2ba=0x0000 f=0
[BLACKSCREEN][INTERP] enter start=0x80015650 instr0=0x3C028003 a0=0xFFFFFFFF ra=0x8001A24C sp=0x801FFF98 f=0
[BLACKSCREEN][15650-STEP] #253 pc=0x80015650 instr=0x3C028003 v0=0xFFFFFFFF v1=0x00000054 a0=0xFFFFFFFF a1=0x00008000 c2ba=0x0000 c2b8=0x00000000 c2bc=0x00000000 ra=0x8001A24C sp=0x801FFF98 f=0
[BLACKSCREEN][15650-STEP] #254 pc=0x80015654 instr=0x9442C2BA v0=0x80030000 v1=0x00000054 a0=0xFFFFFFFF a1=0x00008000 c2ba=0x0000 c2b8=0x00000000 c2bc=0x00000000 ra=0x8001A24C sp=0x801FFF98 f=0
[BLACKSCREEN][STATE-C2BA-R] #85 size=2 phys=0x0002C2BA val=0x0000 ra=0x8001A24C sp=0x801FFF98 pc=0x00000000 f=0
[BLACKSCREEN][15650-STEP] #255 pc=0x80015658 instr=0x03E00008 v0=0x00000000 v1=0x00000054 a0=0xFFFFFFFF a1=0x00008000 c2ba=0x0000 c2b8=0x00000000 c2bc=0x00000000 ra=0x8001A24C sp=0x801FFF98 f=0
[BLACKSCREEN][15650-RET] #85 reason=jr_ra end=0x80015658 target=0x8001A24C steps=3 v0=0x00000000 v1=0x00000054 c2ba=0x0000 c2b8=0x00000000 c2bc=0x00000000 ra=0x8001A24C sp=0x801FFF98 f=0
[BLACKSCREEN][INTERP] start=0x80015650 end=0x80015658 steps=3 reason=jr_ra target=0x8001A24C ra=0x8001A24C sp=0x801FFF98 f=0
[BLACKSCREEN][A110-15650-RET] #85 call_pc=0x8001A244 v0_after=0x00000000 v1_after=0x00000054 a0=0xFFFFFFFF a1=0x00008000 sp_after=0x801FFF98 c2ba=0x0000 f=0
[BLACKSCREEN][A110-PATH] #340 pc=0x8001A24C instr=0x1040002B v0=0x00000000 v1=0x00000054 a0=0xFFFFFFFF a1=0x00008000 a2=0x00000000 a3=0x00000000 s0=0x00000003 s1=0x801E0000 s2=0x80032D80 s3=0x80032B48 sp=0x801FFF98 ra=0x8001A24C m2ab4=0x00000000 m2ab8=0x00000000 m2ac5=0x00 c2ba=0x0000 c2b8=0x00000000 c2bc=0x00000000 f=0
[BLACKSCREEN][STATE-C2A8AC-R] #175 size=4 phys=0x0002C2A8 val=0x1F801814 ra=0x8001A184 sp=0x801FFF98 pc=0x00000000 f=0
[BLACKSCREEN][STATE-C2A8AC-R] #176 size=4 phys=0x0002C2AC val=0x1F801110 ra=0x8001A184 sp=0x801FFF98 pc=0x00000000 f=0
[BLACKSCREEN][A110-PATH] #341 pc=0x8001A238 instr=0x00001021 v0=0x00000000 v1=0x00000055 a0=0xFFFFFFFF a1=0x00008000 a2=0x00000000 a3=0x00000000 s0=0x00000003 s1=0x801E0000 s2=0x80032D80 s3=0x80032B48 sp=0x801FFF98 ra=0x8001A184 m2ab4=0x00000000 m2ab8=0x00000000 m2ac5=0x00 c2ba=0x0000 c2b8=0x00000000 c2bc=0x00000000 f=0
[BLACKSCREEN][A110-PATH] #342 pc=0x8001A23C instr=0x14400049 v0=0x00000000 v1=0x00000055 a0=0xFFFFFFFF a1=0x00008000 a2=0x00000000 a3=0x00000000 s0=0x00000003 s1=0x801E0000 s2=0x80032D80 s3=0x80032B48 sp=0x801FFF98 ra=0x8001A184 m2ab4=0x00000000 m2ab8=0x00000000 m2ac5=0x00 c2ba=0x0000 c2b8=0x00000000 c2bc=0x00000000 f=0
[BLACKSCREEN][A110-PATH] #343 pc=0x8001A244 instr=0x0C005594 v0=0xFFFFFFFF v1=0x00000055 a0=0xFFFFFFFF a1=0x00008000 a2=0x00000000 a3=0x00000000 s0=0x00000003 s1=0x801E0000 s2=0x80032D80 s3=0x80032B48 sp=0x801FFF98 ra=0x8001A184 m2ab4=0x00000000 m2ab8=0x00000000 m2ac5=0x00 c2ba=0x0000 c2b8=0x00000000 c2bc=0x00000000 f=0
[BLACKSCREEN][A110-15650-CALL] #86 call_pc=0x8001A244 ra=0x8001A24C v0=0xFFFFFFFF v1=0x00000055 a0=0xFFFFFFFF a1=0x00008000 sp=0x801FFF98 c2ba=0x0000 f=0
[BLACKSCREEN][INTERP] enter start=0x80015650 instr0=0x3C028003 a0=0xFFFFFFFF ra=0x8001A24C sp=0x801FFF98 f=0
[BLACKSCREEN][15650-STEP] #256 pc=0x80015650 instr=0x3C028003 v0=0xFFFFFFFF v1=0x00000055 a0=0xFFFFFFFF a1=0x00008000 c2ba=0x0000 c2b8=0x00000000 c2bc=0x00000000 ra=0x8001A24C sp=0x801FFF98 f=0
[BLACKSCREEN][15650-STEP] #257 pc=0x80015654 instr=0x9442C2BA v0=0x80030000 v1=0x00000055 a0=0xFFFFFFFF a1=0x00008000 c2ba=0x0000 c2b8=0x00000000 c2bc=0x00000000 ra=0x8001A24C sp=0x801FFF98 f=0
[BLACKSCREEN][STATE-C2BA-R] #86 size=2 phys=0x0002C2BA val=0x0000 ra=0x8001A24C sp=0x801FFF98 pc=0x00000000 f=0
[BLACKSCREEN][15650-STEP] #258 pc=0x80015658 instr=0x03E00008 v0=0x00000000 v1=0x00000055 a0=0xFFFFFFFF a1=0x00008000 c2ba=0x0000 c2b8=0x00000000 c2bc=0x00000000 ra=0x8001A24C sp=0x801FFF98 f=0
[BLACKSCREEN][15650-RET] #86 reason=jr_ra end=0x80015658 target=0x8001A24C steps=3 v0=0x00000000 v1=0x00000055 c2ba=0x0000 c2b8=0x00000000 c2bc=0x00000000 ra=0x8001A24C sp=0x801FFF98 f=0
[BLACKSCREEN][INTERP] start=0x80015650 end=0x80015658 steps=3 reason=jr_ra target=0x8001A24C ra=0x8001A24C sp=0x801FFF98 f=0
[BLACKSCREEN][A110-15650-RET] #86 call_pc=0x8001A244 v0_after=0x00000000 v1_after=0x00000055 a0=0xFFFFFFFF a1=0x00008000 sp_after=0x801FFF98 c2ba=0x0000 f=0
[BLACKSCREEN][A110-PATH] #344 pc=0x8001A24C instr=0x1040002B v0=0x00000000 v1=0x00000055 a0=0xFFFFFFFF a1=0x00008000 a2=0x00000000 a3=0x00000000 s0=0x00000003 s1=0x801E0000 s2=0x80032D80 s3=0x80032B48 sp=0x801FFF98 ra=0x8001A24C m2ab4=0x00000000 m2ab8=0x00000000 m2ac5=0x00 c2ba=0x0000 c2b8=0x00000000 c2bc=0x00000000 f=0
[BLACKSCREEN][STATE-C2A8AC-R] #177 size=4 phys=0x0002C2A8 val=0x1F801814 ra=0x8001A184 sp=0x801FFF98 pc=0x00000000 f=0
[BLACKSCREEN][STATE-C2A8AC-R] #178 size=4 phys=0x0002C2AC val=0x1F801110 ra=0x8001A184 sp=0x801FFF98 pc=0x00000000 f=0
[BLACKSCREEN][A110-PATH] #345 pc=0x8001A238 instr=0x00001021 v0=0x00000000 v1=0x00000056 a0=0xFFFFFFFF a1=0x00008000 a2=0x00000000 a3=0x00000000 s0=0x00000003 s1=0x801E0000 s2=0x80032D80 s3=0x80032B48 sp=0x801FFF98 ra=0x8001A184 m2ab4=0x00000000 m2ab8=0x00000000 m2ac5=0x00 c2ba=0x0000 c2b8=0x00000000 c2bc=0x00000000 f=0
[BLACKSCREEN][A110-PATH] #346 pc=0x8001A23C instr=0x14400049 v0=0x00000000 v1=0x00000056 a0=0xFFFFFFFF a1=0x00008000 a2=0x00000000 a3=0x00000000 s0=0x00000003 s1=0x801E0000 s2=0x80032D80 s3=0x80032B48 sp=0x801FFF98 ra=0x8001A184 m2ab4=0x00000000 m2ab8=0x00000000 m2ac5=0x00 c2ba=0x0000 c2b8=0x00000000 c2bc=0x00000000 f=0
[BLACKSCREEN][A110-PATH] #347 pc=0x8001A244 instr=0x0C005594 v0=0xFFFFFFFF v1=0x00000056 a0=0xFFFFFFFF a1=0x00008000 a2=0x00000000 a3=0x00000000 s0=0x00000003 s1=0x801E0000 s2=0x80032D80 s3=0x80032B48 sp=0x801FFF98 ra=0x8001A184 m2ab4=0x00000000 m2ab8=0x00000000 m2ac5=0x00 c2ba=0x0000 c2b8=0x00000000 c2bc=0x00000000 f=0
[BLACKSCREEN][A110-15650-CALL] #87 call_pc=0x8001A244 ra=0x8001A24C v0=0xFFFFFFFF v1=0x00000056 a0=0xFFFFFFFF a1=0x00008000 sp=0x801FFF98 c2ba=0x0000 f=0
[BLACKSCREEN][INTERP] enter start=0x80015650 instr0=0x3C028003 a0=0xFFFFFFFF ra=0x8001A24C sp=0x801FFF98 f=0
[BLACKSCREEN][15650-STEP] #259 pc=0x80015650 instr=0x3C028003 v0=0xFFFFFFFF v1=0x00000056 a0=0xFFFFFFFF a1=0x00008000 c2ba=0x0000 c2b8=0x00000000 c2bc=0x00000000 ra=0x8001A24C sp=0x801FFF98 f=0
[BLACKSCREEN][15650-STEP] #260 pc=0x80015654 instr=0x9442C2BA v0=0x80030000 v1=0x00000056 a0=0xFFFFFFFF a1=0x00008000 c2ba=0x0000 c2b8=0x00000000 c2bc=0x00000000 ra=0x8001A24C sp=0x801FFF98 f=0
[BLACKSCREEN][STATE-C2BA-R] #87 size=2 phys=0x0002C2BA val=0x0000 ra=0x8001A24C sp=0x801FFF98 pc=0x00000000 f=0
[BLACKSCREEN][15650-STEP] #261 pc=0x80015658 instr=0x03E00008 v0=0x00000000 v1=0x00000056 a0=0xFFFFFFFF a1=0x00008000 c2ba=0x0000 c2b8=0x00000000 c2bc=0x00000000 ra=0x8001A24C sp=0x801FFF98 f=0
[BLACKSCREEN][15650-RET] #87 reason=jr_ra end=0x80015658 target=0x8001A24C steps=3 v0=0x00000000 v1=0x00000056 c2ba=0x0000 c2b8=0x00000000 c2bc=0x00000000 ra=0x8001A24C sp=0x801FFF98 f=0
[BLACKSCREEN][INTERP] start=0x80015650 end=0x80015658 steps=3 reason=jr_ra target=0x8001A24C ra=0x8001A24C sp=0x801FFF98 f=0
[BLACKSCREEN][A110-15650-RET] #87 call_pc=0x8001A244 v0_after=0x00000000 v1_after=0x00000056 a0=0xFFFFFFFF a1=0x00008000 sp_after=0x801FFF98 c2ba=0x0000 f=0
[BLACKSCREEN][A110-PATH] #348 pc=0x8001A24C instr=0x1040002B v0=0x00000000 v1=0x00000056 a0=0xFFFFFFFF a1=0x00008000 a2=0x00000000 a3=0x00000000 s0=0x00000003 s1=0x801E0000 s2=0x80032D80 s3=0x80032B48 sp=0x801FFF98 ra=0x8001A24C m2ab4=0x00000000 m2ab8=0x00000000 m2ac5=0x00 c2ba=0x0000 c2b8=0x00000000 c2bc=0x00000000 f=0
[BLACKSCREEN][STATE-C2A8AC-R] #179 size=4 phys=0x0002C2A8 val=0x1F801814 ra=0x8001A184 sp=0x801FFF98 pc=0x00000000 f=0
[BLACKSCREEN][STATE-C2A8AC-R] #180 size=4 phys=0x0002C2AC val=0x1F801110 ra=0x8001A184 sp=0x801FFF98 pc=0x00000000 f=0
[BLACKSCREEN][A110-PATH] #349 pc=0x8001A238 instr=0x00001021 v0=0x00000000 v1=0x00000057 a0=0xFFFFFFFF a1=0x00008000 a2=0x00000000 a3=0x00000000 s0=0x00000003 s1=0x801E0000 s2=0x80032D80 s3=0x80032B48 sp=0x801FFF98 ra=0x8001A184 m2ab4=0x00000000 m2ab8=0x00000000 m2ac5=0x00 c2ba=0x0000 c2b8=0x00000000 c2bc=0x00000000 f=0
[BLACKSCREEN][A110-PATH] #350 pc=0x8001A23C instr=0x14400049 v0=0x00000000 v1=0x00000057 a0=0xFFFFFFFF a1=0x00008000 a2=0x00000000 a3=0x00000000 s0=0x00000003 s1=0x801E0000 s2=0x80032D80 s3=0x80032B48 sp=0x801FFF98 ra=0x8001A184 m2ab4=0x00000000 m2ab8=0x00000000 m2ac5=0x00 c2ba=0x0000 c2b8=0x00000000 c2bc=0x00000000 f=0
[BLACKSCREEN][A110-PATH] #351 pc=0x8001A244 instr=0x0C005594 v0=0xFFFFFFFF v1=0x00000057 a0=0xFFFFFFFF a1=0x00008000 a2=0x00000000 a3=0x00000000 s0=0x00000003 s1=0x801E0000 s2=0x80032D80 s3=0x80032B48 sp=0x801FFF98 ra=0x8001A184 m2ab4=0x00000000 m2ab8=0x00000000 m2ac5=0x00 c2ba=0x0000 c2b8=0x00000000 c2bc=0x00000000 f=0
[BLACKSCREEN][A110-15650-CALL] #88 call_pc=0x8001A244 ra=0x8001A24C v0=0xFFFFFFFF v1=0x00000057 a0=0xFFFFFFFF a1=0x00008000 sp=0x801FFF98 c2ba=0x0000 f=0
[BLACKSCREEN][INTERP] enter start=0x80015650 instr0=0x3C028003 a0=0xFFFFFFFF ra=0x8001A24C sp=0x801FFF98 f=0
[BLACKSCREEN][15650-STEP] #262 pc=0x80015650 instr=0x3C028003 v0=0xFFFFFFFF v1=0x00000057 a0=0xFFFFFFFF a1=0x00008000 c2ba=0x0000 c2b8=0x00000000 c2bc=0x00000000 ra=0x8001A24C sp=0x801FFF98 f=0
[BLACKSCREEN][15650-STEP] #263 pc=0x80015654 instr=0x9442C2BA v0=0x80030000 v1=0x00000057 a0=0xFFFFFFFF a1=0x00008000 c2ba=0x0000 c2b8=0x00000000 c2bc=0x00000000 ra=0x8001A24C sp=0x801FFF98 f=0
[BLACKSCREEN][STATE-C2BA-R] #88 size=2 phys=0x0002C2BA val=0x0000 ra=0x8001A24C sp=0x801FFF98 pc=0x00000000 f=0
[BLACKSCREEN][15650-STEP] #264 pc=0x80015658 instr=0x03E00008 v0=0x00000000 v1=0x00000057 a0=0xFFFFFFFF a1=0x00008000 c2ba=0x0000 c2b8=0x00000000 c2bc=0x00000000 ra=0x8001A24C sp=0x801FFF98 f=0
[BLACKSCREEN][15650-RET] #88 reason=jr_ra end=0x80015658 target=0x8001A24C steps=3 v0=0x00000000 v1=0x00000057 c2ba=0x0000 c2b8=0x00000000 c2bc=0x00000000 ra=0x8001A24C sp=0x801FFF98 f=0
[BLACKSCREEN][INTERP] start=0x80015650 end=0x80015658 steps=3 reason=jr_ra target=0x8001A24C ra=0x8001A24C sp=0x801FFF98 f=0
[BLACKSCREEN][A110-15650-RET] #88 call_pc=0x8001A244 v0_after=0x00000000 v1_after=0x00000057 a0=0xFFFFFFFF a1=0x00008000 sp_after=0x801FFF98 c2ba=0x0000 f=0
[BLACKSCREEN][A110-PATH] #352 pc=0x8001A24C instr=0x1040002B v0=0x00000000 v1=0x00000057 a0=0xFFFFFFFF a1=0x00008000 a2=0x00000000 a3=0x00000000 s0=0x00000003 s1=0x801E0000 s2=0x80032D80 s3=0x80032B48 sp=0x801FFF98 ra=0x8001A24C m2ab4=0x00000000 m2ab8=0x00000000 m2ac5=0x00 c2ba=0x0000 c2b8=0x00000000 c2bc=0x00000000 f=0
[BLACKSCREEN][STATE-C2A8AC-R] #181 size=4 phys=0x0002C2A8 val=0x1F801814 ra=0x8001A184 sp=0x801FFF98 pc=0x00000000 f=0
[BLACKSCREEN][STATE-C2A8AC-R] #182 size=4 phys=0x0002C2AC val=0x1F801110 ra=0x8001A184 sp=0x801FFF98 pc=0x00000000 f=0
[BLACKSCREEN][A110-PATH] #353 pc=0x8001A238 instr=0x00001021 v0=0x00000000 v1=0x00000058 a0=0xFFFFFFFF a1=0x00008000 a2=0x00000000 a3=0x00000000 s0=0x00000003 s1=0x801E0000 s2=0x80032D80 s3=0x80032B48 sp=0x801FFF98 ra=0x8001A184 m2ab4=0x00000000 m2ab8=0x00000000 m2ac5=0x00 c2ba=0x0000 c2b8=0x00000000 c2bc=0x00000000 f=0
[BLACKSCREEN][A110-PATH] #354 pc=0x8001A23C instr=0x14400049 v0=0x00000000 v1=0x00000058 a0=0xFFFFFFFF a1=0x00008000 a2=0x00000000 a3=0x00000000 s0=0x00000003 s1=0x801E0000 s2=0x80032D80 s3=0x80032B48 sp=0x801FFF98 ra=0x8001A184 m2ab4=0x00000000 m2ab8=0x00000000 m2ac5=0x00 c2ba=0x0000 c2b8=0x00000000 c2bc=0x00000000 f=0
[BLACKSCREEN][A110-PATH] #355 pc=0x8001A244 instr=0x0C005594 v0=0xFFFFFFFF v1=0x00000058 a0=0xFFFFFFFF a1=0x00008000 a2=0x00000000 a3=0x00000000 s0=0x00000003 s1=0x801E0000 s2=0x80032D80 s3=0x80032B48 sp=0x801FFF98 ra=0x8001A184 m2ab4=0x00000000 m2ab8=0x00000000 m2ac5=0x00 c2ba=0x0000 c2b8=0x00000000 c2bc=0x00000000 f=0
[BLACKSCREEN][A110-15650-CALL] #89 call_pc=0x8001A244 ra=0x8001A24C v0=0xFFFFFFFF v1=0x00000058 a0=0xFFFFFFFF a1=0x00008000 sp=0x801FFF98 c2ba=0x0000 f=0
[BLACKSCREEN][INTERP] enter start=0x80015650 instr0=0x3C028003 a0=0xFFFFFFFF ra=0x8001A24C sp=0x801FFF98 f=0
[BLACKSCREEN][15650-STEP] #265 pc=0x80015650 instr=0x3C028003 v0=0xFFFFFFFF v1=0x00000058 a0=0xFFFFFFFF a1=0x00008000 c2ba=0x0000 c2b8=0x00000000 c2bc=0x00000000 ra=0x8001A24C sp=0x801FFF98 f=0
[BLACKSCREEN][15650-STEP] #266 pc=0x80015654 instr=0x9442C2BA v0=0x80030000 v1=0x00000058 a0=0xFFFFFFFF a1=0x00008000 c2ba=0x0000 c2b8=0x00000000 c2bc=0x00000000 ra=0x8001A24C sp=0x801FFF98 f=0
[BLACKSCREEN][STATE-C2BA-R] #89 size=2 phys=0x0002C2BA val=0x0000 ra=0x8001A24C sp=0x801FFF98 pc=0x00000000 f=0
[BLACKSCREEN][15650-STEP] #267 pc=0x80015658 instr=0x03E00008 v0=0x00000000 v1=0x00000058 a0=0xFFFFFFFF a1=0x00008000 c2ba=0x0000 c2b8=0x00000000 c2bc=0x00000000 ra=0x8001A24C sp=0x801FFF98 f=0
[BLACKSCREEN][15650-RET] #89 reason=jr_ra end=0x80015658 target=0x8001A24C steps=3 v0=0x00000000 v1=0x00000058 c2ba=0x0000 c2b8=0x00000000 c2bc=0x00000000 ra=0x8001A24C sp=0x801FFF98 f=0
[BLACKSCREEN][INTERP] start=0x80015650 end=0x80015658 steps=3 reason=jr_ra target=0x8001A24C ra=0x8001A24C sp=0x801FFF98 f=0
[BLACKSCREEN][A110-15650-RET] #89 call_pc=0x8001A244 v0_after=0x00000000 v1_after=0x00000058 a0=0xFFFFFFFF a1=0x00008000 sp_after=0x801FFF98 c2ba=0x0000 f=0
[BLACKSCREEN][A110-PATH] #356 pc=0x8001A24C instr=0x1040002B v0=0x00000000 v1=0x00000058 a0=0xFFFFFFFF a1=0x00008000 a2=0x00000000 a3=0x00000000 s0=0x00000003 s1=0x801E0000 s2=0x80032D80 s3=0x80032B48 sp=0x801FFF98 ra=0x8001A24C m2ab4=0x00000000 m2ab8=0x00000000 m2ac5=0x00 c2ba=0x0000 c2b8=0x00000000 c2bc=0x00000000 f=0
[BLACKSCREEN][STATE-C2A8AC-R] #183 size=4 phys=0x0002C2A8 val=0x1F801814 ra=0x8001A184 sp=0x801FFF98 pc=0x00000000 f=0
[BLACKSCREEN][STATE-C2A8AC-R] #184 size=4 phys=0x0002C2AC val=0x1F801110 ra=0x8001A184 sp=0x801FFF98 pc=0x00000000 f=0
[BLACKSCREEN][A110-PATH] #357 pc=0x8001A238 instr=0x00001021 v0=0x00000000 v1=0x00000059 a0=0xFFFFFFFF a1=0x00008000 a2=0x00000000 a3=0x00000000 s0=0x00000003 s1=0x801E0000 s2=0x80032D80 s3=0x80032B48 sp=0x801FFF98 ra=0x8001A184 m2ab4=0x00000000 m2ab8=0x00000000 m2ac5=0x00 c2ba=0x0000 c2b8=0x00000000 c2bc=0x00000000 f=0
[BLACKSCREEN][A110-PATH] #358 pc=0x8001A23C instr=0x14400049 v0=0x00000000 v1=0x00000059 a0=0xFFFFFFFF a1=0x00008000 a2=0x00000000 a3=0x00000000 s0=0x00000003 s1=0x801E0000 s2=0x80032D80 s3=0x80032B48 sp=0x801FFF98 ra=0x8001A184 m2ab4=0x00000000 m2ab8=0x00000000 m2ac5=0x00 c2ba=0x0000 c2b8=0x00000000 c2bc=0x00000000 f=0
[BLACKSCREEN][A110-PATH] #359 pc=0x8001A244 instr=0x0C005594 v0=0xFFFFFFFF v1=0x00000059 a0=0xFFFFFFFF a1=0x00008000 a2=0x00000000 a3=0x00000000 s0=0x00000003 s1=0x801E0000 s2=0x80032D80 s3=0x80032B48 sp=0x801FFF98 ra=0x8001A184 m2ab4=0x00000000 m2ab8=0x00000000 m2ac5=0x00 c2ba=0x0000 c2b8=0x00000000 c2bc=0x00000000 f=0
[BLACKSCREEN][A110-15650-CALL] #90 call_pc=0x8001A244 ra=0x8001A24C v0=0xFFFFFFFF v1=0x00000059 a0=0xFFFFFFFF a1=0x00008000 sp=0x801FFF98 c2ba=0x0000 f=0
[BLACKSCREEN][INTERP] enter start=0x80015650 instr0=0x3C028003 a0=0xFFFFFFFF ra=0x8001A24C sp=0x801FFF98 f=0
[BLACKSCREEN][15650-STEP] #268 pc=0x80015650 instr=0x3C028003 v0=0xFFFFFFFF v1=0x00000059 a0=0xFFFFFFFF a1=0x00008000 c2ba=0x0000 c2b8=0x00000000 c2bc=0x00000000 ra=0x8001A24C sp=0x801FFF98 f=0
[BLACKSCREEN][15650-STEP] #269 pc=0x80015654 instr=0x9442C2BA v0=0x80030000 v1=0x00000059 a0=0xFFFFFFFF a1=0x00008000 c2ba=0x0000 c2b8=0x00000000 c2bc=0x00000000 ra=0x8001A24C sp=0x801FFF98 f=0
[BLACKSCREEN][STATE-C2BA-R] #90 size=2 phys=0x0002C2BA val=0x0000 ra=0x8001A24C sp=0x801FFF98 pc=0x00000000 f=0
[BLACKSCREEN][15650-STEP] #270 pc=0x80015658 instr=0x03E00008 v0=0x00000000 v1=0x00000059 a0=0xFFFFFFFF a1=0x00008000 c2ba=0x0000 c2b8=0x00000000 c2bc=0x00000000 ra=0x8001A24C sp=0x801FFF98 f=0
[BLACKSCREEN][15650-RET] #90 reason=jr_ra end=0x80015658 target=0x8001A24C steps=3 v0=0x00000000 v1=0x00000059 c2ba=0x0000 c2b8=0x00000000 c2bc=0x00000000 ra=0x8001A24C sp=0x801FFF98 f=0
[BLACKSCREEN][INTERP] start=0x80015650 end=0x80015658 steps=3 reason=jr_ra target=0x8001A24C ra=0x8001A24C sp=0x801FFF98 f=0
[BLACKSCREEN][A110-15650-RET] #90 call_pc=0x8001A244 v0_after=0x00000000 v1_after=0x00000059 a0=0xFFFFFFFF a1=0x00008000 sp_after=0x801FFF98 c2ba=0x0000 f=0
[BLACKSCREEN][A110-PATH] #360 pc=0x8001A24C instr=0x1040002B v0=0x00000000 v1=0x00000059 a0=0xFFFFFFFF a1=0x00008000 a2=0x00000000 a3=0x00000000 s0=0x00000003 s1=0x801E0000 s2=0x80032D80 s3=0x80032B48 sp=0x801FFF98 ra=0x8001A24C m2ab4=0x00000000 m2ab8=0x00000000 m2ac5=0x00 c2ba=0x0000 c2b8=0x00000000 c2bc=0x00000000 f=0
[BLACKSCREEN][STATE-C2A8AC-R] #185 size=4 phys=0x0002C2A8 val=0x1F801814 ra=0x8001A184 sp=0x801FFF98 pc=0x00000000 f=0
[BLACKSCREEN][STATE-C2A8AC-R] #186 size=4 phys=0x0002C2AC val=0x1F801110 ra=0x8001A184 sp=0x801FFF98 pc=0x00000000 f=0
[BLACKSCREEN][A110-PATH] #361 pc=0x8001A238 instr=0x00001021 v0=0x00000000 v1=0x0000005A a0=0xFFFFFFFF a1=0x00008000 a2=0x00000000 a3=0x00000000 s0=0x00000003 s1=0x801E0000 s2=0x80032D80 s3=0x80032B48 sp=0x801FFF98 ra=0x8001A184 m2ab4=0x00000000 m2ab8=0x00000000 m2ac5=0x00 c2ba=0x0000 c2b8=0x00000000 c2bc=0x00000000 f=0
[BLACKSCREEN][A110-PATH] #362 pc=0x8001A23C instr=0x14400049 v0=0x00000000 v1=0x0000005A a0=0xFFFFFFFF a1=0x00008000 a2=0x00000000 a3=0x00000000 s0=0x00000003 s1=0x801E0000 s2=0x80032D80 s3=0x80032B48 sp=0x801FFF98 ra=0x8001A184 m2ab4=0x00000000 m2ab8=0x00000000 m2ac5=0x00 c2ba=0x0000 c2b8=0x00000000 c2bc=0x00000000 f=0
[BLACKSCREEN][A110-PATH] #363 pc=0x8001A244 instr=0x0C005594 v0=0xFFFFFFFF v1=0x0000005A a0=0xFFFFFFFF a1=0x00008000 a2=0x00000000 a3=0x00000000 s0=0x00000003 s1=0x801E0000 s2=0x80032D80 s3=0x80032B48 sp=0x801FFF98 ra=0x8001A184 m2ab4=0x00000000 m2ab8=0x00000000 m2ac5=0x00 c2ba=0x0000 c2b8=0x00000000 c2bc=0x00000000 f=0
[BLACKSCREEN][A110-15650-CALL] #91 call_pc=0x8001A244 ra=0x8001A24C v0=0xFFFFFFFF v1=0x0000005A a0=0xFFFFFFFF a1=0x00008000 sp=0x801FFF98 c2ba=0x0000 f=0
[BLACKSCREEN][INTERP] enter start=0x80015650 instr0=0x3C028003 a0=0xFFFFFFFF ra=0x8001A24C sp=0x801FFF98 f=0
[BLACKSCREEN][15650-STEP] #271 pc=0x80015650 instr=0x3C028003 v0=0xFFFFFFFF v1=0x0000005A a0=0xFFFFFFFF a1=0x00008000 c2ba=0x0000 c2b8=0x00000000 c2bc=0x00000000 ra=0x8001A24C sp=0x801FFF98 f=0
[BLACKSCREEN][15650-STEP] #272 pc=0x80015654 instr=0x9442C2BA v0=0x80030000 v1=0x0000005A a0=0xFFFFFFFF a1=0x00008000 c2ba=0x0000 c2b8=0x00000000 c2bc=0x00000000 ra=0x8001A24C sp=0x801FFF98 f=0
[BLACKSCREEN][STATE-C2BA-R] #91 size=2 phys=0x0002C2BA val=0x0000 ra=0x8001A24C sp=0x801FFF98 pc=0x00000000 f=0
[BLACKSCREEN][15650-STEP] #273 pc=0x80015658 instr=0x03E00008 v0=0x00000000 v1=0x0000005A a0=0xFFFFFFFF a1=0x00008000 c2ba=0x0000 c2b8=0x00000000 c2bc=0x00000000 ra=0x8001A24C sp=0x801FFF98 f=0
[BLACKSCREEN][15650-RET] #91 reason=jr_ra end=0x80015658 target=0x8001A24C steps=3 v0=0x00000000 v1=0x0000005A c2ba=0x0000 c2b8=0x00000000 c2bc=0x00000000 ra=0x8001A24C sp=0x801FFF98 f=0
[BLACKSCREEN][INTERP] start=0x80015650 end=0x80015658 steps=3 reason=jr_ra target=0x8001A24C ra=0x8001A24C sp=0x801FFF98 f=0
[BLACKSCREEN][A110-15650-RET] #91 call_pc=0x8001A244 v0_after=0x00000000 v1_after=0x0000005A a0=0xFFFFFFFF a1=0x00008000 sp_after=0x801FFF98 c2ba=0x0000 f=0
[BLACKSCREEN][A110-PATH] #364 pc=0x8001A24C instr=0x1040002B v0=0x00000000 v1=0x0000005A a0=0xFFFFFFFF a1=0x00008000 a2=0x00000000 a3=0x00000000 s0=0x00000003 s1=0x801E0000 s2=0x80032D80 s3=0x80032B48 sp=0x801FFF98 ra=0x8001A24C m2ab4=0x00000000 m2ab8=0x00000000 m2ac5=0x00 c2ba=0x0000 c2b8=0x00000000 c2bc=0x00000000 f=0
[BLACKSCREEN][STATE-C2A8AC-R] #187 size=4 phys=0x0002C2A8 val=0x1F801814 ra=0x8001A184 sp=0x801FFF98 pc=0x00000000 f=0
[BLACKSCREEN][STATE-C2A8AC-R] #188 size=4 phys=0x0002C2AC val=0x1F801110 ra=0x8001A184 sp=0x801FFF98 pc=0x00000000 f=0
[BLACKSCREEN][A110-PATH] #365 pc=0x8001A238 instr=0x00001021 v0=0x00000000 v1=0x0000005B a0=0xFFFFFFFF a1=0x00008000 a2=0x00000000 a3=0x00000000 s0=0x00000003 s1=0x801E0000 s2=0x80032D80 s3=0x80032B48 sp=0x801FFF98 ra=0x8001A184 m2ab4=0x00000000 m2ab8=0x00000000 m2ac5=0x00 c2ba=0x0000 c2b8=0x00000000 c2bc=0x00000000 f=0
[BLACKSCREEN][A110-PATH] #366 pc=0x8001A23C instr=0x14400049 v0=0x00000000 v1=0x0000005B a0=0xFFFFFFFF a1=0x00008000 a2=0x00000000 a3=0x00000000 s0=0x00000003 s1=0x801E0000 s2=0x80032D80 s3=0x80032B48 sp=0x801FFF98 ra=0x8001A184 m2ab4=0x00000000 m2ab8=0x00000000 m2ac5=0x00 c2ba=0x0000 c2b8=0x00000000 c2bc=0x00000000 f=0
[BLACKSCREEN][A110-PATH] #367 pc=0x8001A244 instr=0x0C005594 v0=0xFFFFFFFF v1=0x0000005B a0=0xFFFFFFFF a1=0x00008000 a2=0x00000000 a3=0x00000000 s0=0x00000003 s1=0x801E0000 s2=0x80032D80 s3=0x80032B48 sp=0x801FFF98 ra=0x8001A184 m2ab4=0x00000000 m2ab8=0x00000000 m2ac5=0x00 c2ba=0x0000 c2b8=0x00000000 c2bc=0x00000000 f=0
[BLACKSCREEN][A110-15650-CALL] #92 call_pc=0x8001A244 ra=0x8001A24C v0=0xFFFFFFFF v1=0x0000005B a0=0xFFFFFFFF a1=0x00008000 sp=0x801FFF98 c2ba=0x0000 f=0
[BLACKSCREEN][INTERP] enter start=0x80015650 instr0=0x3C028003 a0=0xFFFFFFFF ra=0x8001A24C sp=0x801FFF98 f=0
[BLACKSCREEN][15650-STEP] #274 pc=0x80015650 instr=0x3C028003 v0=0xFFFFFFFF v1=0x0000005B a0=0xFFFFFFFF a1=0x00008000 c2ba=0x0000 c2b8=0x00000000 c2bc=0x00000000 ra=0x8001A24C sp=0x801FFF98 f=0
[BLACKSCREEN][15650-STEP] #275 pc=0x80015654 instr=0x9442C2BA v0=0x80030000 v1=0x0000005B a0=0xFFFFFFFF a1=0x00008000 c2ba=0x0000 c2b8=0x00000000 c2bc=0x00000000 ra=0x8001A24C sp=0x801FFF98 f=0
[BLACKSCREEN][STATE-C2BA-R] #92 size=2 phys=0x0002C2BA val=0x0000 ra=0x8001A24C sp=0x801FFF98 pc=0x00000000 f=0
[BLACKSCREEN][15650-STEP] #276 pc=0x80015658 instr=0x03E00008 v0=0x00000000 v1=0x0000005B a0=0xFFFFFFFF a1=0x00008000 c2ba=0x0000 c2b8=0x00000000 c2bc=0x00000000 ra=0x8001A24C sp=0x801FFF98 f=0
[BLACKSCREEN][15650-RET] #92 reason=jr_ra end=0x80015658 target=0x8001A24C steps=3 v0=0x00000000 v1=0x0000005B c2ba=0x0000 c2b8=0x00000000 c2bc=0x00000000 ra=0x8001A24C sp=0x801FFF98 f=0
[BLACKSCREEN][INTERP] start=0x80015650 end=0x80015658 steps=3 reason=jr_ra target=0x8001A24C ra=0x8001A24C sp=0x801FFF98 f=0
[BLACKSCREEN][A110-15650-RET] #92 call_pc=0x8001A244 v0_after=0x00000000 v1_after=0x0000005B a0=0xFFFFFFFF a1=0x00008000 sp_after=0x801FFF98 c2ba=0x0000 f=0
[BLACKSCREEN][A110-PATH] #368 pc=0x8001A24C instr=0x1040002B v0=0x00000000 v1=0x0000005B a0=0xFFFFFFFF a1=0x00008000 a2=0x00000000 a3=0x00000000 s0=0x00000003 s1=0x801E0000 s2=0x80032D80 s3=0x80032B48 sp=0x801FFF98 ra=0x8001A24C m2ab4=0x00000000 m2ab8=0x00000000 m2ac5=0x00 c2ba=0x0000 c2b8=0x00000000 c2bc=0x00000000 f=0
[BLACKSCREEN][STATE-C2A8AC-R] #189 size=4 phys=0x0002C2A8 val=0x1F801814 ra=0x8001A184 sp=0x801FFF98 pc=0x00000000 f=0
[BLACKSCREEN][STATE-C2A8AC-R] #190 size=4 phys=0x0002C2AC val=0x1F801110 ra=0x8001A184 sp=0x801FFF98 pc=0x00000000 f=0
[BLACKSCREEN][A110-PATH] #369 pc=0x8001A238 instr=0x00001021 v0=0x00000000 v1=0x0000005C a0=0xFFFFFFFF a1=0x00008000 a2=0x00000000 a3=0x00000000 s0=0x00000003 s1=0x801E0000 s2=0x80032D80 s3=0x80032B48 sp=0x801FFF98 ra=0x8001A184 m2ab4=0x00000000 m2ab8=0x00000000 m2ac5=0x00 c2ba=0x0000 c2b8=0x00000000 c2bc=0x00000000 f=0
[BLACKSCREEN][A110-PATH] #370 pc=0x8001A23C instr=0x14400049 v0=0x00000000 v1=0x0000005C a0=0xFFFFFFFF a1=0x00008000 a2=0x00000000 a3=0x00000000 s0=0x00000003 s1=0x801E0000 s2=0x80032D80 s3=0x80032B48 sp=0x801FFF98 ra=0x8001A184 m2ab4=0x00000000 m2ab8=0x00000000 m2ac5=0x00 c2ba=0x0000 c2b8=0x00000000 c2bc=0x00000000 f=0
[BLACKSCREEN][A110-PATH] #371 pc=0x8001A244 instr=0x0C005594 v0=0xFFFFFFFF v1=0x0000005C a0=0xFFFFFFFF a1=0x00008000 a2=0x00000000 a3=0x00000000 s0=0x00000003 s1=0x801E0000 s2=0x80032D80 s3=0x80032B48 sp=0x801FFF98 ra=0x8001A184 m2ab4=0x00000000 m2ab8=0x00000000 m2ac5=0x00 c2ba=0x0000 c2b8=0x00000000 c2bc=0x00000000 f=0
[BLACKSCREEN][A110-15650-CALL] #93 call_pc=0x8001A244 ra=0x8001A24C v0=0xFFFFFFFF v1=0x0000005C a0=0xFFFFFFFF a1=0x00008000 sp=0x801FFF98 c2ba=0x0000 f=0
[BLACKSCREEN][INTERP] enter start=0x80015650 instr0=0x3C028003 a0=0xFFFFFFFF ra=0x8001A24C sp=0x801FFF98 f=0
[BLACKSCREEN][15650-STEP] #277 pc=0x80015650 instr=0x3C028003 v0=0xFFFFFFFF v1=0x0000005C a0=0xFFFFFFFF a1=0x00008000 c2ba=0x0000 c2b8=0x00000000 c2bc=0x00000000 ra=0x8001A24C sp=0x801FFF98 f=0
[BLACKSCREEN][15650-STEP] #278 pc=0x80015654 instr=0x9442C2BA v0=0x80030000 v1=0x0000005C a0=0xFFFFFFFF a1=0x00008000 c2ba=0x0000 c2b8=0x00000000 c2bc=0x00000000 ra=0x8001A24C sp=0x801FFF98 f=0
[BLACKSCREEN][STATE-C2BA-R] #93 size=2 phys=0x0002C2BA val=0x0000 ra=0x8001A24C sp=0x801FFF98 pc=0x00000000 f=0
[BLACKSCREEN][15650-STEP] #279 pc=0x80015658 instr=0x03E00008 v0=0x00000000 v1=0x0000005C a0=0xFFFFFFFF a1=0x00008000 c2ba=0x0000 c2b8=0x00000000 c2bc=0x00000000 ra=0x8001A24C sp=0x801FFF98 f=0
[BLACKSCREEN][15650-RET] #93 reason=jr_ra end=0x80015658 target=0x8001A24C steps=3 v0=0x00000000 v1=0x0000005C c2ba=0x0000 c2b8=0x00000000 c2bc=0x00000000 ra=0x8001A24C sp=0x801FFF98 f=0
[BLACKSCREEN][INTERP] start=0x80015650 end=0x80015658 steps=3 reason=jr_ra target=0x8001A24C ra=0x8001A24C sp=0x801FFF98 f=0
[BLACKSCREEN][A110-15650-RET] #93 call_pc=0x8001A244 v0_after=0x00000000 v1_after=0x0000005C a0=0xFFFFFFFF a1=0x00008000 sp_after=0x801FFF98 c2ba=0x0000 f=0
[BLACKSCREEN][A110-PATH] #372 pc=0x8001A24C instr=0x1040002B v0=0x00000000 v1=0x0000005C a0=0xFFFFFFFF a1=0x00008000 a2=0x00000000 a3=0x00000000 s0=0x00000003 s1=0x801E0000 s2=0x80032D80 s3=0x80032B48 sp=0x801FFF98 ra=0x8001A24C m2ab4=0x00000000 m2ab8=0x00000000 m2ac5=0x00 c2ba=0x0000 c2b8=0x00000000 c2bc=0x00000000 f=0
[BLACKSCREEN][STATE-C2A8AC-R] #191 size=4 phys=0x0002C2A8 val=0x1F801814 ra=0x8001A184 sp=0x801FFF98 pc=0x00000000 f=0
[BLACKSCREEN][STATE-C2A8AC-R] #192 size=4 phys=0x0002C2AC val=0x1F801110 ra=0x8001A184 sp=0x801FFF98 pc=0x00000000 f=0
[BLACKSCREEN][A110-PATH] #373 pc=0x8001A238 instr=0x00001021 v0=0x00000000 v1=0x0000005D a0=0xFFFFFFFF a1=0x00008000 a2=0x00000000 a3=0x00000000 s0=0x00000003 s1=0x801E0000 s2=0x80032D80 s3=0x80032B48 sp=0x801FFF98 ra=0x8001A184 m2ab4=0x00000000 m2ab8=0x00000000 m2ac5=0x00 c2ba=0x0000 c2b8=0x00000000 c2bc=0x00000000 f=0
[BLACKSCREEN][A110-PATH] #374 pc=0x8001A23C instr=0x14400049 v0=0x00000000 v1=0x0000005D a0=0xFFFFFFFF a1=0x00008000 a2=0x00000000 a3=0x00000000 s0=0x00000003 s1=0x801E0000 s2=0x80032D80 s3=0x80032B48 sp=0x801FFF98 ra=0x8001A184 m2ab4=0x00000000 m2ab8=0x00000000 m2ac5=0x00 c2ba=0x0000 c2b8=0x00000000 c2bc=0x00000000 f=0
[BLACKSCREEN][A110-PATH] #375 pc=0x8001A244 instr=0x0C005594 v0=0xFFFFFFFF v1=0x0000005D a0=0xFFFFFFFF a1=0x00008000 a2=0x00000000 a3=0x00000000 s0=0x00000003 s1=0x801E0000 s2=0x80032D80 s3=0x80032B48 sp=0x801FFF98 ra=0x8001A184 m2ab4=0x00000000 m2ab8=0x00000000 m2ac5=0x00 c2ba=0x0000 c2b8=0x00000000 c2bc=0x00000000 f=0
[BLACKSCREEN][A110-15650-CALL] #94 call_pc=0x8001A244 ra=0x8001A24C v0=0xFFFFFFFF v1=0x0000005D a0=0xFFFFFFFF a1=0x00008000 sp=0x801FFF98 c2ba=0x0000 f=0
[BLACKSCREEN][INTERP] enter start=0x80015650 instr0=0x3C028003 a0=0xFFFFFFFF ra=0x8001A24C sp=0x801FFF98 f=0
[BLACKSCREEN][15650-STEP] #280 pc=0x80015650 instr=0x3C028003 v0=0xFFFFFFFF v1=0x0000005D a0=0xFFFFFFFF a1=0x00008000 c2ba=0x0000 c2b8=0x00000000 c2bc=0x00000000 ra=0x8001A24C sp=0x801FFF98 f=0
[BLACKSCREEN][15650-STEP] #281 pc=0x80015654 instr=0x9442C2BA v0=0x80030000 v1=0x0000005D a0=0xFFFFFFFF a1=0x00008000 c2ba=0x0000 c2b8=0x00000000 c2bc=0x00000000 ra=0x8001A24C sp=0x801FFF98 f=0
[BLACKSCREEN][STATE-C2BA-R] #94 size=2 phys=0x0002C2BA val=0x0000 ra=0x8001A24C sp=0x801FFF98 pc=0x00000000 f=0
[BLACKSCREEN][15650-STEP] #282 pc=0x80015658 instr=0x03E00008 v0=0x00000000 v1=0x0000005D a0=0xFFFFFFFF a1=0x00008000 c2ba=0x0000 c2b8=0x00000000 c2bc=0x00000000 ra=0x8001A24C sp=0x801FFF98 f=0
[BLACKSCREEN][15650-RET] #94 reason=jr_ra end=0x80015658 target=0x8001A24C steps=3 v0=0x00000000 v1=0x0000005D c2ba=0x0000 c2b8=0x00000000 c2bc=0x00000000 ra=0x8001A24C sp=0x801FFF98 f=0
[BLACKSCREEN][INTERP] start=0x80015650 end=0x80015658 steps=3 reason=jr_ra target=0x8001A24C ra=0x8001A24C sp=0x801FFF98 f=0
[BLACKSCREEN][A110-15650-RET] #94 call_pc=0x8001A244 v0_after=0x00000000 v1_after=0x0000005D a0=0xFFFFFFFF a1=0x00008000 sp_after=0x801FFF98 c2ba=0x0000 f=0
[BLACKSCREEN][A110-PATH] #376 pc=0x8001A24C instr=0x1040002B v0=0x00000000 v1=0x0000005D a0=0xFFFFFFFF a1=0x00008000 a2=0x00000000 a3=0x00000000 s0=0x00000003 s1=0x801E0000 s2=0x80032D80 s3=0x80032B48 sp=0x801FFF98 ra=0x8001A24C m2ab4=0x00000000 m2ab8=0x00000000 m2ac5=0x00 c2ba=0x0000 c2b8=0x00000000 c2bc=0x00000000 f=0
[BLACKSCREEN][STATE-C2A8AC-R] #193 size=4 phys=0x0002C2A8 val=0x1F801814 ra=0x8001A184 sp=0x801FFF98 pc=0x00000000 f=0
[BLACKSCREEN][STATE-C2A8AC-R] #194 size=4 phys=0x0002C2AC val=0x1F801110 ra=0x8001A184 sp=0x801FFF98 pc=0x00000000 f=0
[BLACKSCREEN][A110-PATH] #377 pc=0x8001A238 instr=0x00001021 v0=0x00000000 v1=0x0000005E a0=0xFFFFFFFF a1=0x00008000 a2=0x00000000 a3=0x00000000 s0=0x00000003 s1=0x801E0000 s2=0x80032D80 s3=0x80032B48 sp=0x801FFF98 ra=0x8001A184 m2ab4=0x00000000 m2ab8=0x00000000 m2ac5=0x00 c2ba=0x0000 c2b8=0x00000000 c2bc=0x00000000 f=0
[BLACKSCREEN][A110-PATH] #378 pc=0x8001A23C instr=0x14400049 v0=0x00000000 v1=0x0000005E a0=0xFFFFFFFF a1=0x00008000 a2=0x00000000 a3=0x00000000 s0=0x00000003 s1=0x801E0000 s2=0x80032D80 s3=0x80032B48 sp=0x801FFF98 ra=0x8001A184 m2ab4=0x00000000 m2ab8=0x00000000 m2ac5=0x00 c2ba=0x0000 c2b8=0x00000000 c2bc=0x00000000 f=0
[BLACKSCREEN][A110-PATH] #379 pc=0x8001A244 instr=0x0C005594 v0=0xFFFFFFFF v1=0x0000005E a0=0xFFFFFFFF a1=0x00008000 a2=0x00000000 a3=0x00000000 s0=0x00000003 s1=0x801E0000 s2=0x80032D80 s3=0x80032B48 sp=0x801FFF98 ra=0x8001A184 m2ab4=0x00000000 m2ab8=0x00000000 m2ac5=0x00 c2ba=0x0000 c2b8=0x00000000 c2bc=0x00000000 f=0
[BLACKSCREEN][A110-15650-CALL] #95 call_pc=0x8001A244 ra=0x8001A24C v0=0xFFFFFFFF v1=0x0000005E a0=0xFFFFFFFF a1=0x00008000 sp=0x801FFF98 c2ba=0x0000 f=0
[BLACKSCREEN][INTERP] enter start=0x80015650 instr0=0x3C028003 a0=0xFFFFFFFF ra=0x8001A24C sp=0x801FFF98 f=0
[BLACKSCREEN][15650-STEP] #283 pc=0x80015650 instr=0x3C028003 v0=0xFFFFFFFF v1=0x0000005E a0=0xFFFFFFFF a1=0x00008000 c2ba=0x0000 c2b8=0x00000000 c2bc=0x00000000 ra=0x8001A24C sp=0x801FFF98 f=0
[BLACKSCREEN][15650-STEP] #284 pc=0x80015654 instr=0x9442C2BA v0=0x80030000 v1=0x0000005E a0=0xFFFFFFFF a1=0x00008000 c2ba=0x0000 c2b8=0x00000000 c2bc=0x00000000 ra=0x8001A24C sp=0x801FFF98 f=0
[BLACKSCREEN][STATE-C2BA-R] #95 size=2 phys=0x0002C2BA val=0x0000 ra=0x8001A24C sp=0x801FFF98 pc=0x00000000 f=0
[BLACKSCREEN][15650-STEP] #285 pc=0x80015658 instr=0x03E00008 v0=0x00000000 v1=0x0000005E a0=0xFFFFFFFF a1=0x00008000 c2ba=0x0000 c2b8=0x00000000 c2bc=0x00000000 ra=0x8001A24C sp=0x801FFF98 f=0
[BLACKSCREEN][15650-RET] #95 reason=jr_ra end=0x80015658 target=0x8001A24C steps=3 v0=0x00000000 v1=0x0000005E c2ba=0x0000 c2b8=0x00000000 c2bc=0x00000000 ra=0x8001A24C sp=0x801FFF98 f=0
[BLACKSCREEN][INTERP] start=0x80015650 end=0x80015658 steps=3 reason=jr_ra target=0x8001A24C ra=0x8001A24C sp=0x801FFF98 f=0
[BLACKSCREEN][A110-15650-RET] #95 call_pc=0x8001A244 v0_after=0x00000000 v1_after=0x0000005E a0=0xFFFFFFFF a1=0x00008000 sp_after=0x801FFF98 c2ba=0x0000 f=0
[BLACKSCREEN][A110-PATH] #380 pc=0x8001A24C instr=0x1040002B v0=0x00000000 v1=0x0000005E a0=0xFFFFFFFF a1=0x00008000 a2=0x00000000 a3=0x00000000 s0=0x00000003 s1=0x801E0000 s2=0x80032D80 s3=0x80032B48 sp=0x801FFF98 ra=0x8001A24C m2ab4=0x00000000 m2ab8=0x00000000 m2ac5=0x00 c2ba=0x0000 c2b8=0x00000000 c2bc=0x00000000 f=0
[BLACKSCREEN][STATE-C2A8AC-R] #195 size=4 phys=0x0002C2A8 val=0x1F801814 ra=0x8001A184 sp=0x801FFF98 pc=0x00000000 f=0
[BLACKSCREEN][STATE-C2A8AC-R] #196 size=4 phys=0x0002C2AC val=0x1F801110 ra=0x8001A184 sp=0x801FFF98 pc=0x00000000 f=0
[BLACKSCREEN][A110-PATH] #381 pc=0x8001A238 instr=0x00001021 v0=0x00000000 v1=0x0000005F a0=0xFFFFFFFF a1=0x00008000 a2=0x00000000 a3=0x00000000 s0=0x00000003 s1=0x801E0000 s2=0x80032D80 s3=0x80032B48 sp=0x801FFF98 ra=0x8001A184 m2ab4=0x00000000 m2ab8=0x00000000 m2ac5=0x00 c2ba=0x0000 c2b8=0x00000000 c2bc=0x00000000 f=0
[BLACKSCREEN][A110-PATH] #382 pc=0x8001A23C instr=0x14400049 v0=0x00000000 v1=0x0000005F a0=0xFFFFFFFF a1=0x00008000 a2=0x00000000 a3=0x00000000 s0=0x00000003 s1=0x801E0000 s2=0x80032D80 s3=0x80032B48 sp=0x801FFF98 ra=0x8001A184 m2ab4=0x00000000 m2ab8=0x00000000 m2ac5=0x00 c2ba=0x0000 c2b8=0x00000000 c2bc=0x00000000 f=0
[BLACKSCREEN][A110-PATH] #383 pc=0x8001A244 instr=0x0C005594 v0=0xFFFFFFFF v1=0x0000005F a0=0xFFFFFFFF a1=0x00008000 a2=0x00000000 a3=0x00000000 s0=0x00000003 s1=0x801E0000 s2=0x80032D80 s3=0x80032B48 sp=0x801FFF98 ra=0x8001A184 m2ab4=0x00000000 m2ab8=0x00000000 m2ac5=0x00 c2ba=0x0000 c2b8=0x00000000 c2bc=0x00000000 f=0
[BLACKSCREEN][A110-15650-CALL] #96 call_pc=0x8001A244 ra=0x8001A24C v0=0xFFFFFFFF v1=0x0000005F a0=0xFFFFFFFF a1=0x00008000 sp=0x801FFF98 c2ba=0x0000 f=0
[BLACKSCREEN][INTERP] enter start=0x80015650 instr0=0x3C028003 a0=0xFFFFFFFF ra=0x8001A24C sp=0x801FFF98 f=0
[BLACKSCREEN][15650-STEP] #286 pc=0x80015650 instr=0x3C028003 v0=0xFFFFFFFF v1=0x0000005F a0=0xFFFFFFFF a1=0x00008000 c2ba=0x0000 c2b8=0x00000000 c2bc=0x00000000 ra=0x8001A24C sp=0x801FFF98 f=0
[BLACKSCREEN][15650-STEP] #287 pc=0x80015654 instr=0x9442C2BA v0=0x80030000 v1=0x0000005F a0=0xFFFFFFFF a1=0x00008000 c2ba=0x0000 c2b8=0x00000000 c2bc=0x00000000 ra=0x8001A24C sp=0x801FFF98 f=0
[BLACKSCREEN][STATE-C2BA-R] #96 size=2 phys=0x0002C2BA val=0x0000 ra=0x8001A24C sp=0x801FFF98 pc=0x00000000 f=0
[BLACKSCREEN][15650-STEP] #288 pc=0x80015658 instr=0x03E00008 v0=0x00000000 v1=0x0000005F a0=0xFFFFFFFF a1=0x00008000 c2ba=0x0000 c2b8=0x00000000 c2bc=0x00000000 ra=0x8001A24C sp=0x801FFF98 f=0
[BLACKSCREEN][15650-RET] #96 reason=jr_ra end=0x80015658 target=0x8001A24C steps=3 v0=0x00000000 v1=0x0000005F c2ba=0x0000 c2b8=0x00000000 c2bc=0x00000000 ra=0x8001A24C sp=0x801FFF98 f=0
[BLACKSCREEN][INTERP] start=0x80015650 end=0x80015658 steps=3 reason=jr_ra target=0x8001A24C ra=0x8001A24C sp=0x801FFF98 f=0
[BLACKSCREEN][A110-15650-RET] #96 call_pc=0x8001A244 v0_after=0x00000000 v1_after=0x0000005F a0=0xFFFFFFFF a1=0x00008000 sp_after=0x801FFF98 c2ba=0x0000 f=0
[BLACKSCREEN][A110-PATH] #384 pc=0x8001A24C instr=0x1040002B v0=0x00000000 v1=0x0000005F a0=0xFFFFFFFF a1=0x00008000 a2=0x00000000 a3=0x00000000 s0=0x00000003 s1=0x801E0000 s2=0x80032D80 s3=0x80032B48 sp=0x801FFF98 ra=0x8001A24C m2ab4=0x00000000 m2ab8=0x00000000 m2ac5=0x00 c2ba=0x0000 c2b8=0x00000000 c2bc=0x00000000 f=0
[BLACKSCREEN][STATE-C2A8AC-R] #197 size=4 phys=0x0002C2A8 val=0x1F801814 ra=0x8001A184 sp=0x801FFF98 pc=0x00000000 f=0
[BLACKSCREEN][STATE-C2A8AC-R] #198 size=4 phys=0x0002C2AC val=0x1F801110 ra=0x8001A184 sp=0x801FFF98 pc=0x00000000 f=0
[BLACKSCREEN][A110-PATH] #385 pc=0x8001A238 instr=0x00001021 v0=0x00000000 v1=0x00000060 a0=0xFFFFFFFF a1=0x00008000 a2=0x00000000 a3=0x00000000 s0=0x00000003 s1=0x801E0000 s2=0x80032D80 s3=0x80032B48 sp=0x801FFF98 ra=0x8001A184 m2ab4=0x00000000 m2ab8=0x00000000 m2ac5=0x00 c2ba=0x0000 c2b8=0x00000000 c2bc=0x00000000 f=0
[BLACKSCREEN][A110-PATH] #386 pc=0x8001A23C instr=0x14400049 v0=0x00000000 v1=0x00000060 a0=0xFFFFFFFF a1=0x00008000 a2=0x00000000 a3=0x00000000 s0=0x00000003 s1=0x801E0000 s2=0x80032D80 s3=0x80032B48 sp=0x801FFF98 ra=0x8001A184 m2ab4=0x00000000 m2ab8=0x00000000 m2ac5=0x00 c2ba=0x0000 c2b8=0x00000000 c2bc=0x00000000 f=0
[BLACKSCREEN][A110-PATH] #387 pc=0x8001A244 instr=0x0C005594 v0=0xFFFFFFFF v1=0x00000060 a0=0xFFFFFFFF a1=0x00008000 a2=0x00000000 a3=0x00000000 s0=0x00000003 s1=0x801E0000 s2=0x80032D80 s3=0x80032B48 sp=0x801FFF98 ra=0x8001A184 m2ab4=0x00000000 m2ab8=0x00000000 m2ac5=0x00 c2ba=0x0000 c2b8=0x00000000 c2bc=0x00000000 f=0
[BLACKSCREEN][A110-15650-CALL] #97 call_pc=0x8001A244 ra=0x8001A24C v0=0xFFFFFFFF v1=0x00000060 a0=0xFFFFFFFF a1=0x00008000 sp=0x801FFF98 c2ba=0x0000 f=0
[BLACKSCREEN][INTERP] enter start=0x80015650 instr0=0x3C028003 a0=0xFFFFFFFF ra=0x8001A24C sp=0x801FFF98 f=0
[BLACKSCREEN][15650-STEP] #289 pc=0x80015650 instr=0x3C028003 v0=0xFFFFFFFF v1=0x00000060 a0=0xFFFFFFFF a1=0x00008000 c2ba=0x0000 c2b8=0x00000000 c2bc=0x00000000 ra=0x8001A24C sp=0x801FFF98 f=0
[BLACKSCREEN][15650-STEP] #290 pc=0x80015654 instr=0x9442C2BA v0=0x80030000 v1=0x00000060 a0=0xFFFFFFFF a1=0x00008000 c2ba=0x0000 c2b8=0x00000000 c2bc=0x00000000 ra=0x8001A24C sp=0x801FFF98 f=0
[BLACKSCREEN][STATE-C2BA-R] #97 size=2 phys=0x0002C2BA val=0x0000 ra=0x8001A24C sp=0x801FFF98 pc=0x00000000 f=0
[BLACKSCREEN][15650-STEP] #291 pc=0x80015658 instr=0x03E00008 v0=0x00000000 v1=0x00000060 a0=0xFFFFFFFF a1=0x00008000 c2ba=0x0000 c2b8=0x00000000 c2bc=0x00000000 ra=0x8001A24C sp=0x801FFF98 f=0
[BLACKSCREEN][15650-RET] #97 reason=jr_ra end=0x80015658 target=0x8001A24C steps=3 v0=0x00000000 v1=0x00000060 c2ba=0x0000 c2b8=0x00000000 c2bc=0x00000000 ra=0x8001A24C sp=0x801FFF98 f=0
[BLACKSCREEN][INTERP] start=0x80015650 end=0x80015658 steps=3 reason=jr_ra target=0x8001A24C ra=0x8001A24C sp=0x801FFF98 f=0
[BLACKSCREEN][A110-15650-RET] #97 call_pc=0x8001A244 v0_after=0x00000000 v1_after=0x00000060 a0=0xFFFFFFFF a1=0x00008000 sp_after=0x801FFF98 c2ba=0x0000 f=0
[BLACKSCREEN][A110-PATH] #388 pc=0x8001A24C instr=0x1040002B v0=0x00000000 v1=0x00000060 a0=0xFFFFFFFF a1=0x00008000 a2=0x00000000 a3=0x00000000 s0=0x00000003 s1=0x801E0000 s2=0x80032D80 s3=0x80032B48 sp=0x801FFF98 ra=0x8001A24C m2ab4=0x00000000 m2ab8=0x00000000 m2ac5=0x00 c2ba=0x0000 c2b8=0x00000000 c2bc=0x00000000 f=0
[BLACKSCREEN][STATE-C2A8AC-R] #199 size=4 phys=0x0002C2A8 val=0x1F801814 ra=0x8001A184 sp=0x801FFF98 pc=0x00000000 f=0
[BLACKSCREEN][STATE-C2A8AC-R] #200 size=4 phys=0x0002C2AC val=0x1F801110 ra=0x8001A184 sp=0x801FFF98 pc=0x00000000 f=0
[BLACKSCREEN][A110-PATH] #389 pc=0x8001A238 instr=0x00001021 v0=0x00000000 v1=0x00000061 a0=0xFFFFFFFF a1=0x00008000 a2=0x00000000 a3=0x00000000 s0=0x00000003 s1=0x801E0000 s2=0x80032D80 s3=0x80032B48 sp=0x801FFF98 ra=0x8001A184 m2ab4=0x00000000 m2ab8=0x00000000 m2ac5=0x00 c2ba=0x0000 c2b8=0x00000000 c2bc=0x00000000 f=0
[BLACKSCREEN][A110-PATH] #390 pc=0x8001A23C instr=0x14400049 v0=0x00000000 v1=0x00000061 a0=0xFFFFFFFF a1=0x00008000 a2=0x00000000 a3=0x00000000 s0=0x00000003 s1=0x801E0000 s2=0x80032D80 s3=0x80032B48 sp=0x801FFF98 ra=0x8001A184 m2ab4=0x00000000 m2ab8=0x00000000 m2ac5=0x00 c2ba=0x0000 c2b8=0x00000000 c2bc=0x00000000 f=0
[BLACKSCREEN][A110-PATH] #391 pc=0x8001A244 instr=0x0C005594 v0=0xFFFFFFFF v1=0x00000061 a0=0xFFFFFFFF a1=0x00008000 a2=0x00000000 a3=0x00000000 s0=0x00000003 s1=0x801E0000 s2=0x80032D80 s3=0x80032B48 sp=0x801FFF98 ra=0x8001A184 m2ab4=0x00000000 m2ab8=0x00000000 m2ac5=0x00 c2ba=0x0000 c2b8=0x00000000 c2bc=0x00000000 f=0
[BLACKSCREEN][A110-15650-CALL] #98 call_pc=0x8001A244 ra=0x8001A24C v0=0xFFFFFFFF v1=0x00000061 a0=0xFFFFFFFF a1=0x00008000 sp=0x801FFF98 c2ba=0x0000 f=0
[BLACKSCREEN][INTERP] enter start=0x80015650 instr0=0x3C028003 a0=0xFFFFFFFF ra=0x8001A24C sp=0x801FFF98 f=0
[BLACKSCREEN][15650-STEP] #292 pc=0x80015650 instr=0x3C028003 v0=0xFFFFFFFF v1=0x00000061 a0=0xFFFFFFFF a1=0x00008000 c2ba=0x0000 c2b8=0x00000000 c2bc=0x00000000 ra=0x8001A24C sp=0x801FFF98 f=0
[BLACKSCREEN][15650-STEP] #293 pc=0x80015654 instr=0x9442C2BA v0=0x80030000 v1=0x00000061 a0=0xFFFFFFFF a1=0x00008000 c2ba=0x0000 c2b8=0x00000000 c2bc=0x00000000 ra=0x8001A24C sp=0x801FFF98 f=0
[BLACKSCREEN][STATE-C2BA-R] #98 size=2 phys=0x0002C2BA val=0x0000 ra=0x8001A24C sp=0x801FFF98 pc=0x00000000 f=0
[BLACKSCREEN][15650-STEP] #294 pc=0x80015658 instr=0x03E00008 v0=0x00000000 v1=0x00000061 a0=0xFFFFFFFF a1=0x00008000 c2ba=0x0000 c2b8=0x00000000 c2bc=0x00000000 ra=0x8001A24C sp=0x801FFF98 f=0
[BLACKSCREEN][15650-RET] #98 reason=jr_ra end=0x80015658 target=0x8001A24C steps=3 v0=0x00000000 v1=0x00000061 c2ba=0x0000 c2b8=0x00000000 c2bc=0x00000000 ra=0x8001A24C sp=0x801FFF98 f=0
[BLACKSCREEN][INTERP] start=0x80015650 end=0x80015658 steps=3 reason=jr_ra target=0x8001A24C ra=0x8001A24C sp=0x801FFF98 f=0
[BLACKSCREEN][A110-15650-RET] #98 call_pc=0x8001A244 v0_after=0x00000000 v1_after=0x00000061 a0=0xFFFFFFFF a1=0x00008000 sp_after=0x801FFF98 c2ba=0x0000 f=0
[BLACKSCREEN][A110-PATH] #392 pc=0x8001A24C instr=0x1040002B v0=0x00000000 v1=0x00000061 a0=0xFFFFFFFF a1=0x00008000 a2=0x00000000 a3=0x00000000 s0=0x00000003 s1=0x801E0000 s2=0x80032D80 s3=0x80032B48 sp=0x801FFF98 ra=0x8001A24C m2ab4=0x00000000 m2ab8=0x00000000 m2ac5=0x00 c2ba=0x0000 c2b8=0x00000000 c2bc=0x00000000 f=0
[BLACKSCREEN][STATE-C2A8AC-R] #201 size=4 phys=0x0002C2A8 val=0x1F801814 ra=0x8001A184 sp=0x801FFF98 pc=0x00000000 f=0
[BLACKSCREEN][STATE-C2A8AC-R] #202 size=4 phys=0x0002C2AC val=0x1F801110 ra=0x8001A184 sp=0x801FFF98 pc=0x00000000 f=0
[BLACKSCREEN][A110-PATH] #393 pc=0x8001A238 instr=0x00001021 v0=0x00000000 v1=0x00000062 a0=0xFFFFFFFF a1=0x00008000 a2=0x00000000 a3=0x00000000 s0=0x00000003 s1=0x801E0000 s2=0x80032D80 s3=0x80032B48 sp=0x801FFF98 ra=0x8001A184 m2ab4=0x00000000 m2ab8=0x00000000 m2ac5=0x00 c2ba=0x0000 c2b8=0x00000000 c2bc=0x00000000 f=0
[BLACKSCREEN][A110-PATH] #394 pc=0x8001A23C instr=0x14400049 v0=0x00000000 v1=0x00000062 a0=0xFFFFFFFF a1=0x00008000 a2=0x00000000 a3=0x00000000 s0=0x00000003 s1=0x801E0000 s2=0x80032D80 s3=0x80032B48 sp=0x801FFF98 ra=0x8001A184 m2ab4=0x00000000 m2ab8=0x00000000 m2ac5=0x00 c2ba=0x0000 c2b8=0x00000000 c2bc=0x00000000 f=0
[BLACKSCREEN][A110-PATH] #395 pc=0x8001A244 instr=0x0C005594 v0=0xFFFFFFFF v1=0x00000062 a0=0xFFFFFFFF a1=0x00008000 a2=0x00000000 a3=0x00000000 s0=0x00000003 s1=0x801E0000 s2=0x80032D80 s3=0x80032B48 sp=0x801FFF98 ra=0x8001A184 m2ab4=0x00000000 m2ab8=0x00000000 m2ac5=0x00 c2ba=0x0000 c2b8=0x00000000 c2bc=0x00000000 f=0
[BLACKSCREEN][A110-15650-CALL] #99 call_pc=0x8001A244 ra=0x8001A24C v0=0xFFFFFFFF v1=0x00000062 a0=0xFFFFFFFF a1=0x00008000 sp=0x801FFF98 c2ba=0x0000 f=0
[BLACKSCREEN][INTERP] enter start=0x80015650 instr0=0x3C028003 a0=0xFFFFFFFF ra=0x8001A24C sp=0x801FFF98 f=0
[BLACKSCREEN][15650-STEP] #295 pc=0x80015650 instr=0x3C028003 v0=0xFFFFFFFF v1=0x00000062 a0=0xFFFFFFFF a1=0x00008000 c2ba=0x0000 c2b8=0x00000000 c2bc=0x00000000 ra=0x8001A24C sp=0x801FFF98 f=0
[BLACKSCREEN][15650-STEP] #296 pc=0x80015654 instr=0x9442C2BA v0=0x80030000 v1=0x00000062 a0=0xFFFFFFFF a1=0x00008000 c2ba=0x0000 c2b8=0x00000000 c2bc=0x00000000 ra=0x8001A24C sp=0x801FFF98 f=0
[BLACKSCREEN][STATE-C2BA-R] #99 size=2 phys=0x0002C2BA val=0x0000 ra=0x8001A24C sp=0x801FFF98 pc=0x00000000 f=0
[BLACKSCREEN][15650-STEP] #297 pc=0x80015658 instr=0x03E00008 v0=0x00000000 v1=0x00000062 a0=0xFFFFFFFF a1=0x00008000 c2ba=0x0000 c2b8=0x00000000 c2bc=0x00000000 ra=0x8001A24C sp=0x801FFF98 f=0
[BLACKSCREEN][15650-RET] #99 reason=jr_ra end=0x80015658 target=0x8001A24C steps=3 v0=0x00000000 v1=0x00000062 c2ba=0x0000 c2b8=0x00000000 c2bc=0x00000000 ra=0x8001A24C sp=0x801FFF98 f=0
[BLACKSCREEN][INTERP] start=0x80015650 end=0x80015658 steps=3 reason=jr_ra target=0x8001A24C ra=0x8001A24C sp=0x801FFF98 f=0
[BLACKSCREEN][A110-15650-RET] #99 call_pc=0x8001A244 v0_after=0x00000000 v1_after=0x00000062 a0=0xFFFFFFFF a1=0x00008000 sp_after=0x801FFF98 c2ba=0x0000 f=0
[BLACKSCREEN][A110-PATH] #396 pc=0x8001A24C instr=0x1040002B v0=0x00000000 v1=0x00000062 a0=0xFFFFFFFF a1=0x00008000 a2=0x00000000 a3=0x00000000 s0=0x00000003 s1=0x801E0000 s2=0x80032D80 s3=0x80032B48 sp=0x801FFF98 ra=0x8001A24C m2ab4=0x00000000 m2ab8=0x00000000 m2ac5=0x00 c2ba=0x0000 c2b8=0x00000000 c2bc=0x00000000 f=0
[BLACKSCREEN][STATE-C2A8AC-R] #203 size=4 phys=0x0002C2A8 val=0x1F801814 ra=0x8001A184 sp=0x801FFF98 pc=0x00000000 f=0
[BLACKSCREEN][STATE-C2A8AC-R] #204 size=4 phys=0x0002C2AC val=0x1F801110 ra=0x8001A184 sp=0x801FFF98 pc=0x00000000 f=0
[BLACKSCREEN][A110-PATH] #397 pc=0x8001A238 instr=0x00001021 v0=0x00000000 v1=0x00000063 a0=0xFFFFFFFF a1=0x00008000 a2=0x00000000 a3=0x00000000 s0=0x00000003 s1=0x801E0000 s2=0x80032D80 s3=0x80032B48 sp=0x801FFF98 ra=0x8001A184 m2ab4=0x00000000 m2ab8=0x00000000 m2ac5=0x00 c2ba=0x0000 c2b8=0x00000000 c2bc=0x00000000 f=0
[BLACKSCREEN][A110-PATH] #398 pc=0x8001A23C instr=0x14400049 v0=0x00000000 v1=0x00000063 a0=0xFFFFFFFF a1=0x00008000 a2=0x00000000 a3=0x00000000 s0=0x00000003 s1=0x801E0000 s2=0x80032D80 s3=0x80032B48 sp=0x801FFF98 ra=0x8001A184 m2ab4=0x00000000 m2ab8=0x00000000 m2ac5=0x00 c2ba=0x0000 c2b8=0x00000000 c2bc=0x00000000 f=0
[BLACKSCREEN][A110-PATH] #399 pc=0x8001A244 instr=0x0C005594 v0=0xFFFFFFFF v1=0x00000063 a0=0xFFFFFFFF a1=0x00008000 a2=0x00000000 a3=0x00000000 s0=0x00000003 s1=0x801E0000 s2=0x80032D80 s3=0x80032B48 sp=0x801FFF98 ra=0x8001A184 m2ab4=0x00000000 m2ab8=0x00000000 m2ac5=0x00 c2ba=0x0000 c2b8=0x00000000 c2bc=0x00000000 f=0
[BLACKSCREEN][A110-15650-CALL] #100 call_pc=0x8001A244 ra=0x8001A24C v0=0xFFFFFFFF v1=0x00000063 a0=0xFFFFFFFF a1=0x00008000 sp=0x801FFF98 c2ba=0x0000 f=0
[BLACKSCREEN][INTERP] enter start=0x80015650 instr0=0x3C028003 a0=0xFFFFFFFF ra=0x8001A24C sp=0x801FFF98 f=0
[BLACKSCREEN][15650-STEP] #298 pc=0x80015650 instr=0x3C028003 v0=0xFFFFFFFF v1=0x00000063 a0=0xFFFFFFFF a1=0x00008000 c2ba=0x0000 c2b8=0x00000000 c2bc=0x00000000 ra=0x8001A24C sp=0x801FFF98 f=0
[BLACKSCREEN][15650-STEP] #299 pc=0x80015654 instr=0x9442C2BA v0=0x80030000 v1=0x00000063 a0=0xFFFFFFFF a1=0x00008000 c2ba=0x0000 c2b8=0x00000000 c2bc=0x00000000 ra=0x8001A24C sp=0x801FFF98 f=0
[BLACKSCREEN][STATE-C2BA-R] #100 size=2 phys=0x0002C2BA val=0x0000 ra=0x8001A24C sp=0x801FFF98 pc=0x00000000 f=0
[BLACKSCREEN][15650-STEP] #300 pc=0x80015658 instr=0x03E00008 v0=0x00000000 v1=0x00000063 a0=0xFFFFFFFF a1=0x00008000 c2ba=0x0000 c2b8=0x00000000 c2bc=0x00000000 ra=0x8001A24C sp=0x801FFF98 f=0
[BLACKSCREEN][15650-RET] #100 reason=jr_ra end=0x80015658 target=0x8001A24C steps=3 v0=0x00000000 v1=0x00000063 c2ba=0x0000 c2b8=0x00000000 c2bc=0x00000000 ra=0x8001A24C sp=0x801FFF98 f=0
[BLACKSCREEN][INTERP] start=0x80015650 end=0x80015658 steps=3 reason=jr_ra target=0x8001A24C ra=0x8001A24C sp=0x801FFF98 f=0
[BLACKSCREEN][A110-15650-RET] #100 call_pc=0x8001A244 v0_after=0x00000000 v1_after=0x00000063 a0=0xFFFFFFFF a1=0x00008000 sp_after=0x801FFF98 c2ba=0x0000 f=0
[BLACKSCREEN][A110-PATH] #400 pc=0x8001A24C instr=0x1040002B v0=0x00000000 v1=0x00000063 a0=0xFFFFFFFF a1=0x00008000 a2=0x00000000 a3=0x00000000 s0=0x00000003 s1=0x801E0000 s2=0x80032D80 s3=0x80032B48 sp=0x801FFF98 ra=0x8001A24C m2ab4=0x00000000 m2ab8=0x00000000 m2ac5=0x00 c2ba=0x0000 c2b8=0x00000000 c2bc=0x00000000 f=0
[BLACKSCREEN][STATE-C2A8AC-R] #205 size=4 phys=0x0002C2A8 val=0x1F801814 ra=0x8001A184 sp=0x801FFF98 pc=0x00000000 f=0
[BLACKSCREEN][STATE-C2A8AC-R] #206 size=4 phys=0x0002C2AC val=0x1F801110 ra=0x8001A184 sp=0x801FFF98 pc=0x00000000 f=0
[BLACKSCREEN][A110-PATH] #401 pc=0x8001A238 instr=0x00001021 v0=0x00000000 v1=0x00000064 a0=0xFFFFFFFF a1=0x00008000 a2=0x00000000 a3=0x00000000 s0=0x00000003 s1=0x801E0000 s2=0x80032D80 s3=0x80032B48 sp=0x801FFF98 ra=0x8001A184 m2ab4=0x00000000 m2ab8=0x00000000 m2ac5=0x00 c2ba=0x0000 c2b8=0x00000000 c2bc=0x00000000 f=0
[BLACKSCREEN][A110-PATH] #402 pc=0x8001A23C instr=0x14400049 v0=0x00000000 v1=0x00000064 a0=0xFFFFFFFF a1=0x00008000 a2=0x00000000 a3=0x00000000 s0=0x00000003 s1=0x801E0000 s2=0x80032D80 s3=0x80032B48 sp=0x801FFF98 ra=0x8001A184 m2ab4=0x00000000 m2ab8=0x00000000 m2ac5=0x00 c2ba=0x0000 c2b8=0x00000000 c2bc=0x00000000 f=0
[BLACKSCREEN][A110-PATH] #403 pc=0x8001A244 instr=0x0C005594 v0=0xFFFFFFFF v1=0x00000064 a0=0xFFFFFFFF a1=0x00008000 a2=0x00000000 a3=0x00000000 s0=0x00000003 s1=0x801E0000 s2=0x80032D80 s3=0x80032B48 sp=0x801FFF98 ra=0x8001A184 m2ab4=0x00000000 m2ab8=0x00000000 m2ac5=0x00 c2ba=0x0000 c2b8=0x00000000 c2bc=0x00000000 f=0
[BLACKSCREEN][A110-15650-CALL] #101 call_pc=0x8001A244 ra=0x8001A24C v0=0xFFFFFFFF v1=0x00000064 a0=0xFFFFFFFF a1=0x00008000 sp=0x801FFF98 c2ba=0x0000 f=0
[BLACKSCREEN][INTERP] enter start=0x80015650 instr0=0x3C028003 a0=0xFFFFFFFF ra=0x8001A24C sp=0x801FFF98 f=0
[BLACKSCREEN][15650-STEP] #301 pc=0x80015650 instr=0x3C028003 v0=0xFFFFFFFF v1=0x00000064 a0=0xFFFFFFFF a1=0x00008000 c2ba=0x0000 c2b8=0x00000000 c2bc=0x00000000 ra=0x8001A24C sp=0x801FFF98 f=0
[BLACKSCREEN][15650-STEP] #302 pc=0x80015654 instr=0x9442C2BA v0=0x80030000 v1=0x00000064 a0=0xFFFFFFFF a1=0x00008000 c2ba=0x0000 c2b8=0x00000000 c2bc=0x00000000 ra=0x8001A24C sp=0x801FFF98 f=0
[BLACKSCREEN][STATE-C2BA-R] #101 size=2 phys=0x0002C2BA val=0x0000 ra=0x8001A24C sp=0x801FFF98 pc=0x00000000 f=0
[BLACKSCREEN][15650-STEP] #303 pc=0x80015658 instr=0x03E00008 v0=0x00000000 v1=0x00000064 a0=0xFFFFFFFF a1=0x00008000 c2ba=0x0000 c2b8=0x00000000 c2bc=0x00000000 ra=0x8001A24C sp=0x801FFF98 f=0
[BLACKSCREEN][15650-RET] #101 reason=jr_ra end=0x80015658 target=0x8001A24C steps=3 v0=0x00000000 v1=0x00000064 c2ba=0x0000 c2b8=0x00000000 c2bc=0x00000000 ra=0x8001A24C sp=0x801FFF98 f=0
[BLACKSCREEN][INTERP] start=0x80015650 end=0x80015658 steps=3 reason=jr_ra target=0x8001A24C ra=0x8001A24C sp=0x801FFF98 f=0
[BLACKSCREEN][A110-15650-RET] #101 call_pc=0x8001A244 v0_after=0x00000000 v1_after=0x00000064 a0=0xFFFFFFFF a1=0x00008000 sp_after=0x801FFF98 c2ba=0x0000 f=0
[BLACKSCREEN][A110-PATH] #404 pc=0x8001A24C instr=0x1040002B v0=0x00000000 v1=0x00000064 a0=0xFFFFFFFF a1=0x00008000 a2=0x00000000 a3=0x00000000 s0=0x00000003 s1=0x801E0000 s2=0x80032D80 s3=0x80032B48 sp=0x801FFF98 ra=0x8001A24C m2ab4=0x00000000 m2ab8=0x00000000 m2ac5=0x00 c2ba=0x0000 c2b8=0x00000000 c2bc=0x00000000 f=0
[BLACKSCREEN][STATE-C2A8AC-R] #207 size=4 phys=0x0002C2A8 val=0x1F801814 ra=0x8001A184 sp=0x801FFF98 pc=0x00000000 f=0
[BLACKSCREEN][STATE-C2A8AC-R] #208 size=4 phys=0x0002C2AC val=0x1F801110 ra=0x8001A184 sp=0x801FFF98 pc=0x00000000 f=0
[BLACKSCREEN][A110-PATH] #405 pc=0x8001A238 instr=0x00001021 v0=0x00000000 v1=0x00000065 a0=0xFFFFFFFF a1=0x00008000 a2=0x00000000 a3=0x00000000 s0=0x00000003 s1=0x801E0000 s2=0x80032D80 s3=0x80032B48 sp=0x801FFF98 ra=0x8001A184 m2ab4=0x00000000 m2ab8=0x00000000 m2ac5=0x00 c2ba=0x0000 c2b8=0x00000000 c2bc=0x00000000 f=0
[BLACKSCREEN][A110-PATH] #406 pc=0x8001A23C instr=0x14400049 v0=0x00000000 v1=0x00000065 a0=0xFFFFFFFF a1=0x00008000 a2=0x00000000 a3=0x00000000 s0=0x00000003 s1=0x801E0000 s2=0x80032D80 s3=0x80032B48 sp=0x801FFF98 ra=0x8001A184 m2ab4=0x00000000 m2ab8=0x00000000 m2ac5=0x00 c2ba=0x0000 c2b8=0x00000000 c2bc=0x00000000 f=0
[BLACKSCREEN][A110-PATH] #407 pc=0x8001A244 instr=0x0C005594 v0=0xFFFFFFFF v1=0x00000065 a0=0xFFFFFFFF a1=0x00008000 a2=0x00000000 a3=0x00000000 s0=0x00000003 s1=0x801E0000 s2=0x80032D80 s3=0x80032B48 sp=0x801FFF98 ra=0x8001A184 m2ab4=0x00000000 m2ab8=0x00000000 m2ac5=0x00 c2ba=0x0000 c2b8=0x00000000 c2bc=0x00000000 f=0
[BLACKSCREEN][A110-15650-CALL] #102 call_pc=0x8001A244 ra=0x8001A24C v0=0xFFFFFFFF v1=0x00000065 a0=0xFFFFFFFF a1=0x00008000 sp=0x801FFF98 c2ba=0x0000 f=0
[BLACKSCREEN][INTERP] enter start=0x80015650 instr0=0x3C028003 a0=0xFFFFFFFF ra=0x8001A24C sp=0x801FFF98 f=0
[BLACKSCREEN][15650-STEP] #304 pc=0x80015650 instr=0x3C028003 v0=0xFFFFFFFF v1=0x00000065 a0=0xFFFFFFFF a1=0x00008000 c2ba=0x0000 c2b8=0x00000000 c2bc=0x00000000 ra=0x8001A24C sp=0x801FFF98 f=0
[BLACKSCREEN][15650-STEP] #305 pc=0x80015654 instr=0x9442C2BA v0=0x80030000 v1=0x00000065 a0=0xFFFFFFFF a1=0x00008000 c2ba=0x0000 c2b8=0x00000000 c2bc=0x00000000 ra=0x8001A24C sp=0x801FFF98 f=0
[BLACKSCREEN][STATE-C2BA-R] #102 size=2 phys=0x0002C2BA val=0x0000 ra=0x8001A24C sp=0x801FFF98 pc=0x00000000 f=0
[BLACKSCREEN][15650-STEP] #306 pc=0x80015658 instr=0x03E00008 v0=0x00000000 v1=0x00000065 a0=0xFFFFFFFF a1=0x00008000 c2ba=0x0000 c2b8=0x00000000 c2bc=0x00000000 ra=0x8001A24C sp=0x801FFF98 f=0
[BLACKSCREEN][15650-RET] #102 reason=jr_ra end=0x80015658 target=0x8001A24C steps=3 v0=0x00000000 v1=0x00000065 c2ba=0x0000 c2b8=0x00000000 c2bc=0x00000000 ra=0x8001A24C sp=0x801FFF98 f=0
[BLACKSCREEN][INTERP] start=0x80015650 end=0x80015658 steps=3 reason=jr_ra target=0x8001A24C ra=0x8001A24C sp=0x801FFF98 f=0
[BLACKSCREEN][A110-15650-RET] #102 call_pc=0x8001A244 v0_after=0x00000000 v1_after=0x00000065 a0=0xFFFFFFFF a1=0x00008000 sp_after=0x801FFF98 c2ba=0x0000 f=0
[BLACKSCREEN][A110-PATH] #408 pc=0x8001A24C instr=0x1040002B v0=0x00000000 v1=0x00000065 a0=0xFFFFFFFF a1=0x00008000 a2=0x00000000 a3=0x00000000 s0=0x00000003 s1=0x801E0000 s2=0x80032D80 s3=0x80032B48 sp=0x801FFF98 ra=0x8001A24C m2ab4=0x00000000 m2ab8=0x00000000 m2ac5=0x00 c2ba=0x0000 c2b8=0x00000000 c2bc=0x00000000 f=0
[BLACKSCREEN][STATE-C2A8AC-R] #209 size=4 phys=0x0002C2A8 val=0x1F801814 ra=0x8001A184 sp=0x801FFF98 pc=0x00000000 f=0
[BLACKSCREEN][STATE-C2A8AC-R] #210 size=4 phys=0x0002C2AC val=0x1F801110 ra=0x8001A184 sp=0x801FFF98 pc=0x00000000 f=0
[BLACKSCREEN][A110-PATH] #409 pc=0x8001A238 instr=0x00001021 v0=0x00000000 v1=0x00000066 a0=0xFFFFFFFF a1=0x00008000 a2=0x00000000 a3=0x00000000 s0=0x00000003 s1=0x801E0000 s2=0x80032D80 s3=0x80032B48 sp=0x801FFF98 ra=0x8001A184 m2ab4=0x00000000 m2ab8=0x00000000 m2ac5=0x00 c2ba=0x0000 c2b8=0x00000000 c2bc=0x00000000 f=0
[BLACKSCREEN][A110-PATH] #410 pc=0x8001A23C instr=0x14400049 v0=0x00000000 v1=0x00000066 a0=0xFFFFFFFF a1=0x00008000 a2=0x00000000 a3=0x00000000 s0=0x00000003 s1=0x801E0000 s2=0x80032D80 s3=0x80032B48 sp=0x801FFF98 ra=0x8001A184 m2ab4=0x00000000 m2ab8=0x00000000 m2ac5=0x00 c2ba=0x0000 c2b8=0x00000000 c2bc=0x00000000 f=0
[BLACKSCREEN][A110-PATH] #411 pc=0x8001A244 instr=0x0C005594 v0=0xFFFFFFFF v1=0x00000066 a0=0xFFFFFFFF a1=0x00008000 a2=0x00000000 a3=0x00000000 s0=0x00000003 s1=0x801E0000 s2=0x80032D80 s3=0x80032B48 sp=0x801FFF98 ra=0x8001A184 m2ab4=0x00000000 m2ab8=0x00000000 m2ac5=0x00 c2ba=0x0000 c2b8=0x00000000 c2bc=0x00000000 f=0
[BLACKSCREEN][A110-15650-CALL] #103 call_pc=0x8001A244 ra=0x8001A24C v0=0xFFFFFFFF v1=0x00000066 a0=0xFFFFFFFF a1=0x00008000 sp=0x801FFF98 c2ba=0x0000 f=0
[BLACKSCREEN][INTERP] enter start=0x80015650 instr0=0x3C028003 a0=0xFFFFFFFF ra=0x8001A24C sp=0x801FFF98 f=0
[BLACKSCREEN][15650-STEP] #307 pc=0x80015650 instr=0x3C028003 v0=0xFFFFFFFF v1=0x00000066 a0=0xFFFFFFFF a1=0x00008000 c2ba=0x0000 c2b8=0x00000000 c2bc=0x00000000 ra=0x8001A24C sp=0x801FFF98 f=0
[BLACKSCREEN][15650-STEP] #308 pc=0x80015654 instr=0x9442C2BA v0=0x80030000 v1=0x00000066 a0=0xFFFFFFFF a1=0x00008000 c2ba=0x0000 c2b8=0x00000000 c2bc=0x00000000 ra=0x8001A24C sp=0x801FFF98 f=0
[BLACKSCREEN][STATE-C2BA-R] #103 size=2 phys=0x0002C2BA val=0x0000 ra=0x8001A24C sp=0x801FFF98 pc=0x00000000 f=0
[BLACKSCREEN][15650-STEP] #309 pc=0x80015658 instr=0x03E00008 v0=0x00000000 v1=0x00000066 a0=0xFFFFFFFF a1=0x00008000 c2ba=0x0000 c2b8=0x00000000 c2bc=0x00000000 ra=0x8001A24C sp=0x801FFF98 f=0
[BLACKSCREEN][15650-RET] #103 reason=jr_ra end=0x80015658 target=0x8001A24C steps=3 v0=0x00000000 v1=0x00000066 c2ba=0x0000 c2b8=0x00000000 c2bc=0x00000000 ra=0x8001A24C sp=0x801FFF98 f=0
[BLACKSCREEN][INTERP] start=0x80015650 end=0x80015658 steps=3 reason=jr_ra target=0x8001A24C ra=0x8001A24C sp=0x801FFF98 f=0
[BLACKSCREEN][A110-15650-RET] #103 call_pc=0x8001A244 v0_after=0x00000000 v1_after=0x00000066 a0=0xFFFFFFFF a1=0x00008000 sp_after=0x801FFF98 c2ba=0x0000 f=0
[BLACKSCREEN][A110-PATH] #412 pc=0x8001A24C instr=0x1040002B v0=0x00000000 v1=0x00000066 a0=0xFFFFFFFF a1=0x00008000 a2=0x00000000 a3=0x00000000 s0=0x00000003 s1=0x801E0000 s2=0x80032D80 s3=0x80032B48 sp=0x801FFF98 ra=0x8001A24C m2ab4=0x00000000 m2ab8=0x00000000 m2ac5=0x00 c2ba=0x0000 c2b8=0x00000000 c2bc=0x00000000 f=0
[BLACKSCREEN][STATE-C2A8AC-R] #211 size=4 phys=0x0002C2A8 val=0x1F801814 ra=0x8001A184 sp=0x801FFF98 pc=0x00000000 f=0
[BLACKSCREEN][STATE-C2A8AC-R] #212 size=4 phys=0x0002C2AC val=0x1F801110 ra=0x8001A184 sp=0x801FFF98 pc=0x00000000 f=0
[BLACKSCREEN][A110-PATH] #413 pc=0x8001A238 instr=0x00001021 v0=0x00000000 v1=0x00000067 a0=0xFFFFFFFF a1=0x00008000 a2=0x00000000 a3=0x00000000 s0=0x00000003 s1=0x801E0000 s2=0x80032D80 s3=0x80032B48 sp=0x801FFF98 ra=0x8001A184 m2ab4=0x00000000 m2ab8=0x00000000 m2ac5=0x00 c2ba=0x0000 c2b8=0x00000000 c2bc=0x00000000 f=0
[BLACKSCREEN][A110-PATH] #414 pc=0x8001A23C instr=0x14400049 v0=0x00000000 v1=0x00000067 a0=0xFFFFFFFF a1=0x00008000 a2=0x00000000 a3=0x00000000 s0=0x00000003 s1=0x801E0000 s2=0x80032D80 s3=0x80032B48 sp=0x801FFF98 ra=0x8001A184 m2ab4=0x00000000 m2ab8=0x00000000 m2ac5=0x00 c2ba=0x0000 c2b8=0x00000000 c2bc=0x00000000 f=0
[BLACKSCREEN][A110-PATH] #415 pc=0x8001A244 instr=0x0C005594 v0=0xFFFFFFFF v1=0x00000067 a0=0xFFFFFFFF a1=0x00008000 a2=0x00000000 a3=0x00000000 s0=0x00000003 s1=0x801E0000 s2=0x80032D80 s3=0x80032B48 sp=0x801FFF98 ra=0x8001A184 m2ab4=0x00000000 m2ab8=0x00000000 m2ac5=0x00 c2ba=0x0000 c2b8=0x00000000 c2bc=0x00000000 f=0
[BLACKSCREEN][A110-15650-CALL] #104 call_pc=0x8001A244 ra=0x8001A24C v0=0xFFFFFFFF v1=0x00000067 a0=0xFFFFFFFF a1=0x00008000 sp=0x801FFF98 c2ba=0x0000 f=0
[BLACKSCREEN][INTERP] enter start=0x80015650 instr0=0x3C028003 a0=0xFFFFFFFF ra=0x8001A24C sp=0x801FFF98 f=0
[BLACKSCREEN][15650-STEP] #310 pc=0x80015650 instr=0x3C028003 v0=0xFFFFFFFF v1=0x00000067 a0=0xFFFFFFFF a1=0x00008000 c2ba=0x0000 c2b8=0x00000000 c2bc=0x00000000 ra=0x8001A24C sp=0x801FFF98 f=0
[BLACKSCREEN][15650-STEP] #311 pc=0x80015654 instr=0x9442C2BA v0=0x80030000 v1=0x00000067 a0=0xFFFFFFFF a1=0x00008000 c2ba=0x0000 c2b8=0x00000000 c2bc=0x00000000 ra=0x8001A24C sp=0x801FFF98 f=0
[BLACKSCREEN][STATE-C2BA-R] #104 size=2 phys=0x0002C2BA val=0x0000 ra=0x8001A24C sp=0x801FFF98 pc=0x00000000 f=0
[BLACKSCREEN][15650-STEP] #312 pc=0x80015658 instr=0x03E00008 v0=0x00000000 v1=0x00000067 a0=0xFFFFFFFF a1=0x00008000 c2ba=0x0000 c2b8=0x00000000 c2bc=0x00000000 ra=0x8001A24C sp=0x801FFF98 f=0
[BLACKSCREEN][15650-RET] #104 reason=jr_ra end=0x80015658 target=0x8001A24C steps=3 v0=0x00000000 v1=0x00000067 c2ba=0x0000 c2b8=0x00000000 c2bc=0x00000000 ra=0x8001A24C sp=0x801FFF98 f=0
[BLACKSCREEN][INTERP] start=0x80015650 end=0x80015658 steps=3 reason=jr_ra target=0x8001A24C ra=0x8001A24C sp=0x801FFF98 f=0
[BLACKSCREEN][A110-15650-RET] #104 call_pc=0x8001A244 v0_after=0x00000000 v1_after=0x00000067 a0=0xFFFFFFFF a1=0x00008000 sp_after=0x801FFF98 c2ba=0x0000 f=0
[BLACKSCREEN][A110-PATH] #416 pc=0x8001A24C instr=0x1040002B v0=0x00000000 v1=0x00000067 a0=0xFFFFFFFF a1=0x00008000 a2=0x00000000 a3=0x00000000 s0=0x00000003 s1=0x801E0000 s2=0x80032D80 s3=0x80032B48 sp=0x801FFF98 ra=0x8001A24C m2ab4=0x00000000 m2ab8=0x00000000 m2ac5=0x00 c2ba=0x0000 c2b8=0x00000000 c2bc=0x00000000 f=0
[BLACKSCREEN][STATE-C2A8AC-R] #213 size=4 phys=0x0002C2A8 val=0x1F801814 ra=0x8001A184 sp=0x801FFF98 pc=0x00000000 f=0
[BLACKSCREEN][STATE-C2A8AC-R] #214 size=4 phys=0x0002C2AC val=0x1F801110 ra=0x8001A184 sp=0x801FFF98 pc=0x00000000 f=0
[BLACKSCREEN][A110-PATH] #417 pc=0x8001A238 instr=0x00001021 v0=0x00000000 v1=0x00000068 a0=0xFFFFFFFF a1=0x00008000 a2=0x00000000 a3=0x00000000 s0=0x00000003 s1=0x801E0000 s2=0x80032D80 s3=0x80032B48 sp=0x801FFF98 ra=0x8001A184 m2ab4=0x00000000 m2ab8=0x00000000 m2ac5=0x00 c2ba=0x0000 c2b8=0x00000000 c2bc=0x00000000 f=0
[BLACKSCREEN][A110-PATH] #418 pc=0x8001A23C instr=0x14400049 v0=0x00000000 v1=0x00000068 a0=0xFFFFFFFF a1=0x00008000 a2=0x00000000 a3=0x00000000 s0=0x00000003 s1=0x801E0000 s2=0x80032D80 s3=0x80032B48 sp=0x801FFF98 ra=0x8001A184 m2ab4=0x00000000 m2ab8=0x00000000 m2ac5=0x00 c2ba=0x0000 c2b8=0x00000000 c2bc=0x00000000 f=0
[BLACKSCREEN][A110-PATH] #419 pc=0x8001A244 instr=0x0C005594 v0=0xFFFFFFFF v1=0x00000068 a0=0xFFFFFFFF a1=0x00008000 a2=0x00000000 a3=0x00000000 s0=0x00000003 s1=0x801E0000 s2=0x80032D80 s3=0x80032B48 sp=0x801FFF98 ra=0x8001A184 m2ab4=0x00000000 m2ab8=0x00000000 m2ac5=0x00 c2ba=0x0000 c2b8=0x00000000 c2bc=0x00000000 f=0
[BLACKSCREEN][A110-15650-CALL] #105 call_pc=0x8001A244 ra=0x8001A24C v0=0xFFFFFFFF v1=0x00000068 a0=0xFFFFFFFF a1=0x00008000 sp=0x801FFF98 c2ba=0x0000 f=0
[BLACKSCREEN][INTERP] enter start=0x80015650 instr0=0x3C028003 a0=0xFFFFFFFF ra=0x8001A24C sp=0x801FFF98 f=0
[BLACKSCREEN][15650-STEP] #313 pc=0x80015650 instr=0x3C028003 v0=0xFFFFFFFF v1=0x00000068 a0=0xFFFFFFFF a1=0x00008000 c2ba=0x0000 c2b8=0x00000000 c2bc=0x00000000 ra=0x8001A24C sp=0x801FFF98 f=0
[BLACKSCREEN][15650-STEP] #314 pc=0x80015654 instr=0x9442C2BA v0=0x80030000 v1=0x00000068 a0=0xFFFFFFFF a1=0x00008000 c2ba=0x0000 c2b8=0x00000000 c2bc=0x00000000 ra=0x8001A24C sp=0x801FFF98 f=0
[BLACKSCREEN][STATE-C2BA-R] #105 size=2 phys=0x0002C2BA val=0x0000 ra=0x8001A24C sp=0x801FFF98 pc=0x00000000 f=0
[BLACKSCREEN][15650-STEP] #315 pc=0x80015658 instr=0x03E00008 v0=0x00000000 v1=0x00000068 a0=0xFFFFFFFF a1=0x00008000 c2ba=0x0000 c2b8=0x00000000 c2bc=0x00000000 ra=0x8001A24C sp=0x801FFF98 f=0
[BLACKSCREEN][15650-RET] #105 reason=jr_ra end=0x80015658 target=0x8001A24C steps=3 v0=0x00000000 v1=0x00000068 c2ba=0x0000 c2b8=0x00000000 c2bc=0x00000000 ra=0x8001A24C sp=0x801FFF98 f=0
[BLACKSCREEN][INTERP] start=0x80015650 end=0x80015658 steps=3 reason=jr_ra target=0x8001A24C ra=0x8001A24C sp=0x801FFF98 f=0
[BLACKSCREEN][A110-15650-RET] #105 call_pc=0x8001A244 v0_after=0x00000000 v1_after=0x00000068 a0=0xFFFFFFFF a1=0x00008000 sp_after=0x801FFF98 c2ba=0x0000 f=0
[BLACKSCREEN][A110-PATH] #420 pc=0x8001A24C instr=0x1040002B v0=0x00000000 v1=0x00000068 a0=0xFFFFFFFF a1=0x00008000 a2=0x00000000 a3=0x00000000 s0=0x00000003 s1=0x801E0000 s2=0x80032D80 s3=0x80032B48 sp=0x801FFF98 ra=0x8001A24C m2ab4=0x00000000 m2ab8=0x00000000 m2ac5=0x00 c2ba=0x0000 c2b8=0x00000000 c2bc=0x00000000 f=0
[BLACKSCREEN][STATE-C2A8AC-R] #215 size=4 phys=0x0002C2A8 val=0x1F801814 ra=0x8001A184 sp=0x801FFF98 pc=0x00000000 f=0
[BLACKSCREEN][STATE-C2A8AC-R] #216 size=4 phys=0x0002C2AC val=0x1F801110 ra=0x8001A184 sp=0x801FFF98 pc=0x00000000 f=0
[BLACKSCREEN][A110-PATH] #421 pc=0x8001A238 instr=0x00001021 v0=0x00000000 v1=0x00000069 a0=0xFFFFFFFF a1=0x00008000 a2=0x00000000 a3=0x00000000 s0=0x00000003 s1=0x801E0000 s2=0x80032D80 s3=0x80032B48 sp=0x801FFF98 ra=0x8001A184 m2ab4=0x00000000 m2ab8=0x00000000 m2ac5=0x00 c2ba=0x0000 c2b8=0x00000000 c2bc=0x00000000 f=0
[BLACKSCREEN][A110-PATH] #422 pc=0x8001A23C instr=0x14400049 v0=0x00000000 v1=0x00000069 a0=0xFFFFFFFF a1=0x00008000 a2=0x00000000 a3=0x00000000 s0=0x00000003 s1=0x801E0000 s2=0x80032D80 s3=0x80032B48 sp=0x801FFF98 ra=0x8001A184 m2ab4=0x00000000 m2ab8=0x00000000 m2ac5=0x00 c2ba=0x0000 c2b8=0x00000000 c2bc=0x00000000 f=0
[BLACKSCREEN][A110-PATH] #423 pc=0x8001A244 instr=0x0C005594 v0=0xFFFFFFFF v1=0x00000069 a0=0xFFFFFFFF a1=0x00008000 a2=0x00000000 a3=0x00000000 s0=0x00000003 s1=0x801E0000 s2=0x80032D80 s3=0x80032B48 sp=0x801FFF98 ra=0x8001A184 m2ab4=0x00000000 m2ab8=0x00000000 m2ac5=0x00 c2ba=0x0000 c2b8=0x00000000 c2bc=0x00000000 f=0
[BLACKSCREEN][A110-15650-CALL] #106 call_pc=0x8001A244 ra=0x8001A24C v0=0xFFFFFFFF v1=0x00000069 a0=0xFFFFFFFF a1=0x00008000 sp=0x801FFF98 c2ba=0x0000 f=0
[BLACKSCREEN][INTERP] enter start=0x80015650 instr0=0x3C028003 a0=0xFFFFFFFF ra=0x8001A24C sp=0x801FFF98 f=0
[BLACKSCREEN][15650-STEP] #316 pc=0x80015650 instr=0x3C028003 v0=0xFFFFFFFF v1=0x00000069 a0=0xFFFFFFFF a1=0x00008000 c2ba=0x0000 c2b8=0x00000000 c2bc=0x00000000 ra=0x8001A24C sp=0x801FFF98 f=0
[BLACKSCREEN][15650-STEP] #317 pc=0x80015654 instr=0x9442C2BA v0=0x80030000 v1=0x00000069 a0=0xFFFFFFFF a1=0x00008000 c2ba=0x0000 c2b8=0x00000000 c2bc=0x00000000 ra=0x8001A24C sp=0x801FFF98 f=0
[BLACKSCREEN][STATE-C2BA-R] #106 size=2 phys=0x0002C2BA val=0x0000 ra=0x8001A24C sp=0x801FFF98 pc=0x00000000 f=0
[BLACKSCREEN][15650-STEP] #318 pc=0x80015658 instr=0x03E00008 v0=0x00000000 v1=0x00000069 a0=0xFFFFFFFF a1=0x00008000 c2ba=0x0000 c2b8=0x00000000 c2bc=0x00000000 ra=0x8001A24C sp=0x801FFF98 f=0
[BLACKSCREEN][15650-RET] #106 reason=jr_ra end=0x80015658 target=0x8001A24C steps=3 v0=0x00000000 v1=0x00000069 c2ba=0x0000 c2b8=0x00000000 c2bc=0x00000000 ra=0x8001A24C sp=0x801FFF98 f=0
[BLACKSCREEN][INTERP] start=0x80015650 end=0x80015658 steps=3 reason=jr_ra target=0x8001A24C ra=0x8001A24C sp=0x801FFF98 f=0
[BLACKSCREEN][A110-15650-RET] #106 call_pc=0x8001A244 v0_after=0x00000000 v1_after=0x00000069 a0=0xFFFFFFFF a1=0x00008000 sp_after=0x801FFF98 c2ba=0x0000 f=0
[BLACKSCREEN][A110-PATH] #424 pc=0x8001A24C instr=0x1040002B v0=0x00000000 v1=0x00000069 a0=0xFFFFFFFF a1=0x00008000 a2=0x00000000 a3=0x00000000 s0=0x00000003 s1=0x801E0000 s2=0x80032D80 s3=0x80032B48 sp=0x801FFF98 ra=0x8001A24C m2ab4=0x00000000 m2ab8=0x00000000 m2ac5=0x00 c2ba=0x0000 c2b8=0x00000000 c2bc=0x00000000 f=0
[BLACKSCREEN][STATE-C2A8AC-R] #217 size=4 phys=0x0002C2A8 val=0x1F801814 ra=0x8001A184 sp=0x801FFF98 pc=0x00000000 f=0
[BLACKSCREEN][STATE-C2A8AC-R] #218 size=4 phys=0x0002C2AC val=0x1F801110 ra=0x8001A184 sp=0x801FFF98 pc=0x00000000 f=0
[BLACKSCREEN][A110-PATH] #425 pc=0x8001A238 instr=0x00001021 v0=0x00000000 v1=0x0000006A a0=0xFFFFFFFF a1=0x00008000 a2=0x00000000 a3=0x00000000 s0=0x00000003 s1=0x801E0000 s2=0x80032D80 s3=0x80032B48 sp=0x801FFF98 ra=0x8001A184 m2ab4=0x00000000 m2ab8=0x00000000 m2ac5=0x00 c2ba=0x0000 c2b8=0x00000000 c2bc=0x00000000 f=0
[BLACKSCREEN][A110-PATH] #426 pc=0x8001A23C instr=0x14400049 v0=0x00000000 v1=0x0000006A a0=0xFFFFFFFF a1=0x00008000 a2=0x00000000 a3=0x00000000 s0=0x00000003 s1=0x801E0000 s2=0x80032D80 s3=0x80032B48 sp=0x801FFF98 ra=0x8001A184 m2ab4=0x00000000 m2ab8=0x00000000 m2ac5=0x00 c2ba=0x0000 c2b8=0x00000000 c2bc=0x00000000 f=0
[BLACKSCREEN][A110-PATH] #427 pc=0x8001A244 instr=0x0C005594 v0=0xFFFFFFFF v1=0x0000006A a0=0xFFFFFFFF a1=0x00008000 a2=0x00000000 a3=0x00000000 s0=0x00000003 s1=0x801E0000 s2=0x80032D80 s3=0x80032B48 sp=0x801FFF98 ra=0x8001A184 m2ab4=0x00000000 m2ab8=0x00000000 m2ac5=0x00 c2ba=0x0000 c2b8=0x00000000 c2bc=0x00000000 f=0
[BLACKSCREEN][A110-15650-CALL] #107 call_pc=0x8001A244 ra=0x8001A24C v0=0xFFFFFFFF v1=0x0000006A a0=0xFFFFFFFF a1=0x00008000 sp=0x801FFF98 c2ba=0x0000 f=0
[BLACKSCREEN][INTERP] enter start=0x80015650 instr0=0x3C028003 a0=0xFFFFFFFF ra=0x8001A24C sp=0x801FFF98 f=0
[BLACKSCREEN][15650-STEP] #319 pc=0x80015650 instr=0x3C028003 v0=0xFFFFFFFF v1=0x0000006A a0=0xFFFFFFFF a1=0x00008000 c2ba=0x0000 c2b8=0x00000000 c2bc=0x00000000 ra=0x8001A24C sp=0x801FFF98 f=0
[BLACKSCREEN][15650-STEP] #320 pc=0x80015654 instr=0x9442C2BA v0=0x80030000 v1=0x0000006A a0=0xFFFFFFFF a1=0x00008000 c2ba=0x0000 c2b8=0x00000000 c2bc=0x00000000 ra=0x8001A24C sp=0x801FFF98 f=0
[BLACKSCREEN][STATE-C2BA-R] #107 size=2 phys=0x0002C2BA val=0x0000 ra=0x8001A24C sp=0x801FFF98 pc=0x00000000 f=0
[BLACKSCREEN][15650-STEP] #321 pc=0x80015658 instr=0x03E00008 v0=0x00000000 v1=0x0000006A a0=0xFFFFFFFF a1=0x00008000 c2ba=0x0000 c2b8=0x00000000 c2bc=0x00000000 ra=0x8001A24C sp=0x801FFF98 f=0
[BLACKSCREEN][15650-RET] #107 reason=jr_ra end=0x80015658 target=0x8001A24C steps=3 v0=0x00000000 v1=0x0000006A c2ba=0x0000 c2b8=0x00000000 c2bc=0x00000000 ra=0x8001A24C sp=0x801FFF98 f=0
[BLACKSCREEN][INTERP] start=0x80015650 end=0x80015658 steps=3 reason=jr_ra target=0x8001A24C ra=0x8001A24C sp=0x801FFF98 f=0
[BLACKSCREEN][A110-15650-RET] #107 call_pc=0x8001A244 v0_after=0x00000000 v1_after=0x0000006A a0=0xFFFFFFFF a1=0x00008000 sp_after=0x801FFF98 c2ba=0x0000 f=0
[BLACKSCREEN][A110-PATH] #428 pc=0x8001A24C instr=0x1040002B v0=0x00000000 v1=0x0000006A a0=0xFFFFFFFF a1=0x00008000 a2=0x00000000 a3=0x00000000 s0=0x00000003 s1=0x801E0000 s2=0x80032D80 s3=0x80032B48 sp=0x801FFF98 ra=0x8001A24C m2ab4=0x00000000 m2ab8=0x00000000 m2ac5=0x00 c2ba=0x0000 c2b8=0x00000000 c2bc=0x00000000 f=0
[BLACKSCREEN][STATE-C2A8AC-R] #219 size=4 phys=0x0002C2A8 val=0x1F801814 ra=0x8001A184 sp=0x801FFF98 pc=0x00000000 f=0
[BLACKSCREEN][STATE-C2A8AC-R] #220 size=4 phys=0x0002C2AC val=0x1F801110 ra=0x8001A184 sp=0x801FFF98 pc=0x00000000 f=0
[BLACKSCREEN][A110-PATH] #429 pc=0x8001A238 instr=0x00001021 v0=0x00000000 v1=0x0000006B a0=0xFFFFFFFF a1=0x00008000 a2=0x00000000 a3=0x00000000 s0=0x00000003 s1=0x801E0000 s2=0x80032D80 s3=0x80032B48 sp=0x801FFF98 ra=0x8001A184 m2ab4=0x00000000 m2ab8=0x00000000 m2ac5=0x00 c2ba=0x0000 c2b8=0x00000000 c2bc=0x00000000 f=0
[BLACKSCREEN][A110-PATH] #430 pc=0x8001A23C instr=0x14400049 v0=0x00000000 v1=0x0000006B a0=0xFFFFFFFF a1=0x00008000 a2=0x00000000 a3=0x00000000 s0=0x00000003 s1=0x801E0000 s2=0x80032D80 s3=0x80032B48 sp=0x801FFF98 ra=0x8001A184 m2ab4=0x00000000 m2ab8=0x00000000 m2ac5=0x00 c2ba=0x0000 c2b8=0x00000000 c2bc=0x00000000 f=0
[BLACKSCREEN][A110-PATH] #431 pc=0x8001A244 instr=0x0C005594 v0=0xFFFFFFFF v1=0x0000006B a0=0xFFFFFFFF a1=0x00008000 a2=0x00000000 a3=0x00000000 s0=0x00000003 s1=0x801E0000 s2=0x80032D80 s3=0x80032B48 sp=0x801FFF98 ra=0x8001A184 m2ab4=0x00000000 m2ab8=0x00000000 m2ac5=0x00 c2ba=0x0000 c2b8=0x00000000 c2bc=0x00000000 f=0
[BLACKSCREEN][A110-15650-CALL] #108 call_pc=0x8001A244 ra=0x8001A24C v0=0xFFFFFFFF v1=0x0000006B a0=0xFFFFFFFF a1=0x00008000 sp=0x801FFF98 c2ba=0x0000 f=0
[BLACKSCREEN][INTERP] enter start=0x80015650 instr0=0x3C028003 a0=0xFFFFFFFF ra=0x8001A24C sp=0x801FFF98 f=0
[BLACKSCREEN][15650-STEP] #322 pc=0x80015650 instr=0x3C028003 v0=0xFFFFFFFF v1=0x0000006B a0=0xFFFFFFFF a1=0x00008000 c2ba=0x0000 c2b8=0x00000000 c2bc=0x00000000 ra=0x8001A24C sp=0x801FFF98 f=0
[BLACKSCREEN][15650-STEP] #323 pc=0x80015654 instr=0x9442C2BA v0=0x80030000 v1=0x0000006B a0=0xFFFFFFFF a1=0x00008000 c2ba=0x0000 c2b8=0x00000000 c2bc=0x00000000 ra=0x8001A24C sp=0x801FFF98 f=0
[BLACKSCREEN][STATE-C2BA-R] #108 size=2 phys=0x0002C2BA val=0x0000 ra=0x8001A24C sp=0x801FFF98 pc=0x00000000 f=0
[BLACKSCREEN][15650-STEP] #324 pc=0x80015658 instr=0x03E00008 v0=0x00000000 v1=0x0000006B a0=0xFFFFFFFF a1=0x00008000 c2ba=0x0000 c2b8=0x00000000 c2bc=0x00000000 ra=0x8001A24C sp=0x801FFF98 f=0
[BLACKSCREEN][15650-RET] #108 reason=jr_ra end=0x80015658 target=0x8001A24C steps=3 v0=0x00000000 v1=0x0000006B c2ba=0x0000 c2b8=0x00000000 c2bc=0x00000000 ra=0x8001A24C sp=0x801FFF98 f=0
[BLACKSCREEN][INTERP] start=0x80015650 end=0x80015658 steps=3 reason=jr_ra target=0x8001A24C ra=0x8001A24C sp=0x801FFF98 f=0
[BLACKSCREEN][A110-15650-RET] #108 call_pc=0x8001A244 v0_after=0x00000000 v1_after=0x0000006B a0=0xFFFFFFFF a1=0x00008000 sp_after=0x801FFF98 c2ba=0x0000 f=0
[BLACKSCREEN][A110-PATH] #432 pc=0x8001A24C instr=0x1040002B v0=0x00000000 v1=0x0000006B a0=0xFFFFFFFF a1=0x00008000 a2=0x00000000 a3=0x00000000 s0=0x00000003 s1=0x801E0000 s2=0x80032D80 s3=0x80032B48 sp=0x801FFF98 ra=0x8001A24C m2ab4=0x00000000 m2ab8=0x00000000 m2ac5=0x00 c2ba=0x0000 c2b8=0x00000000 c2bc=0x00000000 f=0
[BLACKSCREEN][STATE-C2A8AC-R] #221 size=4 phys=0x0002C2A8 val=0x1F801814 ra=0x8001A184 sp=0x801FFF98 pc=0x00000000 f=0
[BLACKSCREEN][STATE-C2A8AC-R] #222 size=4 phys=0x0002C2AC val=0x1F801110 ra=0x8001A184 sp=0x801FFF98 pc=0x00000000 f=0
[BLACKSCREEN][A110-PATH] #433 pc=0x8001A238 instr=0x00001021 v0=0x00000000 v1=0x0000006C a0=0xFFFFFFFF a1=0x00008000 a2=0x00000000 a3=0x00000000 s0=0x00000003 s1=0x801E0000 s2=0x80032D80 s3=0x80032B48 sp=0x801FFF98 ra=0x8001A184 m2ab4=0x00000000 m2ab8=0x00000000 m2ac5=0x00 c2ba=0x0000 c2b8=0x00000000 c2bc=0x00000000 f=0
[BLACKSCREEN][A110-PATH] #434 pc=0x8001A23C instr=0x14400049 v0=0x00000000 v1=0x0000006C a0=0xFFFFFFFF a1=0x00008000 a2=0x00000000 a3=0x00000000 s0=0x00000003 s1=0x801E0000 s2=0x80032D80 s3=0x80032B48 sp=0x801FFF98 ra=0x8001A184 m2ab4=0x00000000 m2ab8=0x00000000 m2ac5=0x00 c2ba=0x0000 c2b8=0x00000000 c2bc=0x00000000 f=0
[BLACKSCREEN][A110-PATH] #435 pc=0x8001A244 instr=0x0C005594 v0=0xFFFFFFFF v1=0x0000006C a0=0xFFFFFFFF a1=0x00008000 a2=0x00000000 a3=0x00000000 s0=0x00000003 s1=0x801E0000 s2=0x80032D80 s3=0x80032B48 sp=0x801FFF98 ra=0x8001A184 m2ab4=0x00000000 m2ab8=0x00000000 m2ac5=0x00 c2ba=0x0000 c2b8=0x00000000 c2bc=0x00000000 f=0
[BLACKSCREEN][A110-15650-CALL] #109 call_pc=0x8001A244 ra=0x8001A24C v0=0xFFFFFFFF v1=0x0000006C a0=0xFFFFFFFF a1=0x00008000 sp=0x801FFF98 c2ba=0x0000 f=0
[BLACKSCREEN][INTERP] enter start=0x80015650 instr0=0x3C028003 a0=0xFFFFFFFF ra=0x8001A24C sp=0x801FFF98 f=0
[BLACKSCREEN][15650-STEP] #325 pc=0x80015650 instr=0x3C028003 v0=0xFFFFFFFF v1=0x0000006C a0=0xFFFFFFFF a1=0x00008000 c2ba=0x0000 c2b8=0x00000000 c2bc=0x00000000 ra=0x8001A24C sp=0x801FFF98 f=0
[BLACKSCREEN][15650-STEP] #326 pc=0x80015654 instr=0x9442C2BA v0=0x80030000 v1=0x0000006C a0=0xFFFFFFFF a1=0x00008000 c2ba=0x0000 c2b8=0x00000000 c2bc=0x00000000 ra=0x8001A24C sp=0x801FFF98 f=0
[BLACKSCREEN][STATE-C2BA-R] #109 size=2 phys=0x0002C2BA val=0x0000 ra=0x8001A24C sp=0x801FFF98 pc=0x00000000 f=0
[BLACKSCREEN][15650-STEP] #327 pc=0x80015658 instr=0x03E00008 v0=0x00000000 v1=0x0000006C a0=0xFFFFFFFF a1=0x00008000 c2ba=0x0000 c2b8=0x00000000 c2bc=0x00000000 ra=0x8001A24C sp=0x801FFF98 f=0
[BLACKSCREEN][15650-RET] #109 reason=jr_ra end=0x80015658 target=0x8001A24C steps=3 v0=0x00000000 v1=0x0000006C c2ba=0x0000 c2b8=0x00000000 c2bc=0x00000000 ra=0x8001A24C sp=0x801FFF98 f=0
[BLACKSCREEN][INTERP] start=0x80015650 end=0x80015658 steps=3 reason=jr_ra target=0x8001A24C ra=0x8001A24C sp=0x801FFF98 f=0
[BLACKSCREEN][A110-15650-RET] #109 call_pc=0x8001A244 v0_after=0x00000000 v1_after=0x0000006C a0=0xFFFFFFFF a1=0x00008000 sp_after=0x801FFF98 c2ba=0x0000 f=0
[BLACKSCREEN][A110-PATH] #436 pc=0x8001A24C instr=0x1040002B v0=0x00000000 v1=0x0000006C a0=0xFFFFFFFF a1=0x00008000 a2=0x00000000 a3=0x00000000 s0=0x00000003 s1=0x801E0000 s2=0x80032D80 s3=0x80032B48 sp=0x801FFF98 ra=0x8001A24C m2ab4=0x00000000 m2ab8=0x00000000 m2ac5=0x00 c2ba=0x0000 c2b8=0x00000000 c2bc=0x00000000 f=0
[BLACKSCREEN][STATE-C2A8AC-R] #223 size=4 phys=0x0002C2A8 val=0x1F801814 ra=0x8001A184 sp=0x801FFF98 pc=0x00000000 f=0
[BLACKSCREEN][STATE-C2A8AC-R] #224 size=4 phys=0x0002C2AC val=0x1F801110 ra=0x8001A184 sp=0x801FFF98 pc=0x00000000 f=0
[BLACKSCREEN][A110-PATH] #437 pc=0x8001A238 instr=0x00001021 v0=0x00000000 v1=0x0000006D a0=0xFFFFFFFF a1=0x00008000 a2=0x00000000 a3=0x00000000 s0=0x00000003 s1=0x801E0000 s2=0x80032D80 s3=0x80032B48 sp=0x801FFF98 ra=0x8001A184 m2ab4=0x00000000 m2ab8=0x00000000 m2ac5=0x00 c2ba=0x0000 c2b8=0x00000000 c2bc=0x00000000 f=0
[BLACKSCREEN][A110-PATH] #438 pc=0x8001A23C instr=0x14400049 v0=0x00000000 v1=0x0000006D a0=0xFFFFFFFF a1=0x00008000 a2=0x00000000 a3=0x00000000 s0=0x00000003 s1=0x801E0000 s2=0x80032D80 s3=0x80032B48 sp=0x801FFF98 ra=0x8001A184 m2ab4=0x00000000 m2ab8=0x00000000 m2ac5=0x00 c2ba=0x0000 c2b8=0x00000000 c2bc=0x00000000 f=0
[BLACKSCREEN][A110-PATH] #439 pc=0x8001A244 instr=0x0C005594 v0=0xFFFFFFFF v1=0x0000006D a0=0xFFFFFFFF a1=0x00008000 a2=0x00000000 a3=0x00000000 s0=0x00000003 s1=0x801E0000 s2=0x80032D80 s3=0x80032B48 sp=0x801FFF98 ra=0x8001A184 m2ab4=0x00000000 m2ab8=0x00000000 m2ac5=0x00 c2ba=0x0000 c2b8=0x00000000 c2bc=0x00000000 f=0
[BLACKSCREEN][A110-15650-CALL] #110 call_pc=0x8001A244 ra=0x8001A24C v0=0xFFFFFFFF v1=0x0000006D a0=0xFFFFFFFF a1=0x00008000 sp=0x801FFF98 c2ba=0x0000 f=0
[BLACKSCREEN][INTERP] enter start=0x80015650 instr0=0x3C028003 a0=0xFFFFFFFF ra=0x8001A24C sp=0x801FFF98 f=0
[BLACKSCREEN][15650-STEP] #328 pc=0x80015650 instr=0x3C028003 v0=0xFFFFFFFF v1=0x0000006D a0=0xFFFFFFFF a1=0x00008000 c2ba=0x0000 c2b8=0x00000000 c2bc=0x00000000 ra=0x8001A24C sp=0x801FFF98 f=0
[BLACKSCREEN][15650-STEP] #329 pc=0x80015654 instr=0x9442C2BA v0=0x80030000 v1=0x0000006D a0=0xFFFFFFFF a1=0x00008000 c2ba=0x0000 c2b8=0x00000000 c2bc=0x00000000 ra=0x8001A24C sp=0x801FFF98 f=0
[BLACKSCREEN][STATE-C2BA-R] #110 size=2 phys=0x0002C2BA val=0x0000 ra=0x8001A24C sp=0x801FFF98 pc=0x00000000 f=0
[BLACKSCREEN][15650-STEP] #330 pc=0x80015658 instr=0x03E00008 v0=0x00000000 v1=0x0000006D a0=0xFFFFFFFF a1=0x00008000 c2ba=0x0000 c2b8=0x00000000 c2bc=0x00000000 ra=0x8001A24C sp=0x801FFF98 f=0
[BLACKSCREEN][15650-RET] #110 reason=jr_ra end=0x80015658 target=0x8001A24C steps=3 v0=0x00000000 v1=0x0000006D c2ba=0x0000 c2b8=0x00000000 c2bc=0x00000000 ra=0x8001A24C sp=0x801FFF98 f=0
[BLACKSCREEN][INTERP] start=0x80015650 end=0x80015658 steps=3 reason=jr_ra target=0x8001A24C ra=0x8001A24C sp=0x801FFF98 f=0
[BLACKSCREEN][A110-15650-RET] #110 call_pc=0x8001A244 v0_after=0x00000000 v1_after=0x0000006D a0=0xFFFFFFFF a1=0x00008000 sp_after=0x801FFF98 c2ba=0x0000 f=0
[BLACKSCREEN][A110-PATH] #440 pc=0x8001A24C instr=0x1040002B v0=0x00000000 v1=0x0000006D a0=0xFFFFFFFF a1=0x00008000 a2=0x00000000 a3=0x00000000 s0=0x00000003 s1=0x801E0000 s2=0x80032D80 s3=0x80032B48 sp=0x801FFF98 ra=0x8001A24C m2ab4=0x00000000 m2ab8=0x00000000 m2ac5=0x00 c2ba=0x0000 c2b8=0x00000000 c2bc=0x00000000 f=0
[BLACKSCREEN][STATE-C2A8AC-R] #225 size=4 phys=0x0002C2A8 val=0x1F801814 ra=0x8001A184 sp=0x801FFF98 pc=0x00000000 f=0
[BLACKSCREEN][STATE-C2A8AC-R] #226 size=4 phys=0x0002C2AC val=0x1F801110 ra=0x8001A184 sp=0x801FFF98 pc=0x00000000 f=0
[BLACKSCREEN][A110-PATH] #441 pc=0x8001A238 instr=0x00001021 v0=0x00000000 v1=0x0000006E a0=0xFFFFFFFF a1=0x00008000 a2=0x00000000 a3=0x00000000 s0=0x00000003 s1=0x801E0000 s2=0x80032D80 s3=0x80032B48 sp=0x801FFF98 ra=0x8001A184 m2ab4=0x00000000 m2ab8=0x00000000 m2ac5=0x00 c2ba=0x0000 c2b8=0x00000000 c2bc=0x00000000 f=0
[BLACKSCREEN][A110-PATH] #442 pc=0x8001A23C instr=0x14400049 v0=0x00000000 v1=0x0000006E a0=0xFFFFFFFF a1=0x00008000 a2=0x00000000 a3=0x00000000 s0=0x00000003 s1=0x801E0000 s2=0x80032D80 s3=0x80032B48 sp=0x801FFF98 ra=0x8001A184 m2ab4=0x00000000 m2ab8=0x00000000 m2ac5=0x00 c2ba=0x0000 c2b8=0x00000000 c2bc=0x00000000 f=0
[BLACKSCREEN][A110-PATH] #443 pc=0x8001A244 instr=0x0C005594 v0=0xFFFFFFFF v1=0x0000006E a0=0xFFFFFFFF a1=0x00008000 a2=0x00000000 a3=0x00000000 s0=0x00000003 s1=0x801E0000 s2=0x80032D80 s3=0x80032B48 sp=0x801FFF98 ra=0x8001A184 m2ab4=0x00000000 m2ab8=0x00000000 m2ac5=0x00 c2ba=0x0000 c2b8=0x00000000 c2bc=0x00000000 f=0
[BLACKSCREEN][A110-15650-CALL] #111 call_pc=0x8001A244 ra=0x8001A24C v0=0xFFFFFFFF v1=0x0000006E a0=0xFFFFFFFF a1=0x00008000 sp=0x801FFF98 c2ba=0x0000 f=0
[BLACKSCREEN][INTERP] enter start=0x80015650 instr0=0x3C028003 a0=0xFFFFFFFF ra=0x8001A24C sp=0x801FFF98 f=0
[BLACKSCREEN][15650-STEP] #331 pc=0x80015650 instr=0x3C028003 v0=0xFFFFFFFF v1=0x0000006E a0=0xFFFFFFFF a1=0x00008000 c2ba=0x0000 c2b8=0x00000000 c2bc=0x00000000 ra=0x8001A24C sp=0x801FFF98 f=0
[BLACKSCREEN][15650-STEP] #332 pc=0x80015654 instr=0x9442C2BA v0=0x80030000 v1=0x0000006E a0=0xFFFFFFFF a1=0x00008000 c2ba=0x0000 c2b8=0x00000000 c2bc=0x00000000 ra=0x8001A24C sp=0x801FFF98 f=0
[BLACKSCREEN][STATE-C2BA-R] #111 size=2 phys=0x0002C2BA val=0x0000 ra=0x8001A24C sp=0x801FFF98 pc=0x00000000 f=0
[BLACKSCREEN][15650-STEP] #333 pc=0x80015658 instr=0x03E00008 v0=0x00000000 v1=0x0000006E a0=0xFFFFFFFF a1=0x00008000 c2ba=0x0000 c2b8=0x00000000 c2bc=0x00000000 ra=0x8001A24C sp=0x801FFF98 f=0
[BLACKSCREEN][15650-RET] #111 reason=jr_ra end=0x80015658 target=0x8001A24C steps=3 v0=0x00000000 v1=0x0000006E c2ba=0x0000 c2b8=0x00000000 c2bc=0x00000000 ra=0x8001A24C sp=0x801FFF98 f=0
[BLACKSCREEN][INTERP] start=0x80015650 end=0x80015658 steps=3 reason=jr_ra target=0x8001A24C ra=0x8001A24C sp=0x801FFF98 f=0
[BLACKSCREEN][A110-15650-RET] #111 call_pc=0x8001A244 v0_after=0x00000000 v1_after=0x0000006E a0=0xFFFFFFFF a1=0x00008000 sp_after=0x801FFF98 c2ba=0x0000 f=0
[BLACKSCREEN][A110-PATH] #444 pc=0x8001A24C instr=0x1040002B v0=0x00000000 v1=0x0000006E a0=0xFFFFFFFF a1=0x00008000 a2=0x00000000 a3=0x00000000 s0=0x00000003 s1=0x801E0000 s2=0x80032D80 s3=0x80032B48 sp=0x801FFF98 ra=0x8001A24C m2ab4=0x00000000 m2ab8=0x00000000 m2ac5=0x00 c2ba=0x0000 c2b8=0x00000000 c2bc=0x00000000 f=0
[BLACKSCREEN][STATE-C2A8AC-R] #227 size=4 phys=0x0002C2A8 val=0x1F801814 ra=0x8001A184 sp=0x801FFF98 pc=0x00000000 f=0
[BLACKSCREEN][STATE-C2A8AC-R] #228 size=4 phys=0x0002C2AC val=0x1F801110 ra=0x8001A184 sp=0x801FFF98 pc=0x00000000 f=0
[BLACKSCREEN][A110-PATH] #445 pc=0x8001A238 instr=0x00001021 v0=0x00000000 v1=0x0000006F a0=0xFFFFFFFF a1=0x00008000 a2=0x00000000 a3=0x00000000 s0=0x00000003 s1=0x801E0000 s2=0x80032D80 s3=0x80032B48 sp=0x801FFF98 ra=0x8001A184 m2ab4=0x00000000 m2ab8=0x00000000 m2ac5=0x00 c2ba=0x0000 c2b8=0x00000000 c2bc=0x00000000 f=0
[BLACKSCREEN][A110-PATH] #446 pc=0x8001A23C instr=0x14400049 v0=0x00000000 v1=0x0000006F a0=0xFFFFFFFF a1=0x00008000 a2=0x00000000 a3=0x00000000 s0=0x00000003 s1=0x801E0000 s2=0x80032D80 s3=0x80032B48 sp=0x801FFF98 ra=0x8001A184 m2ab4=0x00000000 m2ab8=0x00000000 m2ac5=0x00 c2ba=0x0000 c2b8=0x00000000 c2bc=0x00000000 f=0
[BLACKSCREEN][A110-PATH] #447 pc=0x8001A244 instr=0x0C005594 v0=0xFFFFFFFF v1=0x0000006F a0=0xFFFFFFFF a1=0x00008000 a2=0x00000000 a3=0x00000000 s0=0x00000003 s1=0x801E0000 s2=0x80032D80 s3=0x80032B48 sp=0x801FFF98 ra=0x8001A184 m2ab4=0x00000000 m2ab8=0x00000000 m2ac5=0x00 c2ba=0x0000 c2b8=0x00000000 c2bc=0x00000000 f=0
[BLACKSCREEN][A110-15650-CALL] #112 call_pc=0x8001A244 ra=0x8001A24C v0=0xFFFFFFFF v1=0x0000006F a0=0xFFFFFFFF a1=0x00008000 sp=0x801FFF98 c2ba=0x0000 f=0
[BLACKSCREEN][INTERP] enter start=0x80015650 instr0=0x3C028003 a0=0xFFFFFFFF ra=0x8001A24C sp=0x801FFF98 f=0
[BLACKSCREEN][15650-STEP] #334 pc=0x80015650 instr=0x3C028003 v0=0xFFFFFFFF v1=0x0000006F a0=0xFFFFFFFF a1=0x00008000 c2ba=0x0000 c2b8=0x00000000 c2bc=0x00000000 ra=0x8001A24C sp=0x801FFF98 f=0
[BLACKSCREEN][15650-STEP] #335 pc=0x80015654 instr=0x9442C2BA v0=0x80030000 v1=0x0000006F a0=0xFFFFFFFF a1=0x00008000 c2ba=0x0000 c2b8=0x00000000 c2bc=0x00000000 ra=0x8001A24C sp=0x801FFF98 f=0
[BLACKSCREEN][STATE-C2BA-R] #112 size=2 phys=0x0002C2BA val=0x0000 ra=0x8001A24C sp=0x801FFF98 pc=0x00000000 f=0
[BLACKSCREEN][15650-STEP] #336 pc=0x80015658 instr=0x03E00008 v0=0x00000000 v1=0x0000006F a0=0xFFFFFFFF a1=0x00008000 c2ba=0x0000 c2b8=0x00000000 c2bc=0x00000000 ra=0x8001A24C sp=0x801FFF98 f=0
[BLACKSCREEN][15650-RET] #112 reason=jr_ra end=0x80015658 target=0x8001A24C steps=3 v0=0x00000000 v1=0x0000006F c2ba=0x0000 c2b8=0x00000000 c2bc=0x00000000 ra=0x8001A24C sp=0x801FFF98 f=0
[BLACKSCREEN][INTERP] start=0x80015650 end=0x80015658 steps=3 reason=jr_ra target=0x8001A24C ra=0x8001A24C sp=0x801FFF98 f=0
[BLACKSCREEN][A110-15650-RET] #112 call_pc=0x8001A244 v0_after=0x00000000 v1_after=0x0000006F a0=0xFFFFFFFF a1=0x00008000 sp_after=0x801FFF98 c2ba=0x0000 f=0
[BLACKSCREEN][A110-PATH] #448 pc=0x8001A24C instr=0x1040002B v0=0x00000000 v1=0x0000006F a0=0xFFFFFFFF a1=0x00008000 a2=0x00000000 a3=0x00000000 s0=0x00000003 s1=0x801E0000 s2=0x80032D80 s3=0x80032B48 sp=0x801FFF98 ra=0x8001A24C m2ab4=0x00000000 m2ab8=0x00000000 m2ac5=0x00 c2ba=0x0000 c2b8=0x00000000 c2bc=0x00000000 f=0
[BLACKSCREEN][STATE-C2A8AC-R] #229 size=4 phys=0x0002C2A8 val=0x1F801814 ra=0x8001A184 sp=0x801FFF98 pc=0x00000000 f=0
[BLACKSCREEN][STATE-C2A8AC-R] #230 size=4 phys=0x0002C2AC val=0x1F801110 ra=0x8001A184 sp=0x801FFF98 pc=0x00000000 f=0
[BLACKSCREEN][A110-PATH] #449 pc=0x8001A238 instr=0x00001021 v0=0x00000000 v1=0x00000070 a0=0xFFFFFFFF a1=0x00008000 a2=0x00000000 a3=0x00000000 s0=0x00000003 s1=0x801E0000 s2=0x80032D80 s3=0x80032B48 sp=0x801FFF98 ra=0x8001A184 m2ab4=0x00000000 m2ab8=0x00000000 m2ac5=0x00 c2ba=0x0000 c2b8=0x00000000 c2bc=0x00000000 f=0
[BLACKSCREEN][A110-PATH] #450 pc=0x8001A23C instr=0x14400049 v0=0x00000000 v1=0x00000070 a0=0xFFFFFFFF a1=0x00008000 a2=0x00000000 a3=0x00000000 s0=0x00000003 s1=0x801E0000 s2=0x80032D80 s3=0x80032B48 sp=0x801FFF98 ra=0x8001A184 m2ab4=0x00000000 m2ab8=0x00000000 m2ac5=0x00 c2ba=0x0000 c2b8=0x00000000 c2bc=0x00000000 f=0
[BLACKSCREEN][A110-PATH] #451 pc=0x8001A244 instr=0x0C005594 v0=0xFFFFFFFF v1=0x00000070 a0=0xFFFFFFFF a1=0x00008000 a2=0x00000000 a3=0x00000000 s0=0x00000003 s1=0x801E0000 s2=0x80032D80 s3=0x80032B48 sp=0x801FFF98 ra=0x8001A184 m2ab4=0x00000000 m2ab8=0x00000000 m2ac5=0x00 c2ba=0x0000 c2b8=0x00000000 c2bc=0x00000000 f=0
[BLACKSCREEN][A110-15650-CALL] #113 call_pc=0x8001A244 ra=0x8001A24C v0=0xFFFFFFFF v1=0x00000070 a0=0xFFFFFFFF a1=0x00008000 sp=0x801FFF98 c2ba=0x0000 f=0
[BLACKSCREEN][INTERP] enter start=0x80015650 instr0=0x3C028003 a0=0xFFFFFFFF ra=0x8001A24C sp=0x801FFF98 f=0
[BLACKSCREEN][15650-STEP] #337 pc=0x80015650 instr=0x3C028003 v0=0xFFFFFFFF v1=0x00000070 a0=0xFFFFFFFF a1=0x00008000 c2ba=0x0000 c2b8=0x00000000 c2bc=0x00000000 ra=0x8001A24C sp=0x801FFF98 f=0
[BLACKSCREEN][15650-STEP] #338 pc=0x80015654 instr=0x9442C2BA v0=0x80030000 v1=0x00000070 a0=0xFFFFFFFF a1=0x00008000 c2ba=0x0000 c2b8=0x00000000 c2bc=0x00000000 ra=0x8001A24C sp=0x801FFF98 f=0
[BLACKSCREEN][STATE-C2BA-R] #113 size=2 phys=0x0002C2BA val=0x0000 ra=0x8001A24C sp=0x801FFF98 pc=0x00000000 f=0
[BLACKSCREEN][15650-STEP] #339 pc=0x80015658 instr=0x03E00008 v0=0x00000000 v1=0x00000070 a0=0xFFFFFFFF a1=0x00008000 c2ba=0x0000 c2b8=0x00000000 c2bc=0x00000000 ra=0x8001A24C sp=0x801FFF98 f=0
[BLACKSCREEN][15650-RET] #113 reason=jr_ra end=0x80015658 target=0x8001A24C steps=3 v0=0x00000000 v1=0x00000070 c2ba=0x0000 c2b8=0x00000000 c2bc=0x00000000 ra=0x8001A24C sp=0x801FFF98 f=0
[BLACKSCREEN][INTERP] start=0x80015650 end=0x80015658 steps=3 reason=jr_ra target=0x8001A24C ra=0x8001A24C sp=0x801FFF98 f=0
[BLACKSCREEN][A110-15650-RET] #113 call_pc=0x8001A244 v0_after=0x00000000 v1_after=0x00000070 a0=0xFFFFFFFF a1=0x00008000 sp_after=0x801FFF98 c2ba=0x0000 f=0
[BLACKSCREEN][A110-PATH] #452 pc=0x8001A24C instr=0x1040002B v0=0x00000000 v1=0x00000070 a0=0xFFFFFFFF a1=0x00008000 a2=0x00000000 a3=0x00000000 s0=0x00000003 s1=0x801E0000 s2=0x80032D80 s3=0x80032B48 sp=0x801FFF98 ra=0x8001A24C m2ab4=0x00000000 m2ab8=0x00000000 m2ac5=0x00 c2ba=0x0000 c2b8=0x00000000 c2bc=0x00000000 f=0
[BLACKSCREEN][STATE-C2A8AC-R] #231 size=4 phys=0x0002C2A8 val=0x1F801814 ra=0x8001A184 sp=0x801FFF98 pc=0x00000000 f=0
[BLACKSCREEN][STATE-C2A8AC-R] #232 size=4 phys=0x0002C2AC val=0x1F801110 ra=0x8001A184 sp=0x801FFF98 pc=0x00000000 f=0
[BLACKSCREEN][A110-PATH] #453 pc=0x8001A238 instr=0x00001021 v0=0x00000000 v1=0x00000071 a0=0xFFFFFFFF a1=0x00008000 a2=0x00000000 a3=0x00000000 s0=0x00000003 s1=0x801E0000 s2=0x80032D80 s3=0x80032B48 sp=0x801FFF98 ra=0x8001A184 m2ab4=0x00000000 m2ab8=0x00000000 m2ac5=0x00 c2ba=0x0000 c2b8=0x00000000 c2bc=0x00000000 f=0
[BLACKSCREEN][A110-PATH] #454 pc=0x8001A23C instr=0x14400049 v0=0x00000000 v1=0x00000071 a0=0xFFFFFFFF a1=0x00008000 a2=0x00000000 a3=0x00000000 s0=0x00000003 s1=0x801E0000 s2=0x80032D80 s3=0x80032B48 sp=0x801FFF98 ra=0x8001A184 m2ab4=0x00000000 m2ab8=0x00000000 m2ac5=0x00 c2ba=0x0000 c2b8=0x00000000 c2bc=0x00000000 f=0
[BLACKSCREEN][A110-PATH] #455 pc=0x8001A244 instr=0x0C005594 v0=0xFFFFFFFF v1=0x00000071 a0=0xFFFFFFFF a1=0x00008000 a2=0x00000000 a3=0x00000000 s0=0x00000003 s1=0x801E0000 s2=0x80032D80 s3=0x80032B48 sp=0x801FFF98 ra=0x8001A184 m2ab4=0x00000000 m2ab8=0x00000000 m2ac5=0x00 c2ba=0x0000 c2b8=0x00000000 c2bc=0x00000000 f=0
[BLACKSCREEN][A110-15650-CALL] #114 call_pc=0x8001A244 ra=0x8001A24C v0=0xFFFFFFFF v1=0x00000071 a0=0xFFFFFFFF a1=0x00008000 sp=0x801FFF98 c2ba=0x0000 f=0
[BLACKSCREEN][INTERP] enter start=0x80015650 instr0=0x3C028003 a0=0xFFFFFFFF ra=0x8001A24C sp=0x801FFF98 f=0
[BLACKSCREEN][15650-STEP] #340 pc=0x80015650 instr=0x3C028003 v0=0xFFFFFFFF v1=0x00000071 a0=0xFFFFFFFF a1=0x00008000 c2ba=0x0000 c2b8=0x00000000 c2bc=0x00000000 ra=0x8001A24C sp=0x801FFF98 f=0
[BLACKSCREEN][15650-STEP] #341 pc=0x80015654 instr=0x9442C2BA v0=0x80030000 v1=0x00000071 a0=0xFFFFFFFF a1=0x00008000 c2ba=0x0000 c2b8=0x00000000 c2bc=0x00000000 ra=0x8001A24C sp=0x801FFF98 f=0
[BLACKSCREEN][STATE-C2BA-R] #114 size=2 phys=0x0002C2BA val=0x0000 ra=0x8001A24C sp=0x801FFF98 pc=0x00000000 f=0
[BLACKSCREEN][15650-STEP] #342 pc=0x80015658 instr=0x03E00008 v0=0x00000000 v1=0x00000071 a0=0xFFFFFFFF a1=0x00008000 c2ba=0x0000 c2b8=0x00000000 c2bc=0x00000000 ra=0x8001A24C sp=0x801FFF98 f=0
[BLACKSCREEN][15650-RET] #114 reason=jr_ra end=0x80015658 target=0x8001A24C steps=3 v0=0x00000000 v1=0x00000071 c2ba=0x0000 c2b8=0x00000000 c2bc=0x00000000 ra=0x8001A24C sp=0x801FFF98 f=0
[BLACKSCREEN][INTERP] start=0x80015650 end=0x80015658 steps=3 reason=jr_ra target=0x8001A24C ra=0x8001A24C sp=0x801FFF98 f=0
[BLACKSCREEN][A110-15650-RET] #114 call_pc=0x8001A244 v0_after=0x00000000 v1_after=0x00000071 a0=0xFFFFFFFF a1=0x00008000 sp_after=0x801FFF98 c2ba=0x0000 f=0
[BLACKSCREEN][A110-PATH] #456 pc=0x8001A24C instr=0x1040002B v0=0x00000000 v1=0x00000071 a0=0xFFFFFFFF a1=0x00008000 a2=0x00000000 a3=0x00000000 s0=0x00000003 s1=0x801E0000 s2=0x80032D80 s3=0x80032B48 sp=0x801FFF98 ra=0x8001A24C m2ab4=0x00000000 m2ab8=0x00000000 m2ac5=0x00 c2ba=0x0000 c2b8=0x00000000 c2bc=0x00000000 f=0
[BLACKSCREEN][STATE-C2A8AC-R] #233 size=4 phys=0x0002C2A8 val=0x1F801814 ra=0x8001A184 sp=0x801FFF98 pc=0x00000000 f=0
[BLACKSCREEN][STATE-C2A8AC-R] #234 size=4 phys=0x0002C2AC val=0x1F801110 ra=0x8001A184 sp=0x801FFF98 pc=0x00000000 f=0
[BLACKSCREEN][A110-PATH] #457 pc=0x8001A238 instr=0x00001021 v0=0x00000000 v1=0x00000072 a0=0xFFFFFFFF a1=0x00008000 a2=0x00000000 a3=0x00000000 s0=0x00000003 s1=0x801E0000 s2=0x80032D80 s3=0x80032B48 sp=0x801FFF98 ra=0x8001A184 m2ab4=0x00000000 m2ab8=0x00000000 m2ac5=0x00 c2ba=0x0000 c2b8=0x00000000 c2bc=0x00000000 f=0
[BLACKSCREEN][A110-PATH] #458 pc=0x8001A23C instr=0x14400049 v0=0x00000000 v1=0x00000072 a0=0xFFFFFFFF a1=0x00008000 a2=0x00000000 a3=0x00000000 s0=0x00000003 s1=0x801E0000 s2=0x80032D80 s3=0x80032B48 sp=0x801FFF98 ra=0x8001A184 m2ab4=0x00000000 m2ab8=0x00000000 m2ac5=0x00 c2ba=0x0000 c2b8=0x00000000 c2bc=0x00000000 f=0
[BLACKSCREEN][A110-PATH] #459 pc=0x8001A244 instr=0x0C005594 v0=0xFFFFFFFF v1=0x00000072 a0=0xFFFFFFFF a1=0x00008000 a2=0x00000000 a3=0x00000000 s0=0x00000003 s1=0x801E0000 s2=0x80032D80 s3=0x80032B48 sp=0x801FFF98 ra=0x8001A184 m2ab4=0x00000000 m2ab8=0x00000000 m2ac5=0x00 c2ba=0x0000 c2b8=0x00000000 c2bc=0x00000000 f=0
[BLACKSCREEN][A110-15650-CALL] #115 call_pc=0x8001A244 ra=0x8001A24C v0=0xFFFFFFFF v1=0x00000072 a0=0xFFFFFFFF a1=0x00008000 sp=0x801FFF98 c2ba=0x0000 f=0
[BLACKSCREEN][15650-STEP] #343 pc=0x80015650 instr=0x3C028003 v0=0xFFFFFFFF v1=0x00000072 a0=0xFFFFFFFF a1=0x00008000 c2ba=0x0000 c2b8=0x00000000 c2bc=0x00000000 ra=0x8001A24C sp=0x801FFF98 f=0
[BLACKSCREEN][15650-STEP] #344 pc=0x80015654 instr=0x9442C2BA v0=0x80030000 v1=0x00000072 a0=0xFFFFFFFF a1=0x00008000 c2ba=0x0000 c2b8=0x00000000 c2bc=0x00000000 ra=0x8001A24C sp=0x801FFF98 f=0
[BLACKSCREEN][STATE-C2BA-R] #115 size=2 phys=0x0002C2BA val=0x0000 ra=0x8001A24C sp=0x801FFF98 pc=0x00000000 f=0
[BLACKSCREEN][15650-STEP] #345 pc=0x80015658 instr=0x03E00008 v0=0x00000000 v1=0x00000072 a0=0xFFFFFFFF a1=0x00008000 c2ba=0x0000 c2b8=0x00000000 c2bc=0x00000000 ra=0x8001A24C sp=0x801FFF98 f=0
[BLACKSCREEN][15650-RET] #115 reason=jr_ra end=0x80015658 target=0x8001A24C steps=3 v0=0x00000000 v1=0x00000072 c2ba=0x0000 c2b8=0x00000000 c2bc=0x00000000 ra=0x8001A24C sp=0x801FFF98 f=0
[BLACKSCREEN][INTERP] start=0x80015650 end=0x80015658 steps=3 reason=jr_ra target=0x8001A24C ra=0x8001A24C sp=0x801FFF98 f=0
[BLACKSCREEN][A110-15650-RET] #115 call_pc=0x8001A244 v0_after=0x00000000 v1_after=0x00000072 a0=0xFFFFFFFF a1=0x00008000 sp_after=0x801FFF98 c2ba=0x0000 f=0
[BLACKSCREEN][A110-PATH] #460 pc=0x8001A24C instr=0x1040002B v0=0x00000000 v1=0x00000072 a0=0xFFFFFFFF a1=0x00008000 a2=0x00000000 a3=0x00000000 s0=0x00000003 s1=0x801E0000 s2=0x80032D80 s3=0x80032B48 sp=0x801FFF98 ra=0x8001A24C m2ab4=0x00000000 m2ab8=0x00000000 m2ac5=0x00 c2ba=0x0000 c2b8=0x00000000 c2bc=0x00000000 f=0
[BLACKSCREEN][STATE-C2A8AC-R] #235 size=4 phys=0x0002C2A8 val=0x1F801814 ra=0x8001A184 sp=0x801FFF98 pc=0x00000000 f=0
[BLACKSCREEN][STATE-C2A8AC-R] #236 size=4 phys=0x0002C2AC val=0x1F801110 ra=0x8001A184 sp=0x801FFF98 pc=0x00000000 f=0
[BLACKSCREEN][A110-PATH] #461 pc=0x8001A238 instr=0x00001021 v0=0x00000000 v1=0x00000073 a0=0xFFFFFFFF a1=0x00008000 a2=0x00000000 a3=0x00000000 s0=0x00000003 s1=0x801E0000 s2=0x80032D80 s3=0x80032B48 sp=0x801FFF98 ra=0x8001A184 m2ab4=0x00000000 m2ab8=0x00000000 m2ac5=0x00 c2ba=0x0000 c2b8=0x00000000 c2bc=0x00000000 f=0
[BLACKSCREEN][A110-PATH] #462 pc=0x8001A23C instr=0x14400049 v0=0x00000000 v1=0x00000073 a0=0xFFFFFFFF a1=0x00008000 a2=0x00000000 a3=0x00000000 s0=0x00000003 s1=0x801E0000 s2=0x80032D80 s3=0x80032B48 sp=0x801FFF98 ra=0x8001A184 m2ab4=0x00000000 m2ab8=0x00000000 m2ac5=0x00 c2ba=0x0000 c2b8=0x00000000 c2bc=0x00000000 f=0
[BLACKSCREEN][A110-PATH] #463 pc=0x8001A244 instr=0x0C005594 v0=0xFFFFFFFF v1=0x00000073 a0=0xFFFFFFFF a1=0x00008000 a2=0x00000000 a3=0x00000000 s0=0x00000003 s1=0x801E0000 s2=0x80032D80 s3=0x80032B48 sp=0x801FFF98 ra=0x8001A184 m2ab4=0x00000000 m2ab8=0x00000000 m2ac5=0x00 c2ba=0x0000 c2b8=0x00000000 c2bc=0x00000000 f=0
[BLACKSCREEN][A110-15650-CALL] #116 call_pc=0x8001A244 ra=0x8001A24C v0=0xFFFFFFFF v1=0x00000073 a0=0xFFFFFFFF a1=0x00008000 sp=0x801FFF98 c2ba=0x0000 f=0
[BLACKSCREEN][15650-STEP] #346 pc=0x80015650 instr=0x3C028003 v0=0xFFFFFFFF v1=0x00000073 a0=0xFFFFFFFF a1=0x00008000 c2ba=0x0000 c2b8=0x00000000 c2bc=0x00000000 ra=0x8001A24C sp=0x801FFF98 f=0
[BLACKSCREEN][15650-STEP] #347 pc=0x80015654 instr=0x9442C2BA v0=0x80030000 v1=0x00000073 a0=0xFFFFFFFF a1=0x00008000 c2ba=0x0000 c2b8=0x00000000 c2bc=0x00000000 ra=0x8001A24C sp=0x801FFF98 f=0
[BLACKSCREEN][STATE-C2BA-R] #116 size=2 phys=0x0002C2BA val=0x0000 ra=0x8001A24C sp=0x801FFF98 pc=0x00000000 f=0
[BLACKSCREEN][15650-STEP] #348 pc=0x80015658 instr=0x03E00008 v0=0x00000000 v1=0x00000073 a0=0xFFFFFFFF a1=0x00008000 c2ba=0x0000 c2b8=0x00000000 c2bc=0x00000000 ra=0x8001A24C sp=0x801FFF98 f=0
[BLACKSCREEN][15650-RET] #116 reason=jr_ra end=0x80015658 target=0x8001A24C steps=3 v0=0x00000000 v1=0x00000073 c2ba=0x0000 c2b8=0x00000000 c2bc=0x00000000 ra=0x8001A24C sp=0x801FFF98 f=0
[BLACKSCREEN][INTERP] start=0x80015650 end=0x80015658 steps=3 reason=jr_ra target=0x8001A24C ra=0x8001A24C sp=0x801FFF98 f=0
[BLACKSCREEN][A110-15650-RET] #116 call_pc=0x8001A244 v0_after=0x00000000 v1_after=0x00000073 a0=0xFFFFFFFF a1=0x00008000 sp_after=0x801FFF98 c2ba=0x0000 f=0
[BLACKSCREEN][A110-PATH] #464 pc=0x8001A24C instr=0x1040002B v0=0x00000000 v1=0x00000073 a0=0xFFFFFFFF a1=0x00008000 a2=0x00000000 a3=0x00000000 s0=0x00000003 s1=0x801E0000 s2=0x80032D80 s3=0x80032B48 sp=0x801FFF98 ra=0x8001A24C m2ab4=0x00000000 m2ab8=0x00000000 m2ac5=0x00 c2ba=0x0000 c2b8=0x00000000 c2bc=0x00000000 f=0
[BLACKSCREEN][STATE-C2A8AC-R] #237 size=4 phys=0x0002C2A8 val=0x1F801814 ra=0x8001A184 sp=0x801FFF98 pc=0x00000000 f=0
[BLACKSCREEN][STATE-C2A8AC-R] #238 size=4 phys=0x0002C2AC val=0x1F801110 ra=0x8001A184 sp=0x801FFF98 pc=0x00000000 f=0
[BLACKSCREEN][A110-PATH] #465 pc=0x8001A238 instr=0x00001021 v0=0x00000000 v1=0x00000074 a0=0xFFFFFFFF a1=0x00008000 a2=0x00000000 a3=0x00000000 s0=0x00000003 s1=0x801E0000 s2=0x80032D80 s3=0x80032B48 sp=0x801FFF98 ra=0x8001A184 m2ab4=0x00000000 m2ab8=0x00000000 m2ac5=0x00 c2ba=0x0000 c2b8=0x00000000 c2bc=0x00000000 f=0
[BLACKSCREEN][A110-PATH] #466 pc=0x8001A23C instr=0x14400049 v0=0x00000000 v1=0x00000074 a0=0xFFFFFFFF a1=0x00008000 a2=0x00000000 a3=0x00000000 s0=0x00000003 s1=0x801E0000 s2=0x80032D80 s3=0x80032B48 sp=0x801FFF98 ra=0x8001A184 m2ab4=0x00000000 m2ab8=0x00000000 m2ac5=0x00 c2ba=0x0000 c2b8=0x00000000 c2bc=0x00000000 f=0
[BLACKSCREEN][A110-PATH] #467 pc=0x8001A244 instr=0x0C005594 v0=0xFFFFFFFF v1=0x00000074 a0=0xFFFFFFFF a1=0x00008000 a2=0x00000000 a3=0x00000000 s0=0x00000003 s1=0x801E0000 s2=0x80032D80 s3=0x80032B48 sp=0x801FFF98 ra=0x8001A184 m2ab4=0x00000000 m2ab8=0x00000000 m2ac5=0x00 c2ba=0x0000 c2b8=0x00000000 c2bc=0x00000000 f=0
[BLACKSCREEN][A110-15650-CALL] #117 call_pc=0x8001A244 ra=0x8001A24C v0=0xFFFFFFFF v1=0x00000074 a0=0xFFFFFFFF a1=0x00008000 sp=0x801FFF98 c2ba=0x0000 f=0
[BLACKSCREEN][15650-STEP] #349 pc=0x80015650 instr=0x3C028003 v0=0xFFFFFFFF v1=0x00000074 a0=0xFFFFFFFF a1=0x00008000 c2ba=0x0000 c2b8=0x00000000 c2bc=0x00000000 ra=0x8001A24C sp=0x801FFF98 f=0
[BLACKSCREEN][15650-STEP] #350 pc=0x80015654 instr=0x9442C2BA v0=0x80030000 v1=0x00000074 a0=0xFFFFFFFF a1=0x00008000 c2ba=0x0000 c2b8=0x00000000 c2bc=0x00000000 ra=0x8001A24C sp=0x801FFF98 f=0
[BLACKSCREEN][STATE-C2BA-R] #117 size=2 phys=0x0002C2BA val=0x0000 ra=0x8001A24C sp=0x801FFF98 pc=0x00000000 f=0
[BLACKSCREEN][15650-STEP] #351 pc=0x80015658 instr=0x03E00008 v0=0x00000000 v1=0x00000074 a0=0xFFFFFFFF a1=0x00008000 c2ba=0x0000 c2b8=0x00000000 c2bc=0x00000000 ra=0x8001A24C sp=0x801FFF98 f=0
[BLACKSCREEN][15650-RET] #117 reason=jr_ra end=0x80015658 target=0x8001A24C steps=3 v0=0x00000000 v1=0x00000074 c2ba=0x0000 c2b8=0x00000000 c2bc=0x00000000 ra=0x8001A24C sp=0x801FFF98 f=0
[BLACKSCREEN][A110-15650-RET] #117 call_pc=0x8001A244 v0_after=0x00000000 v1_after=0x00000074 a0=0xFFFFFFFF a1=0x00008000 sp_after=0x801FFF98 c2ba=0x0000 f=0
[BLACKSCREEN][A110-PATH] #468 pc=0x8001A24C instr=0x1040002B v0=0x00000000 v1=0x00000074 a0=0xFFFFFFFF a1=0x00008000 a2=0x00000000 a3=0x00000000 s0=0x00000003 s1=0x801E0000 s2=0x80032D80 s3=0x80032B48 sp=0x801FFF98 ra=0x8001A24C m2ab4=0x00000000 m2ab8=0x00000000 m2ac5=0x00 c2ba=0x0000 c2b8=0x00000000 c2bc=0x00000000 f=0
[BLACKSCREEN][STATE-C2A8AC-R] #239 size=4 phys=0x0002C2A8 val=0x1F801814 ra=0x8001A184 sp=0x801FFF98 pc=0x00000000 f=0
[BLACKSCREEN][STATE-C2A8AC-R] #240 size=4 phys=0x0002C2AC val=0x1F801110 ra=0x8001A184 sp=0x801FFF98 pc=0x00000000 f=0
[BLACKSCREEN][A110-PATH] #469 pc=0x8001A238 instr=0x00001021 v0=0x00000000 v1=0x00000075 a0=0xFFFFFFFF a1=0x00008000 a2=0x00000000 a3=0x00000000 s0=0x00000003 s1=0x801E0000 s2=0x80032D80 s3=0x80032B48 sp=0x801FFF98 ra=0x8001A184 m2ab4=0x00000000 m2ab8=0x00000000 m2ac5=0x00 c2ba=0x0000 c2b8=0x00000000 c2bc=0x00000000 f=0
[BLACKSCREEN][A110-PATH] #470 pc=0x8001A23C instr=0x14400049 v0=0x00000000 v1=0x00000075 a0=0xFFFFFFFF a1=0x00008000 a2=0x00000000 a3=0x00000000 s0=0x00000003 s1=0x801E0000 s2=0x80032D80 s3=0x80032B48 sp=0x801FFF98 ra=0x8001A184 m2ab4=0x00000000 m2ab8=0x00000000 m2ac5=0x00 c2ba=0x0000 c2b8=0x00000000 c2bc=0x00000000 f=0
[BLACKSCREEN][A110-PATH] #471 pc=0x8001A244 instr=0x0C005594 v0=0xFFFFFFFF v1=0x00000075 a0=0xFFFFFFFF a1=0x00008000 a2=0x00000000 a3=0x00000000 s0=0x00000003 s1=0x801E0000 s2=0x80032D80 s3=0x80032B48 sp=0x801FFF98 ra=0x8001A184 m2ab4=0x00000000 m2ab8=0x00000000 m2ac5=0x00 c2ba=0x0000 c2b8=0x00000000 c2bc=0x00000000 f=0
[BLACKSCREEN][A110-15650-CALL] #118 call_pc=0x8001A244 ra=0x8001A24C v0=0xFFFFFFFF v1=0x00000075 a0=0xFFFFFFFF a1=0x00008000 sp=0x801FFF98 c2ba=0x0000 f=0
[BLACKSCREEN][15650-STEP] #352 pc=0x80015650 instr=0x3C028003 v0=0xFFFFFFFF v1=0x00000075 a0=0xFFFFFFFF a1=0x00008000 c2ba=0x0000 c2b8=0x00000000 c2bc=0x00000000 ra=0x8001A24C sp=0x801FFF98 f=0
[BLACKSCREEN][15650-STEP] #353 pc=0x80015654 instr=0x9442C2BA v0=0x80030000 v1=0x00000075 a0=0xFFFFFFFF a1=0x00008000 c2ba=0x0000 c2b8=0x00000000 c2bc=0x00000000 ra=0x8001A24C sp=0x801FFF98 f=0
[BLACKSCREEN][STATE-C2BA-R] #118 size=2 phys=0x0002C2BA val=0x0000 ra=0x8001A24C sp=0x801FFF98 pc=0x00000000 f=0
[BLACKSCREEN][15650-STEP] #354 pc=0x80015658 instr=0x03E00008 v0=0x00000000 v1=0x00000075 a0=0xFFFFFFFF a1=0x00008000 c2ba=0x0000 c2b8=0x00000000 c2bc=0x00000000 ra=0x8001A24C sp=0x801FFF98 f=0
[BLACKSCREEN][15650-RET] #118 reason=jr_ra end=0x80015658 target=0x8001A24C steps=3 v0=0x00000000 v1=0x00000075 c2ba=0x0000 c2b8=0x00000000 c2bc=0x00000000 ra=0x8001A24C sp=0x801FFF98 f=0
[BLACKSCREEN][A110-15650-RET] #118 call_pc=0x8001A244 v0_after=0x00000000 v1_after=0x00000075 a0=0xFFFFFFFF a1=0x00008000 sp_after=0x801FFF98 c2ba=0x0000 f=0
[BLACKSCREEN][A110-PATH] #472 pc=0x8001A24C instr=0x1040002B v0=0x00000000 v1=0x00000075 a0=0xFFFFFFFF a1=0x00008000 a2=0x00000000 a3=0x00000000 s0=0x00000003 s1=0x801E0000 s2=0x80032D80 s3=0x80032B48 sp=0x801FFF98 ra=0x8001A24C m2ab4=0x00000000 m2ab8=0x00000000 m2ac5=0x00 c2ba=0x0000 c2b8=0x00000000 c2bc=0x00000000 f=0
[BLACKSCREEN][STATE-C2A8AC-R] #241 size=4 phys=0x0002C2A8 val=0x1F801814 ra=0x8001A184 sp=0x801FFF98 pc=0x00000000 f=0
[BLACKSCREEN][STATE-C2A8AC-R] #242 size=4 phys=0x0002C2AC val=0x1F801110 ra=0x8001A184 sp=0x801FFF98 pc=0x00000000 f=0
[BLACKSCREEN][A110-PATH] #473 pc=0x8001A238 instr=0x00001021 v0=0x00000000 v1=0x00000076 a0=0xFFFFFFFF a1=0x00008000 a2=0x00000000 a3=0x00000000 s0=0x00000003 s1=0x801E0000 s2=0x80032D80 s3=0x80032B48 sp=0x801FFF98 ra=0x8001A184 m2ab4=0x00000000 m2ab8=0x00000000 m2ac5=0x00 c2ba=0x0000 c2b8=0x00000000 c2bc=0x00000000 f=0
[BLACKSCREEN][A110-PATH] #474 pc=0x8001A23C instr=0x14400049 v0=0x00000000 v1=0x00000076 a0=0xFFFFFFFF a1=0x00008000 a2=0x00000000 a3=0x00000000 s0=0x00000003 s1=0x801E0000 s2=0x80032D80 s3=0x80032B48 sp=0x801FFF98 ra=0x8001A184 m2ab4=0x00000000 m2ab8=0x00000000 m2ac5=0x00 c2ba=0x0000 c2b8=0x00000000 c2bc=0x00000000 f=0
[BLACKSCREEN][A110-PATH] #475 pc=0x8001A244 instr=0x0C005594 v0=0xFFFFFFFF v1=0x00000076 a0=0xFFFFFFFF a1=0x00008000 a2=0x00000000 a3=0x00000000 s0=0x00000003 s1=0x801E0000 s2=0x80032D80 s3=0x80032B48 sp=0x801FFF98 ra=0x8001A184 m2ab4=0x00000000 m2ab8=0x00000000 m2ac5=0x00 c2ba=0x0000 c2b8=0x00000000 c2bc=0x00000000 f=0
[BLACKSCREEN][A110-15650-CALL] #119 call_pc=0x8001A244 ra=0x8001A24C v0=0xFFFFFFFF v1=0x00000076 a0=0xFFFFFFFF a1=0x00008000 sp=0x801FFF98 c2ba=0x0000 f=0
[BLACKSCREEN][15650-STEP] #355 pc=0x80015650 instr=0x3C028003 v0=0xFFFFFFFF v1=0x00000076 a0=0xFFFFFFFF a1=0x00008000 c2ba=0x0000 c2b8=0x00000000 c2bc=0x00000000 ra=0x8001A24C sp=0x801FFF98 f=0
[BLACKSCREEN][15650-STEP] #356 pc=0x80015654 instr=0x9442C2BA v0=0x80030000 v1=0x00000076 a0=0xFFFFFFFF a1=0x00008000 c2ba=0x0000 c2b8=0x00000000 c2bc=0x00000000 ra=0x8001A24C sp=0x801FFF98 f=0
[BLACKSCREEN][STATE-C2BA-R] #119 size=2 phys=0x0002C2BA val=0x0000 ra=0x8001A24C sp=0x801FFF98 pc=0x00000000 f=0
[BLACKSCREEN][15650-STEP] #357 pc=0x80015658 instr=0x03E00008 v0=0x00000000 v1=0x00000076 a0=0xFFFFFFFF a1=0x00008000 c2ba=0x0000 c2b8=0x00000000 c2bc=0x00000000 ra=0x8001A24C sp=0x801FFF98 f=0
[BLACKSCREEN][15650-RET] #119 reason=jr_ra end=0x80015658 target=0x8001A24C steps=3 v0=0x00000000 v1=0x00000076 c2ba=0x0000 c2b8=0x00000000 c2bc=0x00000000 ra=0x8001A24C sp=0x801FFF98 f=0
[BLACKSCREEN][A110-15650-RET] #119 call_pc=0x8001A244 v0_after=0x00000000 v1_after=0x00000076 a0=0xFFFFFFFF a1=0x00008000 sp_after=0x801FFF98 c2ba=0x0000 f=0
[BLACKSCREEN][A110-PATH] #476 pc=0x8001A24C instr=0x1040002B v0=0x00000000 v1=0x00000076 a0=0xFFFFFFFF a1=0x00008000 a2=0x00000000 a3=0x00000000 s0=0x00000003 s1=0x801E0000 s2=0x80032D80 s3=0x80032B48 sp=0x801FFF98 ra=0x8001A24C m2ab4=0x00000000 m2ab8=0x00000000 m2ac5=0x00 c2ba=0x0000 c2b8=0x00000000 c2bc=0x00000000 f=0
[BLACKSCREEN][STATE-C2A8AC-R] #243 size=4 phys=0x0002C2A8 val=0x1F801814 ra=0x8001A184 sp=0x801FFF98 pc=0x00000000 f=0
[BLACKSCREEN][STATE-C2A8AC-R] #244 size=4 phys=0x0002C2AC val=0x1F801110 ra=0x8001A184 sp=0x801FFF98 pc=0x00000000 f=0
[BLACKSCREEN][A110-PATH] #477 pc=0x8001A238 instr=0x00001021 v0=0x00000000 v1=0x00000077 a0=0xFFFFFFFF a1=0x00008000 a2=0x00000000 a3=0x00000000 s0=0x00000003 s1=0x801E0000 s2=0x80032D80 s3=0x80032B48 sp=0x801FFF98 ra=0x8001A184 m2ab4=0x00000000 m2ab8=0x00000000 m2ac5=0x00 c2ba=0x0000 c2b8=0x00000000 c2bc=0x00000000 f=0
[BLACKSCREEN][A110-PATH] #478 pc=0x8001A23C instr=0x14400049 v0=0x00000000 v1=0x00000077 a0=0xFFFFFFFF a1=0x00008000 a2=0x00000000 a3=0x00000000 s0=0x00000003 s1=0x801E0000 s2=0x80032D80 s3=0x80032B48 sp=0x801FFF98 ra=0x8001A184 m2ab4=0x00000000 m2ab8=0x00000000 m2ac5=0x00 c2ba=0x0000 c2b8=0x00000000 c2bc=0x00000000 f=0
[BLACKSCREEN][A110-PATH] #479 pc=0x8001A244 instr=0x0C005594 v0=0xFFFFFFFF v1=0x00000077 a0=0xFFFFFFFF a1=0x00008000 a2=0x00000000 a3=0x00000000 s0=0x00000003 s1=0x801E0000 s2=0x80032D80 s3=0x80032B48 sp=0x801FFF98 ra=0x8001A184 m2ab4=0x00000000 m2ab8=0x00000000 m2ac5=0x00 c2ba=0x0000 c2b8=0x00000000 c2bc=0x00000000 f=0
[BLACKSCREEN][A110-15650-CALL] #120 call_pc=0x8001A244 ra=0x8001A24C v0=0xFFFFFFFF v1=0x00000077 a0=0xFFFFFFFF a1=0x00008000 sp=0x801FFF98 c2ba=0x0000 f=0
[BLACKSCREEN][15650-STEP] #358 pc=0x80015650 instr=0x3C028003 v0=0xFFFFFFFF v1=0x00000077 a0=0xFFFFFFFF a1=0x00008000 c2ba=0x0000 c2b8=0x00000000 c2bc=0x00000000 ra=0x8001A24C sp=0x801FFF98 f=0
[BLACKSCREEN][15650-STEP] #359 pc=0x80015654 instr=0x9442C2BA v0=0x80030000 v1=0x00000077 a0=0xFFFFFFFF a1=0x00008000 c2ba=0x0000 c2b8=0x00000000 c2bc=0x00000000 ra=0x8001A24C sp=0x801FFF98 f=0
[BLACKSCREEN][STATE-C2BA-R] #120 size=2 phys=0x0002C2BA val=0x0000 ra=0x8001A24C sp=0x801FFF98 pc=0x00000000 f=0
[BLACKSCREEN][15650-STEP] #360 pc=0x80015658 instr=0x03E00008 v0=0x00000000 v1=0x00000077 a0=0xFFFFFFFF a1=0x00008000 c2ba=0x0000 c2b8=0x00000000 c2bc=0x00000000 ra=0x8001A24C sp=0x801FFF98 f=0
[BLACKSCREEN][15650-RET] #120 reason=jr_ra end=0x80015658 target=0x8001A24C steps=3 v0=0x00000000 v1=0x00000077 c2ba=0x0000 c2b8=0x00000000 c2bc=0x00000000 ra=0x8001A24C sp=0x801FFF98 f=0
[BLACKSCREEN][A110-15650-RET] #120 call_pc=0x8001A244 v0_after=0x00000000 v1_after=0x00000077 a0=0xFFFFFFFF a1=0x00008000 sp_after=0x801FFF98 c2ba=0x0000 f=0
[BLACKSCREEN][A110-PATH] #480 pc=0x8001A24C instr=0x1040002B v0=0x00000000 v1=0x00000077 a0=0xFFFFFFFF a1=0x00008000 a2=0x00000000 a3=0x00000000 s0=0x00000003 s1=0x801E0000 s2=0x80032D80 s3=0x80032B48 sp=0x801FFF98 ra=0x8001A24C m2ab4=0x00000000 m2ab8=0x00000000 m2ac5=0x00 c2ba=0x0000 c2b8=0x00000000 c2bc=0x00000000 f=0
[BLACKSCREEN][STATE-C2A8AC-R] #245 size=4 phys=0x0002C2A8 val=0x1F801814 ra=0x8001A184 sp=0x801FFF98 pc=0x00000000 f=0
[BLACKSCREEN][STATE-C2A8AC-R] #246 size=4 phys=0x0002C2AC val=0x1F801110 ra=0x8001A184 sp=0x801FFF98 pc=0x00000000 f=0
[BLACKSCREEN][A110-PATH] #481 pc=0x8001A238 instr=0x00001021 v0=0x00000000 v1=0x00000078 a0=0xFFFFFFFF a1=0x00008000 a2=0x00000000 a3=0x00000000 s0=0x00000003 s1=0x801E0000 s2=0x80032D80 s3=0x80032B48 sp=0x801FFF98 ra=0x8001A184 m2ab4=0x00000000 m2ab8=0x00000000 m2ac5=0x00 c2ba=0x0000 c2b8=0x00000000 c2bc=0x00000000 f=0
[BLACKSCREEN][A110-PATH] #482 pc=0x8001A23C instr=0x14400049 v0=0x00000000 v1=0x00000078 a0=0xFFFFFFFF a1=0x00008000 a2=0x00000000 a3=0x00000000 s0=0x00000003 s1=0x801E0000 s2=0x80032D80 s3=0x80032B48 sp=0x801FFF98 ra=0x8001A184 m2ab4=0x00000000 m2ab8=0x00000000 m2ac5=0x00 c2ba=0x0000 c2b8=0x00000000 c2bc=0x00000000 f=0
[BLACKSCREEN][A110-PATH] #483 pc=0x8001A244 instr=0x0C005594 v0=0xFFFFFFFF v1=0x00000078 a0=0xFFFFFFFF a1=0x00008000 a2=0x00000000 a3=0x00000000 s0=0x00000003 s1=0x801E0000 s2=0x80032D80 s3=0x80032B48 sp=0x801FFF98 ra=0x8001A184 m2ab4=0x00000000 m2ab8=0x00000000 m2ac5=0x00 c2ba=0x0000 c2b8=0x00000000 c2bc=0x00000000 f=0
[BLACKSCREEN][A110-15650-CALL] #121 call_pc=0x8001A244 ra=0x8001A24C v0=0xFFFFFFFF v1=0x00000078 a0=0xFFFFFFFF a1=0x00008000 sp=0x801FFF98 c2ba=0x0000 f=0
[BLACKSCREEN][15650-STEP] #361 pc=0x80015650 instr=0x3C028003 v0=0xFFFFFFFF v1=0x00000078 a0=0xFFFFFFFF a1=0x00008000 c2ba=0x0000 c2b8=0x00000000 c2bc=0x00000000 ra=0x8001A24C sp=0x801FFF98 f=0
[BLACKSCREEN][15650-STEP] #362 pc=0x80015654 instr=0x9442C2BA v0=0x80030000 v1=0x00000078 a0=0xFFFFFFFF a1=0x00008000 c2ba=0x0000 c2b8=0x00000000 c2bc=0x00000000 ra=0x8001A24C sp=0x801FFF98 f=0
[BLACKSCREEN][STATE-C2BA-R] #121 size=2 phys=0x0002C2BA val=0x0000 ra=0x8001A24C sp=0x801FFF98 pc=0x00000000 f=0
[BLACKSCREEN][15650-STEP] #363 pc=0x80015658 instr=0x03E00008 v0=0x00000000 v1=0x00000078 a0=0xFFFFFFFF a1=0x00008000 c2ba=0x0000 c2b8=0x00000000 c2bc=0x00000000 ra=0x8001A24C sp=0x801FFF98 f=0
[BLACKSCREEN][15650-RET] #121 reason=jr_ra end=0x80015658 target=0x8001A24C steps=3 v0=0x00000000 v1=0x00000078 c2ba=0x0000 c2b8=0x00000000 c2bc=0x00000000 ra=0x8001A24C sp=0x801FFF98 f=0
[BLACKSCREEN][A110-15650-RET] #121 call_pc=0x8001A244 v0_after=0x00000000 v1_after=0x00000078 a0=0xFFFFFFFF a1=0x00008000 sp_after=0x801FFF98 c2ba=0x0000 f=0
[BLACKSCREEN][A110-PATH] #484 pc=0x8001A24C instr=0x1040002B v0=0x00000000 v1=0x00000078 a0=0xFFFFFFFF a1=0x00008000 a2=0x00000000 a3=0x00000000 s0=0x00000003 s1=0x801E0000 s2=0x80032D80 s3=0x80032B48 sp=0x801FFF98 ra=0x8001A24C m2ab4=0x00000000 m2ab8=0x00000000 m2ac5=0x00 c2ba=0x0000 c2b8=0x00000000 c2bc=0x00000000 f=0
[BLACKSCREEN][STATE-C2A8AC-R] #247 size=4 phys=0x0002C2A8 val=0x1F801814 ra=0x8001A184 sp=0x801FFF98 pc=0x00000000 f=0
[BLACKSCREEN][STATE-C2A8AC-R] #248 size=4 phys=0x0002C2AC val=0x1F801110 ra=0x8001A184 sp=0x801FFF98 pc=0x00000000 f=0
[BLACKSCREEN][A110-PATH] #485 pc=0x8001A238 instr=0x00001021 v0=0x00000000 v1=0x00000079 a0=0xFFFFFFFF a1=0x00008000 a2=0x00000000 a3=0x00000000 s0=0x00000003 s1=0x801E0000 s2=0x80032D80 s3=0x80032B48 sp=0x801FFF98 ra=0x8001A184 m2ab4=0x00000000 m2ab8=0x00000000 m2ac5=0x00 c2ba=0x0000 c2b8=0x00000000 c2bc=0x00000000 f=0
[BLACKSCREEN][A110-PATH] #486 pc=0x8001A23C instr=0x14400049 v0=0x00000000 v1=0x00000079 a0=0xFFFFFFFF a1=0x00008000 a2=0x00000000 a3=0x00000000 s0=0x00000003 s1=0x801E0000 s2=0x80032D80 s3=0x80032B48 sp=0x801FFF98 ra=0x8001A184 m2ab4=0x00000000 m2ab8=0x00000000 m2ac5=0x00 c2ba=0x0000 c2b8=0x00000000 c2bc=0x00000000 f=0
[BLACKSCREEN][A110-PATH] #487 pc=0x8001A244 instr=0x0C005594 v0=0xFFFFFFFF v1=0x00000079 a0=0xFFFFFFFF a1=0x00008000 a2=0x00000000 a3=0x00000000 s0=0x00000003 s1=0x801E0000 s2=0x80032D80 s3=0x80032B48 sp=0x801FFF98 ra=0x8001A184 m2ab4=0x00000000 m2ab8=0x00000000 m2ac5=0x00 c2ba=0x0000 c2b8=0x00000000 c2bc=0x00000000 f=0
[BLACKSCREEN][A110-15650-CALL] #122 call_pc=0x8001A244 ra=0x8001A24C v0=0xFFFFFFFF v1=0x00000079 a0=0xFFFFFFFF a1=0x00008000 sp=0x801FFF98 c2ba=0x0000 f=0
[BLACKSCREEN][15650-STEP] #364 pc=0x80015650 instr=0x3C028003 v0=0xFFFFFFFF v1=0x00000079 a0=0xFFFFFFFF a1=0x00008000 c2ba=0x0000 c2b8=0x00000000 c2bc=0x00000000 ra=0x8001A24C sp=0x801FFF98 f=0
[BLACKSCREEN][15650-STEP] #365 pc=0x80015654 instr=0x9442C2BA v0=0x80030000 v1=0x00000079 a0=0xFFFFFFFF a1=0x00008000 c2ba=0x0000 c2b8=0x00000000 c2bc=0x00000000 ra=0x8001A24C sp=0x801FFF98 f=0
[BLACKSCREEN][STATE-C2BA-R] #122 size=2 phys=0x0002C2BA val=0x0000 ra=0x8001A24C sp=0x801FFF98 pc=0x00000000 f=0
[BLACKSCREEN][15650-STEP] #366 pc=0x80015658 instr=0x03E00008 v0=0x00000000 v1=0x00000079 a0=0xFFFFFFFF a1=0x00008000 c2ba=0x0000 c2b8=0x00000000 c2bc=0x00000000 ra=0x8001A24C sp=0x801FFF98 f=0
[BLACKSCREEN][15650-RET] #122 reason=jr_ra end=0x80015658 target=0x8001A24C steps=3 v0=0x00000000 v1=0x00000079 c2ba=0x0000 c2b8=0x00000000 c2bc=0x00000000 ra=0x8001A24C sp=0x801FFF98 f=0
[BLACKSCREEN][A110-15650-RET] #122 call_pc=0x8001A244 v0_after=0x00000000 v1_after=0x00000079 a0=0xFFFFFFFF a1=0x00008000 sp_after=0x801FFF98 c2ba=0x0000 f=0
[BLACKSCREEN][A110-PATH] #488 pc=0x8001A24C instr=0x1040002B v0=0x00000000 v1=0x00000079 a0=0xFFFFFFFF a1=0x00008000 a2=0x00000000 a3=0x00000000 s0=0x00000003 s1=0x801E0000 s2=0x80032D80 s3=0x80032B48 sp=0x801FFF98 ra=0x8001A24C m2ab4=0x00000000 m2ab8=0x00000000 m2ac5=0x00 c2ba=0x0000 c2b8=0x00000000 c2bc=0x00000000 f=0
[BLACKSCREEN][STATE-C2A8AC-R] #249 size=4 phys=0x0002C2A8 val=0x1F801814 ra=0x8001A184 sp=0x801FFF98 pc=0x00000000 f=0
[BLACKSCREEN][STATE-C2A8AC-R] #250 size=4 phys=0x0002C2AC val=0x1F801110 ra=0x8001A184 sp=0x801FFF98 pc=0x00000000 f=0
[BLACKSCREEN][A110-PATH] #489 pc=0x8001A238 instr=0x00001021 v0=0x00000000 v1=0x0000007A a0=0xFFFFFFFF a1=0x00008000 a2=0x00000000 a3=0x00000000 s0=0x00000003 s1=0x801E0000 s2=0x80032D80 s3=0x80032B48 sp=0x801FFF98 ra=0x8001A184 m2ab4=0x00000000 m2ab8=0x00000000 m2ac5=0x00 c2ba=0x0000 c2b8=0x00000000 c2bc=0x00000000 f=0
[BLACKSCREEN][A110-PATH] #490 pc=0x8001A23C instr=0x14400049 v0=0x00000000 v1=0x0000007A a0=0xFFFFFFFF a1=0x00008000 a2=0x00000000 a3=0x00000000 s0=0x00000003 s1=0x801E0000 s2=0x80032D80 s3=0x80032B48 sp=0x801FFF98 ra=0x8001A184 m2ab4=0x00000000 m2ab8=0x00000000 m2ac5=0x00 c2ba=0x0000 c2b8=0x00000000 c2bc=0x00000000 f=0
[BLACKSCREEN][A110-PATH] #491 pc=0x8001A244 instr=0x0C005594 v0=0xFFFFFFFF v1=0x0000007A a0=0xFFFFFFFF a1=0x00008000 a2=0x00000000 a3=0x00000000 s0=0x00000003 s1=0x801E0000 s2=0x80032D80 s3=0x80032B48 sp=0x801FFF98 ra=0x8001A184 m2ab4=0x00000000 m2ab8=0x00000000 m2ac5=0x00 c2ba=0x0000 c2b8=0x00000000 c2bc=0x00000000 f=0
[BLACKSCREEN][A110-15650-CALL] #123 call_pc=0x8001A244 ra=0x8001A24C v0=0xFFFFFFFF v1=0x0000007A a0=0xFFFFFFFF a1=0x00008000 sp=0x801FFF98 c2ba=0x0000 f=0
[BLACKSCREEN][15650-STEP] #367 pc=0x80015650 instr=0x3C028003 v0=0xFFFFFFFF v1=0x0000007A a0=0xFFFFFFFF a1=0x00008000 c2ba=0x0000 c2b8=0x00000000 c2bc=0x00000000 ra=0x8001A24C sp=0x801FFF98 f=0
[BLACKSCREEN][15650-STEP] #368 pc=0x80015654 instr=0x9442C2BA v0=0x80030000 v1=0x0000007A a0=0xFFFFFFFF a1=0x00008000 c2ba=0x0000 c2b8=0x00000000 c2bc=0x00000000 ra=0x8001A24C sp=0x801FFF98 f=0
[BLACKSCREEN][STATE-C2BA-R] #123 size=2 phys=0x0002C2BA val=0x0000 ra=0x8001A24C sp=0x801FFF98 pc=0x00000000 f=0
[BLACKSCREEN][15650-STEP] #369 pc=0x80015658 instr=0x03E00008 v0=0x00000000 v1=0x0000007A a0=0xFFFFFFFF a1=0x00008000 c2ba=0x0000 c2b8=0x00000000 c2bc=0x00000000 ra=0x8001A24C sp=0x801FFF98 f=0
[BLACKSCREEN][15650-RET] #123 reason=jr_ra end=0x80015658 target=0x8001A24C steps=3 v0=0x00000000 v1=0x0000007A c2ba=0x0000 c2b8=0x00000000 c2bc=0x00000000 ra=0x8001A24C sp=0x801FFF98 f=0
[BLACKSCREEN][A110-15650-RET] #123 call_pc=0x8001A244 v0_after=0x00000000 v1_after=0x0000007A a0=0xFFFFFFFF a1=0x00008000 sp_after=0x801FFF98 c2ba=0x0000 f=0
[BLACKSCREEN][A110-PATH] #492 pc=0x8001A24C instr=0x1040002B v0=0x00000000 v1=0x0000007A a0=0xFFFFFFFF a1=0x00008000 a2=0x00000000 a3=0x00000000 s0=0x00000003 s1=0x801E0000 s2=0x80032D80 s3=0x80032B48 sp=0x801FFF98 ra=0x8001A24C m2ab4=0x00000000 m2ab8=0x00000000 m2ac5=0x00 c2ba=0x0000 c2b8=0x00000000 c2bc=0x00000000 f=0
[BLACKSCREEN][STATE-C2A8AC-R] #251 size=4 phys=0x0002C2A8 val=0x1F801814 ra=0x8001A184 sp=0x801FFF98 pc=0x00000000 f=0
[BLACKSCREEN][STATE-C2A8AC-R] #252 size=4 phys=0x0002C2AC val=0x1F801110 ra=0x8001A184 sp=0x801FFF98 pc=0x00000000 f=0
[BLACKSCREEN][A110-PATH] #493 pc=0x8001A238 instr=0x00001021 v0=0x00000000 v1=0x0000007B a0=0xFFFFFFFF a1=0x00008000 a2=0x00000000 a3=0x00000000 s0=0x00000003 s1=0x801E0000 s2=0x80032D80 s3=0x80032B48 sp=0x801FFF98 ra=0x8001A184 m2ab4=0x00000000 m2ab8=0x00000000 m2ac5=0x00 c2ba=0x0000 c2b8=0x00000000 c2bc=0x00000000 f=0
[BLACKSCREEN][A110-PATH] #494 pc=0x8001A23C instr=0x14400049 v0=0x00000000 v1=0x0000007B a0=0xFFFFFFFF a1=0x00008000 a2=0x00000000 a3=0x00000000 s0=0x00000003 s1=0x801E0000 s2=0x80032D80 s3=0x80032B48 sp=0x801FFF98 ra=0x8001A184 m2ab4=0x00000000 m2ab8=0x00000000 m2ac5=0x00 c2ba=0x0000 c2b8=0x00000000 c2bc=0x00000000 f=0
[BLACKSCREEN][A110-PATH] #495 pc=0x8001A244 instr=0x0C005594 v0=0xFFFFFFFF v1=0x0000007B a0=0xFFFFFFFF a1=0x00008000 a2=0x00000000 a3=0x00000000 s0=0x00000003 s1=0x801E0000 s2=0x80032D80 s3=0x80032B48 sp=0x801FFF98 ra=0x8001A184 m2ab4=0x00000000 m2ab8=0x00000000 m2ac5=0x00 c2ba=0x0000 c2b8=0x00000000 c2bc=0x00000000 f=0
[BLACKSCREEN][A110-15650-CALL] #124 call_pc=0x8001A244 ra=0x8001A24C v0=0xFFFFFFFF v1=0x0000007B a0=0xFFFFFFFF a1=0x00008000 sp=0x801FFF98 c2ba=0x0000 f=0
[BLACKSCREEN][15650-STEP] #370 pc=0x80015650 instr=0x3C028003 v0=0xFFFFFFFF v1=0x0000007B a0=0xFFFFFFFF a1=0x00008000 c2ba=0x0000 c2b8=0x00000000 c2bc=0x00000000 ra=0x8001A24C sp=0x801FFF98 f=0
[BLACKSCREEN][15650-STEP] #371 pc=0x80015654 instr=0x9442C2BA v0=0x80030000 v1=0x0000007B a0=0xFFFFFFFF a1=0x00008000 c2ba=0x0000 c2b8=0x00000000 c2bc=0x00000000 ra=0x8001A24C sp=0x801FFF98 f=0
[BLACKSCREEN][STATE-C2BA-R] #124 size=2 phys=0x0002C2BA val=0x0000 ra=0x8001A24C sp=0x801FFF98 pc=0x00000000 f=0
[BLACKSCREEN][15650-STEP] #372 pc=0x80015658 instr=0x03E00008 v0=0x00000000 v1=0x0000007B a0=0xFFFFFFFF a1=0x00008000 c2ba=0x0000 c2b8=0x00000000 c2bc=0x00000000 ra=0x8001A24C sp=0x801FFF98 f=0
[BLACKSCREEN][15650-RET] #124 reason=jr_ra end=0x80015658 target=0x8001A24C steps=3 v0=0x00000000 v1=0x0000007B c2ba=0x0000 c2b8=0x00000000 c2bc=0x00000000 ra=0x8001A24C sp=0x801FFF98 f=0
[BLACKSCREEN][A110-15650-RET] #124 call_pc=0x8001A244 v0_after=0x00000000 v1_after=0x0000007B a0=0xFFFFFFFF a1=0x00008000 sp_after=0x801FFF98 c2ba=0x0000 f=0
[BLACKSCREEN][A110-PATH] #496 pc=0x8001A24C instr=0x1040002B v0=0x00000000 v1=0x0000007B a0=0xFFFFFFFF a1=0x00008000 a2=0x00000000 a3=0x00000000 s0=0x00000003 s1=0x801E0000 s2=0x80032D80 s3=0x80032B48 sp=0x801FFF98 ra=0x8001A24C m2ab4=0x00000000 m2ab8=0x00000000 m2ac5=0x00 c2ba=0x0000 c2b8=0x00000000 c2bc=0x00000000 f=0
[BLACKSCREEN][STATE-C2A8AC-R] #253 size=4 phys=0x0002C2A8 val=0x1F801814 ra=0x8001A184 sp=0x801FFF98 pc=0x00000000 f=0
[BLACKSCREEN][STATE-C2A8AC-R] #254 size=4 phys=0x0002C2AC val=0x1F801110 ra=0x8001A184 sp=0x801FFF98 pc=0x00000000 f=0
[BLACKSCREEN][A110-PATH] #497 pc=0x8001A238 instr=0x00001021 v0=0x00000000 v1=0x0000007C a0=0xFFFFFFFF a1=0x00008000 a2=0x00000000 a3=0x00000000 s0=0x00000003 s1=0x801E0000 s2=0x80032D80 s3=0x80032B48 sp=0x801FFF98 ra=0x8001A184 m2ab4=0x00000000 m2ab8=0x00000000 m2ac5=0x00 c2ba=0x0000 c2b8=0x00000000 c2bc=0x00000000 f=0
[BLACKSCREEN][A110-PATH] #498 pc=0x8001A23C instr=0x14400049 v0=0x00000000 v1=0x0000007C a0=0xFFFFFFFF a1=0x00008000 a2=0x00000000 a3=0x00000000 s0=0x00000003 s1=0x801E0000 s2=0x80032D80 s3=0x80032B48 sp=0x801FFF98 ra=0x8001A184 m2ab4=0x00000000 m2ab8=0x00000000 m2ac5=0x00 c2ba=0x0000 c2b8=0x00000000 c2bc=0x00000000 f=0
[BLACKSCREEN][A110-PATH] #499 pc=0x8001A244 instr=0x0C005594 v0=0xFFFFFFFF v1=0x0000007C a0=0xFFFFFFFF a1=0x00008000 a2=0x00000000 a3=0x00000000 s0=0x00000003 s1=0x801E0000 s2=0x80032D80 s3=0x80032B48 sp=0x801FFF98 ra=0x8001A184 m2ab4=0x00000000 m2ab8=0x00000000 m2ac5=0x00 c2ba=0x0000 c2b8=0x00000000 c2bc=0x00000000 f=0
[BLACKSCREEN][A110-15650-CALL] #125 call_pc=0x8001A244 ra=0x8001A24C v0=0xFFFFFFFF v1=0x0000007C a0=0xFFFFFFFF a1=0x00008000 sp=0x801FFF98 c2ba=0x0000 f=0
[BLACKSCREEN][15650-STEP] #373 pc=0x80015650 instr=0x3C028003 v0=0xFFFFFFFF v1=0x0000007C a0=0xFFFFFFFF a1=0x00008000 c2ba=0x0000 c2b8=0x00000000 c2bc=0x00000000 ra=0x8001A24C sp=0x801FFF98 f=0
[BLACKSCREEN][15650-STEP] #374 pc=0x80015654 instr=0x9442C2BA v0=0x80030000 v1=0x0000007C a0=0xFFFFFFFF a1=0x00008000 c2ba=0x0000 c2b8=0x00000000 c2bc=0x00000000 ra=0x8001A24C sp=0x801FFF98 f=0
[BLACKSCREEN][STATE-C2BA-R] #125 size=2 phys=0x0002C2BA val=0x0000 ra=0x8001A24C sp=0x801FFF98 pc=0x00000000 f=0
[BLACKSCREEN][15650-STEP] #375 pc=0x80015658 instr=0x03E00008 v0=0x00000000 v1=0x0000007C a0=0xFFFFFFFF a1=0x00008000 c2ba=0x0000 c2b8=0x00000000 c2bc=0x00000000 ra=0x8001A24C sp=0x801FFF98 f=0
[BLACKSCREEN][15650-RET] #125 reason=jr_ra end=0x80015658 target=0x8001A24C steps=3 v0=0x00000000 v1=0x0000007C c2ba=0x0000 c2b8=0x00000000 c2bc=0x00000000 ra=0x8001A24C sp=0x801FFF98 f=0
[BLACKSCREEN][A110-15650-RET] #125 call_pc=0x8001A244 v0_after=0x00000000 v1_after=0x0000007C a0=0xFFFFFFFF a1=0x00008000 sp_after=0x801FFF98 c2ba=0x0000 f=0
[BLACKSCREEN][A110-PATH] #500 pc=0x8001A24C instr=0x1040002B v0=0x00000000 v1=0x0000007C a0=0xFFFFFFFF a1=0x00008000 a2=0x00000000 a3=0x00000000 s0=0x00000003 s1=0x801E0000 s2=0x80032D80 s3=0x80032B48 sp=0x801FFF98 ra=0x8001A24C m2ab4=0x00000000 m2ab8=0x00000000 m2ac5=0x00 c2ba=0x0000 c2b8=0x00000000 c2bc=0x00000000 f=0
[BLACKSCREEN][STATE-C2A8AC-R] #255 size=4 phys=0x0002C2A8 val=0x1F801814 ra=0x8001A184 sp=0x801FFF98 pc=0x00000000 f=0
[BLACKSCREEN][STATE-C2A8AC-R] #256 size=4 phys=0x0002C2AC val=0x1F801110 ra=0x8001A184 sp=0x801FFF98 pc=0x00000000 f=0
[BLACKSCREEN][A110-PATH] #501 pc=0x8001A238 instr=0x00001021 v0=0x00000000 v1=0x0000007D a0=0xFFFFFFFF a1=0x00008000 a2=0x00000000 a3=0x00000000 s0=0x00000003 s1=0x801E0000 s2=0x80032D80 s3=0x80032B48 sp=0x801FFF98 ra=0x8001A184 m2ab4=0x00000000 m2ab8=0x00000000 m2ac5=0x00 c2ba=0x0000 c2b8=0x00000000 c2bc=0x00000000 f=0
[BLACKSCREEN][A110-PATH] #502 pc=0x8001A23C instr=0x14400049 v0=0x00000000 v1=0x0000007D a0=0xFFFFFFFF a1=0x00008000 a2=0x00000000 a3=0x00000000 s0=0x00000003 s1=0x801E0000 s2=0x80032D80 s3=0x80032B48 sp=0x801FFF98 ra=0x8001A184 m2ab4=0x00000000 m2ab8=0x00000000 m2ac5=0x00 c2ba=0x0000 c2b8=0x00000000 c2bc=0x00000000 f=0
[BLACKSCREEN][A110-PATH] #503 pc=0x8001A244 instr=0x0C005594 v0=0xFFFFFFFF v1=0x0000007D a0=0xFFFFFFFF a1=0x00008000 a2=0x00000000 a3=0x00000000 s0=0x00000003 s1=0x801E0000 s2=0x80032D80 s3=0x80032B48 sp=0x801FFF98 ra=0x8001A184 m2ab4=0x00000000 m2ab8=0x00000000 m2ac5=0x00 c2ba=0x0000 c2b8=0x00000000 c2bc=0x00000000 f=0
[BLACKSCREEN][A110-15650-CALL] #126 call_pc=0x8001A244 ra=0x8001A24C v0=0xFFFFFFFF v1=0x0000007D a0=0xFFFFFFFF a1=0x00008000 sp=0x801FFF98 c2ba=0x0000 f=0
[BLACKSCREEN][15650-STEP] #376 pc=0x80015650 instr=0x3C028003 v0=0xFFFFFFFF v1=0x0000007D a0=0xFFFFFFFF a1=0x00008000 c2ba=0x0000 c2b8=0x00000000 c2bc=0x00000000 ra=0x8001A24C sp=0x801FFF98 f=0
[BLACKSCREEN][15650-STEP] #377 pc=0x80015654 instr=0x9442C2BA v0=0x80030000 v1=0x0000007D a0=0xFFFFFFFF a1=0x00008000 c2ba=0x0000 c2b8=0x00000000 c2bc=0x00000000 ra=0x8001A24C sp=0x801FFF98 f=0
[BLACKSCREEN][STATE-C2BA-R] #126 size=2 phys=0x0002C2BA val=0x0000 ra=0x8001A24C sp=0x801FFF98 pc=0x00000000 f=0
[BLACKSCREEN][15650-STEP] #378 pc=0x80015658 instr=0x03E00008 v0=0x00000000 v1=0x0000007D a0=0xFFFFFFFF a1=0x00008000 c2ba=0x0000 c2b8=0x00000000 c2bc=0x00000000 ra=0x8001A24C sp=0x801FFF98 f=0
[BLACKSCREEN][15650-RET] #126 reason=jr_ra end=0x80015658 target=0x8001A24C steps=3 v0=0x00000000 v1=0x0000007D c2ba=0x0000 c2b8=0x00000000 c2bc=0x00000000 ra=0x8001A24C sp=0x801FFF98 f=0
[BLACKSCREEN][A110-15650-RET] #126 call_pc=0x8001A244 v0_after=0x00000000 v1_after=0x0000007D a0=0xFFFFFFFF a1=0x00008000 sp_after=0x801FFF98 c2ba=0x0000 f=0
[BLACKSCREEN][A110-PATH] #504 pc=0x8001A24C instr=0x1040002B v0=0x00000000 v1=0x0000007D a0=0xFFFFFFFF a1=0x00008000 a2=0x00000000 a3=0x00000000 s0=0x00000003 s1=0x801E0000 s2=0x80032D80 s3=0x80032B48 sp=0x801FFF98 ra=0x8001A24C m2ab4=0x00000000 m2ab8=0x00000000 m2ac5=0x00 c2ba=0x0000 c2b8=0x00000000 c2bc=0x00000000 f=0
[BLACKSCREEN][STATE-C2A8AC-R] #257 size=4 phys=0x0002C2A8 val=0x1F801814 ra=0x8001A184 sp=0x801FFF98 pc=0x00000000 f=0
[BLACKSCREEN][STATE-C2A8AC-R] #258 size=4 phys=0x0002C2AC val=0x1F801110 ra=0x8001A184 sp=0x801FFF98 pc=0x00000000 f=0
[BLACKSCREEN][A110-PATH] #505 pc=0x8001A238 instr=0x00001021 v0=0x00000000 v1=0x0000007E a0=0xFFFFFFFF a1=0x00008000 a2=0x00000000 a3=0x00000000 s0=0x00000003 s1=0x801E0000 s2=0x80032D80 s3=0x80032B48 sp=0x801FFF98 ra=0x8001A184 m2ab4=0x00000000 m2ab8=0x00000000 m2ac5=0x00 c2ba=0x0000 c2b8=0x00000000 c2bc=0x00000000 f=0
[BLACKSCREEN][A110-PATH] #506 pc=0x8001A23C instr=0x14400049 v0=0x00000000 v1=0x0000007E a0=0xFFFFFFFF a1=0x00008000 a2=0x00000000 a3=0x00000000 s0=0x00000003 s1=0x801E0000 s2=0x80032D80 s3=0x80032B48 sp=0x801FFF98 ra=0x8001A184 m2ab4=0x00000000 m2ab8=0x00000000 m2ac5=0x00 c2ba=0x0000 c2b8=0x00000000 c2bc=0x00000000 f=0
[BLACKSCREEN][A110-PATH] #507 pc=0x8001A244 instr=0x0C005594 v0=0xFFFFFFFF v1=0x0000007E a0=0xFFFFFFFF a1=0x00008000 a2=0x00000000 a3=0x00000000 s0=0x00000003 s1=0x801E0000 s2=0x80032D80 s3=0x80032B48 sp=0x801FFF98 ra=0x8001A184 m2ab4=0x00000000 m2ab8=0x00000000 m2ac5=0x00 c2ba=0x0000 c2b8=0x00000000 c2bc=0x00000000 f=0
[BLACKSCREEN][A110-15650-CALL] #127 call_pc=0x8001A244 ra=0x8001A24C v0=0xFFFFFFFF v1=0x0000007E a0=0xFFFFFFFF a1=0x00008000 sp=0x801FFF98 c2ba=0x0000 f=0
[BLACKSCREEN][15650-STEP] #379 pc=0x80015650 instr=0x3C028003 v0=0xFFFFFFFF v1=0x0000007E a0=0xFFFFFFFF a1=0x00008000 c2ba=0x0000 c2b8=0x00000000 c2bc=0x00000000 ra=0x8001A24C sp=0x801FFF98 f=0
[BLACKSCREEN][15650-STEP] #380 pc=0x80015654 instr=0x9442C2BA v0=0x80030000 v1=0x0000007E a0=0xFFFFFFFF a1=0x00008000 c2ba=0x0000 c2b8=0x00000000 c2bc=0x00000000 ra=0x8001A24C sp=0x801FFF98 f=0
[BLACKSCREEN][STATE-C2BA-R] #127 size=2 phys=0x0002C2BA val=0x0000 ra=0x8001A24C sp=0x801FFF98 pc=0x00000000 f=0
[BLACKSCREEN][15650-STEP] #381 pc=0x80015658 instr=0x03E00008 v0=0x00000000 v1=0x0000007E a0=0xFFFFFFFF a1=0x00008000 c2ba=0x0000 c2b8=0x00000000 c2bc=0x00000000 ra=0x8001A24C sp=0x801FFF98 f=0
[BLACKSCREEN][15650-RET] #127 reason=jr_ra end=0x80015658 target=0x8001A24C steps=3 v0=0x00000000 v1=0x0000007E c2ba=0x0000 c2b8=0x00000000 c2bc=0x00000000 ra=0x8001A24C sp=0x801FFF98 f=0
[BLACKSCREEN][A110-15650-RET] #127 call_pc=0x8001A244 v0_after=0x00000000 v1_after=0x0000007E a0=0xFFFFFFFF a1=0x00008000 sp_after=0x801FFF98 c2ba=0x0000 f=0
[BLACKSCREEN][A110-PATH] #508 pc=0x8001A24C instr=0x1040002B v0=0x00000000 v1=0x0000007E a0=0xFFFFFFFF a1=0x00008000 a2=0x00000000 a3=0x00000000 s0=0x00000003 s1=0x801E0000 s2=0x80032D80 s3=0x80032B48 sp=0x801FFF98 ra=0x8001A24C m2ab4=0x00000000 m2ab8=0x00000000 m2ac5=0x00 c2ba=0x0000 c2b8=0x00000000 c2bc=0x00000000 f=0
[BLACKSCREEN][STATE-C2A8AC-R] #259 size=4 phys=0x0002C2A8 val=0x1F801814 ra=0x8001A184 sp=0x801FFF98 pc=0x00000000 f=0
[BLACKSCREEN][STATE-C2A8AC-R] #260 size=4 phys=0x0002C2AC val=0x1F801110 ra=0x8001A184 sp=0x801FFF98 pc=0x00000000 f=0
[BLACKSCREEN][A110-PATH] #509 pc=0x8001A238 instr=0x00001021 v0=0x00000000 v1=0x0000007F a0=0xFFFFFFFF a1=0x00008000 a2=0x00000000 a3=0x00000000 s0=0x00000003 s1=0x801E0000 s2=0x80032D80 s3=0x80032B48 sp=0x801FFF98 ra=0x8001A184 m2ab4=0x00000000 m2ab8=0x00000000 m2ac5=0x00 c2ba=0x0000 c2b8=0x00000000 c2bc=0x00000000 f=0
[BLACKSCREEN][A110-PATH] #510 pc=0x8001A23C instr=0x14400049 v0=0x00000000 v1=0x0000007F a0=0xFFFFFFFF a1=0x00008000 a2=0x00000000 a3=0x00000000 s0=0x00000003 s1=0x801E0000 s2=0x80032D80 s3=0x80032B48 sp=0x801FFF98 ra=0x8001A184 m2ab4=0x00000000 m2ab8=0x00000000 m2ac5=0x00 c2ba=0x0000 c2b8=0x00000000 c2bc=0x00000000 f=0
[BLACKSCREEN][A110-PATH] #511 pc=0x8001A244 instr=0x0C005594 v0=0xFFFFFFFF v1=0x0000007F a0=0xFFFFFFFF a1=0x00008000 a2=0x00000000 a3=0x00000000 s0=0x00000003 s1=0x801E0000 s2=0x80032D80 s3=0x80032B48 sp=0x801FFF98 ra=0x8001A184 m2ab4=0x00000000 m2ab8=0x00000000 m2ac5=0x00 c2ba=0x0000 c2b8=0x00000000 c2bc=0x00000000 f=0
[BLACKSCREEN][A110-15650-CALL] #128 call_pc=0x8001A244 ra=0x8001A24C v0=0xFFFFFFFF v1=0x0000007F a0=0xFFFFFFFF a1=0x00008000 sp=0x801FFF98 c2ba=0x0000 f=0
[BLACKSCREEN][15650-STEP] #382 pc=0x80015650 instr=0x3C028003 v0=0xFFFFFFFF v1=0x0000007F a0=0xFFFFFFFF a1=0x00008000 c2ba=0x0000 c2b8=0x00000000 c2bc=0x00000000 ra=0x8001A24C sp=0x801FFF98 f=0
[BLACKSCREEN][15650-STEP] #383 pc=0x80015654 instr=0x9442C2BA v0=0x80030000 v1=0x0000007F a0=0xFFFFFFFF a1=0x00008000 c2ba=0x0000 c2b8=0x00000000 c2bc=0x00000000 ra=0x8001A24C sp=0x801FFF98 f=0
[BLACKSCREEN][STATE-C2BA-R] #128 size=2 phys=0x0002C2BA val=0x0000 ra=0x8001A24C sp=0x801FFF98 pc=0x00000000 f=0
[BLACKSCREEN][15650-STEP] #384 pc=0x80015658 instr=0x03E00008 v0=0x00000000 v1=0x0000007F a0=0xFFFFFFFF a1=0x00008000 c2ba=0x0000 c2b8=0x00000000 c2bc=0x00000000 ra=0x8001A24C sp=0x801FFF98 f=0
[BLACKSCREEN][15650-RET] #128 reason=jr_ra end=0x80015658 target=0x8001A24C steps=3 v0=0x00000000 v1=0x0000007F c2ba=0x0000 c2b8=0x00000000 c2bc=0x00000000 ra=0x8001A24C sp=0x801FFF98 f=0
[BLACKSCREEN][A110-15650-RET] #128 call_pc=0x8001A244 v0_after=0x00000000 v1_after=0x0000007F a0=0xFFFFFFFF a1=0x00008000 sp_after=0x801FFF98 c2ba=0x0000 f=0
[BLACKSCREEN][A110-PATH] #512 pc=0x8001A24C instr=0x1040002B v0=0x00000000 v1=0x0000007F a0=0xFFFFFFFF a1=0x00008000 a2=0x00000000 a3=0x00000000 s0=0x00000003 s1=0x801E0000 s2=0x80032D80 s3=0x80032B48 sp=0x801FFF98 ra=0x8001A24C m2ab4=0x00000000 m2ab8=0x00000000 m2ac5=0x00 c2ba=0x0000 c2b8=0x00000000 c2bc=0x00000000 f=0
[BLACKSCREEN][STATE-C2A8AC-R] #261 size=4 phys=0x0002C2A8 val=0x1F801814 ra=0x8001A184 sp=0x801FFF98 pc=0x00000000 f=0
[BLACKSCREEN][STATE-C2A8AC-R] #262 size=4 phys=0x0002C2AC val=0x1F801110 ra=0x8001A184 sp=0x801FFF98 pc=0x00000000 f=0
[BLACKSCREEN][A110-PATH] #513 pc=0x8001A238 instr=0x00001021 v0=0x00000000 v1=0x00000080 a0=0xFFFFFFFF a1=0x00008000 a2=0x00000000 a3=0x00000000 s0=0x00000003 s1=0x801E0000 s2=0x80032D80 s3=0x80032B48 sp=0x801FFF98 ra=0x8001A184 m2ab4=0x00000000 m2ab8=0x00000000 m2ac5=0x00 c2ba=0x0000 c2b8=0x00000000 c2bc=0x00000000 f=0
[BLACKSCREEN][A110-PATH] #514 pc=0x8001A23C instr=0x14400049 v0=0x00000000 v1=0x00000080 a0=0xFFFFFFFF a1=0x00008000 a2=0x00000000 a3=0x00000000 s0=0x00000003 s1=0x801E0000 s2=0x80032D80 s3=0x80032B48 sp=0x801FFF98 ra=0x8001A184 m2ab4=0x00000000 m2ab8=0x00000000 m2ac5=0x00 c2ba=0x0000 c2b8=0x00000000 c2bc=0x00000000 f=0
[BLACKSCREEN][A110-PATH] #515 pc=0x8001A244 instr=0x0C005594 v0=0xFFFFFFFF v1=0x00000080 a0=0xFFFFFFFF a1=0x00008000 a2=0x00000000 a3=0x00000000 s0=0x00000003 s1=0x801E0000 s2=0x80032D80 s3=0x80032B48 sp=0x801FFF98 ra=0x8001A184 m2ab4=0x00000000 m2ab8=0x00000000 m2ac5=0x00 c2ba=0x0000 c2b8=0x00000000 c2bc=0x00000000 f=0
[BLACKSCREEN][A110-15650-CALL] #129 call_pc=0x8001A244 ra=0x8001A24C v0=0xFFFFFFFF v1=0x00000080 a0=0xFFFFFFFF a1=0x00008000 sp=0x801FFF98 c2ba=0x0000 f=0
[BLACKSCREEN][15650-STEP] #385 pc=0x80015650 instr=0x3C028003 v0=0xFFFFFFFF v1=0x00000080 a0=0xFFFFFFFF a1=0x00008000 c2ba=0x0000 c2b8=0x00000000 c2bc=0x00000000 ra=0x8001A24C sp=0x801FFF98 f=0
[BLACKSCREEN][15650-STEP] #386 pc=0x80015654 instr=0x9442C2BA v0=0x80030000 v1=0x00000080 a0=0xFFFFFFFF a1=0x00008000 c2ba=0x0000 c2b8=0x00000000 c2bc=0x00000000 ra=0x8001A24C sp=0x801FFF98 f=0
[BLACKSCREEN][STATE-C2BA-R] #129 size=2 phys=0x0002C2BA val=0x0000 ra=0x8001A24C sp=0x801FFF98 pc=0x00000000 f=0
[BLACKSCREEN][15650-STEP] #387 pc=0x80015658 instr=0x03E00008 v0=0x00000000 v1=0x00000080 a0=0xFFFFFFFF a1=0x00008000 c2ba=0x0000 c2b8=0x00000000 c2bc=0x00000000 ra=0x8001A24C sp=0x801FFF98 f=0
[BLACKSCREEN][15650-RET] #129 reason=jr_ra end=0x80015658 target=0x8001A24C steps=3 v0=0x00000000 v1=0x00000080 c2ba=0x0000 c2b8=0x00000000 c2bc=0x00000000 ra=0x8001A24C sp=0x801FFF98 f=0
[BLACKSCREEN][A110-15650-RET] #129 call_pc=0x8001A244 v0_after=0x00000000 v1_after=0x00000080 a0=0xFFFFFFFF a1=0x00008000 sp_after=0x801FFF98 c2ba=0x0000 f=0
[BLACKSCREEN][A110-PATH] #516 pc=0x8001A24C instr=0x1040002B v0=0x00000000 v1=0x00000080 a0=0xFFFFFFFF a1=0x00008000 a2=0x00000000 a3=0x00000000 s0=0x00000003 s1=0x801E0000 s2=0x80032D80 s3=0x80032B48 sp=0x801FFF98 ra=0x8001A24C m2ab4=0x00000000 m2ab8=0x00000000 m2ac5=0x00 c2ba=0x0000 c2b8=0x00000000 c2bc=0x00000000 f=0
[BLACKSCREEN][STATE-C2A8AC-R] #263 size=4 phys=0x0002C2A8 val=0x1F801814 ra=0x8001A184 sp=0x801FFF98 pc=0x00000000 f=0
[BLACKSCREEN][STATE-C2A8AC-R] #264 size=4 phys=0x0002C2AC val=0x1F801110 ra=0x8001A184 sp=0x801FFF98 pc=0x00000000 f=0
[BLACKSCREEN][A110-PATH] #517 pc=0x8001A238 instr=0x00001021 v0=0x00000000 v1=0x00000081 a0=0xFFFFFFFF a1=0x00008000 a2=0x00000000 a3=0x00000000 s0=0x00000003 s1=0x801E0000 s2=0x80032D80 s3=0x80032B48 sp=0x801FFF98 ra=0x8001A184 m2ab4=0x00000000 m2ab8=0x00000000 m2ac5=0x00 c2ba=0x0000 c2b8=0x00000000 c2bc=0x00000000 f=0
[BLACKSCREEN][A110-PATH] #518 pc=0x8001A23C instr=0x14400049 v0=0x00000000 v1=0x00000081 a0=0xFFFFFFFF a1=0x00008000 a2=0x00000000 a3=0x00000000 s0=0x00000003 s1=0x801E0000 s2=0x80032D80 s3=0x80032B48 sp=0x801FFF98 ra=0x8001A184 m2ab4=0x00000000 m2ab8=0x00000000 m2ac5=0x00 c2ba=0x0000 c2b8=0x00000000 c2bc=0x00000000 f=0
[BLACKSCREEN][A110-PATH] #519 pc=0x8001A244 instr=0x0C005594 v0=0xFFFFFFFF v1=0x00000081 a0=0xFFFFFFFF a1=0x00008000 a2=0x00000000 a3=0x00000000 s0=0x00000003 s1=0x801E0000 s2=0x80032D80 s3=0x80032B48 sp=0x801FFF98 ra=0x8001A184 m2ab4=0x00000000 m2ab8=0x00000000 m2ac5=0x00 c2ba=0x0000 c2b8=0x00000000 c2bc=0x00000000 f=0
[BLACKSCREEN][A110-15650-CALL] #130 call_pc=0x8001A244 ra=0x8001A24C v0=0xFFFFFFFF v1=0x00000081 a0=0xFFFFFFFF a1=0x00008000 sp=0x801FFF98 c2ba=0x0000 f=0
[BLACKSCREEN][15650-STEP] #388 pc=0x80015650 instr=0x3C028003 v0=0xFFFFFFFF v1=0x00000081 a0=0xFFFFFFFF a1=0x00008000 c2ba=0x0000 c2b8=0x00000000 c2bc=0x00000000 ra=0x8001A24C sp=0x801FFF98 f=0
[BLACKSCREEN][15650-STEP] #389 pc=0x80015654 instr=0x9442C2BA v0=0x80030000 v1=0x00000081 a0=0xFFFFFFFF a1=0x00008000 c2ba=0x0000 c2b8=0x00000000 c2bc=0x00000000 ra=0x8001A24C sp=0x801FFF98 f=0
[BLACKSCREEN][STATE-C2BA-R] #130 size=2 phys=0x0002C2BA val=0x0000 ra=0x8001A24C sp=0x801FFF98 pc=0x00000000 f=0
[BLACKSCREEN][15650-STEP] #390 pc=0x80015658 instr=0x03E00008 v0=0x00000000 v1=0x00000081 a0=0xFFFFFFFF a1=0x00008000 c2ba=0x0000 c2b8=0x00000000 c2bc=0x00000000 ra=0x8001A24C sp=0x801FFF98 f=0
[BLACKSCREEN][15650-RET] #130 reason=jr_ra end=0x80015658 target=0x8001A24C steps=3 v0=0x00000000 v1=0x00000081 c2ba=0x0000 c2b8=0x00000000 c2bc=0x00000000 ra=0x8001A24C sp=0x801FFF98 f=0
[BLACKSCREEN][A110-15650-RET] #130 call_pc=0x8001A244 v0_after=0x00000000 v1_after=0x00000081 a0=0xFFFFFFFF a1=0x00008000 sp_after=0x801FFF98 c2ba=0x0000 f=0
[BLACKSCREEN][A110-PATH] #520 pc=0x8001A24C instr=0x1040002B v0=0x00000000 v1=0x00000081 a0=0xFFFFFFFF a1=0x00008000 a2=0x00000000 a3=0x00000000 s0=0x00000003 s1=0x801E0000 s2=0x80032D80 s3=0x80032B48 sp=0x801FFF98 ra=0x8001A24C m2ab4=0x00000000 m2ab8=0x00000000 m2ac5=0x00 c2ba=0x0000 c2b8=0x00000000 c2bc=0x00000000 f=0
[BLACKSCREEN][STATE-C2A8AC-R] #265 size=4 phys=0x0002C2A8 val=0x1F801814 ra=0x8001A184 sp=0x801FFF98 pc=0x00000000 f=0
[BLACKSCREEN][STATE-C2A8AC-R] #266 size=4 phys=0x0002C2AC val=0x1F801110 ra=0x8001A184 sp=0x801FFF98 pc=0x00000000 f=0
[BLACKSCREEN][A110-PATH] #521 pc=0x8001A238 instr=0x00001021 v0=0x00000000 v1=0x00000082 a0=0xFFFFFFFF a1=0x00008000 a2=0x00000000 a3=0x00000000 s0=0x00000003 s1=0x801E0000 s2=0x80032D80 s3=0x80032B48 sp=0x801FFF98 ra=0x8001A184 m2ab4=0x00000000 m2ab8=0x00000000 m2ac5=0x00 c2ba=0x0000 c2b8=0x00000000 c2bc=0x00000000 f=0
[BLACKSCREEN][A110-PATH] #522 pc=0x8001A23C instr=0x14400049 v0=0x00000000 v1=0x00000082 a0=0xFFFFFFFF a1=0x00008000 a2=0x00000000 a3=0x00000000 s0=0x00000003 s1=0x801E0000 s2=0x80032D80 s3=0x80032B48 sp=0x801FFF98 ra=0x8001A184 m2ab4=0x00000000 m2ab8=0x00000000 m2ac5=0x00 c2ba=0x0000 c2b8=0x00000000 c2bc=0x00000000 f=0
[BLACKSCREEN][A110-PATH] #523 pc=0x8001A244 instr=0x0C005594 v0=0xFFFFFFFF v1=0x00000082 a0=0xFFFFFFFF a1=0x00008000 a2=0x00000000 a3=0x00000000 s0=0x00000003 s1=0x801E0000 s2=0x80032D80 s3=0x80032B48 sp=0x801FFF98 ra=0x8001A184 m2ab4=0x00000000 m2ab8=0x00000000 m2ac5=0x00 c2ba=0x0000 c2b8=0x00000000 c2bc=0x00000000 f=0
[BLACKSCREEN][A110-15650-CALL] #131 call_pc=0x8001A244 ra=0x8001A24C v0=0xFFFFFFFF v1=0x00000082 a0=0xFFFFFFFF a1=0x00008000 sp=0x801FFF98 c2ba=0x0000 f=0
[BLACKSCREEN][15650-STEP] #391 pc=0x80015650 instr=0x3C028003 v0=0xFFFFFFFF v1=0x00000082 a0=0xFFFFFFFF a1=0x00008000 c2ba=0x0000 c2b8=0x00000000 c2bc=0x00000000 ra=0x8001A24C sp=0x801FFF98 f=0
[BLACKSCREEN][15650-STEP] #392 pc=0x80015654 instr=0x9442C2BA v0=0x80030000 v1=0x00000082 a0=0xFFFFFFFF a1=0x00008000 c2ba=0x0000 c2b8=0x00000000 c2bc=0x00000000 ra=0x8001A24C sp=0x801FFF98 f=0
[BLACKSCREEN][STATE-C2BA-R] #131 size=2 phys=0x0002C2BA val=0x0000 ra=0x8001A24C sp=0x801FFF98 pc=0x00000000 f=0
[BLACKSCREEN][15650-STEP] #393 pc=0x80015658 instr=0x03E00008 v0=0x00000000 v1=0x00000082 a0=0xFFFFFFFF a1=0x00008000 c2ba=0x0000 c2b8=0x00000000 c2bc=0x00000000 ra=0x8001A24C sp=0x801FFF98 f=0
[BLACKSCREEN][15650-RET] #131 reason=jr_ra end=0x80015658 target=0x8001A24C steps=3 v0=0x00000000 v1=0x00000082 c2ba=0x0000 c2b8=0x00000000 c2bc=0x00000000 ra=0x8001A24C sp=0x801FFF98 f=0
[BLACKSCREEN][A110-15650-RET] #131 call_pc=0x8001A244 v0_after=0x00000000 v1_after=0x00000082 a0=0xFFFFFFFF a1=0x00008000 sp_after=0x801FFF98 c2ba=0x0000 f=0
[BLACKSCREEN][A110-PATH] #524 pc=0x8001A24C instr=0x1040002B v0=0x00000000 v1=0x00000082 a0=0xFFFFFFFF a1=0x00008000 a2=0x00000000 a3=0x00000000 s0=0x00000003 s1=0x801E0000 s2=0x80032D80 s3=0x80032B48 sp=0x801FFF98 ra=0x8001A24C m2ab4=0x00000000 m2ab8=0x00000000 m2ac5=0x00 c2ba=0x0000 c2b8=0x00000000 c2bc=0x00000000 f=0
[BLACKSCREEN][STATE-C2A8AC-R] #267 size=4 phys=0x0002C2A8 val=0x1F801814 ra=0x8001A184 sp=0x801FFF98 pc=0x00000000 f=0
[BLACKSCREEN][STATE-C2A8AC-R] #268 size=4 phys=0x0002C2AC val=0x1F801110 ra=0x8001A184 sp=0x801FFF98 pc=0x00000000 f=0
[BLACKSCREEN][A110-PATH] #525 pc=0x8001A238 instr=0x00001021 v0=0x00000000 v1=0x00000083 a0=0xFFFFFFFF a1=0x00008000 a2=0x00000000 a3=0x00000000 s0=0x00000003 s1=0x801E0000 s2=0x80032D80 s3=0x80032B48 sp=0x801FFF98 ra=0x8001A184 m2ab4=0x00000000 m2ab8=0x00000000 m2ac5=0x00 c2ba=0x0000 c2b8=0x00000000 c2bc=0x00000000 f=0
[BLACKSCREEN][A110-PATH] #526 pc=0x8001A23C instr=0x14400049 v0=0x00000000 v1=0x00000083 a0=0xFFFFFFFF a1=0x00008000 a2=0x00000000 a3=0x00000000 s0=0x00000003 s1=0x801E0000 s2=0x80032D80 s3=0x80032B48 sp=0x801FFF98 ra=0x8001A184 m2ab4=0x00000000 m2ab8=0x00000000 m2ac5=0x00 c2ba=0x0000 c2b8=0x00000000 c2bc=0x00000000 f=0
[BLACKSCREEN][A110-PATH] #527 pc=0x8001A244 instr=0x0C005594 v0=0xFFFFFFFF v1=0x00000083 a0=0xFFFFFFFF a1=0x00008000 a2=0x00000000 a3=0x00000000 s0=0x00000003 s1=0x801E0000 s2=0x80032D80 s3=0x80032B48 sp=0x801FFF98 ra=0x8001A184 m2ab4=0x00000000 m2ab8=0x00000000 m2ac5=0x00 c2ba=0x0000 c2b8=0x00000000 c2bc=0x00000000 f=0
[BLACKSCREEN][A110-15650-CALL] #132 call_pc=0x8001A244 ra=0x8001A24C v0=0xFFFFFFFF v1=0x00000083 a0=0xFFFFFFFF a1=0x00008000 sp=0x801FFF98 c2ba=0x0000 f=0
[BLACKSCREEN][15650-STEP] #394 pc=0x80015650 instr=0x3C028003 v0=0xFFFFFFFF v1=0x00000083 a0=0xFFFFFFFF a1=0x00008000 c2ba=0x0000 c2b8=0x00000000 c2bc=0x00000000 ra=0x8001A24C sp=0x801FFF98 f=0
[BLACKSCREEN][15650-STEP] #395 pc=0x80015654 instr=0x9442C2BA v0=0x80030000 v1=0x00000083 a0=0xFFFFFFFF a1=0x00008000 c2ba=0x0000 c2b8=0x00000000 c2bc=0x00000000 ra=0x8001A24C sp=0x801FFF98 f=0
[BLACKSCREEN][STATE-C2BA-R] #132 size=2 phys=0x0002C2BA val=0x0000 ra=0x8001A24C sp=0x801FFF98 pc=0x00000000 f=0
[BLACKSCREEN][15650-STEP] #396 pc=0x80015658 instr=0x03E00008 v0=0x00000000 v1=0x00000083 a0=0xFFFFFFFF a1=0x00008000 c2ba=0x0000 c2b8=0x00000000 c2bc=0x00000000 ra=0x8001A24C sp=0x801FFF98 f=0
[BLACKSCREEN][15650-RET] #132 reason=jr_ra end=0x80015658 target=0x8001A24C steps=3 v0=0x00000000 v1=0x00000083 c2ba=0x0000 c2b8=0x00000000 c2bc=0x00000000 ra=0x8001A24C sp=0x801FFF98 f=0
[BLACKSCREEN][A110-15650-RET] #132 call_pc=0x8001A244 v0_after=0x00000000 v1_after=0x00000083 a0=0xFFFFFFFF a1=0x00008000 sp_after=0x801FFF98 c2ba=0x0000 f=0
[BLACKSCREEN][A110-PATH] #528 pc=0x8001A24C instr=0x1040002B v0=0x00000000 v1=0x00000083 a0=0xFFFFFFFF a1=0x00008000 a2=0x00000000 a3=0x00000000 s0=0x00000003 s1=0x801E0000 s2=0x80032D80 s3=0x80032B48 sp=0x801FFF98 ra=0x8001A24C m2ab4=0x00000000 m2ab8=0x00000000 m2ac5=0x00 c2ba=0x0000 c2b8=0x00000000 c2bc=0x00000000 f=0
[BLACKSCREEN][STATE-C2A8AC-R] #269 size=4 phys=0x0002C2A8 val=0x1F801814 ra=0x8001A184 sp=0x801FFF98 pc=0x00000000 f=0
[BLACKSCREEN][STATE-C2A8AC-R] #270 size=4 phys=0x0002C2AC val=0x1F801110 ra=0x8001A184 sp=0x801FFF98 pc=0x00000000 f=0
[BLACKSCREEN][A110-PATH] #529 pc=0x8001A238 instr=0x00001021 v0=0x00000000 v1=0x00000084 a0=0xFFFFFFFF a1=0x00008000 a2=0x00000000 a3=0x00000000 s0=0x00000003 s1=0x801E0000 s2=0x80032D80 s3=0x80032B48 sp=0x801FFF98 ra=0x8001A184 m2ab4=0x00000000 m2ab8=0x00000000 m2ac5=0x00 c2ba=0x0000 c2b8=0x00000000 c2bc=0x00000000 f=0
[BLACKSCREEN][A110-PATH] #530 pc=0x8001A23C instr=0x14400049 v0=0x00000000 v1=0x00000084 a0=0xFFFFFFFF a1=0x00008000 a2=0x00000000 a3=0x00000000 s0=0x00000003 s1=0x801E0000 s2=0x80032D80 s3=0x80032B48 sp=0x801FFF98 ra=0x8001A184 m2ab4=0x00000000 m2ab8=0x00000000 m2ac5=0x00 c2ba=0x0000 c2b8=0x00000000 c2bc=0x00000000 f=0
[BLACKSCREEN][A110-PATH] #531 pc=0x8001A244 instr=0x0C005594 v0=0xFFFFFFFF v1=0x00000084 a0=0xFFFFFFFF a1=0x00008000 a2=0x00000000 a3=0x00000000 s0=0x00000003 s1=0x801E0000 s2=0x80032D80 s3=0x80032B48 sp=0x801FFF98 ra=0x8001A184 m2ab4=0x00000000 m2ab8=0x00000000 m2ac5=0x00 c2ba=0x0000 c2b8=0x00000000 c2bc=0x00000000 f=0
[BLACKSCREEN][A110-15650-CALL] #133 call_pc=0x8001A244 ra=0x8001A24C v0=0xFFFFFFFF v1=0x00000084 a0=0xFFFFFFFF a1=0x00008000 sp=0x801FFF98 c2ba=0x0000 f=0
[BLACKSCREEN][15650-STEP] #397 pc=0x80015650 instr=0x3C028003 v0=0xFFFFFFFF v1=0x00000084 a0=0xFFFFFFFF a1=0x00008000 c2ba=0x0000 c2b8=0x00000000 c2bc=0x00000000 ra=0x8001A24C sp=0x801FFF98 f=0
[BLACKSCREEN][15650-STEP] #398 pc=0x80015654 instr=0x9442C2BA v0=0x80030000 v1=0x00000084 a0=0xFFFFFFFF a1=0x00008000 c2ba=0x0000 c2b8=0x00000000 c2bc=0x00000000 ra=0x8001A24C sp=0x801FFF98 f=0
[BLACKSCREEN][STATE-C2BA-R] #133 size=2 phys=0x0002C2BA val=0x0000 ra=0x8001A24C sp=0x801FFF98 pc=0x00000000 f=0
[BLACKSCREEN][15650-STEP] #399 pc=0x80015658 instr=0x03E00008 v0=0x00000000 v1=0x00000084 a0=0xFFFFFFFF a1=0x00008000 c2ba=0x0000 c2b8=0x00000000 c2bc=0x00000000 ra=0x8001A24C sp=0x801FFF98 f=0
[BLACKSCREEN][15650-RET] #133 reason=jr_ra end=0x80015658 target=0x8001A24C steps=3 v0=0x00000000 v1=0x00000084 c2ba=0x0000 c2b8=0x00000000 c2bc=0x00000000 ra=0x8001A24C sp=0x801FFF98 f=0
[BLACKSCREEN][A110-15650-RET] #133 call_pc=0x8001A244 v0_after=0x00000000 v1_after=0x00000084 a0=0xFFFFFFFF a1=0x00008000 sp_after=0x801FFF98 c2ba=0x0000 f=0
[BLACKSCREEN][A110-PATH] #532 pc=0x8001A24C instr=0x1040002B v0=0x00000000 v1=0x00000084 a0=0xFFFFFFFF a1=0x00008000 a2=0x00000000 a3=0x00000000 s0=0x00000003 s1=0x801E0000 s2=0x80032D80 s3=0x80032B48 sp=0x801FFF98 ra=0x8001A24C m2ab4=0x00000000 m2ab8=0x00000000 m2ac5=0x00 c2ba=0x0000 c2b8=0x00000000 c2bc=0x00000000 f=0
[BLACKSCREEN][STATE-C2A8AC-R] #271 size=4 phys=0x0002C2A8 val=0x1F801814 ra=0x8001A184 sp=0x801FFF98 pc=0x00000000 f=0
[BLACKSCREEN][STATE-C2A8AC-R] #272 size=4 phys=0x0002C2AC val=0x1F801110 ra=0x8001A184 sp=0x801FFF98 pc=0x00000000 f=0
[BLACKSCREEN][A110-PATH] #533 pc=0x8001A238 instr=0x00001021 v0=0x00000000 v1=0x00000085 a0=0xFFFFFFFF a1=0x00008000 a2=0x00000000 a3=0x00000000 s0=0x00000003 s1=0x801E0000 s2=0x80032D80 s3=0x80032B48 sp=0x801FFF98 ra=0x8001A184 m2ab4=0x00000000 m2ab8=0x00000000 m2ac5=0x00 c2ba=0x0000 c2b8=0x00000000 c2bc=0x00000000 f=0
[BLACKSCREEN][A110-PATH] #534 pc=0x8001A23C instr=0x14400049 v0=0x00000000 v1=0x00000085 a0=0xFFFFFFFF a1=0x00008000 a2=0x00000000 a3=0x00000000 s0=0x00000003 s1=0x801E0000 s2=0x80032D80 s3=0x80032B48 sp=0x801FFF98 ra=0x8001A184 m2ab4=0x00000000 m2ab8=0x00000000 m2ac5=0x00 c2ba=0x0000 c2b8=0x00000000 c2bc=0x00000000 f=0
[BLACKSCREEN][A110-PATH] #535 pc=0x8001A244 instr=0x0C005594 v0=0xFFFFFFFF v1=0x00000085 a0=0xFFFFFFFF a1=0x00008000 a2=0x00000000 a3=0x00000000 s0=0x00000003 s1=0x801E0000 s2=0x80032D80 s3=0x80032B48 sp=0x801FFF98 ra=0x8001A184 m2ab4=0x00000000 m2ab8=0x00000000 m2ac5=0x00 c2ba=0x0000 c2b8=0x00000000 c2bc=0x00000000 f=0
[BLACKSCREEN][A110-15650-CALL] #134 call_pc=0x8001A244 ra=0x8001A24C v0=0xFFFFFFFF v1=0x00000085 a0=0xFFFFFFFF a1=0x00008000 sp=0x801FFF98 c2ba=0x0000 f=0
[BLACKSCREEN][15650-STEP] #400 pc=0x80015650 instr=0x3C028003 v0=0xFFFFFFFF v1=0x00000085 a0=0xFFFFFFFF a1=0x00008000 c2ba=0x0000 c2b8=0x00000000 c2bc=0x00000000 ra=0x8001A24C sp=0x801FFF98 f=0
[BLACKSCREEN][15650-STEP] #401 pc=0x80015654 instr=0x9442C2BA v0=0x80030000 v1=0x00000085 a0=0xFFFFFFFF a1=0x00008000 c2ba=0x0000 c2b8=0x00000000 c2bc=0x00000000 ra=0x8001A24C sp=0x801FFF98 f=0
[BLACKSCREEN][STATE-C2BA-R] #134 size=2 phys=0x0002C2BA val=0x0000 ra=0x8001A24C sp=0x801FFF98 pc=0x00000000 f=0
[BLACKSCREEN][15650-STEP] #402 pc=0x80015658 instr=0x03E00008 v0=0x00000000 v1=0x00000085 a0=0xFFFFFFFF a1=0x00008000 c2ba=0x0000 c2b8=0x00000000 c2bc=0x00000000 ra=0x8001A24C sp=0x801FFF98 f=0
[BLACKSCREEN][15650-RET] #134 reason=jr_ra end=0x80015658 target=0x8001A24C steps=3 v0=0x00000000 v1=0x00000085 c2ba=0x0000 c2b8=0x00000000 c2bc=0x00000000 ra=0x8001A24C sp=0x801FFF98 f=0
[BLACKSCREEN][A110-15650-RET] #134 call_pc=0x8001A244 v0_after=0x00000000 v1_after=0x00000085 a0=0xFFFFFFFF a1=0x00008000 sp_after=0x801FFF98 c2ba=0x0000 f=0
[BLACKSCREEN][A110-PATH] #536 pc=0x8001A24C instr=0x1040002B v0=0x00000000 v1=0x00000085 a0=0xFFFFFFFF a1=0x00008000 a2=0x00000000 a3=0x00000000 s0=0x00000003 s1=0x801E0000 s2=0x80032D80 s3=0x80032B48 sp=0x801FFF98 ra=0x8001A24C m2ab4=0x00000000 m2ab8=0x00000000 m2ac5=0x00 c2ba=0x0000 c2b8=0x00000000 c2bc=0x00000000 f=0
[BLACKSCREEN][STATE-C2A8AC-R] #273 size=4 phys=0x0002C2A8 val=0x1F801814 ra=0x8001A184 sp=0x801FFF98 pc=0x00000000 f=0
[BLACKSCREEN][STATE-C2A8AC-R] #274 size=4 phys=0x0002C2AC val=0x1F801110 ra=0x8001A184 sp=0x801FFF98 pc=0x00000000 f=0
[BLACKSCREEN][A110-PATH] #537 pc=0x8001A238 instr=0x00001021 v0=0x00000000 v1=0x00000086 a0=0xFFFFFFFF a1=0x00008000 a2=0x00000000 a3=0x00000000 s0=0x00000003 s1=0x801E0000 s2=0x80032D80 s3=0x80032B48 sp=0x801FFF98 ra=0x8001A184 m2ab4=0x00000000 m2ab8=0x00000000 m2ac5=0x00 c2ba=0x0000 c2b8=0x00000000 c2bc=0x00000000 f=0
[BLACKSCREEN][A110-PATH] #538 pc=0x8001A23C instr=0x14400049 v0=0x00000000 v1=0x00000086 a0=0xFFFFFFFF a1=0x00008000 a2=0x00000000 a3=0x00000000 s0=0x00000003 s1=0x801E0000 s2=0x80032D80 s3=0x80032B48 sp=0x801FFF98 ra=0x8001A184 m2ab4=0x00000000 m2ab8=0x00000000 m2ac5=0x00 c2ba=0x0000 c2b8=0x00000000 c2bc=0x00000000 f=0
[BLACKSCREEN][A110-PATH] #539 pc=0x8001A244 instr=0x0C005594 v0=0xFFFFFFFF v1=0x00000086 a0=0xFFFFFFFF a1=0x00008000 a2=0x00000000 a3=0x00000000 s0=0x00000003 s1=0x801E0000 s2=0x80032D80 s3=0x80032B48 sp=0x801FFF98 ra=0x8001A184 m2ab4=0x00000000 m2ab8=0x00000000 m2ac5=0x00 c2ba=0x0000 c2b8=0x00000000 c2bc=0x00000000 f=0
[BLACKSCREEN][A110-15650-CALL] #135 call_pc=0x8001A244 ra=0x8001A24C v0=0xFFFFFFFF v1=0x00000086 a0=0xFFFFFFFF a1=0x00008000 sp=0x801FFF98 c2ba=0x0000 f=0
[BLACKSCREEN][15650-STEP] #403 pc=0x80015650 instr=0x3C028003 v0=0xFFFFFFFF v1=0x00000086 a0=0xFFFFFFFF a1=0x00008000 c2ba=0x0000 c2b8=0x00000000 c2bc=0x00000000 ra=0x8001A24C sp=0x801FFF98 f=0
[BLACKSCREEN][15650-STEP] #404 pc=0x80015654 instr=0x9442C2BA v0=0x80030000 v1=0x00000086 a0=0xFFFFFFFF a1=0x00008000 c2ba=0x0000 c2b8=0x00000000 c2bc=0x00000000 ra=0x8001A24C sp=0x801FFF98 f=0
[BLACKSCREEN][STATE-C2BA-R] #135 size=2 phys=0x0002C2BA val=0x0000 ra=0x8001A24C sp=0x801FFF98 pc=0x00000000 f=0
[BLACKSCREEN][15650-STEP] #405 pc=0x80015658 instr=0x03E00008 v0=0x00000000 v1=0x00000086 a0=0xFFFFFFFF a1=0x00008000 c2ba=0x0000 c2b8=0x00000000 c2bc=0x00000000 ra=0x8001A24C sp=0x801FFF98 f=0
[BLACKSCREEN][15650-RET] #135 reason=jr_ra end=0x80015658 target=0x8001A24C steps=3 v0=0x00000000 v1=0x00000086 c2ba=0x0000 c2b8=0x00000000 c2bc=0x00000000 ra=0x8001A24C sp=0x801FFF98 f=0
[BLACKSCREEN][A110-15650-RET] #135 call_pc=0x8001A244 v0_after=0x00000000 v1_after=0x00000086 a0=0xFFFFFFFF a1=0x00008000 sp_after=0x801FFF98 c2ba=0x0000 f=0
[BLACKSCREEN][A110-PATH] #540 pc=0x8001A24C instr=0x1040002B v0=0x00000000 v1=0x00000086 a0=0xFFFFFFFF a1=0x00008000 a2=0x00000000 a3=0x00000000 s0=0x00000003 s1=0x801E0000 s2=0x80032D80 s3=0x80032B48 sp=0x801FFF98 ra=0x8001A24C m2ab4=0x00000000 m2ab8=0x00000000 m2ac5=0x00 c2ba=0x0000 c2b8=0x00000000 c2bc=0x00000000 f=0
[BLACKSCREEN][STATE-C2A8AC-R] #275 size=4 phys=0x0002C2A8 val=0x1F801814 ra=0x8001A184 sp=0x801FFF98 pc=0x00000000 f=0
[BLACKSCREEN][STATE-C2A8AC-R] #276 size=4 phys=0x0002C2AC val=0x1F801110 ra=0x8001A184 sp=0x801FFF98 pc=0x00000000 f=0
[BLACKSCREEN][A110-PATH] #541 pc=0x8001A238 instr=0x00001021 v0=0x00000000 v1=0x00000087 a0=0xFFFFFFFF a1=0x00008000 a2=0x00000000 a3=0x00000000 s0=0x00000003 s1=0x801E0000 s2=0x80032D80 s3=0x80032B48 sp=0x801FFF98 ra=0x8001A184 m2ab4=0x00000000 m2ab8=0x00000000 m2ac5=0x00 c2ba=0x0000 c2b8=0x00000000 c2bc=0x00000000 f=0
[BLACKSCREEN][A110-PATH] #542 pc=0x8001A23C instr=0x14400049 v0=0x00000000 v1=0x00000087 a0=0xFFFFFFFF a1=0x00008000 a2=0x00000000 a3=0x00000000 s0=0x00000003 s1=0x801E0000 s2=0x80032D80 s3=0x80032B48 sp=0x801FFF98 ra=0x8001A184 m2ab4=0x00000000 m2ab8=0x00000000 m2ac5=0x00 c2ba=0x0000 c2b8=0x00000000 c2bc=0x00000000 f=0
[BLACKSCREEN][A110-PATH] #543 pc=0x8001A244 instr=0x0C005594 v0=0xFFFFFFFF v1=0x00000087 a0=0xFFFFFFFF a1=0x00008000 a2=0x00000000 a3=0x00000000 s0=0x00000003 s1=0x801E0000 s2=0x80032D80 s3=0x80032B48 sp=0x801FFF98 ra=0x8001A184 m2ab4=0x00000000 m2ab8=0x00000000 m2ac5=0x00 c2ba=0x0000 c2b8=0x00000000 c2bc=0x00000000 f=0
[BLACKSCREEN][A110-15650-CALL] #136 call_pc=0x8001A244 ra=0x8001A24C v0=0xFFFFFFFF v1=0x00000087 a0=0xFFFFFFFF a1=0x00008000 sp=0x801FFF98 c2ba=0x0000 f=0
[BLACKSCREEN][15650-STEP] #406 pc=0x80015650 instr=0x3C028003 v0=0xFFFFFFFF v1=0x00000087 a0=0xFFFFFFFF a1=0x00008000 c2ba=0x0000 c2b8=0x00000000 c2bc=0x00000000 ra=0x8001A24C sp=0x801FFF98 f=0
[BLACKSCREEN][15650-STEP] #407 pc=0x80015654 instr=0x9442C2BA v0=0x80030000 v1=0x00000087 a0=0xFFFFFFFF a1=0x00008000 c2ba=0x0000 c2b8=0x00000000 c2bc=0x00000000 ra=0x8001A24C sp=0x801FFF98 f=0
[BLACKSCREEN][STATE-C2BA-R] #136 size=2 phys=0x0002C2BA val=0x0000 ra=0x8001A24C sp=0x801FFF98 pc=0x00000000 f=0
[BLACKSCREEN][15650-STEP] #408 pc=0x80015658 instr=0x03E00008 v0=0x00000000 v1=0x00000087 a0=0xFFFFFFFF a1=0x00008000 c2ba=0x0000 c2b8=0x00000000 c2bc=0x00000000 ra=0x8001A24C sp=0x801FFF98 f=0
[BLACKSCREEN][15650-RET] #136 reason=jr_ra end=0x80015658 target=0x8001A24C steps=3 v0=0x00000000 v1=0x00000087 c2ba=0x0000 c2b8=0x00000000 c2bc=0x00000000 ra=0x8001A24C sp=0x801FFF98 f=0
[BLACKSCREEN][A110-15650-RET] #136 call_pc=0x8001A244 v0_after=0x00000000 v1_after=0x00000087 a0=0xFFFFFFFF a1=0x00008000 sp_after=0x801FFF98 c2ba=0x0000 f=0
[BLACKSCREEN][A110-PATH] #544 pc=0x8001A24C instr=0x1040002B v0=0x00000000 v1=0x00000087 a0=0xFFFFFFFF a1=0x00008000 a2=0x00000000 a3=0x00000000 s0=0x00000003 s1=0x801E0000 s2=0x80032D80 s3=0x80032B48 sp=0x801FFF98 ra=0x8001A24C m2ab4=0x00000000 m2ab8=0x00000000 m2ac5=0x00 c2ba=0x0000 c2b8=0x00000000 c2bc=0x00000000 f=0
[BLACKSCREEN][STATE-C2A8AC-R] #277 size=4 phys=0x0002C2A8 val=0x1F801814 ra=0x8001A184 sp=0x801FFF98 pc=0x00000000 f=0
[BLACKSCREEN][STATE-C2A8AC-R] #278 size=4 phys=0x0002C2AC val=0x1F801110 ra=0x8001A184 sp=0x801FFF98 pc=0x00000000 f=0
[BLACKSCREEN][A110-PATH] #545 pc=0x8001A238 instr=0x00001021 v0=0x00000000 v1=0x00000088 a0=0xFFFFFFFF a1=0x00008000 a2=0x00000000 a3=0x00000000 s0=0x00000003 s1=0x801E0000 s2=0x80032D80 s3=0x80032B48 sp=0x801FFF98 ra=0x8001A184 m2ab4=0x00000000 m2ab8=0x00000000 m2ac5=0x00 c2ba=0x0000 c2b8=0x00000000 c2bc=0x00000000 f=0
[BLACKSCREEN][A110-PATH] #546 pc=0x8001A23C instr=0x14400049 v0=0x00000000 v1=0x00000088 a0=0xFFFFFFFF a1=0x00008000 a2=0x00000000 a3=0x00000000 s0=0x00000003 s1=0x801E0000 s2=0x80032D80 s3=0x80032B48 sp=0x801FFF98 ra=0x8001A184 m2ab4=0x00000000 m2ab8=0x00000000 m2ac5=0x00 c2ba=0x0000 c2b8=0x00000000 c2bc=0x00000000 f=0
[BLACKSCREEN][A110-PATH] #547 pc=0x8001A244 instr=0x0C005594 v0=0xFFFFFFFF v1=0x00000088 a0=0xFFFFFFFF a1=0x00008000 a2=0x00000000 a3=0x00000000 s0=0x00000003 s1=0x801E0000 s2=0x80032D80 s3=0x80032B48 sp=0x801FFF98 ra=0x8001A184 m2ab4=0x00000000 m2ab8=0x00000000 m2ac5=0x00 c2ba=0x0000 c2b8=0x00000000 c2bc=0x00000000 f=0
[BLACKSCREEN][A110-15650-CALL] #137 call_pc=0x8001A244 ra=0x8001A24C v0=0xFFFFFFFF v1=0x00000088 a0=0xFFFFFFFF a1=0x00008000 sp=0x801FFF98 c2ba=0x0000 f=0
[BLACKSCREEN][15650-STEP] #409 pc=0x80015650 instr=0x3C028003 v0=0xFFFFFFFF v1=0x00000088 a0=0xFFFFFFFF a1=0x00008000 c2ba=0x0000 c2b8=0x00000000 c2bc=0x00000000 ra=0x8001A24C sp=0x801FFF98 f=0
[BLACKSCREEN][15650-STEP] #410 pc=0x80015654 instr=0x9442C2BA v0=0x80030000 v1=0x00000088 a0=0xFFFFFFFF a1=0x00008000 c2ba=0x0000 c2b8=0x00000000 c2bc=0x00000000 ra=0x8001A24C sp=0x801FFF98 f=0
[BLACKSCREEN][STATE-C2BA-R] #137 size=2 phys=0x0002C2BA val=0x0000 ra=0x8001A24C sp=0x801FFF98 pc=0x00000000 f=0
[BLACKSCREEN][15650-STEP] #411 pc=0x80015658 instr=0x03E00008 v0=0x00000000 v1=0x00000088 a0=0xFFFFFFFF a1=0x00008000 c2ba=0x0000 c2b8=0x00000000 c2bc=0x00000000 ra=0x8001A24C sp=0x801FFF98 f=0
[BLACKSCREEN][15650-RET] #137 reason=jr_ra end=0x80015658 target=0x8001A24C steps=3 v0=0x00000000 v1=0x00000088 c2ba=0x0000 c2b8=0x00000000 c2bc=0x00000000 ra=0x8001A24C sp=0x801FFF98 f=0
[BLACKSCREEN][A110-15650-RET] #137 call_pc=0x8001A244 v0_after=0x00000000 v1_after=0x00000088 a0=0xFFFFFFFF a1=0x00008000 sp_after=0x801FFF98 c2ba=0x0000 f=0
[BLACKSCREEN][A110-PATH] #548 pc=0x8001A24C instr=0x1040002B v0=0x00000000 v1=0x00000088 a0=0xFFFFFFFF a1=0x00008000 a2=0x00000000 a3=0x00000000 s0=0x00000003 s1=0x801E0000 s2=0x80032D80 s3=0x80032B48 sp=0x801FFF98 ra=0x8001A24C m2ab4=0x00000000 m2ab8=0x00000000 m2ac5=0x00 c2ba=0x0000 c2b8=0x00000000 c2bc=0x00000000 f=0
[BLACKSCREEN][STATE-C2A8AC-R] #279 size=4 phys=0x0002C2A8 val=0x1F801814 ra=0x8001A184 sp=0x801FFF98 pc=0x00000000 f=0
[BLACKSCREEN][STATE-C2A8AC-R] #280 size=4 phys=0x0002C2AC val=0x1F801110 ra=0x8001A184 sp=0x801FFF98 pc=0x00000000 f=0
[BLACKSCREEN][A110-PATH] #549 pc=0x8001A238 instr=0x00001021 v0=0x00000000 v1=0x00000089 a0=0xFFFFFFFF a1=0x00008000 a2=0x00000000 a3=0x00000000 s0=0x00000003 s1=0x801E0000 s2=0x80032D80 s3=0x80032B48 sp=0x801FFF98 ra=0x8001A184 m2ab4=0x00000000 m2ab8=0x00000000 m2ac5=0x00 c2ba=0x0000 c2b8=0x00000000 c2bc=0x00000000 f=0
[BLACKSCREEN][A110-PATH] #550 pc=0x8001A23C instr=0x14400049 v0=0x00000000 v1=0x00000089 a0=0xFFFFFFFF a1=0x00008000 a2=0x00000000 a3=0x00000000 s0=0x00000003 s1=0x801E0000 s2=0x80032D80 s3=0x80032B48 sp=0x801FFF98 ra=0x8001A184 m2ab4=0x00000000 m2ab8=0x00000000 m2ac5=0x00 c2ba=0x0000 c2b8=0x00000000 c2bc=0x00000000 f=0
[BLACKSCREEN][A110-PATH] #551 pc=0x8001A244 instr=0x0C005594 v0=0xFFFFFFFF v1=0x00000089 a0=0xFFFFFFFF a1=0x00008000 a2=0x00000000 a3=0x00000000 s0=0x00000003 s1=0x801E0000 s2=0x80032D80 s3=0x80032B48 sp=0x801FFF98 ra=0x8001A184 m2ab4=0x00000000 m2ab8=0x00000000 m2ac5=0x00 c2ba=0x0000 c2b8=0x00000000 c2bc=0x00000000 f=0
[BLACKSCREEN][A110-15650-CALL] #138 call_pc=0x8001A244 ra=0x8001A24C v0=0xFFFFFFFF v1=0x00000089 a0=0xFFFFFFFF a1=0x00008000 sp=0x801FFF98 c2ba=0x0000 f=0
[BLACKSCREEN][15650-STEP] #412 pc=0x80015650 instr=0x3C028003 v0=0xFFFFFFFF v1=0x00000089 a0=0xFFFFFFFF a1=0x00008000 c2ba=0x0000 c2b8=0x00000000 c2bc=0x00000000 ra=0x8001A24C sp=0x801FFF98 f=0
[BLACKSCREEN][15650-STEP] #413 pc=0x80015654 instr=0x9442C2BA v0=0x80030000 v1=0x00000089 a0=0xFFFFFFFF a1=0x00008000 c2ba=0x0000 c2b8=0x00000000 c2bc=0x00000000 ra=0x8001A24C sp=0x801FFF98 f=0
[BLACKSCREEN][STATE-C2BA-R] #138 size=2 phys=0x0002C2BA val=0x0000 ra=0x8001A24C sp=0x801FFF98 pc=0x00000000 f=0
[BLACKSCREEN][15650-STEP] #414 pc=0x80015658 instr=0x03E00008 v0=0x00000000 v1=0x00000089 a0=0xFFFFFFFF a1=0x00008000 c2ba=0x0000 c2b8=0x00000000 c2bc=0x00000000 ra=0x8001A24C sp=0x801FFF98 f=0
[BLACKSCREEN][15650-RET] #138 reason=jr_ra end=0x80015658 target=0x8001A24C steps=3 v0=0x00000000 v1=0x00000089 c2ba=0x0000 c2b8=0x00000000 c2bc=0x00000000 ra=0x8001A24C sp=0x801FFF98 f=0
[BLACKSCREEN][A110-15650-RET] #138 call_pc=0x8001A244 v0_after=0x00000000 v1_after=0x00000089 a0=0xFFFFFFFF a1=0x00008000 sp_after=0x801FFF98 c2ba=0x0000 f=0
[BLACKSCREEN][A110-PATH] #552 pc=0x8001A24C instr=0x1040002B v0=0x00000000 v1=0x00000089 a0=0xFFFFFFFF a1=0x00008000 a2=0x00000000 a3=0x00000000 s0=0x00000003 s1=0x801E0000 s2=0x80032D80 s3=0x80032B48 sp=0x801FFF98 ra=0x8001A24C m2ab4=0x00000000 m2ab8=0x00000000 m2ac5=0x00 c2ba=0x0000 c2b8=0x00000000 c2bc=0x00000000 f=0
[BLACKSCREEN][STATE-C2A8AC-R] #281 size=4 phys=0x0002C2A8 val=0x1F801814 ra=0x8001A184 sp=0x801FFF98 pc=0x00000000 f=0
[BLACKSCREEN][STATE-C2A8AC-R] #282 size=4 phys=0x0002C2AC val=0x1F801110 ra=0x8001A184 sp=0x801FFF98 pc=0x00000000 f=0
[BLACKSCREEN][A110-PATH] #553 pc=0x8001A238 instr=0x00001021 v0=0x00000000 v1=0x0000008A a0=0xFFFFFFFF a1=0x00008000 a2=0x00000000 a3=0x00000000 s0=0x00000003 s1=0x801E0000 s2=0x80032D80 s3=0x80032B48 sp=0x801FFF98 ra=0x8001A184 m2ab4=0x00000000 m2ab8=0x00000000 m2ac5=0x00 c2ba=0x0000 c2b8=0x00000000 c2bc=0x00000000 f=0
[BLACKSCREEN][A110-PATH] #554 pc=0x8001A23C instr=0x14400049 v0=0x00000000 v1=0x0000008A a0=0xFFFFFFFF a1=0x00008000 a2=0x00000000 a3=0x00000000 s0=0x00000003 s1=0x801E0000 s2=0x80032D80 s3=0x80032B48 sp=0x801FFF98 ra=0x8001A184 m2ab4=0x00000000 m2ab8=0x00000000 m2ac5=0x00 c2ba=0x0000 c2b8=0x00000000 c2bc=0x00000000 f=0
[BLACKSCREEN][A110-PATH] #555 pc=0x8001A244 instr=0x0C005594 v0=0xFFFFFFFF v1=0x0000008A a0=0xFFFFFFFF a1=0x00008000 a2=0x00000000 a3=0x00000000 s0=0x00000003 s1=0x801E0000 s2=0x80032D80 s3=0x80032B48 sp=0x801FFF98 ra=0x8001A184 m2ab4=0x00000000 m2ab8=0x00000000 m2ac5=0x00 c2ba=0x0000 c2b8=0x00000000 c2bc=0x00000000 f=0
[BLACKSCREEN][A110-15650-CALL] #139 call_pc=0x8001A244 ra=0x8001A24C v0=0xFFFFFFFF v1=0x0000008A a0=0xFFFFFFFF a1=0x00008000 sp=0x801FFF98 c2ba=0x0000 f=0
[BLACKSCREEN][15650-STEP] #415 pc=0x80015650 instr=0x3C028003 v0=0xFFFFFFFF v1=0x0000008A a0=0xFFFFFFFF a1=0x00008000 c2ba=0x0000 c2b8=0x00000000 c2bc=0x00000000 ra=0x8001A24C sp=0x801FFF98 f=0
[BLACKSCREEN][15650-STEP] #416 pc=0x80015654 instr=0x9442C2BA v0=0x80030000 v1=0x0000008A a0=0xFFFFFFFF a1=0x00008000 c2ba=0x0000 c2b8=0x00000000 c2bc=0x00000000 ra=0x8001A24C sp=0x801FFF98 f=0
[BLACKSCREEN][STATE-C2BA-R] #139 size=2 phys=0x0002C2BA val=0x0000 ra=0x8001A24C sp=0x801FFF98 pc=0x00000000 f=0
[BLACKSCREEN][15650-STEP] #417 pc=0x80015658 instr=0x03E00008 v0=0x00000000 v1=0x0000008A a0=0xFFFFFFFF a1=0x00008000 c2ba=0x0000 c2b8=0x00000000 c2bc=0x00000000 ra=0x8001A24C sp=0x801FFF98 f=0
[BLACKSCREEN][15650-RET] #139 reason=jr_ra end=0x80015658 target=0x8001A24C steps=3 v0=0x00000000 v1=0x0000008A c2ba=0x0000 c2b8=0x00000000 c2bc=0x00000000 ra=0x8001A24C sp=0x801FFF98 f=0
[BLACKSCREEN][A110-15650-RET] #139 call_pc=0x8001A244 v0_after=0x00000000 v1_after=0x0000008A a0=0xFFFFFFFF a1=0x00008000 sp_after=0x801FFF98 c2ba=0x0000 f=0
[BLACKSCREEN][A110-PATH] #556 pc=0x8001A24C instr=0x1040002B v0=0x00000000 v1=0x0000008A a0=0xFFFFFFFF a1=0x00008000 a2=0x00000000 a3=0x00000000 s0=0x00000003 s1=0x801E0000 s2=0x80032D80 s3=0x80032B48 sp=0x801FFF98 ra=0x8001A24C m2ab4=0x00000000 m2ab8=0x00000000 m2ac5=0x00 c2ba=0x0000 c2b8=0x00000000 c2bc=0x00000000 f=0
[BLACKSCREEN][STATE-C2A8AC-R] #283 size=4 phys=0x0002C2A8 val=0x1F801814 ra=0x8001A184 sp=0x801FFF98 pc=0x00000000 f=0
[BLACKSCREEN][STATE-C2A8AC-R] #284 size=4 phys=0x0002C2AC val=0x1F801110 ra=0x8001A184 sp=0x801FFF98 pc=0x00000000 f=0
[BLACKSCREEN][A110-PATH] #557 pc=0x8001A238 instr=0x00001021 v0=0x00000000 v1=0x0000008B a0=0xFFFFFFFF a1=0x00008000 a2=0x00000000 a3=0x00000000 s0=0x00000003 s1=0x801E0000 s2=0x80032D80 s3=0x80032B48 sp=0x801FFF98 ra=0x8001A184 m2ab4=0x00000000 m2ab8=0x00000000 m2ac5=0x00 c2ba=0x0000 c2b8=0x00000000 c2bc=0x00000000 f=0
[BLACKSCREEN][A110-PATH] #558 pc=0x8001A23C instr=0x14400049 v0=0x00000000 v1=0x0000008B a0=0xFFFFFFFF a1=0x00008000 a2=0x00000000 a3=0x00000000 s0=0x00000003 s1=0x801E0000 s2=0x80032D80 s3=0x80032B48 sp=0x801FFF98 ra=0x8001A184 m2ab4=0x00000000 m2ab8=0x00000000 m2ac5=0x00 c2ba=0x0000 c2b8=0x00000000 c2bc=0x00000000 f=0
[BLACKSCREEN][A110-PATH] #559 pc=0x8001A244 instr=0x0C005594 v0=0xFFFFFFFF v1=0x0000008B a0=0xFFFFFFFF a1=0x00008000 a2=0x00000000 a3=0x00000000 s0=0x00000003 s1=0x801E0000 s2=0x80032D80 s3=0x80032B48 sp=0x801FFF98 ra=0x8001A184 m2ab4=0x00000000 m2ab8=0x00000000 m2ac5=0x00 c2ba=0x0000 c2b8=0x00000000 c2bc=0x00000000 f=0
[BLACKSCREEN][A110-15650-CALL] #140 call_pc=0x8001A244 ra=0x8001A24C v0=0xFFFFFFFF v1=0x0000008B a0=0xFFFFFFFF a1=0x00008000 sp=0x801FFF98 c2ba=0x0000 f=0
[BLACKSCREEN][15650-STEP] #418 pc=0x80015650 instr=0x3C028003 v0=0xFFFFFFFF v1=0x0000008B a0=0xFFFFFFFF a1=0x00008000 c2ba=0x0000 c2b8=0x00000000 c2bc=0x00000000 ra=0x8001A24C sp=0x801FFF98 f=0
[BLACKSCREEN][15650-STEP] #419 pc=0x80015654 instr=0x9442C2BA v0=0x80030000 v1=0x0000008B a0=0xFFFFFFFF a1=0x00008000 c2ba=0x0000 c2b8=0x00000000 c2bc=0x00000000 ra=0x8001A24C sp=0x801FFF98 f=0
[BLACKSCREEN][STATE-C2BA-R] #140 size=2 phys=0x0002C2BA val=0x0000 ra=0x8001A24C sp=0x801FFF98 pc=0x00000000 f=0
[BLACKSCREEN][15650-STEP] #420 pc=0x80015658 instr=0x03E00008 v0=0x00000000 v1=0x0000008B a0=0xFFFFFFFF a1=0x00008000 c2ba=0x0000 c2b8=0x00000000 c2bc=0x00000000 ra=0x8001A24C sp=0x801FFF98 f=0
[BLACKSCREEN][15650-RET] #140 reason=jr_ra end=0x80015658 target=0x8001A24C steps=3 v0=0x00000000 v1=0x0000008B c2ba=0x0000 c2b8=0x00000000 c2bc=0x00000000 ra=0x8001A24C sp=0x801FFF98 f=0
[BLACKSCREEN][A110-15650-RET] #140 call_pc=0x8001A244 v0_after=0x00000000 v1_after=0x0000008B a0=0xFFFFFFFF a1=0x00008000 sp_after=0x801FFF98 c2ba=0x0000 f=0
[BLACKSCREEN][A110-PATH] #560 pc=0x8001A24C instr=0x1040002B v0=0x00000000 v1=0x0000008B a0=0xFFFFFFFF a1=0x00008000 a2=0x00000000 a3=0x00000000 s0=0x00000003 s1=0x801E0000 s2=0x80032D80 s3=0x80032B48 sp=0x801FFF98 ra=0x8001A24C m2ab4=0x00000000 m2ab8=0x00000000 m2ac5=0x00 c2ba=0x0000 c2b8=0x00000000 c2bc=0x00000000 f=0
[BLACKSCREEN][STATE-C2A8AC-R] #285 size=4 phys=0x0002C2A8 val=0x1F801814 ra=0x8001A184 sp=0x801FFF98 pc=0x00000000 f=0
[BLACKSCREEN][STATE-C2A8AC-R] #286 size=4 phys=0x0002C2AC val=0x1F801110 ra=0x8001A184 sp=0x801FFF98 pc=0x00000000 f=0
[BLACKSCREEN][A110-PATH] #561 pc=0x8001A238 instr=0x00001021 v0=0x00000000 v1=0x0000008C a0=0xFFFFFFFF a1=0x00008000 a2=0x00000000 a3=0x00000000 s0=0x00000003 s1=0x801E0000 s2=0x80032D80 s3=0x80032B48 sp=0x801FFF98 ra=0x8001A184 m2ab4=0x00000000 m2ab8=0x00000000 m2ac5=0x00 c2ba=0x0000 c2b8=0x00000000 c2bc=0x00000000 f=0
[BLACKSCREEN][A110-PATH] #562 pc=0x8001A23C instr=0x14400049 v0=0x00000000 v1=0x0000008C a0=0xFFFFFFFF a1=0x00008000 a2=0x00000000 a3=0x00000000 s0=0x00000003 s1=0x801E0000 s2=0x80032D80 s3=0x80032B48 sp=0x801FFF98 ra=0x8001A184 m2ab4=0x00000000 m2ab8=0x00000000 m2ac5=0x00 c2ba=0x0000 c2b8=0x00000000 c2bc=0x00000000 f=0
[BLACKSCREEN][A110-PATH] #563 pc=0x8001A244 instr=0x0C005594 v0=0xFFFFFFFF v1=0x0000008C a0=0xFFFFFFFF a1=0x00008000 a2=0x00000000 a3=0x00000000 s0=0x00000003 s1=0x801E0000 s2=0x80032D80 s3=0x80032B48 sp=0x801FFF98 ra=0x8001A184 m2ab4=0x00000000 m2ab8=0x00000000 m2ac5=0x00 c2ba=0x0000 c2b8=0x00000000 c2bc=0x00000000 f=0
[BLACKSCREEN][A110-15650-CALL] #141 call_pc=0x8001A244 ra=0x8001A24C v0=0xFFFFFFFF v1=0x0000008C a0=0xFFFFFFFF a1=0x00008000 sp=0x801FFF98 c2ba=0x0000 f=0
[BLACKSCREEN][15650-STEP] #421 pc=0x80015650 instr=0x3C028003 v0=0xFFFFFFFF v1=0x0000008C a0=0xFFFFFFFF a1=0x00008000 c2ba=0x0000 c2b8=0x00000000 c2bc=0x00000000 ra=0x8001A24C sp=0x801FFF98 f=0
[BLACKSCREEN][15650-STEP] #422 pc=0x80015654 instr=0x9442C2BA v0=0x80030000 v1=0x0000008C a0=0xFFFFFFFF a1=0x00008000 c2ba=0x0000 c2b8=0x00000000 c2bc=0x00000000 ra=0x8001A24C sp=0x801FFF98 f=0
[BLACKSCREEN][STATE-C2BA-R] #141 size=2 phys=0x0002C2BA val=0x0000 ra=0x8001A24C sp=0x801FFF98 pc=0x00000000 f=0
[BLACKSCREEN][15650-STEP] #423 pc=0x80015658 instr=0x03E00008 v0=0x00000000 v1=0x0000008C a0=0xFFFFFFFF a1=0x00008000 c2ba=0x0000 c2b8=0x00000000 c2bc=0x00000000 ra=0x8001A24C sp=0x801FFF98 f=0
[BLACKSCREEN][15650-RET] #141 reason=jr_ra end=0x80015658 target=0x8001A24C steps=3 v0=0x00000000 v1=0x0000008C c2ba=0x0000 c2b8=0x00000000 c2bc=0x00000000 ra=0x8001A24C sp=0x801FFF98 f=0
[BLACKSCREEN][A110-15650-RET] #141 call_pc=0x8001A244 v0_after=0x00000000 v1_after=0x0000008C a0=0xFFFFFFFF a1=0x00008000 sp_after=0x801FFF98 c2ba=0x0000 f=0
[BLACKSCREEN][A110-PATH] #564 pc=0x8001A24C instr=0x1040002B v0=0x00000000 v1=0x0000008C a0=0xFFFFFFFF a1=0x00008000 a2=0x00000000 a3=0x00000000 s0=0x00000003 s1=0x801E0000 s2=0x80032D80 s3=0x80032B48 sp=0x801FFF98 ra=0x8001A24C m2ab4=0x00000000 m2ab8=0x00000000 m2ac5=0x00 c2ba=0x0000 c2b8=0x00000000 c2bc=0x00000000 f=0
[BLACKSCREEN][STATE-C2A8AC-R] #287 size=4 phys=0x0002C2A8 val=0x1F801814 ra=0x8001A184 sp=0x801FFF98 pc=0x00000000 f=0
[BLACKSCREEN][STATE-C2A8AC-R] #288 size=4 phys=0x0002C2AC val=0x1F801110 ra=0x8001A184 sp=0x801FFF98 pc=0x00000000 f=0
[BLACKSCREEN][A110-PATH] #565 pc=0x8001A238 instr=0x00001021 v0=0x00000000 v1=0x0000008D a0=0xFFFFFFFF a1=0x00008000 a2=0x00000000 a3=0x00000000 s0=0x00000003 s1=0x801E0000 s2=0x80032D80 s3=0x80032B48 sp=0x801FFF98 ra=0x8001A184 m2ab4=0x00000000 m2ab8=0x00000000 m2ac5=0x00 c2ba=0x0000 c2b8=0x00000000 c2bc=0x00000000 f=0
[BLACKSCREEN][A110-PATH] #566 pc=0x8001A23C instr=0x14400049 v0=0x00000000 v1=0x0000008D a0=0xFFFFFFFF a1=0x00008000 a2=0x00000000 a3=0x00000000 s0=0x00000003 s1=0x801E0000 s2=0x80032D80 s3=0x80032B48 sp=0x801FFF98 ra=0x8001A184 m2ab4=0x00000000 m2ab8=0x00000000 m2ac5=0x00 c2ba=0x0000 c2b8=0x00000000 c2bc=0x00000000 f=0
[BLACKSCREEN][A110-PATH] #567 pc=0x8001A244 instr=0x0C005594 v0=0xFFFFFFFF v1=0x0000008D a0=0xFFFFFFFF a1=0x00008000 a2=0x00000000 a3=0x00000000 s0=0x00000003 s1=0x801E0000 s2=0x80032D80 s3=0x80032B48 sp=0x801FFF98 ra=0x8001A184 m2ab4=0x00000000 m2ab8=0x00000000 m2ac5=0x00 c2ba=0x0000 c2b8=0x00000000 c2bc=0x00000000 f=0
[BLACKSCREEN][A110-15650-CALL] #142 call_pc=0x8001A244 ra=0x8001A24C v0=0xFFFFFFFF v1=0x0000008D a0=0xFFFFFFFF a1=0x00008000 sp=0x801FFF98 c2ba=0x0000 f=0
[BLACKSCREEN][15650-STEP] #424 pc=0x80015650 instr=0x3C028003 v0=0xFFFFFFFF v1=0x0000008D a0=0xFFFFFFFF a1=0x00008000 c2ba=0x0000 c2b8=0x00000000 c2bc=0x00000000 ra=0x8001A24C sp=0x801FFF98 f=0
[BLACKSCREEN][15650-STEP] #425 pc=0x80015654 instr=0x9442C2BA v0=0x80030000 v1=0x0000008D a0=0xFFFFFFFF a1=0x00008000 c2ba=0x0000 c2b8=0x00000000 c2bc=0x00000000 ra=0x8001A24C sp=0x801FFF98 f=0
[BLACKSCREEN][STATE-C2BA-R] #142 size=2 phys=0x0002C2BA val=0x0000 ra=0x8001A24C sp=0x801FFF98 pc=0x00000000 f=0
[BLACKSCREEN][15650-STEP] #426 pc=0x80015658 instr=0x03E00008 v0=0x00000000 v1=0x0000008D a0=0xFFFFFFFF a1=0x00008000 c2ba=0x0000 c2b8=0x00000000 c2bc=0x00000000 ra=0x8001A24C sp=0x801FFF98 f=0
[BLACKSCREEN][15650-RET] #142 reason=jr_ra end=0x80015658 target=0x8001A24C steps=3 v0=0x00000000 v1=0x0000008D c2ba=0x0000 c2b8=0x00000000 c2bc=0x00000000 ra=0x8001A24C sp=0x801FFF98 f=0
[BLACKSCREEN][A110-15650-RET] #142 call_pc=0x8001A244 v0_after=0x00000000 v1_after=0x0000008D a0=0xFFFFFFFF a1=0x00008000 sp_after=0x801FFF98 c2ba=0x0000 f=0
[BLACKSCREEN][A110-PATH] #568 pc=0x8001A24C instr=0x1040002B v0=0x00000000 v1=0x0000008D a0=0xFFFFFFFF a1=0x00008000 a2=0x00000000 a3=0x00000000 s0=0x00000003 s1=0x801E0000 s2=0x80032D80 s3=0x80032B48 sp=0x801FFF98 ra=0x8001A24C m2ab4=0x00000000 m2ab8=0x00000000 m2ac5=0x00 c2ba=0x0000 c2b8=0x00000000 c2bc=0x00000000 f=0
[BLACKSCREEN][STATE-C2A8AC-R] #289 size=4 phys=0x0002C2A8 val=0x1F801814 ra=0x8001A184 sp=0x801FFF98 pc=0x00000000 f=0
[BLACKSCREEN][STATE-C2A8AC-R] #290 size=4 phys=0x0002C2AC val=0x1F801110 ra=0x8001A184 sp=0x801FFF98 pc=0x00000000 f=0
[BLACKSCREEN][A110-PATH] #569 pc=0x8001A238 instr=0x00001021 v0=0x00000000 v1=0x0000008E a0=0xFFFFFFFF a1=0x00008000 a2=0x00000000 a3=0x00000000 s0=0x00000003 s1=0x801E0000 s2=0x80032D80 s3=0x80032B48 sp=0x801FFF98 ra=0x8001A184 m2ab4=0x00000000 m2ab8=0x00000000 m2ac5=0x00 c2ba=0x0000 c2b8=0x00000000 c2bc=0x00000000 f=0
[BLACKSCREEN][A110-PATH] #570 pc=0x8001A23C instr=0x14400049 v0=0x00000000 v1=0x0000008E a0=0xFFFFFFFF a1=0x00008000 a2=0x00000000 a3=0x00000000 s0=0x00000003 s1=0x801E0000 s2=0x80032D80 s3=0x80032B48 sp=0x801FFF98 ra=0x8001A184 m2ab4=0x00000000 m2ab8=0x00000000 m2ac5=0x00 c2ba=0x0000 c2b8=0x00000000 c2bc=0x00000000 f=0
[BLACKSCREEN][A110-PATH] #571 pc=0x8001A244 instr=0x0C005594 v0=0xFFFFFFFF v1=0x0000008E a0=0xFFFFFFFF a1=0x00008000 a2=0x00000000 a3=0x00000000 s0=0x00000003 s1=0x801E0000 s2=0x80032D80 s3=0x80032B48 sp=0x801FFF98 ra=0x8001A184 m2ab4=0x00000000 m2ab8=0x00000000 m2ac5=0x00 c2ba=0x0000 c2b8=0x00000000 c2bc=0x00000000 f=0
[BLACKSCREEN][A110-15650-CALL] #143 call_pc=0x8001A244 ra=0x8001A24C v0=0xFFFFFFFF v1=0x0000008E a0=0xFFFFFFFF a1=0x00008000 sp=0x801FFF98 c2ba=0x0000 f=0
[BLACKSCREEN][15650-STEP] #427 pc=0x80015650 instr=0x3C028003 v0=0xFFFFFFFF v1=0x0000008E a0=0xFFFFFFFF a1=0x00008000 c2ba=0x0000 c2b8=0x00000000 c2bc=0x00000000 ra=0x8001A24C sp=0x801FFF98 f=0
[BLACKSCREEN][15650-STEP] #428 pc=0x80015654 instr=0x9442C2BA v0=0x80030000 v1=0x0000008E a0=0xFFFFFFFF a1=0x00008000 c2ba=0x0000 c2b8=0x00000000 c2bc=0x00000000 ra=0x8001A24C sp=0x801FFF98 f=0
[BLACKSCREEN][STATE-C2BA-R] #143 size=2 phys=0x0002C2BA val=0x0000 ra=0x8001A24C sp=0x801FFF98 pc=0x00000000 f=0
[BLACKSCREEN][15650-STEP] #429 pc=0x80015658 instr=0x03E00008 v0=0x00000000 v1=0x0000008E a0=0xFFFFFFFF a1=0x00008000 c2ba=0x0000 c2b8=0x00000000 c2bc=0x00000000 ra=0x8001A24C sp=0x801FFF98 f=0
[BLACKSCREEN][15650-RET] #143 reason=jr_ra end=0x80015658 target=0x8001A24C steps=3 v0=0x00000000 v1=0x0000008E c2ba=0x0000 c2b8=0x00000000 c2bc=0x00000000 ra=0x8001A24C sp=0x801FFF98 f=0
[BLACKSCREEN][A110-15650-RET] #143 call_pc=0x8001A244 v0_after=0x00000000 v1_after=0x0000008E a0=0xFFFFFFFF a1=0x00008000 sp_after=0x801FFF98 c2ba=0x0000 f=0
[BLACKSCREEN][A110-PATH] #572 pc=0x8001A24C instr=0x1040002B v0=0x00000000 v1=0x0000008E a0=0xFFFFFFFF a1=0x00008000 a2=0x00000000 a3=0x00000000 s0=0x00000003 s1=0x801E0000 s2=0x80032D80 s3=0x80032B48 sp=0x801FFF98 ra=0x8001A24C m2ab4=0x00000000 m2ab8=0x00000000 m2ac5=0x00 c2ba=0x0000 c2b8=0x00000000 c2bc=0x00000000 f=0
[BLACKSCREEN][STATE-C2A8AC-R] #291 size=4 phys=0x0002C2A8 val=0x1F801814 ra=0x8001A184 sp=0x801FFF98 pc=0x00000000 f=0
[BLACKSCREEN][STATE-C2A8AC-R] #292 size=4 phys=0x0002C2AC val=0x1F801110 ra=0x8001A184 sp=0x801FFF98 pc=0x00000000 f=0
[BLACKSCREEN][A110-PATH] #573 pc=0x8001A238 instr=0x00001021 v0=0x00000000 v1=0x0000008F a0=0xFFFFFFFF a1=0x00008000 a2=0x00000000 a3=0x00000000 s0=0x00000003 s1=0x801E0000 s2=0x80032D80 s3=0x80032B48 sp=0x801FFF98 ra=0x8001A184 m2ab4=0x00000000 m2ab8=0x00000000 m2ac5=0x00 c2ba=0x0000 c2b8=0x00000000 c2bc=0x00000000 f=0
[BLACKSCREEN][A110-PATH] #574 pc=0x8001A23C instr=0x14400049 v0=0x00000000 v1=0x0000008F a0=0xFFFFFFFF a1=0x00008000 a2=0x00000000 a3=0x00000000 s0=0x00000003 s1=0x801E0000 s2=0x80032D80 s3=0x80032B48 sp=0x801FFF98 ra=0x8001A184 m2ab4=0x00000000 m2ab8=0x00000000 m2ac5=0x00 c2ba=0x0000 c2b8=0x00000000 c2bc=0x00000000 f=0
[BLACKSCREEN][A110-PATH] #575 pc=0x8001A244 instr=0x0C005594 v0=0xFFFFFFFF v1=0x0000008F a0=0xFFFFFFFF a1=0x00008000 a2=0x00000000 a3=0x00000000 s0=0x00000003 s1=0x801E0000 s2=0x80032D80 s3=0x80032B48 sp=0x801FFF98 ra=0x8001A184 m2ab4=0x00000000 m2ab8=0x00000000 m2ac5=0x00 c2ba=0x0000 c2b8=0x00000000 c2bc=0x00000000 f=0
[BLACKSCREEN][A110-15650-CALL] #144 call_pc=0x8001A244 ra=0x8001A24C v0=0xFFFFFFFF v1=0x0000008F a0=0xFFFFFFFF a1=0x00008000 sp=0x801FFF98 c2ba=0x0000 f=0
[BLACKSCREEN][15650-STEP] #430 pc=0x80015650 instr=0x3C028003 v0=0xFFFFFFFF v1=0x0000008F a0=0xFFFFFFFF a1=0x00008000 c2ba=0x0000 c2b8=0x00000000 c2bc=0x00000000 ra=0x8001A24C sp=0x801FFF98 f=0
[BLACKSCREEN][15650-STEP] #431 pc=0x80015654 instr=0x9442C2BA v0=0x80030000 v1=0x0000008F a0=0xFFFFFFFF a1=0x00008000 c2ba=0x0000 c2b8=0x00000000 c2bc=0x00000000 ra=0x8001A24C sp=0x801FFF98 f=0
[BLACKSCREEN][STATE-C2BA-R] #144 size=2 phys=0x0002C2BA val=0x0000 ra=0x8001A24C sp=0x801FFF98 pc=0x00000000 f=0
[BLACKSCREEN][15650-STEP] #432 pc=0x80015658 instr=0x03E00008 v0=0x00000000 v1=0x0000008F a0=0xFFFFFFFF a1=0x00008000 c2ba=0x0000 c2b8=0x00000000 c2bc=0x00000000 ra=0x8001A24C sp=0x801FFF98 f=0
[BLACKSCREEN][15650-RET] #144 reason=jr_ra end=0x80015658 target=0x8001A24C steps=3 v0=0x00000000 v1=0x0000008F c2ba=0x0000 c2b8=0x00000000 c2bc=0x00000000 ra=0x8001A24C sp=0x801FFF98 f=0
[BLACKSCREEN][A110-15650-RET] #144 call_pc=0x8001A244 v0_after=0x00000000 v1_after=0x0000008F a0=0xFFFFFFFF a1=0x00008000 sp_after=0x801FFF98 c2ba=0x0000 f=0
[BLACKSCREEN][A110-PATH] #576 pc=0x8001A24C instr=0x1040002B v0=0x00000000 v1=0x0000008F a0=0xFFFFFFFF a1=0x00008000 a2=0x00000000 a3=0x00000000 s0=0x00000003 s1=0x801E0000 s2=0x80032D80 s3=0x80032B48 sp=0x801FFF98 ra=0x8001A24C m2ab4=0x00000000 m2ab8=0x00000000 m2ac5=0x00 c2ba=0x0000 c2b8=0x00000000 c2bc=0x00000000 f=0
[BLACKSCREEN][STATE-C2A8AC-R] #293 size=4 phys=0x0002C2A8 val=0x1F801814 ra=0x8001A184 sp=0x801FFF98 pc=0x00000000 f=0
[BLACKSCREEN][STATE-C2A8AC-R] #294 size=4 phys=0x0002C2AC val=0x1F801110 ra=0x8001A184 sp=0x801FFF98 pc=0x00000000 f=0
[BLACKSCREEN][A110-PATH] #577 pc=0x8001A238 instr=0x00001021 v0=0x00000000 v1=0x00000090 a0=0xFFFFFFFF a1=0x00008000 a2=0x00000000 a3=0x00000000 s0=0x00000003 s1=0x801E0000 s2=0x80032D80 s3=0x80032B48 sp=0x801FFF98 ra=0x8001A184 m2ab4=0x00000000 m2ab8=0x00000000 m2ac5=0x00 c2ba=0x0000 c2b8=0x00000000 c2bc=0x00000000 f=0
[BLACKSCREEN][A110-PATH] #578 pc=0x8001A23C instr=0x14400049 v0=0x00000000 v1=0x00000090 a0=0xFFFFFFFF a1=0x00008000 a2=0x00000000 a3=0x00000000 s0=0x00000003 s1=0x801E0000 s2=0x80032D80 s3=0x80032B48 sp=0x801FFF98 ra=0x8001A184 m2ab4=0x00000000 m2ab8=0x00000000 m2ac5=0x00 c2ba=0x0000 c2b8=0x00000000 c2bc=0x00000000 f=0
[BLACKSCREEN][A110-PATH] #579 pc=0x8001A244 instr=0x0C005594 v0=0xFFFFFFFF v1=0x00000090 a0=0xFFFFFFFF a1=0x00008000 a2=0x00000000 a3=0x00000000 s0=0x00000003 s1=0x801E0000 s2=0x80032D80 s3=0x80032B48 sp=0x801FFF98 ra=0x8001A184 m2ab4=0x00000000 m2ab8=0x00000000 m2ac5=0x00 c2ba=0x0000 c2b8=0x00000000 c2bc=0x00000000 f=0
[BLACKSCREEN][A110-15650-CALL] #145 call_pc=0x8001A244 ra=0x8001A24C v0=0xFFFFFFFF v1=0x00000090 a0=0xFFFFFFFF a1=0x00008000 sp=0x801FFF98 c2ba=0x0000 f=0
[BLACKSCREEN][15650-STEP] #433 pc=0x80015650 instr=0x3C028003 v0=0xFFFFFFFF v1=0x00000090 a0=0xFFFFFFFF a1=0x00008000 c2ba=0x0000 c2b8=0x00000000 c2bc=0x00000000 ra=0x8001A24C sp=0x801FFF98 f=0
[BLACKSCREEN][15650-STEP] #434 pc=0x80015654 instr=0x9442C2BA v0=0x80030000 v1=0x00000090 a0=0xFFFFFFFF a1=0x00008000 c2ba=0x0000 c2b8=0x00000000 c2bc=0x00000000 ra=0x8001A24C sp=0x801FFF98 f=0
[BLACKSCREEN][STATE-C2BA-R] #145 size=2 phys=0x0002C2BA val=0x0000 ra=0x8001A24C sp=0x801FFF98 pc=0x00000000 f=0
[BLACKSCREEN][15650-STEP] #435 pc=0x80015658 instr=0x03E00008 v0=0x00000000 v1=0x00000090 a0=0xFFFFFFFF a1=0x00008000 c2ba=0x0000 c2b8=0x00000000 c2bc=0x00000000 ra=0x8001A24C sp=0x801FFF98 f=0
[BLACKSCREEN][15650-RET] #145 reason=jr_ra end=0x80015658 target=0x8001A24C steps=3 v0=0x00000000 v1=0x00000090 c2ba=0x0000 c2b8=0x00000000 c2bc=0x00000000 ra=0x8001A24C sp=0x801FFF98 f=0
[BLACKSCREEN][A110-15650-RET] #145 call_pc=0x8001A244 v0_after=0x00000000 v1_after=0x00000090 a0=0xFFFFFFFF a1=0x00008000 sp_after=0x801FFF98 c2ba=0x0000 f=0
[BLACKSCREEN][A110-PATH] #580 pc=0x8001A24C instr=0x1040002B v0=0x00000000 v1=0x00000090 a0=0xFFFFFFFF a1=0x00008000 a2=0x00000000 a3=0x00000000 s0=0x00000003 s1=0x801E0000 s2=0x80032D80 s3=0x80032B48 sp=0x801FFF98 ra=0x8001A24C m2ab4=0x00000000 m2ab8=0x00000000 m2ac5=0x00 c2ba=0x0000 c2b8=0x00000000 c2bc=0x00000000 f=0
[BLACKSCREEN][STATE-C2A8AC-R] #295 size=4 phys=0x0002C2A8 val=0x1F801814 ra=0x8001A184 sp=0x801FFF98 pc=0x00000000 f=0
[BLACKSCREEN][STATE-C2A8AC-R] #296 size=4 phys=0x0002C2AC val=0x1F801110 ra=0x8001A184 sp=0x801FFF98 pc=0x00000000 f=0
[BLACKSCREEN][A110-PATH] #581 pc=0x8001A238 instr=0x00001021 v0=0x00000000 v1=0x00000091 a0=0xFFFFFFFF a1=0x00008000 a2=0x00000000 a3=0x00000000 s0=0x00000003 s1=0x801E0000 s2=0x80032D80 s3=0x80032B48 sp=0x801FFF98 ra=0x8001A184 m2ab4=0x00000000 m2ab8=0x00000000 m2ac5=0x00 c2ba=0x0000 c2b8=0x00000000 c2bc=0x00000000 f=0
[BLACKSCREEN][A110-PATH] #582 pc=0x8001A23C instr=0x14400049 v0=0x00000000 v1=0x00000091 a0=0xFFFFFFFF a1=0x00008000 a2=0x00000000 a3=0x00000000 s0=0x00000003 s1=0x801E0000 s2=0x80032D80 s3=0x80032B48 sp=0x801FFF98 ra=0x8001A184 m2ab4=0x00000000 m2ab8=0x00000000 m2ac5=0x00 c2ba=0x0000 c2b8=0x00000000 c2bc=0x00000000 f=0
[BLACKSCREEN][A110-PATH] #583 pc=0x8001A244 instr=0x0C005594 v0=0xFFFFFFFF v1=0x00000091 a0=0xFFFFFFFF a1=0x00008000 a2=0x00000000 a3=0x00000000 s0=0x00000003 s1=0x801E0000 s2=0x80032D80 s3=0x80032B48 sp=0x801FFF98 ra=0x8001A184 m2ab4=0x00000000 m2ab8=0x00000000 m2ac5=0x00 c2ba=0x0000 c2b8=0x00000000 c2bc=0x00000000 f=0
[BLACKSCREEN][A110-15650-CALL] #146 call_pc=0x8001A244 ra=0x8001A24C v0=0xFFFFFFFF v1=0x00000091 a0=0xFFFFFFFF a1=0x00008000 sp=0x801FFF98 c2ba=0x0000 f=0
[BLACKSCREEN][15650-STEP] #436 pc=0x80015650 instr=0x3C028003 v0=0xFFFFFFFF v1=0x00000091 a0=0xFFFFFFFF a1=0x00008000 c2ba=0x0000 c2b8=0x00000000 c2bc=0x00000000 ra=0x8001A24C sp=0x801FFF98 f=0
[BLACKSCREEN][15650-STEP] #437 pc=0x80015654 instr=0x9442C2BA v0=0x80030000 v1=0x00000091 a0=0xFFFFFFFF a1=0x00008000 c2ba=0x0000 c2b8=0x00000000 c2bc=0x00000000 ra=0x8001A24C sp=0x801FFF98 f=0
[BLACKSCREEN][STATE-C2BA-R] #146 size=2 phys=0x0002C2BA val=0x0000 ra=0x8001A24C sp=0x801FFF98 pc=0x00000000 f=0
[BLACKSCREEN][15650-STEP] #438 pc=0x80015658 instr=0x03E00008 v0=0x00000000 v1=0x00000091 a0=0xFFFFFFFF a1=0x00008000 c2ba=0x0000 c2b8=0x00000000 c2bc=0x00000000 ra=0x8001A24C sp=0x801FFF98 f=0
[BLACKSCREEN][15650-RET] #146 reason=jr_ra end=0x80015658 target=0x8001A24C steps=3 v0=0x00000000 v1=0x00000091 c2ba=0x0000 c2b8=0x00000000 c2bc=0x00000000 ra=0x8001A24C sp=0x801FFF98 f=0
[BLACKSCREEN][A110-15650-RET] #146 call_pc=0x8001A244 v0_after=0x00000000 v1_after=0x00000091 a0=0xFFFFFFFF a1=0x00008000 sp_after=0x801FFF98 c2ba=0x0000 f=0
[BLACKSCREEN][A110-PATH] #584 pc=0x8001A24C instr=0x1040002B v0=0x00000000 v1=0x00000091 a0=0xFFFFFFFF a1=0x00008000 a2=0x00000000 a3=0x00000000 s0=0x00000003 s1=0x801E0000 s2=0x80032D80 s3=0x80032B48 sp=0x801FFF98 ra=0x8001A24C m2ab4=0x00000000 m2ab8=0x00000000 m2ac5=0x00 c2ba=0x0000 c2b8=0x00000000 c2bc=0x00000000 f=0
[BLACKSCREEN][STATE-C2A8AC-R] #297 size=4 phys=0x0002C2A8 val=0x1F801814 ra=0x8001A184 sp=0x801FFF98 pc=0x00000000 f=0
[BLACKSCREEN][STATE-C2A8AC-R] #298 size=4 phys=0x0002C2AC val=0x1F801110 ra=0x8001A184 sp=0x801FFF98 pc=0x00000000 f=0
[BLACKSCREEN][A110-PATH] #585 pc=0x8001A238 instr=0x00001021 v0=0x00000000 v1=0x00000092 a0=0xFFFFFFFF a1=0x00008000 a2=0x00000000 a3=0x00000000 s0=0x00000003 s1=0x801E0000 s2=0x80032D80 s3=0x80032B48 sp=0x801FFF98 ra=0x8001A184 m2ab4=0x00000000 m2ab8=0x00000000 m2ac5=0x00 c2ba=0x0000 c2b8=0x00000000 c2bc=0x00000000 f=0
[BLACKSCREEN][A110-PATH] #586 pc=0x8001A23C instr=0x14400049 v0=0x00000000 v1=0x00000092 a0=0xFFFFFFFF a1=0x00008000 a2=0x00000000 a3=0x00000000 s0=0x00000003 s1=0x801E0000 s2=0x80032D80 s3=0x80032B48 sp=0x801FFF98 ra=0x8001A184 m2ab4=0x00000000 m2ab8=0x00000000 m2ac5=0x00 c2ba=0x0000 c2b8=0x00000000 c2bc=0x00000000 f=0
[BLACKSCREEN][A110-PATH] #587 pc=0x8001A244 instr=0x0C005594 v0=0xFFFFFFFF v1=0x00000092 a0=0xFFFFFFFF a1=0x00008000 a2=0x00000000 a3=0x00000000 s0=0x00000003 s1=0x801E0000 s2=0x80032D80 s3=0x80032B48 sp=0x801FFF98 ra=0x8001A184 m2ab4=0x00000000 m2ab8=0x00000000 m2ac5=0x00 c2ba=0x0000 c2b8=0x00000000 c2bc=0x00000000 f=0
[BLACKSCREEN][A110-15650-CALL] #147 call_pc=0x8001A244 ra=0x8001A24C v0=0xFFFFFFFF v1=0x00000092 a0=0xFFFFFFFF a1=0x00008000 sp=0x801FFF98 c2ba=0x0000 f=0
[BLACKSCREEN][15650-STEP] #439 pc=0x80015650 instr=0x3C028003 v0=0xFFFFFFFF v1=0x00000092 a0=0xFFFFFFFF a1=0x00008000 c2ba=0x0000 c2b8=0x00000000 c2bc=0x00000000 ra=0x8001A24C sp=0x801FFF98 f=0
[BLACKSCREEN][15650-STEP] #440 pc=0x80015654 instr=0x9442C2BA v0=0x80030000 v1=0x00000092 a0=0xFFFFFFFF a1=0x00008000 c2ba=0x0000 c2b8=0x00000000 c2bc=0x00000000 ra=0x8001A24C sp=0x801FFF98 f=0
[BLACKSCREEN][STATE-C2BA-R] #147 size=2 phys=0x0002C2BA val=0x0000 ra=0x8001A24C sp=0x801FFF98 pc=0x00000000 f=0
[BLACKSCREEN][15650-STEP] #441 pc=0x80015658 instr=0x03E00008 v0=0x00000000 v1=0x00000092 a0=0xFFFFFFFF a1=0x00008000 c2ba=0x0000 c2b8=0x00000000 c2bc=0x00000000 ra=0x8001A24C sp=0x801FFF98 f=0
[BLACKSCREEN][15650-RET] #147 reason=jr_ra end=0x80015658 target=0x8001A24C steps=3 v0=0x00000000 v1=0x00000092 c2ba=0x0000 c2b8=0x00000000 c2bc=0x00000000 ra=0x8001A24C sp=0x801FFF98 f=0
[BLACKSCREEN][A110-15650-RET] #147 call_pc=0x8001A244 v0_after=0x00000000 v1_after=0x00000092 a0=0xFFFFFFFF a1=0x00008000 sp_after=0x801FFF98 c2ba=0x0000 f=0
[BLACKSCREEN][A110-PATH] #588 pc=0x8001A24C instr=0x1040002B v0=0x00000000 v1=0x00000092 a0=0xFFFFFFFF a1=0x00008000 a2=0x00000000 a3=0x00000000 s0=0x00000003 s1=0x801E0000 s2=0x80032D80 s3=0x80032B48 sp=0x801FFF98 ra=0x8001A24C m2ab4=0x00000000 m2ab8=0x00000000 m2ac5=0x00 c2ba=0x0000 c2b8=0x00000000 c2bc=0x00000000 f=0
[BLACKSCREEN][STATE-C2A8AC-R] #299 size=4 phys=0x0002C2A8 val=0x1F801814 ra=0x8001A184 sp=0x801FFF98 pc=0x00000000 f=0
[BLACKSCREEN][STATE-C2A8AC-R] #300 size=4 phys=0x0002C2AC val=0x1F801110 ra=0x8001A184 sp=0x801FFF98 pc=0x00000000 f=0
[BLACKSCREEN][A110-PATH] #589 pc=0x8001A238 instr=0x00001021 v0=0x00000000 v1=0x00000093 a0=0xFFFFFFFF a1=0x00008000 a2=0x00000000 a3=0x00000000 s0=0x00000003 s1=0x801E0000 s2=0x80032D80 s3=0x80032B48 sp=0x801FFF98 ra=0x8001A184 m2ab4=0x00000000 m2ab8=0x00000000 m2ac5=0x00 c2ba=0x0000 c2b8=0x00000000 c2bc=0x00000000 f=0
[BLACKSCREEN][A110-PATH] #590 pc=0x8001A23C instr=0x14400049 v0=0x00000000 v1=0x00000093 a0=0xFFFFFFFF a1=0x00008000 a2=0x00000000 a3=0x00000000 s0=0x00000003 s1=0x801E0000 s2=0x80032D80 s3=0x80032B48 sp=0x801FFF98 ra=0x8001A184 m2ab4=0x00000000 m2ab8=0x00000000 m2ac5=0x00 c2ba=0x0000 c2b8=0x00000000 c2bc=0x00000000 f=0
[BLACKSCREEN][A110-PATH] #591 pc=0x8001A244 instr=0x0C005594 v0=0xFFFFFFFF v1=0x00000093 a0=0xFFFFFFFF a1=0x00008000 a2=0x00000000 a3=0x00000000 s0=0x00000003 s1=0x801E0000 s2=0x80032D80 s3=0x80032B48 sp=0x801FFF98 ra=0x8001A184 m2ab4=0x00000000 m2ab8=0x00000000 m2ac5=0x00 c2ba=0x0000 c2b8=0x00000000 c2bc=0x00000000 f=0
[BLACKSCREEN][A110-15650-CALL] #148 call_pc=0x8001A244 ra=0x8001A24C v0=0xFFFFFFFF v1=0x00000093 a0=0xFFFFFFFF a1=0x00008000 sp=0x801FFF98 c2ba=0x0000 f=0
[BLACKSCREEN][15650-STEP] #442 pc=0x80015650 instr=0x3C028003 v0=0xFFFFFFFF v1=0x00000093 a0=0xFFFFFFFF a1=0x00008000 c2ba=0x0000 c2b8=0x00000000 c2bc=0x00000000 ra=0x8001A24C sp=0x801FFF98 f=0
[BLACKSCREEN][15650-STEP] #443 pc=0x80015654 instr=0x9442C2BA v0=0x80030000 v1=0x00000093 a0=0xFFFFFFFF a1=0x00008000 c2ba=0x0000 c2b8=0x00000000 c2bc=0x00000000 ra=0x8001A24C sp=0x801FFF98 f=0
[BLACKSCREEN][STATE-C2BA-R] #148 size=2 phys=0x0002C2BA val=0x0000 ra=0x8001A24C sp=0x801FFF98 pc=0x00000000 f=0
[BLACKSCREEN][15650-STEP] #444 pc=0x80015658 instr=0x03E00008 v0=0x00000000 v1=0x00000093 a0=0xFFFFFFFF a1=0x00008000 c2ba=0x0000 c2b8=0x00000000 c2bc=0x00000000 ra=0x8001A24C sp=0x801FFF98 f=0
[BLACKSCREEN][15650-RET] #148 reason=jr_ra end=0x80015658 target=0x8001A24C steps=3 v0=0x00000000 v1=0x00000093 c2ba=0x0000 c2b8=0x00000000 c2bc=0x00000000 ra=0x8001A24C sp=0x801FFF98 f=0
[BLACKSCREEN][A110-15650-RET] #148 call_pc=0x8001A244 v0_after=0x00000000 v1_after=0x00000093 a0=0xFFFFFFFF a1=0x00008000 sp_after=0x801FFF98 c2ba=0x0000 f=0
[BLACKSCREEN][A110-PATH] #592 pc=0x8001A24C instr=0x1040002B v0=0x00000000 v1=0x00000093 a0=0xFFFFFFFF a1=0x00008000 a2=0x00000000 a3=0x00000000 s0=0x00000003 s1=0x801E0000 s2=0x80032D80 s3=0x80032B48 sp=0x801FFF98 ra=0x8001A24C m2ab4=0x00000000 m2ab8=0x00000000 m2ac5=0x00 c2ba=0x0000 c2b8=0x00000000 c2bc=0x00000000 f=0
[BLACKSCREEN][STATE-C2A8AC-R] #301 size=4 phys=0x0002C2A8 val=0x1F801814 ra=0x8001A184 sp=0x801FFF98 pc=0x00000000 f=0
[BLACKSCREEN][STATE-C2A8AC-R] #302 size=4 phys=0x0002C2AC val=0x1F801110 ra=0x8001A184 sp=0x801FFF98 pc=0x00000000 f=0
[BLACKSCREEN][A110-PATH] #593 pc=0x8001A238 instr=0x00001021 v0=0x00000000 v1=0x00000094 a0=0xFFFFFFFF a1=0x00008000 a2=0x00000000 a3=0x00000000 s0=0x00000003 s1=0x801E0000 s2=0x80032D80 s3=0x80032B48 sp=0x801FFF98 ra=0x8001A184 m2ab4=0x00000000 m2ab8=0x00000000 m2ac5=0x00 c2ba=0x0000 c2b8=0x00000000 c2bc=0x00000000 f=0
[BLACKSCREEN][A110-PATH] #594 pc=0x8001A23C instr=0x14400049 v0=0x00000000 v1=0x00000094 a0=0xFFFFFFFF a1=0x00008000 a2=0x00000000 a3=0x00000000 s0=0x00000003 s1=0x801E0000 s2=0x80032D80 s3=0x80032B48 sp=0x801FFF98 ra=0x8001A184 m2ab4=0x00000000 m2ab8=0x00000000 m2ac5=0x00 c2ba=0x0000 c2b8=0x00000000 c2bc=0x00000000 f=0
[BLACKSCREEN][A110-PATH] #595 pc=0x8001A244 instr=0x0C005594 v0=0xFFFFFFFF v1=0x00000094 a0=0xFFFFFFFF a1=0x00008000 a2=0x00000000 a3=0x00000000 s0=0x00000003 s1=0x801E0000 s2=0x80032D80 s3=0x80032B48 sp=0x801FFF98 ra=0x8001A184 m2ab4=0x00000000 m2ab8=0x00000000 m2ac5=0x00 c2ba=0x0000 c2b8=0x00000000 c2bc=0x00000000 f=0
[BLACKSCREEN][A110-15650-CALL] #149 call_pc=0x8001A244 ra=0x8001A24C v0=0xFFFFFFFF v1=0x00000094 a0=0xFFFFFFFF a1=0x00008000 sp=0x801FFF98 c2ba=0x0000 f=0
[BLACKSCREEN][15650-STEP] #445 pc=0x80015650 instr=0x3C028003 v0=0xFFFFFFFF v1=0x00000094 a0=0xFFFFFFFF a1=0x00008000 c2ba=0x0000 c2b8=0x00000000 c2bc=0x00000000 ra=0x8001A24C sp=0x801FFF98 f=0
[BLACKSCREEN][15650-STEP] #446 pc=0x80015654 instr=0x9442C2BA v0=0x80030000 v1=0x00000094 a0=0xFFFFFFFF a1=0x00008000 c2ba=0x0000 c2b8=0x00000000 c2bc=0x00000000 ra=0x8001A24C sp=0x801FFF98 f=0
[BLACKSCREEN][STATE-C2BA-R] #149 size=2 phys=0x0002C2BA val=0x0000 ra=0x8001A24C sp=0x801FFF98 pc=0x00000000 f=0
[BLACKSCREEN][15650-STEP] #447 pc=0x80015658 instr=0x03E00008 v0=0x00000000 v1=0x00000094 a0=0xFFFFFFFF a1=0x00008000 c2ba=0x0000 c2b8=0x00000000 c2bc=0x00000000 ra=0x8001A24C sp=0x801FFF98 f=0
[BLACKSCREEN][15650-RET] #149 reason=jr_ra end=0x80015658 target=0x8001A24C steps=3 v0=0x00000000 v1=0x00000094 c2ba=0x0000 c2b8=0x00000000 c2bc=0x00000000 ra=0x8001A24C sp=0x801FFF98 f=0
[BLACKSCREEN][A110-15650-RET] #149 call_pc=0x8001A244 v0_after=0x00000000 v1_after=0x00000094 a0=0xFFFFFFFF a1=0x00008000 sp_after=0x801FFF98 c2ba=0x0000 f=0
[BLACKSCREEN][A110-PATH] #596 pc=0x8001A24C instr=0x1040002B v0=0x00000000 v1=0x00000094 a0=0xFFFFFFFF a1=0x00008000 a2=0x00000000 a3=0x00000000 s0=0x00000003 s1=0x801E0000 s2=0x80032D80 s3=0x80032B48 sp=0x801FFF98 ra=0x8001A24C m2ab4=0x00000000 m2ab8=0x00000000 m2ac5=0x00 c2ba=0x0000 c2b8=0x00000000 c2bc=0x00000000 f=0
[BLACKSCREEN][STATE-C2A8AC-R] #303 size=4 phys=0x0002C2A8 val=0x1F801814 ra=0x8001A184 sp=0x801FFF98 pc=0x00000000 f=0
[BLACKSCREEN][STATE-C2A8AC-R] #304 size=4 phys=0x0002C2AC val=0x1F801110 ra=0x8001A184 sp=0x801FFF98 pc=0x00000000 f=0
[BLACKSCREEN][A110-PATH] #597 pc=0x8001A238 instr=0x00001021 v0=0x00000000 v1=0x00000095 a0=0xFFFFFFFF a1=0x00008000 a2=0x00000000 a3=0x00000000 s0=0x00000003 s1=0x801E0000 s2=0x80032D80 s3=0x80032B48 sp=0x801FFF98 ra=0x8001A184 m2ab4=0x00000000 m2ab8=0x00000000 m2ac5=0x00 c2ba=0x0000 c2b8=0x00000000 c2bc=0x00000000 f=0
[BLACKSCREEN][A110-PATH] #598 pc=0x8001A23C instr=0x14400049 v0=0x00000000 v1=0x00000095 a0=0xFFFFFFFF a1=0x00008000 a2=0x00000000 a3=0x00000000 s0=0x00000003 s1=0x801E0000 s2=0x80032D80 s3=0x80032B48 sp=0x801FFF98 ra=0x8001A184 m2ab4=0x00000000 m2ab8=0x00000000 m2ac5=0x00 c2ba=0x0000 c2b8=0x00000000 c2bc=0x00000000 f=0
[BLACKSCREEN][A110-PATH] #599 pc=0x8001A244 instr=0x0C005594 v0=0xFFFFFFFF v1=0x00000095 a0=0xFFFFFFFF a1=0x00008000 a2=0x00000000 a3=0x00000000 s0=0x00000003 s1=0x801E0000 s2=0x80032D80 s3=0x80032B48 sp=0x801FFF98 ra=0x8001A184 m2ab4=0x00000000 m2ab8=0x00000000 m2ac5=0x00 c2ba=0x0000 c2b8=0x00000000 c2bc=0x00000000 f=0
[BLACKSCREEN][A110-15650-CALL] #150 call_pc=0x8001A244 ra=0x8001A24C v0=0xFFFFFFFF v1=0x00000095 a0=0xFFFFFFFF a1=0x00008000 sp=0x801FFF98 c2ba=0x0000 f=0
[BLACKSCREEN][15650-STEP] #448 pc=0x80015650 instr=0x3C028003 v0=0xFFFFFFFF v1=0x00000095 a0=0xFFFFFFFF a1=0x00008000 c2ba=0x0000 c2b8=0x00000000 c2bc=0x00000000 ra=0x8001A24C sp=0x801FFF98 f=0
[BLACKSCREEN][15650-STEP] #449 pc=0x80015654 instr=0x9442C2BA v0=0x80030000 v1=0x00000095 a0=0xFFFFFFFF a1=0x00008000 c2ba=0x0000 c2b8=0x00000000 c2bc=0x00000000 ra=0x8001A24C sp=0x801FFF98 f=0
[BLACKSCREEN][STATE-C2BA-R] #150 size=2 phys=0x0002C2BA val=0x0000 ra=0x8001A24C sp=0x801FFF98 pc=0x00000000 f=0
[BLACKSCREEN][15650-STEP] #450 pc=0x80015658 instr=0x03E00008 v0=0x00000000 v1=0x00000095 a0=0xFFFFFFFF a1=0x00008000 c2ba=0x0000 c2b8=0x00000000 c2bc=0x00000000 ra=0x8001A24C sp=0x801FFF98 f=0
[BLACKSCREEN][15650-RET] #150 reason=jr_ra end=0x80015658 target=0x8001A24C steps=3 v0=0x00000000 v1=0x00000095 c2ba=0x0000 c2b8=0x00000000 c2bc=0x00000000 ra=0x8001A24C sp=0x801FFF98 f=0
[BLACKSCREEN][A110-15650-RET] #150 call_pc=0x8001A244 v0_after=0x00000000 v1_after=0x00000095 a0=0xFFFFFFFF a1=0x00008000 sp_after=0x801FFF98 c2ba=0x0000 f=0
[BLACKSCREEN][A110-PATH] #600 pc=0x8001A24C instr=0x1040002B v0=0x00000000 v1=0x00000095 a0=0xFFFFFFFF a1=0x00008000 a2=0x00000000 a3=0x00000000 s0=0x00000003 s1=0x801E0000 s2=0x80032D80 s3=0x80032B48 sp=0x801FFF98 ra=0x8001A24C m2ab4=0x00000000 m2ab8=0x00000000 m2ac5=0x00 c2ba=0x0000 c2b8=0x00000000 c2bc=0x00000000 f=0
[BLACKSCREEN][STATE-C2A8AC-R] #305 size=4 phys=0x0002C2A8 val=0x1F801814 ra=0x8001A184 sp=0x801FFF98 pc=0x00000000 f=0
[BLACKSCREEN][STATE-C2A8AC-R] #306 size=4 phys=0x0002C2AC val=0x1F801110 ra=0x8001A184 sp=0x801FFF98 pc=0x00000000 f=0
[BLACKSCREEN][A110-PATH] #601 pc=0x8001A238 instr=0x00001021 v0=0x00000000 v1=0x00000096 a0=0xFFFFFFFF a1=0x00008000 a2=0x00000000 a3=0x00000000 s0=0x00000003 s1=0x801E0000 s2=0x80032D80 s3=0x80032B48 sp=0x801FFF98 ra=0x8001A184 m2ab4=0x00000000 m2ab8=0x00000000 m2ac5=0x00 c2ba=0x0000 c2b8=0x00000000 c2bc=0x00000000 f=0
[BLACKSCREEN][A110-PATH] #602 pc=0x8001A23C instr=0x14400049 v0=0x00000000 v1=0x00000096 a0=0xFFFFFFFF a1=0x00008000 a2=0x00000000 a3=0x00000000 s0=0x00000003 s1=0x801E0000 s2=0x80032D80 s3=0x80032B48 sp=0x801FFF98 ra=0x8001A184 m2ab4=0x00000000 m2ab8=0x00000000 m2ac5=0x00 c2ba=0x0000 c2b8=0x00000000 c2bc=0x00000000 f=0
[BLACKSCREEN][A110-PATH] #603 pc=0x8001A244 instr=0x0C005594 v0=0xFFFFFFFF v1=0x00000096 a0=0xFFFFFFFF a1=0x00008000 a2=0x00000000 a3=0x00000000 s0=0x00000003 s1=0x801E0000 s2=0x80032D80 s3=0x80032B48 sp=0x801FFF98 ra=0x8001A184 m2ab4=0x00000000 m2ab8=0x00000000 m2ac5=0x00 c2ba=0x0000 c2b8=0x00000000 c2bc=0x00000000 f=0
[BLACKSCREEN][A110-15650-CALL] #151 call_pc=0x8001A244 ra=0x8001A24C v0=0xFFFFFFFF v1=0x00000096 a0=0xFFFFFFFF a1=0x00008000 sp=0x801FFF98 c2ba=0x0000 f=0
[BLACKSCREEN][15650-STEP] #451 pc=0x80015650 instr=0x3C028003 v0=0xFFFFFFFF v1=0x00000096 a0=0xFFFFFFFF a1=0x00008000 c2ba=0x0000 c2b8=0x00000000 c2bc=0x00000000 ra=0x8001A24C sp=0x801FFF98 f=0
[BLACKSCREEN][15650-STEP] #452 pc=0x80015654 instr=0x9442C2BA v0=0x80030000 v1=0x00000096 a0=0xFFFFFFFF a1=0x00008000 c2ba=0x0000 c2b8=0x00000000 c2bc=0x00000000 ra=0x8001A24C sp=0x801FFF98 f=0
[BLACKSCREEN][STATE-C2BA-R] #151 size=2 phys=0x0002C2BA val=0x0000 ra=0x8001A24C sp=0x801FFF98 pc=0x00000000 f=0
[BLACKSCREEN][15650-STEP] #453 pc=0x80015658 instr=0x03E00008 v0=0x00000000 v1=0x00000096 a0=0xFFFFFFFF a1=0x00008000 c2ba=0x0000 c2b8=0x00000000 c2bc=0x00000000 ra=0x8001A24C sp=0x801FFF98 f=0
[BLACKSCREEN][15650-RET] #151 reason=jr_ra end=0x80015658 target=0x8001A24C steps=3 v0=0x00000000 v1=0x00000096 c2ba=0x0000 c2b8=0x00000000 c2bc=0x00000000 ra=0x8001A24C sp=0x801FFF98 f=0
[BLACKSCREEN][A110-15650-RET] #151 call_pc=0x8001A244 v0_after=0x00000000 v1_after=0x00000096 a0=0xFFFFFFFF a1=0x00008000 sp_after=0x801FFF98 c2ba=0x0000 f=0
[BLACKSCREEN][A110-PATH] #604 pc=0x8001A24C instr=0x1040002B v0=0x00000000 v1=0x00000096 a0=0xFFFFFFFF a1=0x00008000 a2=0x00000000 a3=0x00000000 s0=0x00000003 s1=0x801E0000 s2=0x80032D80 s3=0x80032B48 sp=0x801FFF98 ra=0x8001A24C m2ab4=0x00000000 m2ab8=0x00000000 m2ac5=0x00 c2ba=0x0000 c2b8=0x00000000 c2bc=0x00000000 f=0
[BLACKSCREEN][STATE-C2A8AC-R] #307 size=4 phys=0x0002C2A8 val=0x1F801814 ra=0x8001A184 sp=0x801FFF98 pc=0x00000000 f=0
[BLACKSCREEN][STATE-C2A8AC-R] #308 size=4 phys=0x0002C2AC val=0x1F801110 ra=0x8001A184 sp=0x801FFF98 pc=0x00000000 f=0
[BLACKSCREEN][A110-PATH] #605 pc=0x8001A238 instr=0x00001021 v0=0x00000000 v1=0x00000097 a0=0xFFFFFFFF a1=0x00008000 a2=0x00000000 a3=0x00000000 s0=0x00000003 s1=0x801E0000 s2=0x80032D80 s3=0x80032B48 sp=0x801FFF98 ra=0x8001A184 m2ab4=0x00000000 m2ab8=0x00000000 m2ac5=0x00 c2ba=0x0000 c2b8=0x00000000 c2bc=0x00000000 f=0
[BLACKSCREEN][A110-PATH] #606 pc=0x8001A23C instr=0x14400049 v0=0x00000000 v1=0x00000097 a0=0xFFFFFFFF a1=0x00008000 a2=0x00000000 a3=0x00000000 s0=0x00000003 s1=0x801E0000 s2=0x80032D80 s3=0x80032B48 sp=0x801FFF98 ra=0x8001A184 m2ab4=0x00000000 m2ab8=0x00000000 m2ac5=0x00 c2ba=0x0000 c2b8=0x00000000 c2bc=0x00000000 f=0
[BLACKSCREEN][A110-PATH] #607 pc=0x8001A244 instr=0x0C005594 v0=0xFFFFFFFF v1=0x00000097 a0=0xFFFFFFFF a1=0x00008000 a2=0x00000000 a3=0x00000000 s0=0x00000003 s1=0x801E0000 s2=0x80032D80 s3=0x80032B48 sp=0x801FFF98 ra=0x8001A184 m2ab4=0x00000000 m2ab8=0x00000000 m2ac5=0x00 c2ba=0x0000 c2b8=0x00000000 c2bc=0x00000000 f=0
[BLACKSCREEN][A110-15650-CALL] #152 call_pc=0x8001A244 ra=0x8001A24C v0=0xFFFFFFFF v1=0x00000097 a0=0xFFFFFFFF a1=0x00008000 sp=0x801FFF98 c2ba=0x0000 f=0
[BLACKSCREEN][15650-STEP] #454 pc=0x80015650 instr=0x3C028003 v0=0xFFFFFFFF v1=0x00000097 a0=0xFFFFFFFF a1=0x00008000 c2ba=0x0000 c2b8=0x00000000 c2bc=0x00000000 ra=0x8001A24C sp=0x801FFF98 f=0
[BLACKSCREEN][15650-STEP] #455 pc=0x80015654 instr=0x9442C2BA v0=0x80030000 v1=0x00000097 a0=0xFFFFFFFF a1=0x00008000 c2ba=0x0000 c2b8=0x00000000 c2bc=0x00000000 ra=0x8001A24C sp=0x801FFF98 f=0
[BLACKSCREEN][STATE-C2BA-R] #152 size=2 phys=0x0002C2BA val=0x0000 ra=0x8001A24C sp=0x801FFF98 pc=0x00000000 f=0
[BLACKSCREEN][15650-STEP] #456 pc=0x80015658 instr=0x03E00008 v0=0x00000000 v1=0x00000097 a0=0xFFFFFFFF a1=0x00008000 c2ba=0x0000 c2b8=0x00000000 c2bc=0x00000000 ra=0x8001A24C sp=0x801FFF98 f=0
[BLACKSCREEN][15650-RET] #152 reason=jr_ra end=0x80015658 target=0x8001A24C steps=3 v0=0x00000000 v1=0x00000097 c2ba=0x0000 c2b8=0x00000000 c2bc=0x00000000 ra=0x8001A24C sp=0x801FFF98 f=0
[BLACKSCREEN][A110-15650-RET] #152 call_pc=0x8001A244 v0_after=0x00000000 v1_after=0x00000097 a0=0xFFFFFFFF a1=0x00008000 sp_after=0x801FFF98 c2ba=0x0000 f=0
[BLACKSCREEN][A110-PATH] #608 pc=0x8001A24C instr=0x1040002B v0=0x00000000 v1=0x00000097 a0=0xFFFFFFFF a1=0x00008000 a2=0x00000000 a3=0x00000000 s0=0x00000003 s1=0x801E0000 s2=0x80032D80 s3=0x80032B48 sp=0x801FFF98 ra=0x8001A24C m2ab4=0x00000000 m2ab8=0x00000000 m2ac5=0x00 c2ba=0x0000 c2b8=0x00000000 c2bc=0x00000000 f=0
[BLACKSCREEN][STATE-C2A8AC-R] #309 size=4 phys=0x0002C2A8 val=0x1F801814 ra=0x8001A184 sp=0x801FFF98 pc=0x00000000 f=0
[BLACKSCREEN][STATE-C2A8AC-R] #310 size=4 phys=0x0002C2AC val=0x1F801110 ra=0x8001A184 sp=0x801FFF98 pc=0x00000000 f=0
[BLACKSCREEN][A110-PATH] #609 pc=0x8001A238 instr=0x00001021 v0=0x00000000 v1=0x00000098 a0=0xFFFFFFFF a1=0x00008000 a2=0x00000000 a3=0x00000000 s0=0x00000003 s1=0x801E0000 s2=0x80032D80 s3=0x80032B48 sp=0x801FFF98 ra=0x8001A184 m2ab4=0x00000000 m2ab8=0x00000000 m2ac5=0x00 c2ba=0x0000 c2b8=0x00000000 c2bc=0x00000000 f=0
[BLACKSCREEN][A110-PATH] #610 pc=0x8001A23C instr=0x14400049 v0=0x00000000 v1=0x00000098 a0=0xFFFFFFFF a1=0x00008000 a2=0x00000000 a3=0x00000000 s0=0x00000003 s1=0x801E0000 s2=0x80032D80 s3=0x80032B48 sp=0x801FFF98 ra=0x8001A184 m2ab4=0x00000000 m2ab8=0x00000000 m2ac5=0x00 c2ba=0x0000 c2b8=0x00000000 c2bc=0x00000000 f=0
[BLACKSCREEN][A110-PATH] #611 pc=0x8001A244 instr=0x0C005594 v0=0xFFFFFFFF v1=0x00000098 a0=0xFFFFFFFF a1=0x00008000 a2=0x00000000 a3=0x00000000 s0=0x00000003 s1=0x801E0000 s2=0x80032D80 s3=0x80032B48 sp=0x801FFF98 ra=0x8001A184 m2ab4=0x00000000 m2ab8=0x00000000 m2ac5=0x00 c2ba=0x0000 c2b8=0x00000000 c2bc=0x00000000 f=0
[BLACKSCREEN][A110-15650-CALL] #153 call_pc=0x8001A244 ra=0x8001A24C v0=0xFFFFFFFF v1=0x00000098 a0=0xFFFFFFFF a1=0x00008000 sp=0x801FFF98 c2ba=0x0000 f=0
[BLACKSCREEN][15650-STEP] #457 pc=0x80015650 instr=0x3C028003 v0=0xFFFFFFFF v1=0x00000098 a0=0xFFFFFFFF a1=0x00008000 c2ba=0x0000 c2b8=0x00000000 c2bc=0x00000000 ra=0x8001A24C sp=0x801FFF98 f=0
[BLACKSCREEN][15650-STEP] #458 pc=0x80015654 instr=0x9442C2BA v0=0x80030000 v1=0x00000098 a0=0xFFFFFFFF a1=0x00008000 c2ba=0x0000 c2b8=0x00000000 c2bc=0x00000000 ra=0x8001A24C sp=0x801FFF98 f=0
[BLACKSCREEN][STATE-C2BA-R] #153 size=2 phys=0x0002C2BA val=0x0000 ra=0x8001A24C sp=0x801FFF98 pc=0x00000000 f=0
[BLACKSCREEN][15650-STEP] #459 pc=0x80015658 instr=0x03E00008 v0=0x00000000 v1=0x00000098 a0=0xFFFFFFFF a1=0x00008000 c2ba=0x0000 c2b8=0x00000000 c2bc=0x00000000 ra=0x8001A24C sp=0x801FFF98 f=0
[BLACKSCREEN][15650-RET] #153 reason=jr_ra end=0x80015658 target=0x8001A24C steps=3 v0=0x00000000 v1=0x00000098 c2ba=0x0000 c2b8=0x00000000 c2bc=0x00000000 ra=0x8001A24C sp=0x801FFF98 f=0
[BLACKSCREEN][A110-15650-RET] #153 call_pc=0x8001A244 v0_after=0x00000000 v1_after=0x00000098 a0=0xFFFFFFFF a1=0x00008000 sp_after=0x801FFF98 c2ba=0x0000 f=0
[BLACKSCREEN][A110-PATH] #612 pc=0x8001A24C instr=0x1040002B v0=0x00000000 v1=0x00000098 a0=0xFFFFFFFF a1=0x00008000 a2=0x00000000 a3=0x00000000 s0=0x00000003 s1=0x801E0000 s2=0x80032D80 s3=0x80032B48 sp=0x801FFF98 ra=0x8001A24C m2ab4=0x00000000 m2ab8=0x00000000 m2ac5=0x00 c2ba=0x0000 c2b8=0x00000000 c2bc=0x00000000 f=0
[BLACKSCREEN][STATE-C2A8AC-R] #311 size=4 phys=0x0002C2A8 val=0x1F801814 ra=0x8001A184 sp=0x801FFF98 pc=0x00000000 f=0
[BLACKSCREEN][STATE-C2A8AC-R] #312 size=4 phys=0x0002C2AC val=0x1F801110 ra=0x8001A184 sp=0x801FFF98 pc=0x00000000 f=0
[BLACKSCREEN][A110-PATH] #613 pc=0x8001A238 instr=0x00001021 v0=0x00000000 v1=0x00000099 a0=0xFFFFFFFF a1=0x00008000 a2=0x00000000 a3=0x00000000 s0=0x00000003 s1=0x801E0000 s2=0x80032D80 s3=0x80032B48 sp=0x801FFF98 ra=0x8001A184 m2ab4=0x00000000 m2ab8=0x00000000 m2ac5=0x00 c2ba=0x0000 c2b8=0x00000000 c2bc=0x00000000 f=0
[BLACKSCREEN][A110-PATH] #614 pc=0x8001A23C instr=0x14400049 v0=0x00000000 v1=0x00000099 a0=0xFFFFFFFF a1=0x00008000 a2=0x00000000 a3=0x00000000 s0=0x00000003 s1=0x801E0000 s2=0x80032D80 s3=0x80032B48 sp=0x801FFF98 ra=0x8001A184 m2ab4=0x00000000 m2ab8=0x00000000 m2ac5=0x00 c2ba=0x0000 c2b8=0x00000000 c2bc=0x00000000 f=0
[BLACKSCREEN][A110-PATH] #615 pc=0x8001A244 instr=0x0C005594 v0=0xFFFFFFFF v1=0x00000099 a0=0xFFFFFFFF a1=0x00008000 a2=0x00000000 a3=0x00000000 s0=0x00000003 s1=0x801E0000 s2=0x80032D80 s3=0x80032B48 sp=0x801FFF98 ra=0x8001A184 m2ab4=0x00000000 m2ab8=0x00000000 m2ac5=0x00 c2ba=0x0000 c2b8=0x00000000 c2bc=0x00000000 f=0
[BLACKSCREEN][A110-15650-CALL] #154 call_pc=0x8001A244 ra=0x8001A24C v0=0xFFFFFFFF v1=0x00000099 a0=0xFFFFFFFF a1=0x00008000 sp=0x801FFF98 c2ba=0x0000 f=0
[BLACKSCREEN][15650-STEP] #460 pc=0x80015650 instr=0x3C028003 v0=0xFFFFFFFF v1=0x00000099 a0=0xFFFFFFFF a1=0x00008000 c2ba=0x0000 c2b8=0x00000000 c2bc=0x00000000 ra=0x8001A24C sp=0x801FFF98 f=0
[BLACKSCREEN][15650-STEP] #461 pc=0x80015654 instr=0x9442C2BA v0=0x80030000 v1=0x00000099 a0=0xFFFFFFFF a1=0x00008000 c2ba=0x0000 c2b8=0x00000000 c2bc=0x00000000 ra=0x8001A24C sp=0x801FFF98 f=0
[BLACKSCREEN][STATE-C2BA-R] #154 size=2 phys=0x0002C2BA val=0x0000 ra=0x8001A24C sp=0x801FFF98 pc=0x00000000 f=0
[BLACKSCREEN][15650-STEP] #462 pc=0x80015658 instr=0x03E00008 v0=0x00000000 v1=0x00000099 a0=0xFFFFFFFF a1=0x00008000 c2ba=0x0000 c2b8=0x00000000 c2bc=0x00000000 ra=0x8001A24C sp=0x801FFF98 f=0
[BLACKSCREEN][15650-RET] #154 reason=jr_ra end=0x80015658 target=0x8001A24C steps=3 v0=0x00000000 v1=0x00000099 c2ba=0x0000 c2b8=0x00000000 c2bc=0x00000000 ra=0x8001A24C sp=0x801FFF98 f=0
[BLACKSCREEN][A110-15650-RET] #154 call_pc=0x8001A244 v0_after=0x00000000 v1_after=0x00000099 a0=0xFFFFFFFF a1=0x00008000 sp_after=0x801FFF98 c2ba=0x0000 f=0
[BLACKSCREEN][A110-PATH] #616 pc=0x8001A24C instr=0x1040002B v0=0x00000000 v1=0x00000099 a0=0xFFFFFFFF a1=0x00008000 a2=0x00000000 a3=0x00000000 s0=0x00000003 s1=0x801E0000 s2=0x80032D80 s3=0x80032B48 sp=0x801FFF98 ra=0x8001A24C m2ab4=0x00000000 m2ab8=0x00000000 m2ac5=0x00 c2ba=0x0000 c2b8=0x00000000 c2bc=0x00000000 f=0
[BLACKSCREEN][STATE-C2A8AC-R] #313 size=4 phys=0x0002C2A8 val=0x1F801814 ra=0x8001A184 sp=0x801FFF98 pc=0x00000000 f=0
[BLACKSCREEN][STATE-C2A8AC-R] #314 size=4 phys=0x0002C2AC val=0x1F801110 ra=0x8001A184 sp=0x801FFF98 pc=0x00000000 f=0
[BLACKSCREEN][A110-PATH] #617 pc=0x8001A238 instr=0x00001021 v0=0x00000000 v1=0x0000009A a0=0xFFFFFFFF a1=0x00008000 a2=0x00000000 a3=0x00000000 s0=0x00000003 s1=0x801E0000 s2=0x80032D80 s3=0x80032B48 sp=0x801FFF98 ra=0x8001A184 m2ab4=0x00000000 m2ab8=0x00000000 m2ac5=0x00 c2ba=0x0000 c2b8=0x00000000 c2bc=0x00000000 f=0
[BLACKSCREEN][A110-PATH] #618 pc=0x8001A23C instr=0x14400049 v0=0x00000000 v1=0x0000009A a0=0xFFFFFFFF a1=0x00008000 a2=0x00000000 a3=0x00000000 s0=0x00000003 s1=0x801E0000 s2=0x80032D80 s3=0x80032B48 sp=0x801FFF98 ra=0x8001A184 m2ab4=0x00000000 m2ab8=0x00000000 m2ac5=0x00 c2ba=0x0000 c2b8=0x00000000 c2bc=0x00000000 f=0
[BLACKSCREEN][A110-PATH] #619 pc=0x8001A244 instr=0x0C005594 v0=0xFFFFFFFF v1=0x0000009A a0=0xFFFFFFFF a1=0x00008000 a2=0x00000000 a3=0x00000000 s0=0x00000003 s1=0x801E0000 s2=0x80032D80 s3=0x80032B48 sp=0x801FFF98 ra=0x8001A184 m2ab4=0x00000000 m2ab8=0x00000000 m2ac5=0x00 c2ba=0x0000 c2b8=0x00000000 c2bc=0x00000000 f=0
[BLACKSCREEN][A110-15650-CALL] #155 call_pc=0x8001A244 ra=0x8001A24C v0=0xFFFFFFFF v1=0x0000009A a0=0xFFFFFFFF a1=0x00008000 sp=0x801FFF98 c2ba=0x0000 f=0
[BLACKSCREEN][15650-STEP] #463 pc=0x80015650 instr=0x3C028003 v0=0xFFFFFFFF v1=0x0000009A a0=0xFFFFFFFF a1=0x00008000 c2ba=0x0000 c2b8=0x00000000 c2bc=0x00000000 ra=0x8001A24C sp=0x801FFF98 f=0
[BLACKSCREEN][15650-STEP] #464 pc=0x80015654 instr=0x9442C2BA v0=0x80030000 v1=0x0000009A a0=0xFFFFFFFF a1=0x00008000 c2ba=0x0000 c2b8=0x00000000 c2bc=0x00000000 ra=0x8001A24C sp=0x801FFF98 f=0
[BLACKSCREEN][STATE-C2BA-R] #155 size=2 phys=0x0002C2BA val=0x0000 ra=0x8001A24C sp=0x801FFF98 pc=0x00000000 f=0
[BLACKSCREEN][15650-STEP] #465 pc=0x80015658 instr=0x03E00008 v0=0x00000000 v1=0x0000009A a0=0xFFFFFFFF a1=0x00008000 c2ba=0x0000 c2b8=0x00000000 c2bc=0x00000000 ra=0x8001A24C sp=0x801FFF98 f=0
[BLACKSCREEN][15650-RET] #155 reason=jr_ra end=0x80015658 target=0x8001A24C steps=3 v0=0x00000000 v1=0x0000009A c2ba=0x0000 c2b8=0x00000000 c2bc=0x00000000 ra=0x8001A24C sp=0x801FFF98 f=0
[BLACKSCREEN][A110-15650-RET] #155 call_pc=0x8001A244 v0_after=0x00000000 v1_after=0x0000009A a0=0xFFFFFFFF a1=0x00008000 sp_after=0x801FFF98 c2ba=0x0000 f=0
[BLACKSCREEN][A110-PATH] #620 pc=0x8001A24C instr=0x1040002B v0=0x00000000 v1=0x0000009A a0=0xFFFFFFFF a1=0x00008000 a2=0x00000000 a3=0x00000000 s0=0x00000003 s1=0x801E0000 s2=0x80032D80 s3=0x80032B48 sp=0x801FFF98 ra=0x8001A24C m2ab4=0x00000000 m2ab8=0x00000000 m2ac5=0x00 c2ba=0x0000 c2b8=0x00000000 c2bc=0x00000000 f=0
[BLACKSCREEN][STATE-C2A8AC-R] #315 size=4 phys=0x0002C2A8 val=0x1F801814 ra=0x8001A184 sp=0x801FFF98 pc=0x00000000 f=0
[BLACKSCREEN][STATE-C2A8AC-R] #316 size=4 phys=0x0002C2AC val=0x1F801110 ra=0x8001A184 sp=0x801FFF98 pc=0x00000000 f=0
[BLACKSCREEN][A110-PATH] #621 pc=0x8001A238 instr=0x00001021 v0=0x00000000 v1=0x0000009B a0=0xFFFFFFFF a1=0x00008000 a2=0x00000000 a3=0x00000000 s0=0x00000003 s1=0x801E0000 s2=0x80032D80 s3=0x80032B48 sp=0x801FFF98 ra=0x8001A184 m2ab4=0x00000000 m2ab8=0x00000000 m2ac5=0x00 c2ba=0x0000 c2b8=0x00000000 c2bc=0x00000000 f=0
[BLACKSCREEN][A110-PATH] #622 pc=0x8001A23C instr=0x14400049 v0=0x00000000 v1=0x0000009B a0=0xFFFFFFFF a1=0x00008000 a2=0x00000000 a3=0x00000000 s0=0x00000003 s1=0x801E0000 s2=0x80032D80 s3=0x80032B48 sp=0x801FFF98 ra=0x8001A184 m2ab4=0x00000000 m2ab8=0x00000000 m2ac5=0x00 c2ba=0x0000 c2b8=0x00000000 c2bc=0x00000000 f=0
[BLACKSCREEN][A110-PATH] #623 pc=0x8001A244 instr=0x0C005594 v0=0xFFFFFFFF v1=0x0000009B a0=0xFFFFFFFF a1=0x00008000 a2=0x00000000 a3=0x00000000 s0=0x00000003 s1=0x801E0000 s2=0x80032D80 s3=0x80032B48 sp=0x801FFF98 ra=0x8001A184 m2ab4=0x00000000 m2ab8=0x00000000 m2ac5=0x00 c2ba=0x0000 c2b8=0x00000000 c2bc=0x00000000 f=0
[BLACKSCREEN][A110-15650-CALL] #156 call_pc=0x8001A244 ra=0x8001A24C v0=0xFFFFFFFF v1=0x0000009B a0=0xFFFFFFFF a1=0x00008000 sp=0x801FFF98 c2ba=0x0000 f=0
[BLACKSCREEN][15650-STEP] #466 pc=0x80015650 instr=0x3C028003 v0=0xFFFFFFFF v1=0x0000009B a0=0xFFFFFFFF a1=0x00008000 c2ba=0x0000 c2b8=0x00000000 c2bc=0x00000000 ra=0x8001A24C sp=0x801FFF98 f=0
[BLACKSCREEN][15650-STEP] #467 pc=0x80015654 instr=0x9442C2BA v0=0x80030000 v1=0x0000009B a0=0xFFFFFFFF a1=0x00008000 c2ba=0x0000 c2b8=0x00000000 c2bc=0x00000000 ra=0x8001A24C sp=0x801FFF98 f=0
[BLACKSCREEN][STATE-C2BA-R] #156 size=2 phys=0x0002C2BA val=0x0000 ra=0x8001A24C sp=0x801FFF98 pc=0x00000000 f=0
[BLACKSCREEN][15650-STEP] #468 pc=0x80015658 instr=0x03E00008 v0=0x00000000 v1=0x0000009B a0=0xFFFFFFFF a1=0x00008000 c2ba=0x0000 c2b8=0x00000000 c2bc=0x00000000 ra=0x8001A24C sp=0x801FFF98 f=0
[BLACKSCREEN][15650-RET] #156 reason=jr_ra end=0x80015658 target=0x8001A24C steps=3 v0=0x00000000 v1=0x0000009B c2ba=0x0000 c2b8=0x00000000 c2bc=0x00000000 ra=0x8001A24C sp=0x801FFF98 f=0
[BLACKSCREEN][A110-15650-RET] #156 call_pc=0x8001A244 v0_after=0x00000000 v1_after=0x0000009B a0=0xFFFFFFFF a1=0x00008000 sp_after=0x801FFF98 c2ba=0x0000 f=0
[BLACKSCREEN][A110-PATH] #624 pc=0x8001A24C instr=0x1040002B v0=0x00000000 v1=0x0000009B a0=0xFFFFFFFF a1=0x00008000 a2=0x00000000 a3=0x00000000 s0=0x00000003 s1=0x801E0000 s2=0x80032D80 s3=0x80032B48 sp=0x801FFF98 ra=0x8001A24C m2ab4=0x00000000 m2ab8=0x00000000 m2ac5=0x00 c2ba=0x0000 c2b8=0x00000000 c2bc=0x00000000 f=0
[BLACKSCREEN][STATE-C2A8AC-R] #317 size=4 phys=0x0002C2A8 val=0x1F801814 ra=0x8001A184 sp=0x801FFF98 pc=0x00000000 f=0
[BLACKSCREEN][STATE-C2A8AC-R] #318 size=4 phys=0x0002C2AC val=0x1F801110 ra=0x8001A184 sp=0x801FFF98 pc=0x00000000 f=0
[BLACKSCREEN][A110-PATH] #625 pc=0x8001A238 instr=0x00001021 v0=0x00000000 v1=0x0000009C a0=0xFFFFFFFF a1=0x00008000 a2=0x00000000 a3=0x00000000 s0=0x00000003 s1=0x801E0000 s2=0x80032D80 s3=0x80032B48 sp=0x801FFF98 ra=0x8001A184 m2ab4=0x00000000 m2ab8=0x00000000 m2ac5=0x00 c2ba=0x0000 c2b8=0x00000000 c2bc=0x00000000 f=0
[BLACKSCREEN][A110-PATH] #626 pc=0x8001A23C instr=0x14400049 v0=0x00000000 v1=0x0000009C a0=0xFFFFFFFF a1=0x00008000 a2=0x00000000 a3=0x00000000 s0=0x00000003 s1=0x801E0000 s2=0x80032D80 s3=0x80032B48 sp=0x801FFF98 ra=0x8001A184 m2ab4=0x00000000 m2ab8=0x00000000 m2ac5=0x00 c2ba=0x0000 c2b8=0x00000000 c2bc=0x00000000 f=0
[BLACKSCREEN][A110-PATH] #627 pc=0x8001A244 instr=0x0C005594 v0=0xFFFFFFFF v1=0x0000009C a0=0xFFFFFFFF a1=0x00008000 a2=0x00000000 a3=0x00000000 s0=0x00000003 s1=0x801E0000 s2=0x80032D80 s3=0x80032B48 sp=0x801FFF98 ra=0x8001A184 m2ab4=0x00000000 m2ab8=0x00000000 m2ac5=0x00 c2ba=0x0000 c2b8=0x00000000 c2bc=0x00000000 f=0
[BLACKSCREEN][A110-15650-CALL] #157 call_pc=0x8001A244 ra=0x8001A24C v0=0xFFFFFFFF v1=0x0000009C a0=0xFFFFFFFF a1=0x00008000 sp=0x801FFF98 c2ba=0x0000 f=0
[BLACKSCREEN][15650-STEP] #469 pc=0x80015650 instr=0x3C028003 v0=0xFFFFFFFF v1=0x0000009C a0=0xFFFFFFFF a1=0x00008000 c2ba=0x0000 c2b8=0x00000000 c2bc=0x00000000 ra=0x8001A24C sp=0x801FFF98 f=0
[BLACKSCREEN][15650-STEP] #470 pc=0x80015654 instr=0x9442C2BA v0=0x80030000 v1=0x0000009C a0=0xFFFFFFFF a1=0x00008000 c2ba=0x0000 c2b8=0x00000000 c2bc=0x00000000 ra=0x8001A24C sp=0x801FFF98 f=0
[BLACKSCREEN][STATE-C2BA-R] #157 size=2 phys=0x0002C2BA val=0x0000 ra=0x8001A24C sp=0x801FFF98 pc=0x00000000 f=0
[BLACKSCREEN][15650-STEP] #471 pc=0x80015658 instr=0x03E00008 v0=0x00000000 v1=0x0000009C a0=0xFFFFFFFF a1=0x00008000 c2ba=0x0000 c2b8=0x00000000 c2bc=0x00000000 ra=0x8001A24C sp=0x801FFF98 f=0
[BLACKSCREEN][15650-RET] #157 reason=jr_ra end=0x80015658 target=0x8001A24C steps=3 v0=0x00000000 v1=0x0000009C c2ba=0x0000 c2b8=0x00000000 c2bc=0x00000000 ra=0x8001A24C sp=0x801FFF98 f=0
[BLACKSCREEN][A110-15650-RET] #157 call_pc=0x8001A244 v0_after=0x00000000 v1_after=0x0000009C a0=0xFFFFFFFF a1=0x00008000 sp_after=0x801FFF98 c2ba=0x0000 f=0
[BLACKSCREEN][A110-PATH] #628 pc=0x8001A24C instr=0x1040002B v0=0x00000000 v1=0x0000009C a0=0xFFFFFFFF a1=0x00008000 a2=0x00000000 a3=0x00000000 s0=0x00000003 s1=0x801E0000 s2=0x80032D80 s3=0x80032B48 sp=0x801FFF98 ra=0x8001A24C m2ab4=0x00000000 m2ab8=0x00000000 m2ac5=0x00 c2ba=0x0000 c2b8=0x00000000 c2bc=0x00000000 f=0
[BLACKSCREEN][STATE-C2A8AC-R] #319 size=4 phys=0x0002C2A8 val=0x1F801814 ra=0x8001A184 sp=0x801FFF98 pc=0x00000000 f=0
[BLACKSCREEN][STATE-C2A8AC-R] #320 size=4 phys=0x0002C2AC val=0x1F801110 ra=0x8001A184 sp=0x801FFF98 pc=0x00000000 f=0
[BLACKSCREEN][A110-PATH] #629 pc=0x8001A238 instr=0x00001021 v0=0x00000000 v1=0x0000009D a0=0xFFFFFFFF a1=0x00008000 a2=0x00000000 a3=0x00000000 s0=0x00000003 s1=0x801E0000 s2=0x80032D80 s3=0x80032B48 sp=0x801FFF98 ra=0x8001A184 m2ab4=0x00000000 m2ab8=0x00000000 m2ac5=0x00 c2ba=0x0000 c2b8=0x00000000 c2bc=0x00000000 f=0
[BLACKSCREEN][A110-PATH] #630 pc=0x8001A23C instr=0x14400049 v0=0x00000000 v1=0x0000009D a0=0xFFFFFFFF a1=0x00008000 a2=0x00000000 a3=0x00000000 s0=0x00000003 s1=0x801E0000 s2=0x80032D80 s3=0x80032B48 sp=0x801FFF98 ra=0x8001A184 m2ab4=0x00000000 m2ab8=0x00000000 m2ac5=0x00 c2ba=0x0000 c2b8=0x00000000 c2bc=0x00000000 f=0
[BLACKSCREEN][A110-PATH] #631 pc=0x8001A244 instr=0x0C005594 v0=0xFFFFFFFF v1=0x0000009D a0=0xFFFFFFFF a1=0x00008000 a2=0x00000000 a3=0x00000000 s0=0x00000003 s1=0x801E0000 s2=0x80032D80 s3=0x80032B48 sp=0x801FFF98 ra=0x8001A184 m2ab4=0x00000000 m2ab8=0x00000000 m2ac5=0x00 c2ba=0x0000 c2b8=0x00000000 c2bc=0x00000000 f=0
[BLACKSCREEN][A110-15650-CALL] #158 call_pc=0x8001A244 ra=0x8001A24C v0=0xFFFFFFFF v1=0x0000009D a0=0xFFFFFFFF a1=0x00008000 sp=0x801FFF98 c2ba=0x0000 f=0
[BLACKSCREEN][15650-STEP] #472 pc=0x80015650 instr=0x3C028003 v0=0xFFFFFFFF v1=0x0000009D a0=0xFFFFFFFF a1=0x00008000 c2ba=0x0000 c2b8=0x00000000 c2bc=0x00000000 ra=0x8001A24C sp=0x801FFF98 f=0
[BLACKSCREEN][15650-STEP] #473 pc=0x80015654 instr=0x9442C2BA v0=0x80030000 v1=0x0000009D a0=0xFFFFFFFF a1=0x00008000 c2ba=0x0000 c2b8=0x00000000 c2bc=0x00000000 ra=0x8001A24C sp=0x801FFF98 f=0
[BLACKSCREEN][STATE-C2BA-R] #158 size=2 phys=0x0002C2BA val=0x0000 ra=0x8001A24C sp=0x801FFF98 pc=0x00000000 f=0
[BLACKSCREEN][15650-STEP] #474 pc=0x80015658 instr=0x03E00008 v0=0x00000000 v1=0x0000009D a0=0xFFFFFFFF a1=0x00008000 c2ba=0x0000 c2b8=0x00000000 c2bc=0x00000000 ra=0x8001A24C sp=0x801FFF98 f=0
[BLACKSCREEN][15650-RET] #158 reason=jr_ra end=0x80015658 target=0x8001A24C steps=3 v0=0x00000000 v1=0x0000009D c2ba=0x0000 c2b8=0x00000000 c2bc=0x00000000 ra=0x8001A24C sp=0x801FFF98 f=0
[BLACKSCREEN][A110-15650-RET] #158 call_pc=0x8001A244 v0_after=0x00000000 v1_after=0x0000009D a0=0xFFFFFFFF a1=0x00008000 sp_after=0x801FFF98 c2ba=0x0000 f=0
[BLACKSCREEN][A110-PATH] #632 pc=0x8001A24C instr=0x1040002B v0=0x00000000 v1=0x0000009D a0=0xFFFFFFFF a1=0x00008000 a2=0x00000000 a3=0x00000000 s0=0x00000003 s1=0x801E0000 s2=0x80032D80 s3=0x80032B48 sp=0x801FFF98 ra=0x8001A24C m2ab4=0x00000000 m2ab8=0x00000000 m2ac5=0x00 c2ba=0x0000 c2b8=0x00000000 c2bc=0x00000000 f=0
[BLACKSCREEN][STATE-C2A8AC-R] #321 size=4 phys=0x0002C2A8 val=0x1F801814 ra=0x8001A184 sp=0x801FFF98 pc=0x00000000 f=0
[BLACKSCREEN][STATE-C2A8AC-R] #322 size=4 phys=0x0002C2AC val=0x1F801110 ra=0x8001A184 sp=0x801FFF98 pc=0x00000000 f=0
[BLACKSCREEN][A110-PATH] #633 pc=0x8001A238 instr=0x00001021 v0=0x00000000 v1=0x0000009E a0=0xFFFFFFFF a1=0x00008000 a2=0x00000000 a3=0x00000000 s0=0x00000003 s1=0x801E0000 s2=0x80032D80 s3=0x80032B48 sp=0x801FFF98 ra=0x8001A184 m2ab4=0x00000000 m2ab8=0x00000000 m2ac5=0x00 c2ba=0x0000 c2b8=0x00000000 c2bc=0x00000000 f=0
[BLACKSCREEN][A110-PATH] #634 pc=0x8001A23C instr=0x14400049 v0=0x00000000 v1=0x0000009E a0=0xFFFFFFFF a1=0x00008000 a2=0x00000000 a3=0x00000000 s0=0x00000003 s1=0x801E0000 s2=0x80032D80 s3=0x80032B48 sp=0x801FFF98 ra=0x8001A184 m2ab4=0x00000000 m2ab8=0x00000000 m2ac5=0x00 c2ba=0x0000 c2b8=0x00000000 c2bc=0x00000000 f=0
[BLACKSCREEN][A110-PATH] #635 pc=0x8001A244 instr=0x0C005594 v0=0xFFFFFFFF v1=0x0000009E a0=0xFFFFFFFF a1=0x00008000 a2=0x00000000 a3=0x00000000 s0=0x00000003 s1=0x801E0000 s2=0x80032D80 s3=0x80032B48 sp=0x801FFF98 ra=0x8001A184 m2ab4=0x00000000 m2ab8=0x00000000 m2ac5=0x00 c2ba=0x0000 c2b8=0x00000000 c2bc=0x00000000 f=0
[BLACKSCREEN][A110-15650-CALL] #159 call_pc=0x8001A244 ra=0x8001A24C v0=0xFFFFFFFF v1=0x0000009E a0=0xFFFFFFFF a1=0x00008000 sp=0x801FFF98 c2ba=0x0000 f=0
[BLACKSCREEN][15650-STEP] #475 pc=0x80015650 instr=0x3C028003 v0=0xFFFFFFFF v1=0x0000009E a0=0xFFFFFFFF a1=0x00008000 c2ba=0x0000 c2b8=0x00000000 c2bc=0x00000000 ra=0x8001A24C sp=0x801FFF98 f=0
[BLACKSCREEN][15650-STEP] #476 pc=0x80015654 instr=0x9442C2BA v0=0x80030000 v1=0x0000009E a0=0xFFFFFFFF a1=0x00008000 c2ba=0x0000 c2b8=0x00000000 c2bc=0x00000000 ra=0x8001A24C sp=0x801FFF98 f=0
[BLACKSCREEN][STATE-C2BA-R] #159 size=2 phys=0x0002C2BA val=0x0000 ra=0x8001A24C sp=0x801FFF98 pc=0x00000000 f=0
[BLACKSCREEN][15650-STEP] #477 pc=0x80015658 instr=0x03E00008 v0=0x00000000 v1=0x0000009E a0=0xFFFFFFFF a1=0x00008000 c2ba=0x0000 c2b8=0x00000000 c2bc=0x00000000 ra=0x8001A24C sp=0x801FFF98 f=0
[BLACKSCREEN][15650-RET] #159 reason=jr_ra end=0x80015658 target=0x8001A24C steps=3 v0=0x00000000 v1=0x0000009E c2ba=0x0000 c2b8=0x00000000 c2bc=0x00000000 ra=0x8001A24C sp=0x801FFF98 f=0
[BLACKSCREEN][A110-15650-RET] #159 call_pc=0x8001A244 v0_after=0x00000000 v1_after=0x0000009E a0=0xFFFFFFFF a1=0x00008000 sp_after=0x801FFF98 c2ba=0x0000 f=0
[BLACKSCREEN][A110-PATH] #636 pc=0x8001A24C instr=0x1040002B v0=0x00000000 v1=0x0000009E a0=0xFFFFFFFF a1=0x00008000 a2=0x00000000 a3=0x00000000 s0=0x00000003 s1=0x801E0000 s2=0x80032D80 s3=0x80032B48 sp=0x801FFF98 ra=0x8001A24C m2ab4=0x00000000 m2ab8=0x00000000 m2ac5=0x00 c2ba=0x0000 c2b8=0x00000000 c2bc=0x00000000 f=0
[BLACKSCREEN][STATE-C2A8AC-R] #323 size=4 phys=0x0002C2A8 val=0x1F801814 ra=0x8001A184 sp=0x801FFF98 pc=0x00000000 f=0
[BLACKSCREEN][STATE-C2A8AC-R] #324 size=4 phys=0x0002C2AC val=0x1F801110 ra=0x8001A184 sp=0x801FFF98 pc=0x00000000 f=0
[BLACKSCREEN][A110-PATH] #637 pc=0x8001A238 instr=0x00001021 v0=0x00000000 v1=0x0000009F a0=0xFFFFFFFF a1=0x00008000 a2=0x00000000 a3=0x00000000 s0=0x00000003 s1=0x801E0000 s2=0x80032D80 s3=0x80032B48 sp=0x801FFF98 ra=0x8001A184 m2ab4=0x00000000 m2ab8=0x00000000 m2ac5=0x00 c2ba=0x0000 c2b8=0x00000000 c2bc=0x00000000 f=0
[BLACKSCREEN][A110-PATH] #638 pc=0x8001A23C instr=0x14400049 v0=0x00000000 v1=0x0000009F a0=0xFFFFFFFF a1=0x00008000 a2=0x00000000 a3=0x00000000 s0=0x00000003 s1=0x801E0000 s2=0x80032D80 s3=0x80032B48 sp=0x801FFF98 ra=0x8001A184 m2ab4=0x00000000 m2ab8=0x00000000 m2ac5=0x00 c2ba=0x0000 c2b8=0x00000000 c2bc=0x00000000 f=0
[BLACKSCREEN][A110-PATH] #639 pc=0x8001A244 instr=0x0C005594 v0=0xFFFFFFFF v1=0x0000009F a0=0xFFFFFFFF a1=0x00008000 a2=0x00000000 a3=0x00000000 s0=0x00000003 s1=0x801E0000 s2=0x80032D80 s3=0x80032B48 sp=0x801FFF98 ra=0x8001A184 m2ab4=0x00000000 m2ab8=0x00000000 m2ac5=0x00 c2ba=0x0000 c2b8=0x00000000 c2bc=0x00000000 f=0
[BLACKSCREEN][A110-15650-CALL] #160 call_pc=0x8001A244 ra=0x8001A24C v0=0xFFFFFFFF v1=0x0000009F a0=0xFFFFFFFF a1=0x00008000 sp=0x801FFF98 c2ba=0x0000 f=0
[BLACKSCREEN][15650-STEP] #478 pc=0x80015650 instr=0x3C028003 v0=0xFFFFFFFF v1=0x0000009F a0=0xFFFFFFFF a1=0x00008000 c2ba=0x0000 c2b8=0x00000000 c2bc=0x00000000 ra=0x8001A24C sp=0x801FFF98 f=0
[BLACKSCREEN][15650-STEP] #479 pc=0x80015654 instr=0x9442C2BA v0=0x80030000 v1=0x0000009F a0=0xFFFFFFFF a1=0x00008000 c2ba=0x0000 c2b8=0x00000000 c2bc=0x00000000 ra=0x8001A24C sp=0x801FFF98 f=0
[BLACKSCREEN][STATE-C2BA-R] #160 size=2 phys=0x0002C2BA val=0x0000 ra=0x8001A24C sp=0x801FFF98 pc=0x00000000 f=0
[BLACKSCREEN][15650-STEP] #480 pc=0x80015658 instr=0x03E00008 v0=0x00000000 v1=0x0000009F a0=0xFFFFFFFF a1=0x00008000 c2ba=0x0000 c2b8=0x00000000 c2bc=0x00000000 ra=0x8001A24C sp=0x801FFF98 f=0
[BLACKSCREEN][15650-RET] #160 reason=jr_ra end=0x80015658 target=0x8001A24C steps=3 v0=0x00000000 v1=0x0000009F c2ba=0x0000 c2b8=0x00000000 c2bc=0x00000000 ra=0x8001A24C sp=0x801FFF98 f=0
[BLACKSCREEN][A110-15650-RET] #160 call_pc=0x8001A244 v0_after=0x00000000 v1_after=0x0000009F a0=0xFFFFFFFF a1=0x00008000 sp_after=0x801FFF98 c2ba=0x0000 f=0
[BLACKSCREEN][A110-PATH] #640 pc=0x8001A24C instr=0x1040002B v0=0x00000000 v1=0x0000009F a0=0xFFFFFFFF a1=0x00008000 a2=0x00000000 a3=0x00000000 s0=0x00000003 s1=0x801E0000 s2=0x80032D80 s3=0x80032B48 sp=0x801FFF98 ra=0x8001A24C m2ab4=0x00000000 m2ab8=0x00000000 m2ac5=0x00 c2ba=0x0000 c2b8=0x00000000 c2bc=0x00000000 f=0
[BLACKSCREEN][STATE-C2A8AC-R] #325 size=4 phys=0x0002C2A8 val=0x1F801814 ra=0x8001A184 sp=0x801FFF98 pc=0x00000000 f=0
[BLACKSCREEN][STATE-C2A8AC-R] #326 size=4 phys=0x0002C2AC val=0x1F801110 ra=0x8001A184 sp=0x801FFF98 pc=0x00000000 f=0
[BLACKSCREEN][A110-PATH] #641 pc=0x8001A238 instr=0x00001021 v0=0x00000000 v1=0x000000A0 a0=0xFFFFFFFF a1=0x00008000 a2=0x00000000 a3=0x00000000 s0=0x00000003 s1=0x801E0000 s2=0x80032D80 s3=0x80032B48 sp=0x801FFF98 ra=0x8001A184 m2ab4=0x00000000 m2ab8=0x00000000 m2ac5=0x00 c2ba=0x0000 c2b8=0x00000000 c2bc=0x00000000 f=0
[BLACKSCREEN][A110-PATH] #642 pc=0x8001A23C instr=0x14400049 v0=0x00000000 v1=0x000000A0 a0=0xFFFFFFFF a1=0x00008000 a2=0x00000000 a3=0x00000000 s0=0x00000003 s1=0x801E0000 s2=0x80032D80 s3=0x80032B48 sp=0x801FFF98 ra=0x8001A184 m2ab4=0x00000000 m2ab8=0x00000000 m2ac5=0x00 c2ba=0x0000 c2b8=0x00000000 c2bc=0x00000000 f=0
[BLACKSCREEN][A110-PATH] #643 pc=0x8001A244 instr=0x0C005594 v0=0xFFFFFFFF v1=0x000000A0 a0=0xFFFFFFFF a1=0x00008000 a2=0x00000000 a3=0x00000000 s0=0x00000003 s1=0x801E0000 s2=0x80032D80 s3=0x80032B48 sp=0x801FFF98 ra=0x8001A184 m2ab4=0x00000000 m2ab8=0x00000000 m2ac5=0x00 c2ba=0x0000 c2b8=0x00000000 c2bc=0x00000000 f=0
[BLACKSCREEN][A110-15650-CALL] #161 call_pc=0x8001A244 ra=0x8001A24C v0=0xFFFFFFFF v1=0x000000A0 a0=0xFFFFFFFF a1=0x00008000 sp=0x801FFF98 c2ba=0x0000 f=0
[BLACKSCREEN][15650-STEP] #481 pc=0x80015650 instr=0x3C028003 v0=0xFFFFFFFF v1=0x000000A0 a0=0xFFFFFFFF a1=0x00008000 c2ba=0x0000 c2b8=0x00000000 c2bc=0x00000000 ra=0x8001A24C sp=0x801FFF98 f=0
[BLACKSCREEN][15650-STEP] #482 pc=0x80015654 instr=0x9442C2BA v0=0x80030000 v1=0x000000A0 a0=0xFFFFFFFF a1=0x00008000 c2ba=0x0000 c2b8=0x00000000 c2bc=0x00000000 ra=0x8001A24C sp=0x801FFF98 f=0
[BLACKSCREEN][STATE-C2BA-R] #161 size=2 phys=0x0002C2BA val=0x0000 ra=0x8001A24C sp=0x801FFF98 pc=0x00000000 f=0
[BLACKSCREEN][15650-STEP] #483 pc=0x80015658 instr=0x03E00008 v0=0x00000000 v1=0x000000A0 a0=0xFFFFFFFF a1=0x00008000 c2ba=0x0000 c2b8=0x00000000 c2bc=0x00000000 ra=0x8001A24C sp=0x801FFF98 f=0
[BLACKSCREEN][15650-RET] #161 reason=jr_ra end=0x80015658 target=0x8001A24C steps=3 v0=0x00000000 v1=0x000000A0 c2ba=0x0000 c2b8=0x00000000 c2bc=0x00000000 ra=0x8001A24C sp=0x801FFF98 f=0
[BLACKSCREEN][A110-15650-RET] #161 call_pc=0x8001A244 v0_after=0x00000000 v1_after=0x000000A0 a0=0xFFFFFFFF a1=0x00008000 sp_after=0x801FFF98 c2ba=0x0000 f=0
[BLACKSCREEN][A110-PATH] #644 pc=0x8001A24C instr=0x1040002B v0=0x00000000 v1=0x000000A0 a0=0xFFFFFFFF a1=0x00008000 a2=0x00000000 a3=0x00000000 s0=0x00000003 s1=0x801E0000 s2=0x80032D80 s3=0x80032B48 sp=0x801FFF98 ra=0x8001A24C m2ab4=0x00000000 m2ab8=0x00000000 m2ac5=0x00 c2ba=0x0000 c2b8=0x00000000 c2bc=0x00000000 f=0
[BLACKSCREEN][STATE-C2A8AC-R] #327 size=4 phys=0x0002C2A8 val=0x1F801814 ra=0x8001A184 sp=0x801FFF98 pc=0x00000000 f=0
[BLACKSCREEN][STATE-C2A8AC-R] #328 size=4 phys=0x0002C2AC val=0x1F801110 ra=0x8001A184 sp=0x801FFF98 pc=0x00000000 f=0
[BLACKSCREEN][A110-PATH] #645 pc=0x8001A238 instr=0x00001021 v0=0x00000000 v1=0x000000A1 a0=0xFFFFFFFF a1=0x00008000 a2=0x00000000 a3=0x00000000 s0=0x00000003 s1=0x801E0000 s2=0x80032D80 s3=0x80032B48 sp=0x801FFF98 ra=0x8001A184 m2ab4=0x00000000 m2ab8=0x00000000 m2ac5=0x00 c2ba=0x0000 c2b8=0x00000000 c2bc=0x00000000 f=0
[BLACKSCREEN][A110-PATH] #646 pc=0x8001A23C instr=0x14400049 v0=0x00000000 v1=0x000000A1 a0=0xFFFFFFFF a1=0x00008000 a2=0x00000000 a3=0x00000000 s0=0x00000003 s1=0x801E0000 s2=0x80032D80 s3=0x80032B48 sp=0x801FFF98 ra=0x8001A184 m2ab4=0x00000000 m2ab8=0x00000000 m2ac5=0x00 c2ba=0x0000 c2b8=0x00000000 c2bc=0x00000000 f=0
[BLACKSCREEN][A110-PATH] #647 pc=0x8001A244 instr=0x0C005594 v0=0xFFFFFFFF v1=0x000000A1 a0=0xFFFFFFFF a1=0x00008000 a2=0x00000000 a3=0x00000000 s0=0x00000003 s1=0x801E0000 s2=0x80032D80 s3=0x80032B48 sp=0x801FFF98 ra=0x8001A184 m2ab4=0x00000000 m2ab8=0x00000000 m2ac5=0x00 c2ba=0x0000 c2b8=0x00000000 c2bc=0x00000000 f=0
[BLACKSCREEN][A110-15650-CALL] #162 call_pc=0x8001A244 ra=0x8001A24C v0=0xFFFFFFFF v1=0x000000A1 a0=0xFFFFFFFF a1=0x00008000 sp=0x801FFF98 c2ba=0x0000 f=0
[BLACKSCREEN][15650-STEP] #484 pc=0x80015650 instr=0x3C028003 v0=0xFFFFFFFF v1=0x000000A1 a0=0xFFFFFFFF a1=0x00008000 c2ba=0x0000 c2b8=0x00000000 c2bc=0x00000000 ra=0x8001A24C sp=0x801FFF98 f=0
[BLACKSCREEN][15650-STEP] #485 pc=0x80015654 instr=0x9442C2BA v0=0x80030000 v1=0x000000A1 a0=0xFFFFFFFF a1=0x00008000 c2ba=0x0000 c2b8=0x00000000 c2bc=0x00000000 ra=0x8001A24C sp=0x801FFF98 f=0
[BLACKSCREEN][STATE-C2BA-R] #162 size=2 phys=0x0002C2BA val=0x0000 ra=0x8001A24C sp=0x801FFF98 pc=0x00000000 f=0
[BLACKSCREEN][15650-STEP] #486 pc=0x80015658 instr=0x03E00008 v0=0x00000000 v1=0x000000A1 a0=0xFFFFFFFF a1=0x00008000 c2ba=0x0000 c2b8=0x00000000 c2bc=0x00000000 ra=0x8001A24C sp=0x801FFF98 f=0
[BLACKSCREEN][15650-RET] #162 reason=jr_ra end=0x80015658 target=0x8001A24C steps=3 v0=0x00000000 v1=0x000000A1 c2ba=0x0000 c2b8=0x00000000 c2bc=0x00000000 ra=0x8001A24C sp=0x801FFF98 f=0
[BLACKSCREEN][A110-15650-RET] #162 call_pc=0x8001A244 v0_after=0x00000000 v1_after=0x000000A1 a0=0xFFFFFFFF a1=0x00008000 sp_after=0x801FFF98 c2ba=0x0000 f=0
[BLACKSCREEN][A110-PATH] #648 pc=0x8001A24C instr=0x1040002B v0=0x00000000 v1=0x000000A1 a0=0xFFFFFFFF a1=0x00008000 a2=0x00000000 a3=0x00000000 s0=0x00000003 s1=0x801E0000 s2=0x80032D80 s3=0x80032B48 sp=0x801FFF98 ra=0x8001A24C m2ab4=0x00000000 m2ab8=0x00000000 m2ac5=0x00 c2ba=0x0000 c2b8=0x00000000 c2bc=0x00000000 f=0
[BLACKSCREEN][STATE-C2A8AC-R] #329 size=4 phys=0x0002C2A8 val=0x1F801814 ra=0x8001A184 sp=0x801FFF98 pc=0x00000000 f=0
[BLACKSCREEN][STATE-C2A8AC-R] #330 size=4 phys=0x0002C2AC val=0x1F801110 ra=0x8001A184 sp=0x801FFF98 pc=0x00000000 f=0
[BLACKSCREEN][A110-PATH] #649 pc=0x8001A238 instr=0x00001021 v0=0x00000000 v1=0x000000A2 a0=0xFFFFFFFF a1=0x00008000 a2=0x00000000 a3=0x00000000 s0=0x00000003 s1=0x801E0000 s2=0x80032D80 s3=0x80032B48 sp=0x801FFF98 ra=0x8001A184 m2ab4=0x00000000 m2ab8=0x00000000 m2ac5=0x00 c2ba=0x0000 c2b8=0x00000000 c2bc=0x00000000 f=0
[BLACKSCREEN][A110-PATH] #650 pc=0x8001A23C instr=0x14400049 v0=0x00000000 v1=0x000000A2 a0=0xFFFFFFFF a1=0x00008000 a2=0x00000000 a3=0x00000000 s0=0x00000003 s1=0x801E0000 s2=0x80032D80 s3=0x80032B48 sp=0x801FFF98 ra=0x8001A184 m2ab4=0x00000000 m2ab8=0x00000000 m2ac5=0x00 c2ba=0x0000 c2b8=0x00000000 c2bc=0x00000000 f=0
[BLACKSCREEN][A110-PATH] #651 pc=0x8001A244 instr=0x0C005594 v0=0xFFFFFFFF v1=0x000000A2 a0=0xFFFFFFFF a1=0x00008000 a2=0x00000000 a3=0x00000000 s0=0x00000003 s1=0x801E0000 s2=0x80032D80 s3=0x80032B48 sp=0x801FFF98 ra=0x8001A184 m2ab4=0x00000000 m2ab8=0x00000000 m2ac5=0x00 c2ba=0x0000 c2b8=0x00000000 c2bc=0x00000000 f=0
[BLACKSCREEN][A110-15650-CALL] #163 call_pc=0x8001A244 ra=0x8001A24C v0=0xFFFFFFFF v1=0x000000A2 a0=0xFFFFFFFF a1=0x00008000 sp=0x801FFF98 c2ba=0x0000 f=0
[BLACKSCREEN][15650-STEP] #487 pc=0x80015650 instr=0x3C028003 v0=0xFFFFFFFF v1=0x000000A2 a0=0xFFFFFFFF a1=0x00008000 c2ba=0x0000 c2b8=0x00000000 c2bc=0x00000000 ra=0x8001A24C sp=0x801FFF98 f=0
[BLACKSCREEN][15650-STEP] #488 pc=0x80015654 instr=0x9442C2BA v0=0x80030000 v1=0x000000A2 a0=0xFFFFFFFF a1=0x00008000 c2ba=0x0000 c2b8=0x00000000 c2bc=0x00000000 ra=0x8001A24C sp=0x801FFF98 f=0
[BLACKSCREEN][STATE-C2BA-R] #163 size=2 phys=0x0002C2BA val=0x0000 ra=0x8001A24C sp=0x801FFF98 pc=0x00000000 f=0
[BLACKSCREEN][15650-STEP] #489 pc=0x80015658 instr=0x03E00008 v0=0x00000000 v1=0x000000A2 a0=0xFFFFFFFF a1=0x00008000 c2ba=0x0000 c2b8=0x00000000 c2bc=0x00000000 ra=0x8001A24C sp=0x801FFF98 f=0
[BLACKSCREEN][15650-RET] #163 reason=jr_ra end=0x80015658 target=0x8001A24C steps=3 v0=0x00000000 v1=0x000000A2 c2ba=0x0000 c2b8=0x00000000 c2bc=0x00000000 ra=0x8001A24C sp=0x801FFF98 f=0
[BLACKSCREEN][A110-15650-RET] #163 call_pc=0x8001A244 v0_after=0x00000000 v1_after=0x000000A2 a0=0xFFFFFFFF a1=0x00008000 sp_after=0x801FFF98 c2ba=0x0000 f=0
[BLACKSCREEN][A110-PATH] #652 pc=0x8001A24C instr=0x1040002B v0=0x00000000 v1=0x000000A2 a0=0xFFFFFFFF a1=0x00008000 a2=0x00000000 a3=0x00000000 s0=0x00000003 s1=0x801E0000 s2=0x80032D80 s3=0x80032B48 sp=0x801FFF98 ra=0x8001A24C m2ab4=0x00000000 m2ab8=0x00000000 m2ac5=0x00 c2ba=0x0000 c2b8=0x00000000 c2bc=0x00000000 f=0
[BLACKSCREEN][STATE-C2A8AC-R] #331 size=4 phys=0x0002C2A8 val=0x1F801814 ra=0x8001A184 sp=0x801FFF98 pc=0x00000000 f=0
[BLACKSCREEN][STATE-C2A8AC-R] #332 size=4 phys=0x0002C2AC val=0x1F801110 ra=0x8001A184 sp=0x801FFF98 pc=0x00000000 f=0
[BLACKSCREEN][A110-PATH] #653 pc=0x8001A238 instr=0x00001021 v0=0x00000000 v1=0x000000A3 a0=0xFFFFFFFF a1=0x00008000 a2=0x00000000 a3=0x00000000 s0=0x00000003 s1=0x801E0000 s2=0x80032D80 s3=0x80032B48 sp=0x801FFF98 ra=0x8001A184 m2ab4=0x00000000 m2ab8=0x00000000 m2ac5=0x00 c2ba=0x0000 c2b8=0x00000000 c2bc=0x00000000 f=0
[BLACKSCREEN][A110-PATH] #654 pc=0x8001A23C instr=0x14400049 v0=0x00000000 v1=0x000000A3 a0=0xFFFFFFFF a1=0x00008000 a2=0x00000000 a3=0x00000000 s0=0x00000003 s1=0x801E0000 s2=0x80032D80 s3=0x80032B48 sp=0x801FFF98 ra=0x8001A184 m2ab4=0x00000000 m2ab8=0x00000000 m2ac5=0x00 c2ba=0x0000 c2b8=0x00000000 c2bc=0x00000000 f=0
[BLACKSCREEN][A110-PATH] #655 pc=0x8001A244 instr=0x0C005594 v0=0xFFFFFFFF v1=0x000000A3 a0=0xFFFFFFFF a1=0x00008000 a2=0x00000000 a3=0x00000000 s0=0x00000003 s1=0x801E0000 s2=0x80032D80 s3=0x80032B48 sp=0x801FFF98 ra=0x8001A184 m2ab4=0x00000000 m2ab8=0x00000000 m2ac5=0x00 c2ba=0x0000 c2b8=0x00000000 c2bc=0x00000000 f=0
[BLACKSCREEN][A110-15650-CALL] #164 call_pc=0x8001A244 ra=0x8001A24C v0=0xFFFFFFFF v1=0x000000A3 a0=0xFFFFFFFF a1=0x00008000 sp=0x801FFF98 c2ba=0x0000 f=0
[BLACKSCREEN][15650-STEP] #490 pc=0x80015650 instr=0x3C028003 v0=0xFFFFFFFF v1=0x000000A3 a0=0xFFFFFFFF a1=0x00008000 c2ba=0x0000 c2b8=0x00000000 c2bc=0x00000000 ra=0x8001A24C sp=0x801FFF98 f=0
[BLACKSCREEN][15650-STEP] #491 pc=0x80015654 instr=0x9442C2BA v0=0x80030000 v1=0x000000A3 a0=0xFFFFFFFF a1=0x00008000 c2ba=0x0000 c2b8=0x00000000 c2bc=0x00000000 ra=0x8001A24C sp=0x801FFF98 f=0
[BLACKSCREEN][STATE-C2BA-R] #164 size=2 phys=0x0002C2BA val=0x0000 ra=0x8001A24C sp=0x801FFF98 pc=0x00000000 f=0
[BLACKSCREEN][15650-STEP] #492 pc=0x80015658 instr=0x03E00008 v0=0x00000000 v1=0x000000A3 a0=0xFFFFFFFF a1=0x00008000 c2ba=0x0000 c2b8=0x00000000 c2bc=0x00000000 ra=0x8001A24C sp=0x801FFF98 f=0
[BLACKSCREEN][15650-RET] #164 reason=jr_ra end=0x80015658 target=0x8001A24C steps=3 v0=0x00000000 v1=0x000000A3 c2ba=0x0000 c2b8=0x00000000 c2bc=0x00000000 ra=0x8001A24C sp=0x801FFF98 f=0
[BLACKSCREEN][A110-15650-RET] #164 call_pc=0x8001A244 v0_after=0x00000000 v1_after=0x000000A3 a0=0xFFFFFFFF a1=0x00008000 sp_after=0x801FFF98 c2ba=0x0000 f=0
[BLACKSCREEN][A110-PATH] #656 pc=0x8001A24C instr=0x1040002B v0=0x00000000 v1=0x000000A3 a0=0xFFFFFFFF a1=0x00008000 a2=0x00000000 a3=0x00000000 s0=0x00000003 s1=0x801E0000 s2=0x80032D80 s3=0x80032B48 sp=0x801FFF98 ra=0x8001A24C m2ab4=0x00000000 m2ab8=0x00000000 m2ac5=0x00 c2ba=0x0000 c2b8=0x00000000 c2bc=0x00000000 f=0
[BLACKSCREEN][STATE-C2A8AC-R] #333 size=4 phys=0x0002C2A8 val=0x1F801814 ra=0x8001A184 sp=0x801FFF98 pc=0x00000000 f=0
[BLACKSCREEN][STATE-C2A8AC-R] #334 size=4 phys=0x0002C2AC val=0x1F801110 ra=0x8001A184 sp=0x801FFF98 pc=0x00000000 f=0
[BLACKSCREEN][A110-PATH] #657 pc=0x8001A238 instr=0x00001021 v0=0x00000000 v1=0x000000A4 a0=0xFFFFFFFF a1=0x00008000 a2=0x00000000 a3=0x00000000 s0=0x00000003 s1=0x801E0000 s2=0x80032D80 s3=0x80032B48 sp=0x801FFF98 ra=0x8001A184 m2ab4=0x00000000 m2ab8=0x00000000 m2ac5=0x00 c2ba=0x0000 c2b8=0x00000000 c2bc=0x00000000 f=0
[BLACKSCREEN][A110-PATH] #658 pc=0x8001A23C instr=0x14400049 v0=0x00000000 v1=0x000000A4 a0=0xFFFFFFFF a1=0x00008000 a2=0x00000000 a3=0x00000000 s0=0x00000003 s1=0x801E0000 s2=0x80032D80 s3=0x80032B48 sp=0x801FFF98 ra=0x8001A184 m2ab4=0x00000000 m2ab8=0x00000000 m2ac5=0x00 c2ba=0x0000 c2b8=0x00000000 c2bc=0x00000000 f=0
[BLACKSCREEN][A110-PATH] #659 pc=0x8001A244 instr=0x0C005594 v0=0xFFFFFFFF v1=0x000000A4 a0=0xFFFFFFFF a1=0x00008000 a2=0x00000000 a3=0x00000000 s0=0x00000003 s1=0x801E0000 s2=0x80032D80 s3=0x80032B48 sp=0x801FFF98 ra=0x8001A184 m2ab4=0x00000000 m2ab8=0x00000000 m2ac5=0x00 c2ba=0x0000 c2b8=0x00000000 c2bc=0x00000000 f=0
[BLACKSCREEN][A110-15650-CALL] #165 call_pc=0x8001A244 ra=0x8001A24C v0=0xFFFFFFFF v1=0x000000A4 a0=0xFFFFFFFF a1=0x00008000 sp=0x801FFF98 c2ba=0x0000 f=0
[BLACKSCREEN][15650-STEP] #493 pc=0x80015650 instr=0x3C028003 v0=0xFFFFFFFF v1=0x000000A4 a0=0xFFFFFFFF a1=0x00008000 c2ba=0x0000 c2b8=0x00000000 c2bc=0x00000000 ra=0x8001A24C sp=0x801FFF98 f=0
[BLACKSCREEN][15650-STEP] #494 pc=0x80015654 instr=0x9442C2BA v0=0x80030000 v1=0x000000A4 a0=0xFFFFFFFF a1=0x00008000 c2ba=0x0000 c2b8=0x00000000 c2bc=0x00000000 ra=0x8001A24C sp=0x801FFF98 f=0
[BLACKSCREEN][STATE-C2BA-R] #165 size=2 phys=0x0002C2BA val=0x0000 ra=0x8001A24C sp=0x801FFF98 pc=0x00000000 f=0
[BLACKSCREEN][15650-STEP] #495 pc=0x80015658 instr=0x03E00008 v0=0x00000000 v1=0x000000A4 a0=0xFFFFFFFF a1=0x00008000 c2ba=0x0000 c2b8=0x00000000 c2bc=0x00000000 ra=0x8001A24C sp=0x801FFF98 f=0
[BLACKSCREEN][15650-RET] #165 reason=jr_ra end=0x80015658 target=0x8001A24C steps=3 v0=0x00000000 v1=0x000000A4 c2ba=0x0000 c2b8=0x00000000 c2bc=0x00000000 ra=0x8001A24C sp=0x801FFF98 f=0
[BLACKSCREEN][A110-15650-RET] #165 call_pc=0x8001A244 v0_after=0x00000000 v1_after=0x000000A4 a0=0xFFFFFFFF a1=0x00008000 sp_after=0x801FFF98 c2ba=0x0000 f=0
[BLACKSCREEN][A110-PATH] #660 pc=0x8001A24C instr=0x1040002B v0=0x00000000 v1=0x000000A4 a0=0xFFFFFFFF a1=0x00008000 a2=0x00000000 a3=0x00000000 s0=0x00000003 s1=0x801E0000 s2=0x80032D80 s3=0x80032B48 sp=0x801FFF98 ra=0x8001A24C m2ab4=0x00000000 m2ab8=0x00000000 m2ac5=0x00 c2ba=0x0000 c2b8=0x00000000 c2bc=0x00000000 f=0
[BLACKSCREEN][STATE-C2A8AC-R] #335 size=4 phys=0x0002C2A8 val=0x1F801814 ra=0x8001A184 sp=0x801FFF98 pc=0x00000000 f=0
[BLACKSCREEN][STATE-C2A8AC-R] #336 size=4 phys=0x0002C2AC val=0x1F801110 ra=0x8001A184 sp=0x801FFF98 pc=0x00000000 f=0
[BLACKSCREEN][A110-PATH] #661 pc=0x8001A238 instr=0x00001021 v0=0x00000000 v1=0x000000A5 a0=0xFFFFFFFF a1=0x00008000 a2=0x00000000 a3=0x00000000 s0=0x00000003 s1=0x801E0000 s2=0x80032D80 s3=0x80032B48 sp=0x801FFF98 ra=0x8001A184 m2ab4=0x00000000 m2ab8=0x00000000 m2ac5=0x00 c2ba=0x0000 c2b8=0x00000000 c2bc=0x00000000 f=0
[BLACKSCREEN][A110-PATH] #662 pc=0x8001A23C instr=0x14400049 v0=0x00000000 v1=0x000000A5 a0=0xFFFFFFFF a1=0x00008000 a2=0x00000000 a3=0x00000000 s0=0x00000003 s1=0x801E0000 s2=0x80032D80 s3=0x80032B48 sp=0x801FFF98 ra=0x8001A184 m2ab4=0x00000000 m2ab8=0x00000000 m2ac5=0x00 c2ba=0x0000 c2b8=0x00000000 c2bc=0x00000000 f=0
[BLACKSCREEN][A110-PATH] #663 pc=0x8001A244 instr=0x0C005594 v0=0xFFFFFFFF v1=0x000000A5 a0=0xFFFFFFFF a1=0x00008000 a2=0x00000000 a3=0x00000000 s0=0x00000003 s1=0x801E0000 s2=0x80032D80 s3=0x80032B48 sp=0x801FFF98 ra=0x8001A184 m2ab4=0x00000000 m2ab8=0x00000000 m2ac5=0x00 c2ba=0x0000 c2b8=0x00000000 c2bc=0x00000000 f=0
[BLACKSCREEN][A110-15650-CALL] #166 call_pc=0x8001A244 ra=0x8001A24C v0=0xFFFFFFFF v1=0x000000A5 a0=0xFFFFFFFF a1=0x00008000 sp=0x801FFF98 c2ba=0x0000 f=0
[BLACKSCREEN][15650-STEP] #496 pc=0x80015650 instr=0x3C028003 v0=0xFFFFFFFF v1=0x000000A5 a0=0xFFFFFFFF a1=0x00008000 c2ba=0x0000 c2b8=0x00000000 c2bc=0x00000000 ra=0x8001A24C sp=0x801FFF98 f=0
[BLACKSCREEN][15650-STEP] #497 pc=0x80015654 instr=0x9442C2BA v0=0x80030000 v1=0x000000A5 a0=0xFFFFFFFF a1=0x00008000 c2ba=0x0000 c2b8=0x00000000 c2bc=0x00000000 ra=0x8001A24C sp=0x801FFF98 f=0
[BLACKSCREEN][STATE-C2BA-R] #166 size=2 phys=0x0002C2BA val=0x0000 ra=0x8001A24C sp=0x801FFF98 pc=0x00000000 f=0
[BLACKSCREEN][15650-STEP] #498 pc=0x80015658 instr=0x03E00008 v0=0x00000000 v1=0x000000A5 a0=0xFFFFFFFF a1=0x00008000 c2ba=0x0000 c2b8=0x00000000 c2bc=0x00000000 ra=0x8001A24C sp=0x801FFF98 f=0
[BLACKSCREEN][15650-RET] #166 reason=jr_ra end=0x80015658 target=0x8001A24C steps=3 v0=0x00000000 v1=0x000000A5 c2ba=0x0000 c2b8=0x00000000 c2bc=0x00000000 ra=0x8001A24C sp=0x801FFF98 f=0
[BLACKSCREEN][A110-15650-RET] #166 call_pc=0x8001A244 v0_after=0x00000000 v1_after=0x000000A5 a0=0xFFFFFFFF a1=0x00008000 sp_after=0x801FFF98 c2ba=0x0000 f=0
[BLACKSCREEN][A110-PATH] #664 pc=0x8001A24C instr=0x1040002B v0=0x00000000 v1=0x000000A5 a0=0xFFFFFFFF a1=0x00008000 a2=0x00000000 a3=0x00000000 s0=0x00000003 s1=0x801E0000 s2=0x80032D80 s3=0x80032B48 sp=0x801FFF98 ra=0x8001A24C m2ab4=0x00000000 m2ab8=0x00000000 m2ac5=0x00 c2ba=0x0000 c2b8=0x00000000 c2bc=0x00000000 f=0
[BLACKSCREEN][STATE-C2A8AC-R] #337 size=4 phys=0x0002C2A8 val=0x1F801814 ra=0x8001A184 sp=0x801FFF98 pc=0x00000000 f=0
[BLACKSCREEN][STATE-C2A8AC-R] #338 size=4 phys=0x0002C2AC val=0x1F801110 ra=0x8001A184 sp=0x801FFF98 pc=0x00000000 f=0
[BLACKSCREEN][A110-PATH] #665 pc=0x8001A238 instr=0x00001021 v0=0x00000000 v1=0x000000A6 a0=0xFFFFFFFF a1=0x00008000 a2=0x00000000 a3=0x00000000 s0=0x00000003 s1=0x801E0000 s2=0x80032D80 s3=0x80032B48 sp=0x801FFF98 ra=0x8001A184 m2ab4=0x00000000 m2ab8=0x00000000 m2ac5=0x00 c2ba=0x0000 c2b8=0x00000000 c2bc=0x00000000 f=0
[BLACKSCREEN][A110-PATH] #666 pc=0x8001A23C instr=0x14400049 v0=0x00000000 v1=0x000000A6 a0=0xFFFFFFFF a1=0x00008000 a2=0x00000000 a3=0x00000000 s0=0x00000003 s1=0x801E0000 s2=0x80032D80 s3=0x80032B48 sp=0x801FFF98 ra=0x8001A184 m2ab4=0x00000000 m2ab8=0x00000000 m2ac5=0x00 c2ba=0x0000 c2b8=0x00000000 c2bc=0x00000000 f=0
[BLACKSCREEN][A110-PATH] #667 pc=0x8001A244 instr=0x0C005594 v0=0xFFFFFFFF v1=0x000000A6 a0=0xFFFFFFFF a1=0x00008000 a2=0x00000000 a3=0x00000000 s0=0x00000003 s1=0x801E0000 s2=0x80032D80 s3=0x80032B48 sp=0x801FFF98 ra=0x8001A184 m2ab4=0x00000000 m2ab8=0x00000000 m2ac5=0x00 c2ba=0x0000 c2b8=0x00000000 c2bc=0x00000000 f=0
[BLACKSCREEN][A110-15650-CALL] #167 call_pc=0x8001A244 ra=0x8001A24C v0=0xFFFFFFFF v1=0x000000A6 a0=0xFFFFFFFF a1=0x00008000 sp=0x801FFF98 c2ba=0x0000 f=0
[BLACKSCREEN][15650-STEP] #499 pc=0x80015650 instr=0x3C028003 v0=0xFFFFFFFF v1=0x000000A6 a0=0xFFFFFFFF a1=0x00008000 c2ba=0x0000 c2b8=0x00000000 c2bc=0x00000000 ra=0x8001A24C sp=0x801FFF98 f=0
[BLACKSCREEN][15650-STEP] #500 pc=0x80015654 instr=0x9442C2BA v0=0x80030000 v1=0x000000A6 a0=0xFFFFFFFF a1=0x00008000 c2ba=0x0000 c2b8=0x00000000 c2bc=0x00000000 ra=0x8001A24C sp=0x801FFF98 f=0
[BLACKSCREEN][STATE-C2BA-R] #167 size=2 phys=0x0002C2BA val=0x0000 ra=0x8001A24C sp=0x801FFF98 pc=0x00000000 f=0
[BLACKSCREEN][15650-STEP] #501 pc=0x80015658 instr=0x03E00008 v0=0x00000000 v1=0x000000A6 a0=0xFFFFFFFF a1=0x00008000 c2ba=0x0000 c2b8=0x00000000 c2bc=0x00000000 ra=0x8001A24C sp=0x801FFF98 f=0
[BLACKSCREEN][15650-RET] #167 reason=jr_ra end=0x80015658 target=0x8001A24C steps=3 v0=0x00000000 v1=0x000000A6 c2ba=0x0000 c2b8=0x00000000 c2bc=0x00000000 ra=0x8001A24C sp=0x801FFF98 f=0
[BLACKSCREEN][A110-15650-RET] #167 call_pc=0x8001A244 v0_after=0x00000000 v1_after=0x000000A6 a0=0xFFFFFFFF a1=0x00008000 sp_after=0x801FFF98 c2ba=0x0000 f=0
[BLACKSCREEN][A110-PATH] #668 pc=0x8001A24C instr=0x1040002B v0=0x00000000 v1=0x000000A6 a0=0xFFFFFFFF a1=0x00008000 a2=0x00000000 a3=0x00000000 s0=0x00000003 s1=0x801E0000 s2=0x80032D80 s3=0x80032B48 sp=0x801FFF98 ra=0x8001A24C m2ab4=0x00000000 m2ab8=0x00000000 m2ac5=0x00 c2ba=0x0000 c2b8=0x00000000 c2bc=0x00000000 f=0
[BLACKSCREEN][STATE-C2A8AC-R] #339 size=4 phys=0x0002C2A8 val=0x1F801814 ra=0x8001A184 sp=0x801FFF98 pc=0x00000000 f=0
[BLACKSCREEN][STATE-C2A8AC-R] #340 size=4 phys=0x0002C2AC val=0x1F801110 ra=0x8001A184 sp=0x801FFF98 pc=0x00000000 f=0
[BLACKSCREEN][A110-PATH] #669 pc=0x8001A238 instr=0x00001021 v0=0x00000000 v1=0x000000A7 a0=0xFFFFFFFF a1=0x00008000 a2=0x00000000 a3=0x00000000 s0=0x00000003 s1=0x801E0000 s2=0x80032D80 s3=0x80032B48 sp=0x801FFF98 ra=0x8001A184 m2ab4=0x00000000 m2ab8=0x00000000 m2ac5=0x00 c2ba=0x0000 c2b8=0x00000000 c2bc=0x00000000 f=0
[BLACKSCREEN][A110-PATH] #670 pc=0x8001A23C instr=0x14400049 v0=0x00000000 v1=0x000000A7 a0=0xFFFFFFFF a1=0x00008000 a2=0x00000000 a3=0x00000000 s0=0x00000003 s1=0x801E0000 s2=0x80032D80 s3=0x80032B48 sp=0x801FFF98 ra=0x8001A184 m2ab4=0x00000000 m2ab8=0x00000000 m2ac5=0x00 c2ba=0x0000 c2b8=0x00000000 c2bc=0x00000000 f=0
[BLACKSCREEN][A110-PATH] #671 pc=0x8001A244 instr=0x0C005594 v0=0xFFFFFFFF v1=0x000000A7 a0=0xFFFFFFFF a1=0x00008000 a2=0x00000000 a3=0x00000000 s0=0x00000003 s1=0x801E0000 s2=0x80032D80 s3=0x80032B48 sp=0x801FFF98 ra=0x8001A184 m2ab4=0x00000000 m2ab8=0x00000000 m2ac5=0x00 c2ba=0x0000 c2b8=0x00000000 c2bc=0x00000000 f=0
[BLACKSCREEN][A110-15650-CALL] #168 call_pc=0x8001A244 ra=0x8001A24C v0=0xFFFFFFFF v1=0x000000A7 a0=0xFFFFFFFF a1=0x00008000 sp=0x801FFF98 c2ba=0x0000 f=0
[BLACKSCREEN][15650-STEP] #502 pc=0x80015650 instr=0x3C028003 v0=0xFFFFFFFF v1=0x000000A7 a0=0xFFFFFFFF a1=0x00008000 c2ba=0x0000 c2b8=0x00000000 c2bc=0x00000000 ra=0x8001A24C sp=0x801FFF98 f=0
[BLACKSCREEN][15650-STEP] #503 pc=0x80015654 instr=0x9442C2BA v0=0x80030000 v1=0x000000A7 a0=0xFFFFFFFF a1=0x00008000 c2ba=0x0000 c2b8=0x00000000 c2bc=0x00000000 ra=0x8001A24C sp=0x801FFF98 f=0
[BLACKSCREEN][STATE-C2BA-R] #168 size=2 phys=0x0002C2BA val=0x0000 ra=0x8001A24C sp=0x801FFF98 pc=0x00000000 f=0
[BLACKSCREEN][15650-STEP] #504 pc=0x80015658 instr=0x03E00008 v0=0x00000000 v1=0x000000A7 a0=0xFFFFFFFF a1=0x00008000 c2ba=0x0000 c2b8=0x00000000 c2bc=0x00000000 ra=0x8001A24C sp=0x801FFF98 f=0
[BLACKSCREEN][15650-RET] #168 reason=jr_ra end=0x80015658 target=0x8001A24C steps=3 v0=0x00000000 v1=0x000000A7 c2ba=0x0000 c2b8=0x00000000 c2bc=0x00000000 ra=0x8001A24C sp=0x801FFF98 f=0
[BLACKSCREEN][A110-15650-RET] #168 call_pc=0x8001A244 v0_after=0x00000000 v1_after=0x000000A7 a0=0xFFFFFFFF a1=0x00008000 sp_after=0x801FFF98 c2ba=0x0000 f=0
[BLACKSCREEN][A110-PATH] #672 pc=0x8001A24C instr=0x1040002B v0=0x00000000 v1=0x000000A7 a0=0xFFFFFFFF a1=0x00008000 a2=0x00000000 a3=0x00000000 s0=0x00000003 s1=0x801E0000 s2=0x80032D80 s3=0x80032B48 sp=0x801FFF98 ra=0x8001A24C m2ab4=0x00000000 m2ab8=0x00000000 m2ac5=0x00 c2ba=0x0000 c2b8=0x00000000 c2bc=0x00000000 f=0
[BLACKSCREEN][STATE-C2A8AC-R] #341 size=4 phys=0x0002C2A8 val=0x1F801814 ra=0x8001A184 sp=0x801FFF98 pc=0x00000000 f=0
[BLACKSCREEN][STATE-C2A8AC-R] #342 size=4 phys=0x0002C2AC val=0x1F801110 ra=0x8001A184 sp=0x801FFF98 pc=0x00000000 f=0
[BLACKSCREEN][A110-PATH] #673 pc=0x8001A238 instr=0x00001021 v0=0x00000000 v1=0x000000A8 a0=0xFFFFFFFF a1=0x00008000 a2=0x00000000 a3=0x00000000 s0=0x00000003 s1=0x801E0000 s2=0x80032D80 s3=0x80032B48 sp=0x801FFF98 ra=0x8001A184 m2ab4=0x00000000 m2ab8=0x00000000 m2ac5=0x00 c2ba=0x0000 c2b8=0x00000000 c2bc=0x00000000 f=0
[BLACKSCREEN][A110-PATH] #674 pc=0x8001A23C instr=0x14400049 v0=0x00000000 v1=0x000000A8 a0=0xFFFFFFFF a1=0x00008000 a2=0x00000000 a3=0x00000000 s0=0x00000003 s1=0x801E0000 s2=0x80032D80 s3=0x80032B48 sp=0x801FFF98 ra=0x8001A184 m2ab4=0x00000000 m2ab8=0x00000000 m2ac5=0x00 c2ba=0x0000 c2b8=0x00000000 c2bc=0x00000000 f=0
[BLACKSCREEN][A110-PATH] #675 pc=0x8001A244 instr=0x0C005594 v0=0xFFFFFFFF v1=0x000000A8 a0=0xFFFFFFFF a1=0x00008000 a2=0x00000000 a3=0x00000000 s0=0x00000003 s1=0x801E0000 s2=0x80032D80 s3=0x80032B48 sp=0x801FFF98 ra=0x8001A184 m2ab4=0x00000000 m2ab8=0x00000000 m2ac5=0x00 c2ba=0x0000 c2b8=0x00000000 c2bc=0x00000000 f=0
[BLACKSCREEN][A110-15650-CALL] #169 call_pc=0x8001A244 ra=0x8001A24C v0=0xFFFFFFFF v1=0x000000A8 a0=0xFFFFFFFF a1=0x00008000 sp=0x801FFF98 c2ba=0x0000 f=0
[BLACKSCREEN][15650-STEP] #505 pc=0x80015650 instr=0x3C028003 v0=0xFFFFFFFF v1=0x000000A8 a0=0xFFFFFFFF a1=0x00008000 c2ba=0x0000 c2b8=0x00000000 c2bc=0x00000000 ra=0x8001A24C sp=0x801FFF98 f=0
[BLACKSCREEN][15650-STEP] #506 pc=0x80015654 instr=0x9442C2BA v0=0x80030000 v1=0x000000A8 a0=0xFFFFFFFF a1=0x00008000 c2ba=0x0000 c2b8=0x00000000 c2bc=0x00000000 ra=0x8001A24C sp=0x801FFF98 f=0
[BLACKSCREEN][STATE-C2BA-R] #169 size=2 phys=0x0002C2BA val=0x0000 ra=0x8001A24C sp=0x801FFF98 pc=0x00000000 f=0
[BLACKSCREEN][15650-STEP] #507 pc=0x80015658 instr=0x03E00008 v0=0x00000000 v1=0x000000A8 a0=0xFFFFFFFF a1=0x00008000 c2ba=0x0000 c2b8=0x00000000 c2bc=0x00000000 ra=0x8001A24C sp=0x801FFF98 f=0
[BLACKSCREEN][15650-RET] #169 reason=jr_ra end=0x80015658 target=0x8001A24C steps=3 v0=0x00000000 v1=0x000000A8 c2ba=0x0000 c2b8=0x00000000 c2bc=0x00000000 ra=0x8001A24C sp=0x801FFF98 f=0
[BLACKSCREEN][A110-15650-RET] #169 call_pc=0x8001A244 v0_after=0x00000000 v1_after=0x000000A8 a0=0xFFFFFFFF a1=0x00008000 sp_after=0x801FFF98 c2ba=0x0000 f=0
[BLACKSCREEN][A110-PATH] #676 pc=0x8001A24C instr=0x1040002B v0=0x00000000 v1=0x000000A8 a0=0xFFFFFFFF a1=0x00008000 a2=0x00000000 a3=0x00000000 s0=0x00000003 s1=0x801E0000 s2=0x80032D80 s3=0x80032B48 sp=0x801FFF98 ra=0x8001A24C m2ab4=0x00000000 m2ab8=0x00000000 m2ac5=0x00 c2ba=0x0000 c2b8=0x00000000 c2bc=0x00000000 f=0
[BLACKSCREEN][STATE-C2A8AC-R] #343 size=4 phys=0x0002C2A8 val=0x1F801814 ra=0x8001A184 sp=0x801FFF98 pc=0x00000000 f=0
[BLACKSCREEN][STATE-C2A8AC-R] #344 size=4 phys=0x0002C2AC val=0x1F801110 ra=0x8001A184 sp=0x801FFF98 pc=0x00000000 f=0
[BLACKSCREEN][A110-PATH] #677 pc=0x8001A238 instr=0x00001021 v0=0x00000000 v1=0x000000A9 a0=0xFFFFFFFF a1=0x00008000 a2=0x00000000 a3=0x00000000 s0=0x00000003 s1=0x801E0000 s2=0x80032D80 s3=0x80032B48 sp=0x801FFF98 ra=0x8001A184 m2ab4=0x00000000 m2ab8=0x00000000 m2ac5=0x00 c2ba=0x0000 c2b8=0x00000000 c2bc=0x00000000 f=0
[BLACKSCREEN][A110-PATH] #678 pc=0x8001A23C instr=0x14400049 v0=0x00000000 v1=0x000000A9 a0=0xFFFFFFFF a1=0x00008000 a2=0x00000000 a3=0x00000000 s0=0x00000003 s1=0x801E0000 s2=0x80032D80 s3=0x80032B48 sp=0x801FFF98 ra=0x8001A184 m2ab4=0x00000000 m2ab8=0x00000000 m2ac5=0x00 c2ba=0x0000 c2b8=0x00000000 c2bc=0x00000000 f=0
[BLACKSCREEN][A110-PATH] #679 pc=0x8001A244 instr=0x0C005594 v0=0xFFFFFFFF v1=0x000000A9 a0=0xFFFFFFFF a1=0x00008000 a2=0x00000000 a3=0x00000000 s0=0x00000003 s1=0x801E0000 s2=0x80032D80 s3=0x80032B48 sp=0x801FFF98 ra=0x8001A184 m2ab4=0x00000000 m2ab8=0x00000000 m2ac5=0x00 c2ba=0x0000 c2b8=0x00000000 c2bc=0x00000000 f=0
[BLACKSCREEN][A110-15650-CALL] #170 call_pc=0x8001A244 ra=0x8001A24C v0=0xFFFFFFFF v1=0x000000A9 a0=0xFFFFFFFF a1=0x00008000 sp=0x801FFF98 c2ba=0x0000 f=0
[BLACKSCREEN][15650-STEP] #508 pc=0x80015650 instr=0x3C028003 v0=0xFFFFFFFF v1=0x000000A9 a0=0xFFFFFFFF a1=0x00008000 c2ba=0x0000 c2b8=0x00000000 c2bc=0x00000000 ra=0x8001A24C sp=0x801FFF98 f=0
[BLACKSCREEN][15650-STEP] #509 pc=0x80015654 instr=0x9442C2BA v0=0x80030000 v1=0x000000A9 a0=0xFFFFFFFF a1=0x00008000 c2ba=0x0000 c2b8=0x00000000 c2bc=0x00000000 ra=0x8001A24C sp=0x801FFF98 f=0
[BLACKSCREEN][STATE-C2BA-R] #170 size=2 phys=0x0002C2BA val=0x0000 ra=0x8001A24C sp=0x801FFF98 pc=0x00000000 f=0
[BLACKSCREEN][15650-STEP] #510 pc=0x80015658 instr=0x03E00008 v0=0x00000000 v1=0x000000A9 a0=0xFFFFFFFF a1=0x00008000 c2ba=0x0000 c2b8=0x00000000 c2bc=0x00000000 ra=0x8001A24C sp=0x801FFF98 f=0
[BLACKSCREEN][15650-RET] #170 reason=jr_ra end=0x80015658 target=0x8001A24C steps=3 v0=0x00000000 v1=0x000000A9 c2ba=0x0000 c2b8=0x00000000 c2bc=0x00000000 ra=0x8001A24C sp=0x801FFF98 f=0
[BLACKSCREEN][A110-15650-RET] #170 call_pc=0x8001A244 v0_after=0x00000000 v1_after=0x000000A9 a0=0xFFFFFFFF a1=0x00008000 sp_after=0x801FFF98 c2ba=0x0000 f=0
[BLACKSCREEN][A110-PATH] #680 pc=0x8001A24C instr=0x1040002B v0=0x00000000 v1=0x000000A9 a0=0xFFFFFFFF a1=0x00008000 a2=0x00000000 a3=0x00000000 s0=0x00000003 s1=0x801E0000 s2=0x80032D80 s3=0x80032B48 sp=0x801FFF98 ra=0x8001A24C m2ab4=0x00000000 m2ab8=0x00000000 m2ac5=0x00 c2ba=0x0000 c2b8=0x00000000 c2bc=0x00000000 f=0
[BLACKSCREEN][STATE-C2A8AC-R] #345 size=4 phys=0x0002C2A8 val=0x1F801814 ra=0x8001A184 sp=0x801FFF98 pc=0x00000000 f=0
[BLACKSCREEN][STATE-C2A8AC-R] #346 size=4 phys=0x0002C2AC val=0x1F801110 ra=0x8001A184 sp=0x801FFF98 pc=0x00000000 f=0
[BLACKSCREEN][A110-PATH] #681 pc=0x8001A238 instr=0x00001021 v0=0x00000000 v1=0x000000AA a0=0xFFFFFFFF a1=0x00008000 a2=0x00000000 a3=0x00000000 s0=0x00000003 s1=0x801E0000 s2=0x80032D80 s3=0x80032B48 sp=0x801FFF98 ra=0x8001A184 m2ab4=0x00000000 m2ab8=0x00000000 m2ac5=0x00 c2ba=0x0000 c2b8=0x00000000 c2bc=0x00000000 f=0
[BLACKSCREEN][A110-PATH] #682 pc=0x8001A23C instr=0x14400049 v0=0x00000000 v1=0x000000AA a0=0xFFFFFFFF a1=0x00008000 a2=0x00000000 a3=0x00000000 s0=0x00000003 s1=0x801E0000 s2=0x80032D80 s3=0x80032B48 sp=0x801FFF98 ra=0x8001A184 m2ab4=0x00000000 m2ab8=0x00000000 m2ac5=0x00 c2ba=0x0000 c2b8=0x00000000 c2bc=0x00000000 f=0
[BLACKSCREEN][A110-PATH] #683 pc=0x8001A244 instr=0x0C005594 v0=0xFFFFFFFF v1=0x000000AA a0=0xFFFFFFFF a1=0x00008000 a2=0x00000000 a3=0x00000000 s0=0x00000003 s1=0x801E0000 s2=0x80032D80 s3=0x80032B48 sp=0x801FFF98 ra=0x8001A184 m2ab4=0x00000000 m2ab8=0x00000000 m2ac5=0x00 c2ba=0x0000 c2b8=0x00000000 c2bc=0x00000000 f=0
[BLACKSCREEN][A110-15650-CALL] #171 call_pc=0x8001A244 ra=0x8001A24C v0=0xFFFFFFFF v1=0x000000AA a0=0xFFFFFFFF a1=0x00008000 sp=0x801FFF98 c2ba=0x0000 f=0
[BLACKSCREEN][15650-STEP] #511 pc=0x80015650 instr=0x3C028003 v0=0xFFFFFFFF v1=0x000000AA a0=0xFFFFFFFF a1=0x00008000 c2ba=0x0000 c2b8=0x00000000 c2bc=0x00000000 ra=0x8001A24C sp=0x801FFF98 f=0
[BLACKSCREEN][15650-STEP] #512 pc=0x80015654 instr=0x9442C2BA v0=0x80030000 v1=0x000000AA a0=0xFFFFFFFF a1=0x00008000 c2ba=0x0000 c2b8=0x00000000 c2bc=0x00000000 ra=0x8001A24C sp=0x801FFF98 f=0
[BLACKSCREEN][STATE-C2BA-R] #171 size=2 phys=0x0002C2BA val=0x0000 ra=0x8001A24C sp=0x801FFF98 pc=0x00000000 f=0
[BLACKSCREEN][15650-STEP] #513 pc=0x80015658 instr=0x03E00008 v0=0x00000000 v1=0x000000AA a0=0xFFFFFFFF a1=0x00008000 c2ba=0x0000 c2b8=0x00000000 c2bc=0x00000000 ra=0x8001A24C sp=0x801FFF98 f=0
[BLACKSCREEN][15650-RET] #171 reason=jr_ra end=0x80015658 target=0x8001A24C steps=3 v0=0x00000000 v1=0x000000AA c2ba=0x0000 c2b8=0x00000000 c2bc=0x00000000 ra=0x8001A24C sp=0x801FFF98 f=0
[BLACKSCREEN][A110-15650-RET] #171 call_pc=0x8001A244 v0_after=0x00000000 v1_after=0x000000AA a0=0xFFFFFFFF a1=0x00008000 sp_after=0x801FFF98 c2ba=0x0000 f=0
[BLACKSCREEN][A110-PATH] #684 pc=0x8001A24C instr=0x1040002B v0=0x00000000 v1=0x000000AA a0=0xFFFFFFFF a1=0x00008000 a2=0x00000000 a3=0x00000000 s0=0x00000003 s1=0x801E0000 s2=0x80032D80 s3=0x80032B48 sp=0x801FFF98 ra=0x8001A24C m2ab4=0x00000000 m2ab8=0x00000000 m2ac5=0x00 c2ba=0x0000 c2b8=0x00000000 c2bc=0x00000000 f=0
[BLACKSCREEN][STATE-C2A8AC-R] #347 size=4 phys=0x0002C2A8 val=0x1F801814 ra=0x8001A184 sp=0x801FFF98 pc=0x00000000 f=0
[BLACKSCREEN][STATE-C2A8AC-R] #348 size=4 phys=0x0002C2AC val=0x1F801110 ra=0x8001A184 sp=0x801FFF98 pc=0x00000000 f=0
[BLACKSCREEN][A110-PATH] #685 pc=0x8001A238 instr=0x00001021 v0=0x00000000 v1=0x000000AB a0=0xFFFFFFFF a1=0x00008000 a2=0x00000000 a3=0x00000000 s0=0x00000003 s1=0x801E0000 s2=0x80032D80 s3=0x80032B48 sp=0x801FFF98 ra=0x8001A184 m2ab4=0x00000000 m2ab8=0x00000000 m2ac5=0x00 c2ba=0x0000 c2b8=0x00000000 c2bc=0x00000000 f=0
[BLACKSCREEN][A110-PATH] #686 pc=0x8001A23C instr=0x14400049 v0=0x00000000 v1=0x000000AB a0=0xFFFFFFFF a1=0x00008000 a2=0x00000000 a3=0x00000000 s0=0x00000003 s1=0x801E0000 s2=0x80032D80 s3=0x80032B48 sp=0x801FFF98 ra=0x8001A184 m2ab4=0x00000000 m2ab8=0x00000000 m2ac5=0x00 c2ba=0x0000 c2b8=0x00000000 c2bc=0x00000000 f=0
[BLACKSCREEN][A110-PATH] #687 pc=0x8001A244 instr=0x0C005594 v0=0xFFFFFFFF v1=0x000000AB a0=0xFFFFFFFF a1=0x00008000 a2=0x00000000 a3=0x00000000 s0=0x00000003 s1=0x801E0000 s2=0x80032D80 s3=0x80032B48 sp=0x801FFF98 ra=0x8001A184 m2ab4=0x00000000 m2ab8=0x00000000 m2ac5=0x00 c2ba=0x0000 c2b8=0x00000000 c2bc=0x00000000 f=0
[BLACKSCREEN][A110-15650-CALL] #172 call_pc=0x8001A244 ra=0x8001A24C v0=0xFFFFFFFF v1=0x000000AB a0=0xFFFFFFFF a1=0x00008000 sp=0x801FFF98 c2ba=0x0000 f=0
[BLACKSCREEN][15650-STEP] #514 pc=0x80015650 instr=0x3C028003 v0=0xFFFFFFFF v1=0x000000AB a0=0xFFFFFFFF a1=0x00008000 c2ba=0x0000 c2b8=0x00000000 c2bc=0x00000000 ra=0x8001A24C sp=0x801FFF98 f=0
[BLACKSCREEN][15650-STEP] #515 pc=0x80015654 instr=0x9442C2BA v0=0x80030000 v1=0x000000AB a0=0xFFFFFFFF a1=0x00008000 c2ba=0x0000 c2b8=0x00000000 c2bc=0x00000000 ra=0x8001A24C sp=0x801FFF98 f=0
[BLACKSCREEN][STATE-C2BA-R] #172 size=2 phys=0x0002C2BA val=0x0000 ra=0x8001A24C sp=0x801FFF98 pc=0x00000000 f=0
[BLACKSCREEN][15650-STEP] #516 pc=0x80015658 instr=0x03E00008 v0=0x00000000 v1=0x000000AB a0=0xFFFFFFFF a1=0x00008000 c2ba=0x0000 c2b8=0x00000000 c2bc=0x00000000 ra=0x8001A24C sp=0x801FFF98 f=0
[BLACKSCREEN][15650-RET] #172 reason=jr_ra end=0x80015658 target=0x8001A24C steps=3 v0=0x00000000 v1=0x000000AB c2ba=0x0000 c2b8=0x00000000 c2bc=0x00000000 ra=0x8001A24C sp=0x801FFF98 f=0
[BLACKSCREEN][A110-15650-RET] #172 call_pc=0x8001A244 v0_after=0x00000000 v1_after=0x000000AB a0=0xFFFFFFFF a1=0x00008000 sp_after=0x801FFF98 c2ba=0x0000 f=0
[BLACKSCREEN][A110-PATH] #688 pc=0x8001A24C instr=0x1040002B v0=0x00000000 v1=0x000000AB a0=0xFFFFFFFF a1=0x00008000 a2=0x00000000 a3=0x00000000 s0=0x00000003 s1=0x801E0000 s2=0x80032D80 s3=0x80032B48 sp=0x801FFF98 ra=0x8001A24C m2ab4=0x00000000 m2ab8=0x00000000 m2ac5=0x00 c2ba=0x0000 c2b8=0x00000000 c2bc=0x00000000 f=0
[BLACKSCREEN][STATE-C2A8AC-R] #349 size=4 phys=0x0002C2A8 val=0x1F801814 ra=0x8001A184 sp=0x801FFF98 pc=0x00000000 f=0
[BLACKSCREEN][STATE-C2A8AC-R] #350 size=4 phys=0x0002C2AC val=0x1F801110 ra=0x8001A184 sp=0x801FFF98 pc=0x00000000 f=0
[BLACKSCREEN][A110-PATH] #689 pc=0x8001A238 instr=0x00001021 v0=0x00000000 v1=0x000000AC a0=0xFFFFFFFF a1=0x00008000 a2=0x00000000 a3=0x00000000 s0=0x00000003 s1=0x801E0000 s2=0x80032D80 s3=0x80032B48 sp=0x801FFF98 ra=0x8001A184 m2ab4=0x00000000 m2ab8=0x00000000 m2ac5=0x00 c2ba=0x0000 c2b8=0x00000000 c2bc=0x00000000 f=0
[BLACKSCREEN][A110-PATH] #690 pc=0x8001A23C instr=0x14400049 v0=0x00000000 v1=0x000000AC a0=0xFFFFFFFF a1=0x00008000 a2=0x00000000 a3=0x00000000 s0=0x00000003 s1=0x801E0000 s2=0x80032D80 s3=0x80032B48 sp=0x801FFF98 ra=0x8001A184 m2ab4=0x00000000 m2ab8=0x00000000 m2ac5=0x00 c2ba=0x0000 c2b8=0x00000000 c2bc=0x00000000 f=0
[BLACKSCREEN][A110-PATH] #691 pc=0x8001A244 instr=0x0C005594 v0=0xFFFFFFFF v1=0x000000AC a0=0xFFFFFFFF a1=0x00008000 a2=0x00000000 a3=0x00000000 s0=0x00000003 s1=0x801E0000 s2=0x80032D80 s3=0x80032B48 sp=0x801FFF98 ra=0x8001A184 m2ab4=0x00000000 m2ab8=0x00000000 m2ac5=0x00 c2ba=0x0000 c2b8=0x00000000 c2bc=0x00000000 f=0
[BLACKSCREEN][A110-15650-CALL] #173 call_pc=0x8001A244 ra=0x8001A24C v0=0xFFFFFFFF v1=0x000000AC a0=0xFFFFFFFF a1=0x00008000 sp=0x801FFF98 c2ba=0x0000 f=0
[BLACKSCREEN][15650-STEP] #517 pc=0x80015650 instr=0x3C028003 v0=0xFFFFFFFF v1=0x000000AC a0=0xFFFFFFFF a1=0x00008000 c2ba=0x0000 c2b8=0x00000000 c2bc=0x00000000 ra=0x8001A24C sp=0x801FFF98 f=0
[BLACKSCREEN][15650-STEP] #518 pc=0x80015654 instr=0x9442C2BA v0=0x80030000 v1=0x000000AC a0=0xFFFFFFFF a1=0x00008000 c2ba=0x0000 c2b8=0x00000000 c2bc=0x00000000 ra=0x8001A24C sp=0x801FFF98 f=0
[BLACKSCREEN][STATE-C2BA-R] #173 size=2 phys=0x0002C2BA val=0x0000 ra=0x8001A24C sp=0x801FFF98 pc=0x00000000 f=0
[BLACKSCREEN][15650-STEP] #519 pc=0x80015658 instr=0x03E00008 v0=0x00000000 v1=0x000000AC a0=0xFFFFFFFF a1=0x00008000 c2ba=0x0000 c2b8=0x00000000 c2bc=0x00000000 ra=0x8001A24C sp=0x801FFF98 f=0
[BLACKSCREEN][15650-RET] #173 reason=jr_ra end=0x80015658 target=0x8001A24C steps=3 v0=0x00000000 v1=0x000000AC c2ba=0x0000 c2b8=0x00000000 c2bc=0x00000000 ra=0x8001A24C sp=0x801FFF98 f=0
[BLACKSCREEN][A110-15650-RET] #173 call_pc=0x8001A244 v0_after=0x00000000 v1_after=0x000000AC a0=0xFFFFFFFF a1=0x00008000 sp_after=0x801FFF98 c2ba=0x0000 f=0
[BLACKSCREEN][A110-PATH] #692 pc=0x8001A24C instr=0x1040002B v0=0x00000000 v1=0x000000AC a0=0xFFFFFFFF a1=0x00008000 a2=0x00000000 a3=0x00000000 s0=0x00000003 s1=0x801E0000 s2=0x80032D80 s3=0x80032B48 sp=0x801FFF98 ra=0x8001A24C m2ab4=0x00000000 m2ab8=0x00000000 m2ac5=0x00 c2ba=0x0000 c2b8=0x00000000 c2bc=0x00000000 f=0
[BLACKSCREEN][STATE-C2A8AC-R] #351 size=4 phys=0x0002C2A8 val=0x1F801814 ra=0x8001A184 sp=0x801FFF98 pc=0x00000000 f=0
[BLACKSCREEN][STATE-C2A8AC-R] #352 size=4 phys=0x0002C2AC val=0x1F801110 ra=0x8001A184 sp=0x801FFF98 pc=0x00000000 f=0
[BLACKSCREEN][A110-PATH] #693 pc=0x8001A238 instr=0x00001021 v0=0x00000000 v1=0x000000AD a0=0xFFFFFFFF a1=0x00008000 a2=0x00000000 a3=0x00000000 s0=0x00000003 s1=0x801E0000 s2=0x80032D80 s3=0x80032B48 sp=0x801FFF98 ra=0x8001A184 m2ab4=0x00000000 m2ab8=0x00000000 m2ac5=0x00 c2ba=0x0000 c2b8=0x00000000 c2bc=0x00000000 f=0
[BLACKSCREEN][A110-PATH] #694 pc=0x8001A23C instr=0x14400049 v0=0x00000000 v1=0x000000AD a0=0xFFFFFFFF a1=0x00008000 a2=0x00000000 a3=0x00000000 s0=0x00000003 s1=0x801E0000 s2=0x80032D80 s3=0x80032B48 sp=0x801FFF98 ra=0x8001A184 m2ab4=0x00000000 m2ab8=0x00000000 m2ac5=0x00 c2ba=0x0000 c2b8=0x00000000 c2bc=0x00000000 f=0
[BLACKSCREEN][A110-PATH] #695 pc=0x8001A244 instr=0x0C005594 v0=0xFFFFFFFF v1=0x000000AD a0=0xFFFFFFFF a1=0x00008000 a2=0x00000000 a3=0x00000000 s0=0x00000003 s1=0x801E0000 s2=0x80032D80 s3=0x80032B48 sp=0x801FFF98 ra=0x8001A184 m2ab4=0x00000000 m2ab8=0x00000000 m2ac5=0x00 c2ba=0x0000 c2b8=0x00000000 c2bc=0x00000000 f=0
[BLACKSCREEN][A110-15650-CALL] #174 call_pc=0x8001A244 ra=0x8001A24C v0=0xFFFFFFFF v1=0x000000AD a0=0xFFFFFFFF a1=0x00008000 sp=0x801FFF98 c2ba=0x0000 f=0
[BLACKSCREEN][15650-STEP] #520 pc=0x80015650 instr=0x3C028003 v0=0xFFFFFFFF v1=0x000000AD a0=0xFFFFFFFF a1=0x00008000 c2ba=0x0000 c2b8=0x00000000 c2bc=0x00000000 ra=0x8001A24C sp=0x801FFF98 f=0
[BLACKSCREEN][15650-STEP] #521 pc=0x80015654 instr=0x9442C2BA v0=0x80030000 v1=0x000000AD a0=0xFFFFFFFF a1=0x00008000 c2ba=0x0000 c2b8=0x00000000 c2bc=0x00000000 ra=0x8001A24C sp=0x801FFF98 f=0
[BLACKSCREEN][STATE-C2BA-R] #174 size=2 phys=0x0002C2BA val=0x0000 ra=0x8001A24C sp=0x801FFF98 pc=0x00000000 f=0
[BLACKSCREEN][15650-STEP] #522 pc=0x80015658 instr=0x03E00008 v0=0x00000000 v1=0x000000AD a0=0xFFFFFFFF a1=0x00008000 c2ba=0x0000 c2b8=0x00000000 c2bc=0x00000000 ra=0x8001A24C sp=0x801FFF98 f=0
[BLACKSCREEN][15650-RET] #174 reason=jr_ra end=0x80015658 target=0x8001A24C steps=3 v0=0x00000000 v1=0x000000AD c2ba=0x0000 c2b8=0x00000000 c2bc=0x00000000 ra=0x8001A24C sp=0x801FFF98 f=0
[BLACKSCREEN][A110-15650-RET] #174 call_pc=0x8001A244 v0_after=0x00000000 v1_after=0x000000AD a0=0xFFFFFFFF a1=0x00008000 sp_after=0x801FFF98 c2ba=0x0000 f=0
[BLACKSCREEN][A110-PATH] #696 pc=0x8001A24C instr=0x1040002B v0=0x00000000 v1=0x000000AD a0=0xFFFFFFFF a1=0x00008000 a2=0x00000000 a3=0x00000000 s0=0x00000003 s1=0x801E0000 s2=0x80032D80 s3=0x80032B48 sp=0x801FFF98 ra=0x8001A24C m2ab4=0x00000000 m2ab8=0x00000000 m2ac5=0x00 c2ba=0x0000 c2b8=0x00000000 c2bc=0x00000000 f=0
[BLACKSCREEN][STATE-C2A8AC-R] #353 size=4 phys=0x0002C2A8 val=0x1F801814 ra=0x8001A184 sp=0x801FFF98 pc=0x00000000 f=0
[BLACKSCREEN][STATE-C2A8AC-R] #354 size=4 phys=0x0002C2AC val=0x1F801110 ra=0x8001A184 sp=0x801FFF98 pc=0x00000000 f=0
[BLACKSCREEN][A110-PATH] #697 pc=0x8001A238 instr=0x00001021 v0=0x00000000 v1=0x000000AE a0=0xFFFFFFFF a1=0x00008000 a2=0x00000000 a3=0x00000000 s0=0x00000003 s1=0x801E0000 s2=0x80032D80 s3=0x80032B48 sp=0x801FFF98 ra=0x8001A184 m2ab4=0x00000000 m2ab8=0x00000000 m2ac5=0x00 c2ba=0x0000 c2b8=0x00000000 c2bc=0x00000000 f=0
[BLACKSCREEN][A110-PATH] #698 pc=0x8001A23C instr=0x14400049 v0=0x00000000 v1=0x000000AE a0=0xFFFFFFFF a1=0x00008000 a2=0x00000000 a3=0x00000000 s0=0x00000003 s1=0x801E0000 s2=0x80032D80 s3=0x80032B48 sp=0x801FFF98 ra=0x8001A184 m2ab4=0x00000000 m2ab8=0x00000000 m2ac5=0x00 c2ba=0x0000 c2b8=0x00000000 c2bc=0x00000000 f=0
[BLACKSCREEN][A110-PATH] #699 pc=0x8001A244 instr=0x0C005594 v0=0xFFFFFFFF v1=0x000000AE a0=0xFFFFFFFF a1=0x00008000 a2=0x00000000 a3=0x00000000 s0=0x00000003 s1=0x801E0000 s2=0x80032D80 s3=0x80032B48 sp=0x801FFF98 ra=0x8001A184 m2ab4=0x00000000 m2ab8=0x00000000 m2ac5=0x00 c2ba=0x0000 c2b8=0x00000000 c2bc=0x00000000 f=0
[BLACKSCREEN][A110-15650-CALL] #175 call_pc=0x8001A244 ra=0x8001A24C v0=0xFFFFFFFF v1=0x000000AE a0=0xFFFFFFFF a1=0x00008000 sp=0x801FFF98 c2ba=0x0000 f=0
[BLACKSCREEN][15650-STEP] #523 pc=0x80015650 instr=0x3C028003 v0=0xFFFFFFFF v1=0x000000AE a0=0xFFFFFFFF a1=0x00008000 c2ba=0x0000 c2b8=0x00000000 c2bc=0x00000000 ra=0x8001A24C sp=0x801FFF98 f=0
[BLACKSCREEN][15650-STEP] #524 pc=0x80015654 instr=0x9442C2BA v0=0x80030000 v1=0x000000AE a0=0xFFFFFFFF a1=0x00008000 c2ba=0x0000 c2b8=0x00000000 c2bc=0x00000000 ra=0x8001A24C sp=0x801FFF98 f=0
[BLACKSCREEN][STATE-C2BA-R] #175 size=2 phys=0x0002C2BA val=0x0000 ra=0x8001A24C sp=0x801FFF98 pc=0x00000000 f=0
[BLACKSCREEN][15650-STEP] #525 pc=0x80015658 instr=0x03E00008 v0=0x00000000 v1=0x000000AE a0=0xFFFFFFFF a1=0x00008000 c2ba=0x0000 c2b8=0x00000000 c2bc=0x00000000 ra=0x8001A24C sp=0x801FFF98 f=0
[BLACKSCREEN][15650-RET] #175 reason=jr_ra end=0x80015658 target=0x8001A24C steps=3 v0=0x00000000 v1=0x000000AE c2ba=0x0000 c2b8=0x00000000 c2bc=0x00000000 ra=0x8001A24C sp=0x801FFF98 f=0
[BLACKSCREEN][A110-15650-RET] #175 call_pc=0x8001A244 v0_after=0x00000000 v1_after=0x000000AE a0=0xFFFFFFFF a1=0x00008000 sp_after=0x801FFF98 c2ba=0x0000 f=0
[BLACKSCREEN][A110-PATH] #700 pc=0x8001A24C instr=0x1040002B v0=0x00000000 v1=0x000000AE a0=0xFFFFFFFF a1=0x00008000 a2=0x00000000 a3=0x00000000 s0=0x00000003 s1=0x801E0000 s2=0x80032D80 s3=0x80032B48 sp=0x801FFF98 ra=0x8001A24C m2ab4=0x00000000 m2ab8=0x00000000 m2ac5=0x00 c2ba=0x0000 c2b8=0x00000000 c2bc=0x00000000 f=0
[BLACKSCREEN][STATE-C2A8AC-R] #355 size=4 phys=0x0002C2A8 val=0x1F801814 ra=0x8001A184 sp=0x801FFF98 pc=0x00000000 f=0
[BLACKSCREEN][STATE-C2A8AC-R] #356 size=4 phys=0x0002C2AC val=0x1F801110 ra=0x8001A184 sp=0x801FFF98 pc=0x00000000 f=0
[BLACKSCREEN][A110-PATH] #701 pc=0x8001A238 instr=0x00001021 v0=0x00000000 v1=0x000000AF a0=0xFFFFFFFF a1=0x00008000 a2=0x00000000 a3=0x00000000 s0=0x00000003 s1=0x801E0000 s2=0x80032D80 s3=0x80032B48 sp=0x801FFF98 ra=0x8001A184 m2ab4=0x00000000 m2ab8=0x00000000 m2ac5=0x00 c2ba=0x0000 c2b8=0x00000000 c2bc=0x00000000 f=0
[BLACKSCREEN][A110-PATH] #702 pc=0x8001A23C instr=0x14400049 v0=0x00000000 v1=0x000000AF a0=0xFFFFFFFF a1=0x00008000 a2=0x00000000 a3=0x00000000 s0=0x00000003 s1=0x801E0000 s2=0x80032D80 s3=0x80032B48 sp=0x801FFF98 ra=0x8001A184 m2ab4=0x00000000 m2ab8=0x00000000 m2ac5=0x00 c2ba=0x0000 c2b8=0x00000000 c2bc=0x00000000 f=0
[BLACKSCREEN][A110-PATH] #703 pc=0x8001A244 instr=0x0C005594 v0=0xFFFFFFFF v1=0x000000AF a0=0xFFFFFFFF a1=0x00008000 a2=0x00000000 a3=0x00000000 s0=0x00000003 s1=0x801E0000 s2=0x80032D80 s3=0x80032B48 sp=0x801FFF98 ra=0x8001A184 m2ab4=0x00000000 m2ab8=0x00000000 m2ac5=0x00 c2ba=0x0000 c2b8=0x00000000 c2bc=0x00000000 f=0
[BLACKSCREEN][A110-15650-CALL] #176 call_pc=0x8001A244 ra=0x8001A24C v0=0xFFFFFFFF v1=0x000000AF a0=0xFFFFFFFF a1=0x00008000 sp=0x801FFF98 c2ba=0x0000 f=0
[BLACKSCREEN][15650-STEP] #526 pc=0x80015650 instr=0x3C028003 v0=0xFFFFFFFF v1=0x000000AF a0=0xFFFFFFFF a1=0x00008000 c2ba=0x0000 c2b8=0x00000000 c2bc=0x00000000 ra=0x8001A24C sp=0x801FFF98 f=0
[BLACKSCREEN][15650-STEP] #527 pc=0x80015654 instr=0x9442C2BA v0=0x80030000 v1=0x000000AF a0=0xFFFFFFFF a1=0x00008000 c2ba=0x0000 c2b8=0x00000000 c2bc=0x00000000 ra=0x8001A24C sp=0x801FFF98 f=0
[BLACKSCREEN][STATE-C2BA-R] #176 size=2 phys=0x0002C2BA val=0x0000 ra=0x8001A24C sp=0x801FFF98 pc=0x00000000 f=0
[BLACKSCREEN][15650-STEP] #528 pc=0x80015658 instr=0x03E00008 v0=0x00000000 v1=0x000000AF a0=0xFFFFFFFF a1=0x00008000 c2ba=0x0000 c2b8=0x00000000 c2bc=0x00000000 ra=0x8001A24C sp=0x801FFF98 f=0
[BLACKSCREEN][15650-RET] #176 reason=jr_ra end=0x80015658 target=0x8001A24C steps=3 v0=0x00000000 v1=0x000000AF c2ba=0x0000 c2b8=0x00000000 c2bc=0x00000000 ra=0x8001A24C sp=0x801FFF98 f=0
[BLACKSCREEN][A110-15650-RET] #176 call_pc=0x8001A244 v0_after=0x00000000 v1_after=0x000000AF a0=0xFFFFFFFF a1=0x00008000 sp_after=0x801FFF98 c2ba=0x0000 f=0
[BLACKSCREEN][A110-PATH] #704 pc=0x8001A24C instr=0x1040002B v0=0x00000000 v1=0x000000AF a0=0xFFFFFFFF a1=0x00008000 a2=0x00000000 a3=0x00000000 s0=0x00000003 s1=0x801E0000 s2=0x80032D80 s3=0x80032B48 sp=0x801FFF98 ra=0x8001A24C m2ab4=0x00000000 m2ab8=0x00000000 m2ac5=0x00 c2ba=0x0000 c2b8=0x00000000 c2bc=0x00000000 f=0
[BLACKSCREEN][STATE-C2A8AC-R] #357 size=4 phys=0x0002C2A8 val=0x1F801814 ra=0x8001A184 sp=0x801FFF98 pc=0x00000000 f=0
[BLACKSCREEN][STATE-C2A8AC-R] #358 size=4 phys=0x0002C2AC val=0x1F801110 ra=0x8001A184 sp=0x801FFF98 pc=0x00000000 f=0
[BLACKSCREEN][A110-PATH] #705 pc=0x8001A238 instr=0x00001021 v0=0x00000000 v1=0x000000B0 a0=0xFFFFFFFF a1=0x00008000 a2=0x00000000 a3=0x00000000 s0=0x00000003 s1=0x801E0000 s2=0x80032D80 s3=0x80032B48 sp=0x801FFF98 ra=0x8001A184 m2ab4=0x00000000 m2ab8=0x00000000 m2ac5=0x00 c2ba=0x0000 c2b8=0x00000000 c2bc=0x00000000 f=0
[BLACKSCREEN][A110-PATH] #706 pc=0x8001A23C instr=0x14400049 v0=0x00000000 v1=0x000000B0 a0=0xFFFFFFFF a1=0x00008000 a2=0x00000000 a3=0x00000000 s0=0x00000003 s1=0x801E0000 s2=0x80032D80 s3=0x80032B48 sp=0x801FFF98 ra=0x8001A184 m2ab4=0x00000000 m2ab8=0x00000000 m2ac5=0x00 c2ba=0x0000 c2b8=0x00000000 c2bc=0x00000000 f=0
[BLACKSCREEN][A110-PATH] #707 pc=0x8001A244 instr=0x0C005594 v0=0xFFFFFFFF v1=0x000000B0 a0=0xFFFFFFFF a1=0x00008000 a2=0x00000000 a3=0x00000000 s0=0x00000003 s1=0x801E0000 s2=0x80032D80 s3=0x80032B48 sp=0x801FFF98 ra=0x8001A184 m2ab4=0x00000000 m2ab8=0x00000000 m2ac5=0x00 c2ba=0x0000 c2b8=0x00000000 c2bc=0x00000000 f=0
[BLACKSCREEN][A110-15650-CALL] #177 call_pc=0x8001A244 ra=0x8001A24C v0=0xFFFFFFFF v1=0x000000B0 a0=0xFFFFFFFF a1=0x00008000 sp=0x801FFF98 c2ba=0x0000 f=0
[BLACKSCREEN][15650-STEP] #529 pc=0x80015650 instr=0x3C028003 v0=0xFFFFFFFF v1=0x000000B0 a0=0xFFFFFFFF a1=0x00008000 c2ba=0x0000 c2b8=0x00000000 c2bc=0x00000000 ra=0x8001A24C sp=0x801FFF98 f=0
[BLACKSCREEN][15650-STEP] #530 pc=0x80015654 instr=0x9442C2BA v0=0x80030000 v1=0x000000B0 a0=0xFFFFFFFF a1=0x00008000 c2ba=0x0000 c2b8=0x00000000 c2bc=0x00000000 ra=0x8001A24C sp=0x801FFF98 f=0
[BLACKSCREEN][STATE-C2BA-R] #177 size=2 phys=0x0002C2BA val=0x0000 ra=0x8001A24C sp=0x801FFF98 pc=0x00000000 f=0
[BLACKSCREEN][15650-STEP] #531 pc=0x80015658 instr=0x03E00008 v0=0x00000000 v1=0x000000B0 a0=0xFFFFFFFF a1=0x00008000 c2ba=0x0000 c2b8=0x00000000 c2bc=0x00000000 ra=0x8001A24C sp=0x801FFF98 f=0
[BLACKSCREEN][15650-RET] #177 reason=jr_ra end=0x80015658 target=0x8001A24C steps=3 v0=0x00000000 v1=0x000000B0 c2ba=0x0000 c2b8=0x00000000 c2bc=0x00000000 ra=0x8001A24C sp=0x801FFF98 f=0
[BLACKSCREEN][A110-15650-RET] #177 call_pc=0x8001A244 v0_after=0x00000000 v1_after=0x000000B0 a0=0xFFFFFFFF a1=0x00008000 sp_after=0x801FFF98 c2ba=0x0000 f=0
[BLACKSCREEN][A110-PATH] #708 pc=0x8001A24C instr=0x1040002B v0=0x00000000 v1=0x000000B0 a0=0xFFFFFFFF a1=0x00008000 a2=0x00000000 a3=0x00000000 s0=0x00000003 s1=0x801E0000 s2=0x80032D80 s3=0x80032B48 sp=0x801FFF98 ra=0x8001A24C m2ab4=0x00000000 m2ab8=0x00000000 m2ac5=0x00 c2ba=0x0000 c2b8=0x00000000 c2bc=0x00000000 f=0
[BLACKSCREEN][STATE-C2A8AC-R] #359 size=4 phys=0x0002C2A8 val=0x1F801814 ra=0x8001A184 sp=0x801FFF98 pc=0x00000000 f=0
[BLACKSCREEN][STATE-C2A8AC-R] #360 size=4 phys=0x0002C2AC val=0x1F801110 ra=0x8001A184 sp=0x801FFF98 pc=0x00000000 f=0
[BLACKSCREEN][A110-PATH] #709 pc=0x8001A238 instr=0x00001021 v0=0x00000000 v1=0x000000B1 a0=0xFFFFFFFF a1=0x00008000 a2=0x00000000 a3=0x00000000 s0=0x00000003 s1=0x801E0000 s2=0x80032D80 s3=0x80032B48 sp=0x801FFF98 ra=0x8001A184 m2ab4=0x00000000 m2ab8=0x00000000 m2ac5=0x00 c2ba=0x0000 c2b8=0x00000000 c2bc=0x00000000 f=0
[BLACKSCREEN][A110-PATH] #710 pc=0x8001A23C instr=0x14400049 v0=0x00000000 v1=0x000000B1 a0=0xFFFFFFFF a1=0x00008000 a2=0x00000000 a3=0x00000000 s0=0x00000003 s1=0x801E0000 s2=0x80032D80 s3=0x80032B48 sp=0x801FFF98 ra=0x8001A184 m2ab4=0x00000000 m2ab8=0x00000000 m2ac5=0x00 c2ba=0x0000 c2b8=0x00000000 c2bc=0x00000000 f=0
[BLACKSCREEN][A110-PATH] #711 pc=0x8001A244 instr=0x0C005594 v0=0xFFFFFFFF v1=0x000000B1 a0=0xFFFFFFFF a1=0x00008000 a2=0x00000000 a3=0x00000000 s0=0x00000003 s1=0x801E0000 s2=0x80032D80 s3=0x80032B48 sp=0x801FFF98 ra=0x8001A184 m2ab4=0x00000000 m2ab8=0x00000000 m2ac5=0x00 c2ba=0x0000 c2b8=0x00000000 c2bc=0x00000000 f=0
[BLACKSCREEN][A110-15650-CALL] #178 call_pc=0x8001A244 ra=0x8001A24C v0=0xFFFFFFFF v1=0x000000B1 a0=0xFFFFFFFF a1=0x00008000 sp=0x801FFF98 c2ba=0x0000 f=0
[BLACKSCREEN][15650-STEP] #532 pc=0x80015650 instr=0x3C028003 v0=0xFFFFFFFF v1=0x000000B1 a0=0xFFFFFFFF a1=0x00008000 c2ba=0x0000 c2b8=0x00000000 c2bc=0x00000000 ra=0x8001A24C sp=0x801FFF98 f=0
[BLACKSCREEN][15650-STEP] #533 pc=0x80015654 instr=0x9442C2BA v0=0x80030000 v1=0x000000B1 a0=0xFFFFFFFF a1=0x00008000 c2ba=0x0000 c2b8=0x00000000 c2bc=0x00000000 ra=0x8001A24C sp=0x801FFF98 f=0
[BLACKSCREEN][STATE-C2BA-R] #178 size=2 phys=0x0002C2BA val=0x0000 ra=0x8001A24C sp=0x801FFF98 pc=0x00000000 f=0
[BLACKSCREEN][15650-STEP] #534 pc=0x80015658 instr=0x03E00008 v0=0x00000000 v1=0x000000B1 a0=0xFFFFFFFF a1=0x00008000 c2ba=0x0000 c2b8=0x00000000 c2bc=0x00000000 ra=0x8001A24C sp=0x801FFF98 f=0
[BLACKSCREEN][15650-RET] #178 reason=jr_ra end=0x80015658 target=0x8001A24C steps=3 v0=0x00000000 v1=0x000000B1 c2ba=0x0000 c2b8=0x00000000 c2bc=0x00000000 ra=0x8001A24C sp=0x801FFF98 f=0
[BLACKSCREEN][A110-15650-RET] #178 call_pc=0x8001A244 v0_after=0x00000000 v1_after=0x000000B1 a0=0xFFFFFFFF a1=0x00008000 sp_after=0x801FFF98 c2ba=0x0000 f=0
[BLACKSCREEN][A110-PATH] #712 pc=0x8001A24C instr=0x1040002B v0=0x00000000 v1=0x000000B1 a0=0xFFFFFFFF a1=0x00008000 a2=0x00000000 a3=0x00000000 s0=0x00000003 s1=0x801E0000 s2=0x80032D80 s3=0x80032B48 sp=0x801FFF98 ra=0x8001A24C m2ab4=0x00000000 m2ab8=0x00000000 m2ac5=0x00 c2ba=0x0000 c2b8=0x00000000 c2bc=0x00000000 f=0
[BLACKSCREEN][STATE-C2A8AC-R] #361 size=4 phys=0x0002C2A8 val=0x1F801814 ra=0x8001A184 sp=0x801FFF98 pc=0x00000000 f=0
[BLACKSCREEN][STATE-C2A8AC-R] #362 size=4 phys=0x0002C2AC val=0x1F801110 ra=0x8001A184 sp=0x801FFF98 pc=0x00000000 f=0
[BLACKSCREEN][A110-PATH] #713 pc=0x8001A238 instr=0x00001021 v0=0x00000000 v1=0x000000B2 a0=0xFFFFFFFF a1=0x00008000 a2=0x00000000 a3=0x00000000 s0=0x00000003 s1=0x801E0000 s2=0x80032D80 s3=0x80032B48 sp=0x801FFF98 ra=0x8001A184 m2ab4=0x00000000 m2ab8=0x00000000 m2ac5=0x00 c2ba=0x0000 c2b8=0x00000000 c2bc=0x00000000 f=0
[BLACKSCREEN][A110-PATH] #714 pc=0x8001A23C instr=0x14400049 v0=0x00000000 v1=0x000000B2 a0=0xFFFFFFFF a1=0x00008000 a2=0x00000000 a3=0x00000000 s0=0x00000003 s1=0x801E0000 s2=0x80032D80 s3=0x80032B48 sp=0x801FFF98 ra=0x8001A184 m2ab4=0x00000000 m2ab8=0x00000000 m2ac5=0x00 c2ba=0x0000 c2b8=0x00000000 c2bc=0x00000000 f=0
[BLACKSCREEN][A110-PATH] #715 pc=0x8001A244 instr=0x0C005594 v0=0xFFFFFFFF v1=0x000000B2 a0=0xFFFFFFFF a1=0x00008000 a2=0x00000000 a3=0x00000000 s0=0x00000003 s1=0x801E0000 s2=0x80032D80 s3=0x80032B48 sp=0x801FFF98 ra=0x8001A184 m2ab4=0x00000000 m2ab8=0x00000000 m2ac5=0x00 c2ba=0x0000 c2b8=0x00000000 c2bc=0x00000000 f=0
[BLACKSCREEN][A110-15650-CALL] #179 call_pc=0x8001A244 ra=0x8001A24C v0=0xFFFFFFFF v1=0x000000B2 a0=0xFFFFFFFF a1=0x00008000 sp=0x801FFF98 c2ba=0x0000 f=0
[BLACKSCREEN][15650-STEP] #535 pc=0x80015650 instr=0x3C028003 v0=0xFFFFFFFF v1=0x000000B2 a0=0xFFFFFFFF a1=0x00008000 c2ba=0x0000 c2b8=0x00000000 c2bc=0x00000000 ra=0x8001A24C sp=0x801FFF98 f=0
[BLACKSCREEN][15650-STEP] #536 pc=0x80015654 instr=0x9442C2BA v0=0x80030000 v1=0x000000B2 a0=0xFFFFFFFF a1=0x00008000 c2ba=0x0000 c2b8=0x00000000 c2bc=0x00000000 ra=0x8001A24C sp=0x801FFF98 f=0
[BLACKSCREEN][STATE-C2BA-R] #179 size=2 phys=0x0002C2BA val=0x0000 ra=0x8001A24C sp=0x801FFF98 pc=0x00000000 f=0
[BLACKSCREEN][15650-STEP] #537 pc=0x80015658 instr=0x03E00008 v0=0x00000000 v1=0x000000B2 a0=0xFFFFFFFF a1=0x00008000 c2ba=0x0000 c2b8=0x00000000 c2bc=0x00000000 ra=0x8001A24C sp=0x801FFF98 f=0
[BLACKSCREEN][15650-RET] #179 reason=jr_ra end=0x80015658 target=0x8001A24C steps=3 v0=0x00000000 v1=0x000000B2 c2ba=0x0000 c2b8=0x00000000 c2bc=0x00000000 ra=0x8001A24C sp=0x801FFF98 f=0
[BLACKSCREEN][A110-15650-RET] #179 call_pc=0x8001A244 v0_after=0x00000000 v1_after=0x000000B2 a0=0xFFFFFFFF a1=0x00008000 sp_after=0x801FFF98 c2ba=0x0000 f=0
[BLACKSCREEN][A110-PATH] #716 pc=0x8001A24C instr=0x1040002B v0=0x00000000 v1=0x000000B2 a0=0xFFFFFFFF a1=0x00008000 a2=0x00000000 a3=0x00000000 s0=0x00000003 s1=0x801E0000 s2=0x80032D80 s3=0x80032B48 sp=0x801FFF98 ra=0x8001A24C m2ab4=0x00000000 m2ab8=0x00000000 m2ac5=0x00 c2ba=0x0000 c2b8=0x00000000 c2bc=0x00000000 f=0
[BLACKSCREEN][STATE-C2A8AC-R] #363 size=4 phys=0x0002C2A8 val=0x1F801814 ra=0x8001A184 sp=0x801FFF98 pc=0x00000000 f=0
[BLACKSCREEN][STATE-C2A8AC-R] #364 size=4 phys=0x0002C2AC val=0x1F801110 ra=0x8001A184 sp=0x801FFF98 pc=0x00000000 f=0
[BLACKSCREEN][A110-PATH] #717 pc=0x8001A238 instr=0x00001021 v0=0x00000000 v1=0x000000B3 a0=0xFFFFFFFF a1=0x00008000 a2=0x00000000 a3=0x00000000 s0=0x00000003 s1=0x801E0000 s2=0x80032D80 s3=0x80032B48 sp=0x801FFF98 ra=0x8001A184 m2ab4=0x00000000 m2ab8=0x00000000 m2ac5=0x00 c2ba=0x0000 c2b8=0x00000000 c2bc=0x00000000 f=0
[BLACKSCREEN][A110-PATH] #718 pc=0x8001A23C instr=0x14400049 v0=0x00000000 v1=0x000000B3 a0=0xFFFFFFFF a1=0x00008000 a2=0x00000000 a3=0x00000000 s0=0x00000003 s1=0x801E0000 s2=0x80032D80 s3=0x80032B48 sp=0x801FFF98 ra=0x8001A184 m2ab4=0x00000000 m2ab8=0x00000000 m2ac5=0x00 c2ba=0x0000 c2b8=0x00000000 c2bc=0x00000000 f=0
[BLACKSCREEN][A110-PATH] #719 pc=0x8001A244 instr=0x0C005594 v0=0xFFFFFFFF v1=0x000000B3 a0=0xFFFFFFFF a1=0x00008000 a2=0x00000000 a3=0x00000000 s0=0x00000003 s1=0x801E0000 s2=0x80032D80 s3=0x80032B48 sp=0x801FFF98 ra=0x8001A184 m2ab4=0x00000000 m2ab8=0x00000000 m2ac5=0x00 c2ba=0x0000 c2b8=0x00000000 c2bc=0x00000000 f=0
[BLACKSCREEN][A110-15650-CALL] #180 call_pc=0x8001A244 ra=0x8001A24C v0=0xFFFFFFFF v1=0x000000B3 a0=0xFFFFFFFF a1=0x00008000 sp=0x801FFF98 c2ba=0x0000 f=0
[BLACKSCREEN][15650-STEP] #538 pc=0x80015650 instr=0x3C028003 v0=0xFFFFFFFF v1=0x000000B3 a0=0xFFFFFFFF a1=0x00008000 c2ba=0x0000 c2b8=0x00000000 c2bc=0x00000000 ra=0x8001A24C sp=0x801FFF98 f=0
[BLACKSCREEN][15650-STEP] #539 pc=0x80015654 instr=0x9442C2BA v0=0x80030000 v1=0x000000B3 a0=0xFFFFFFFF a1=0x00008000 c2ba=0x0000 c2b8=0x00000000 c2bc=0x00000000 ra=0x8001A24C sp=0x801FFF98 f=0
[BLACKSCREEN][STATE-C2BA-R] #180 size=2 phys=0x0002C2BA val=0x0000 ra=0x8001A24C sp=0x801FFF98 pc=0x00000000 f=0
[BLACKSCREEN][15650-STEP] #540 pc=0x80015658 instr=0x03E00008 v0=0x00000000 v1=0x000000B3 a0=0xFFFFFFFF a1=0x00008000 c2ba=0x0000 c2b8=0x00000000 c2bc=0x00000000 ra=0x8001A24C sp=0x801FFF98 f=0
[BLACKSCREEN][15650-RET] #180 reason=jr_ra end=0x80015658 target=0x8001A24C steps=3 v0=0x00000000 v1=0x000000B3 c2ba=0x0000 c2b8=0x00000000 c2bc=0x00000000 ra=0x8001A24C sp=0x801FFF98 f=0
[BLACKSCREEN][A110-15650-RET] #180 call_pc=0x8001A244 v0_after=0x00000000 v1_after=0x000000B3 a0=0xFFFFFFFF a1=0x00008000 sp_after=0x801FFF98 c2ba=0x0000 f=0
[BLACKSCREEN][A110-PATH] #720 pc=0x8001A24C instr=0x1040002B v0=0x00000000 v1=0x000000B3 a0=0xFFFFFFFF a1=0x00008000 a2=0x00000000 a3=0x00000000 s0=0x00000003 s1=0x801E0000 s2=0x80032D80 s3=0x80032B48 sp=0x801FFF98 ra=0x8001A24C m2ab4=0x00000000 m2ab8=0x00000000 m2ac5=0x00 c2ba=0x0000 c2b8=0x00000000 c2bc=0x00000000 f=0
[BLACKSCREEN][STATE-C2A8AC-R] #365 size=4 phys=0x0002C2A8 val=0x1F801814 ra=0x8001A184 sp=0x801FFF98 pc=0x00000000 f=0
[BLACKSCREEN][STATE-C2A8AC-R] #366 size=4 phys=0x0002C2AC val=0x1F801110 ra=0x8001A184 sp=0x801FFF98 pc=0x00000000 f=0
[BLACKSCREEN][A110-PATH] #721 pc=0x8001A238 instr=0x00001021 v0=0x00000000 v1=0x000000B4 a0=0xFFFFFFFF a1=0x00008000 a2=0x00000000 a3=0x00000000 s0=0x00000003 s1=0x801E0000 s2=0x80032D80 s3=0x80032B48 sp=0x801FFF98 ra=0x8001A184 m2ab4=0x00000000 m2ab8=0x00000000 m2ac5=0x00 c2ba=0x0000 c2b8=0x00000000 c2bc=0x00000000 f=0
[BLACKSCREEN][A110-PATH] #722 pc=0x8001A23C instr=0x14400049 v0=0x00000000 v1=0x000000B4 a0=0xFFFFFFFF a1=0x00008000 a2=0x00000000 a3=0x00000000 s0=0x00000003 s1=0x801E0000 s2=0x80032D80 s3=0x80032B48 sp=0x801FFF98 ra=0x8001A184 m2ab4=0x00000000 m2ab8=0x00000000 m2ac5=0x00 c2ba=0x0000 c2b8=0x00000000 c2bc=0x00000000 f=0
[BLACKSCREEN][A110-PATH] #723 pc=0x8001A244 instr=0x0C005594 v0=0xFFFFFFFF v1=0x000000B4 a0=0xFFFFFFFF a1=0x00008000 a2=0x00000000 a3=0x00000000 s0=0x00000003 s1=0x801E0000 s2=0x80032D80 s3=0x80032B48 sp=0x801FFF98 ra=0x8001A184 m2ab4=0x00000000 m2ab8=0x00000000 m2ac5=0x00 c2ba=0x0000 c2b8=0x00000000 c2bc=0x00000000 f=0
[BLACKSCREEN][A110-15650-CALL] #181 call_pc=0x8001A244 ra=0x8001A24C v0=0xFFFFFFFF v1=0x000000B4 a0=0xFFFFFFFF a1=0x00008000 sp=0x801FFF98 c2ba=0x0000 f=0
[BLACKSCREEN][15650-STEP] #541 pc=0x80015650 instr=0x3C028003 v0=0xFFFFFFFF v1=0x000000B4 a0=0xFFFFFFFF a1=0x00008000 c2ba=0x0000 c2b8=0x00000000 c2bc=0x00000000 ra=0x8001A24C sp=0x801FFF98 f=0
[BLACKSCREEN][15650-STEP] #542 pc=0x80015654 instr=0x9442C2BA v0=0x80030000 v1=0x000000B4 a0=0xFFFFFFFF a1=0x00008000 c2ba=0x0000 c2b8=0x00000000 c2bc=0x00000000 ra=0x8001A24C sp=0x801FFF98 f=0
[BLACKSCREEN][STATE-C2BA-R] #181 size=2 phys=0x0002C2BA val=0x0000 ra=0x8001A24C sp=0x801FFF98 pc=0x00000000 f=0
[BLACKSCREEN][15650-STEP] #543 pc=0x80015658 instr=0x03E00008 v0=0x00000000 v1=0x000000B4 a0=0xFFFFFFFF a1=0x00008000 c2ba=0x0000 c2b8=0x00000000 c2bc=0x00000000 ra=0x8001A24C sp=0x801FFF98 f=0
[BLACKSCREEN][15650-RET] #181 reason=jr_ra end=0x80015658 target=0x8001A24C steps=3 v0=0x00000000 v1=0x000000B4 c2ba=0x0000 c2b8=0x00000000 c2bc=0x00000000 ra=0x8001A24C sp=0x801FFF98 f=0
[BLACKSCREEN][A110-15650-RET] #181 call_pc=0x8001A244 v0_after=0x00000000 v1_after=0x000000B4 a0=0xFFFFFFFF a1=0x00008000 sp_after=0x801FFF98 c2ba=0x0000 f=0
[BLACKSCREEN][A110-PATH] #724 pc=0x8001A24C instr=0x1040002B v0=0x00000000 v1=0x000000B4 a0=0xFFFFFFFF a1=0x00008000 a2=0x00000000 a3=0x00000000 s0=0x00000003 s1=0x801E0000 s2=0x80032D80 s3=0x80032B48 sp=0x801FFF98 ra=0x8001A24C m2ab4=0x00000000 m2ab8=0x00000000 m2ac5=0x00 c2ba=0x0000 c2b8=0x00000000 c2bc=0x00000000 f=0
[BLACKSCREEN][STATE-C2A8AC-R] #367 size=4 phys=0x0002C2A8 val=0x1F801814 ra=0x8001A184 sp=0x801FFF98 pc=0x00000000 f=0
[BLACKSCREEN][STATE-C2A8AC-R] #368 size=4 phys=0x0002C2AC val=0x1F801110 ra=0x8001A184 sp=0x801FFF98 pc=0x00000000 f=0
[BLACKSCREEN][A110-PATH] #725 pc=0x8001A238 instr=0x00001021 v0=0x00000000 v1=0x000000B5 a0=0xFFFFFFFF a1=0x00008000 a2=0x00000000 a3=0x00000000 s0=0x00000003 s1=0x801E0000 s2=0x80032D80 s3=0x80032B48 sp=0x801FFF98 ra=0x8001A184 m2ab4=0x00000000 m2ab8=0x00000000 m2ac5=0x00 c2ba=0x0000 c2b8=0x00000000 c2bc=0x00000000 f=0
[BLACKSCREEN][A110-PATH] #726 pc=0x8001A23C instr=0x14400049 v0=0x00000000 v1=0x000000B5 a0=0xFFFFFFFF a1=0x00008000 a2=0x00000000 a3=0x00000000 s0=0x00000003 s1=0x801E0000 s2=0x80032D80 s3=0x80032B48 sp=0x801FFF98 ra=0x8001A184 m2ab4=0x00000000 m2ab8=0x00000000 m2ac5=0x00 c2ba=0x0000 c2b8=0x00000000 c2bc=0x00000000 f=0
[BLACKSCREEN][A110-PATH] #727 pc=0x8001A244 instr=0x0C005594 v0=0xFFFFFFFF v1=0x000000B5 a0=0xFFFFFFFF a1=0x00008000 a2=0x00000000 a3=0x00000000 s0=0x00000003 s1=0x801E0000 s2=0x80032D80 s3=0x80032B48 sp=0x801FFF98 ra=0x8001A184 m2ab4=0x00000000 m2ab8=0x00000000 m2ac5=0x00 c2ba=0x0000 c2b8=0x00000000 c2bc=0x00000000 f=0
[BLACKSCREEN][A110-15650-CALL] #182 call_pc=0x8001A244 ra=0x8001A24C v0=0xFFFFFFFF v1=0x000000B5 a0=0xFFFFFFFF a1=0x00008000 sp=0x801FFF98 c2ba=0x0000 f=0
[BLACKSCREEN][15650-STEP] #544 pc=0x80015650 instr=0x3C028003 v0=0xFFFFFFFF v1=0x000000B5 a0=0xFFFFFFFF a1=0x00008000 c2ba=0x0000 c2b8=0x00000000 c2bc=0x00000000 ra=0x8001A24C sp=0x801FFF98 f=0
[BLACKSCREEN][15650-STEP] #545 pc=0x80015654 instr=0x9442C2BA v0=0x80030000 v1=0x000000B5 a0=0xFFFFFFFF a1=0x00008000 c2ba=0x0000 c2b8=0x00000000 c2bc=0x00000000 ra=0x8001A24C sp=0x801FFF98 f=0
[BLACKSCREEN][STATE-C2BA-R] #182 size=2 phys=0x0002C2BA val=0x0000 ra=0x8001A24C sp=0x801FFF98 pc=0x00000000 f=0
[BLACKSCREEN][15650-STEP] #546 pc=0x80015658 instr=0x03E00008 v0=0x00000000 v1=0x000000B5 a0=0xFFFFFFFF a1=0x00008000 c2ba=0x0000 c2b8=0x00000000 c2bc=0x00000000 ra=0x8001A24C sp=0x801FFF98 f=0
[BLACKSCREEN][15650-RET] #182 reason=jr_ra end=0x80015658 target=0x8001A24C steps=3 v0=0x00000000 v1=0x000000B5 c2ba=0x0000 c2b8=0x00000000 c2bc=0x00000000 ra=0x8001A24C sp=0x801FFF98 f=0
[BLACKSCREEN][A110-15650-RET] #182 call_pc=0x8001A244 v0_after=0x00000000 v1_after=0x000000B5 a0=0xFFFFFFFF a1=0x00008000 sp_after=0x801FFF98 c2ba=0x0000 f=0
[BLACKSCREEN][A110-PATH] #728 pc=0x8001A24C instr=0x1040002B v0=0x00000000 v1=0x000000B5 a0=0xFFFFFFFF a1=0x00008000 a2=0x00000000 a3=0x00000000 s0=0x00000003 s1=0x801E0000 s2=0x80032D80 s3=0x80032B48 sp=0x801FFF98 ra=0x8001A24C m2ab4=0x00000000 m2ab8=0x00000000 m2ac5=0x00 c2ba=0x0000 c2b8=0x00000000 c2bc=0x00000000 f=0
[BLACKSCREEN][STATE-C2A8AC-R] #369 size=4 phys=0x0002C2A8 val=0x1F801814 ra=0x8001A184 sp=0x801FFF98 pc=0x00000000 f=0
[BLACKSCREEN][STATE-C2A8AC-R] #370 size=4 phys=0x0002C2AC val=0x1F801110 ra=0x8001A184 sp=0x801FFF98 pc=0x00000000 f=0
[BLACKSCREEN][A110-PATH] #729 pc=0x8001A238 instr=0x00001021 v0=0x00000000 v1=0x000000B6 a0=0xFFFFFFFF a1=0x00008000 a2=0x00000000 a3=0x00000000 s0=0x00000003 s1=0x801E0000 s2=0x80032D80 s3=0x80032B48 sp=0x801FFF98 ra=0x8001A184 m2ab4=0x00000000 m2ab8=0x00000000 m2ac5=0x00 c2ba=0x0000 c2b8=0x00000000 c2bc=0x00000000 f=0
[BLACKSCREEN][A110-PATH] #730 pc=0x8001A23C instr=0x14400049 v0=0x00000000 v1=0x000000B6 a0=0xFFFFFFFF a1=0x00008000 a2=0x00000000 a3=0x00000000 s0=0x00000003 s1=0x801E0000 s2=0x80032D80 s3=0x80032B48 sp=0x801FFF98 ra=0x8001A184 m2ab4=0x00000000 m2ab8=0x00000000 m2ac5=0x00 c2ba=0x0000 c2b8=0x00000000 c2bc=0x00000000 f=0
[BLACKSCREEN][A110-PATH] #731 pc=0x8001A244 instr=0x0C005594 v0=0xFFFFFFFF v1=0x000000B6 a0=0xFFFFFFFF a1=0x00008000 a2=0x00000000 a3=0x00000000 s0=0x00000003 s1=0x801E0000 s2=0x80032D80 s3=0x80032B48 sp=0x801FFF98 ra=0x8001A184 m2ab4=0x00000000 m2ab8=0x00000000 m2ac5=0x00 c2ba=0x0000 c2b8=0x00000000 c2bc=0x00000000 f=0
[BLACKSCREEN][A110-15650-CALL] #183 call_pc=0x8001A244 ra=0x8001A24C v0=0xFFFFFFFF v1=0x000000B6 a0=0xFFFFFFFF a1=0x00008000 sp=0x801FFF98 c2ba=0x0000 f=0
[BLACKSCREEN][15650-STEP] #547 pc=0x80015650 instr=0x3C028003 v0=0xFFFFFFFF v1=0x000000B6 a0=0xFFFFFFFF a1=0x00008000 c2ba=0x0000 c2b8=0x00000000 c2bc=0x00000000 ra=0x8001A24C sp=0x801FFF98 f=0
[BLACKSCREEN][15650-STEP] #548 pc=0x80015654 instr=0x9442C2BA v0=0x80030000 v1=0x000000B6 a0=0xFFFFFFFF a1=0x00008000 c2ba=0x0000 c2b8=0x00000000 c2bc=0x00000000 ra=0x8001A24C sp=0x801FFF98 f=0
[BLACKSCREEN][STATE-C2BA-R] #183 size=2 phys=0x0002C2BA val=0x0000 ra=0x8001A24C sp=0x801FFF98 pc=0x00000000 f=0
[BLACKSCREEN][15650-STEP] #549 pc=0x80015658 instr=0x03E00008 v0=0x00000000 v1=0x000000B6 a0=0xFFFFFFFF a1=0x00008000 c2ba=0x0000 c2b8=0x00000000 c2bc=0x00000000 ra=0x8001A24C sp=0x801FFF98 f=0
[BLACKSCREEN][15650-RET] #183 reason=jr_ra end=0x80015658 target=0x8001A24C steps=3 v0=0x00000000 v1=0x000000B6 c2ba=0x0000 c2b8=0x00000000 c2bc=0x00000000 ra=0x8001A24C sp=0x801FFF98 f=0
[BLACKSCREEN][A110-15650-RET] #183 call_pc=0x8001A244 v0_after=0x00000000 v1_after=0x000000B6 a0=0xFFFFFFFF a1=0x00008000 sp_after=0x801FFF98 c2ba=0x0000 f=0
[BLACKSCREEN][A110-PATH] #732 pc=0x8001A24C instr=0x1040002B v0=0x00000000 v1=0x000000B6 a0=0xFFFFFFFF a1=0x00008000 a2=0x00000000 a3=0x00000000 s0=0x00000003 s1=0x801E0000 s2=0x80032D80 s3=0x80032B48 sp=0x801FFF98 ra=0x8001A24C m2ab4=0x00000000 m2ab8=0x00000000 m2ac5=0x00 c2ba=0x0000 c2b8=0x00000000 c2bc=0x00000000 f=0
[BLACKSCREEN][STATE-C2A8AC-R] #371 size=4 phys=0x0002C2A8 val=0x1F801814 ra=0x8001A184 sp=0x801FFF98 pc=0x00000000 f=0
[BLACKSCREEN][STATE-C2A8AC-R] #372 size=4 phys=0x0002C2AC val=0x1F801110 ra=0x8001A184 sp=0x801FFF98 pc=0x00000000 f=0
[BLACKSCREEN][A110-PATH] #733 pc=0x8001A238 instr=0x00001021 v0=0x00000000 v1=0x000000B7 a0=0xFFFFFFFF a1=0x00008000 a2=0x00000000 a3=0x00000000 s0=0x00000003 s1=0x801E0000 s2=0x80032D80 s3=0x80032B48 sp=0x801FFF98 ra=0x8001A184 m2ab4=0x00000000 m2ab8=0x00000000 m2ac5=0x00 c2ba=0x0000 c2b8=0x00000000 c2bc=0x00000000 f=0
[BLACKSCREEN][A110-PATH] #734 pc=0x8001A23C instr=0x14400049 v0=0x00000000 v1=0x000000B7 a0=0xFFFFFFFF a1=0x00008000 a2=0x00000000 a3=0x00000000 s0=0x00000003 s1=0x801E0000 s2=0x80032D80 s3=0x80032B48 sp=0x801FFF98 ra=0x8001A184 m2ab4=0x00000000 m2ab8=0x00000000 m2ac5=0x00 c2ba=0x0000 c2b8=0x00000000 c2bc=0x00000000 f=0
[BLACKSCREEN][A110-PATH] #735 pc=0x8001A244 instr=0x0C005594 v0=0xFFFFFFFF v1=0x000000B7 a0=0xFFFFFFFF a1=0x00008000 a2=0x00000000 a3=0x00000000 s0=0x00000003 s1=0x801E0000 s2=0x80032D80 s3=0x80032B48 sp=0x801FFF98 ra=0x8001A184 m2ab4=0x00000000 m2ab8=0x00000000 m2ac5=0x00 c2ba=0x0000 c2b8=0x00000000 c2bc=0x00000000 f=0
[BLACKSCREEN][A110-15650-CALL] #184 call_pc=0x8001A244 ra=0x8001A24C v0=0xFFFFFFFF v1=0x000000B7 a0=0xFFFFFFFF a1=0x00008000 sp=0x801FFF98 c2ba=0x0000 f=0
[BLACKSCREEN][15650-STEP] #550 pc=0x80015650 instr=0x3C028003 v0=0xFFFFFFFF v1=0x000000B7 a0=0xFFFFFFFF a1=0x00008000 c2ba=0x0000 c2b8=0x00000000 c2bc=0x00000000 ra=0x8001A24C sp=0x801FFF98 f=0
[BLACKSCREEN][15650-STEP] #551 pc=0x80015654 instr=0x9442C2BA v0=0x80030000 v1=0x000000B7 a0=0xFFFFFFFF a1=0x00008000 c2ba=0x0000 c2b8=0x00000000 c2bc=0x00000000 ra=0x8001A24C sp=0x801FFF98 f=0
[BLACKSCREEN][STATE-C2BA-R] #184 size=2 phys=0x0002C2BA val=0x0000 ra=0x8001A24C sp=0x801FFF98 pc=0x00000000 f=0
[BLACKSCREEN][15650-STEP] #552 pc=0x80015658 instr=0x03E00008 v0=0x00000000 v1=0x000000B7 a0=0xFFFFFFFF a1=0x00008000 c2ba=0x0000 c2b8=0x00000000 c2bc=0x00000000 ra=0x8001A24C sp=0x801FFF98 f=0
[BLACKSCREEN][15650-RET] #184 reason=jr_ra end=0x80015658 target=0x8001A24C steps=3 v0=0x00000000 v1=0x000000B7 c2ba=0x0000 c2b8=0x00000000 c2bc=0x00000000 ra=0x8001A24C sp=0x801FFF98 f=0
[BLACKSCREEN][A110-15650-RET] #184 call_pc=0x8001A244 v0_after=0x00000000 v1_after=0x000000B7 a0=0xFFFFFFFF a1=0x00008000 sp_after=0x801FFF98 c2ba=0x0000 f=0
[BLACKSCREEN][A110-PATH] #736 pc=0x8001A24C instr=0x1040002B v0=0x00000000 v1=0x000000B7 a0=0xFFFFFFFF a1=0x00008000 a2=0x00000000 a3=0x00000000 s0=0x00000003 s1=0x801E0000 s2=0x80032D80 s3=0x80032B48 sp=0x801FFF98 ra=0x8001A24C m2ab4=0x00000000 m2ab8=0x00000000 m2ac5=0x00 c2ba=0x0000 c2b8=0x00000000 c2bc=0x00000000 f=0
[BLACKSCREEN][STATE-C2A8AC-R] #373 size=4 phys=0x0002C2A8 val=0x1F801814 ra=0x8001A184 sp=0x801FFF98 pc=0x00000000 f=0
[BLACKSCREEN][STATE-C2A8AC-R] #374 size=4 phys=0x0002C2AC val=0x1F801110 ra=0x8001A184 sp=0x801FFF98 pc=0x00000000 f=0
[BLACKSCREEN][A110-PATH] #737 pc=0x8001A238 instr=0x00001021 v0=0x00000000 v1=0x000000B8 a0=0xFFFFFFFF a1=0x00008000 a2=0x00000000 a3=0x00000000 s0=0x00000003 s1=0x801E0000 s2=0x80032D80 s3=0x80032B48 sp=0x801FFF98 ra=0x8001A184 m2ab4=0x00000000 m2ab8=0x00000000 m2ac5=0x00 c2ba=0x0000 c2b8=0x00000000 c2bc=0x00000000 f=0
[BLACKSCREEN][A110-PATH] #738 pc=0x8001A23C instr=0x14400049 v0=0x00000000 v1=0x000000B8 a0=0xFFFFFFFF a1=0x00008000 a2=0x00000000 a3=0x00000000 s0=0x00000003 s1=0x801E0000 s2=0x80032D80 s3=0x80032B48 sp=0x801FFF98 ra=0x8001A184 m2ab4=0x00000000 m2ab8=0x00000000 m2ac5=0x00 c2ba=0x0000 c2b8=0x00000000 c2bc=0x00000000 f=0
[BLACKSCREEN][A110-PATH] #739 pc=0x8001A244 instr=0x0C005594 v0=0xFFFFFFFF v1=0x000000B8 a0=0xFFFFFFFF a1=0x00008000 a2=0x00000000 a3=0x00000000 s0=0x00000003 s1=0x801E0000 s2=0x80032D80 s3=0x80032B48 sp=0x801FFF98 ra=0x8001A184 m2ab4=0x00000000 m2ab8=0x00000000 m2ac5=0x00 c2ba=0x0000 c2b8=0x00000000 c2bc=0x00000000 f=0
[BLACKSCREEN][A110-15650-CALL] #185 call_pc=0x8001A244 ra=0x8001A24C v0=0xFFFFFFFF v1=0x000000B8 a0=0xFFFFFFFF a1=0x00008000 sp=0x801FFF98 c2ba=0x0000 f=0
[BLACKSCREEN][15650-STEP] #553 pc=0x80015650 instr=0x3C028003 v0=0xFFFFFFFF v1=0x000000B8 a0=0xFFFFFFFF a1=0x00008000 c2ba=0x0000 c2b8=0x00000000 c2bc=0x00000000 ra=0x8001A24C sp=0x801FFF98 f=0
[BLACKSCREEN][15650-STEP] #554 pc=0x80015654 instr=0x9442C2BA v0=0x80030000 v1=0x000000B8 a0=0xFFFFFFFF a1=0x00008000 c2ba=0x0000 c2b8=0x00000000 c2bc=0x00000000 ra=0x8001A24C sp=0x801FFF98 f=0
[BLACKSCREEN][STATE-C2BA-R] #185 size=2 phys=0x0002C2BA val=0x0000 ra=0x8001A24C sp=0x801FFF98 pc=0x00000000 f=0
[BLACKSCREEN][15650-STEP] #555 pc=0x80015658 instr=0x03E00008 v0=0x00000000 v1=0x000000B8 a0=0xFFFFFFFF a1=0x00008000 c2ba=0x0000 c2b8=0x00000000 c2bc=0x00000000 ra=0x8001A24C sp=0x801FFF98 f=0
[BLACKSCREEN][15650-RET] #185 reason=jr_ra end=0x80015658 target=0x8001A24C steps=3 v0=0x00000000 v1=0x000000B8 c2ba=0x0000 c2b8=0x00000000 c2bc=0x00000000 ra=0x8001A24C sp=0x801FFF98 f=0
[BLACKSCREEN][A110-15650-RET] #185 call_pc=0x8001A244 v0_after=0x00000000 v1_after=0x000000B8 a0=0xFFFFFFFF a1=0x00008000 sp_after=0x801FFF98 c2ba=0x0000 f=0
[BLACKSCREEN][A110-PATH] #740 pc=0x8001A24C instr=0x1040002B v0=0x00000000 v1=0x000000B8 a0=0xFFFFFFFF a1=0x00008000 a2=0x00000000 a3=0x00000000 s0=0x00000003 s1=0x801E0000 s2=0x80032D80 s3=0x80032B48 sp=0x801FFF98 ra=0x8001A24C m2ab4=0x00000000 m2ab8=0x00000000 m2ac5=0x00 c2ba=0x0000 c2b8=0x00000000 c2bc=0x00000000 f=0
[BLACKSCREEN][STATE-C2A8AC-R] #375 size=4 phys=0x0002C2A8 val=0x1F801814 ra=0x8001A184 sp=0x801FFF98 pc=0x00000000 f=0
[BLACKSCREEN][STATE-C2A8AC-R] #376 size=4 phys=0x0002C2AC val=0x1F801110 ra=0x8001A184 sp=0x801FFF98 pc=0x00000000 f=0
[BLACKSCREEN][A110-PATH] #741 pc=0x8001A238 instr=0x00001021 v0=0x00000000 v1=0x000000B9 a0=0xFFFFFFFF a1=0x00008000 a2=0x00000000 a3=0x00000000 s0=0x00000003 s1=0x801E0000 s2=0x80032D80 s3=0x80032B48 sp=0x801FFF98 ra=0x8001A184 m2ab4=0x00000000 m2ab8=0x00000000 m2ac5=0x00 c2ba=0x0000 c2b8=0x00000000 c2bc=0x00000000 f=0
[BLACKSCREEN][A110-PATH] #742 pc=0x8001A23C instr=0x14400049 v0=0x00000000 v1=0x000000B9 a0=0xFFFFFFFF a1=0x00008000 a2=0x00000000 a3=0x00000000 s0=0x00000003 s1=0x801E0000 s2=0x80032D80 s3=0x80032B48 sp=0x801FFF98 ra=0x8001A184 m2ab4=0x00000000 m2ab8=0x00000000 m2ac5=0x00 c2ba=0x0000 c2b8=0x00000000 c2bc=0x00000000 f=0
[BLACKSCREEN][A110-PATH] #743 pc=0x8001A244 instr=0x0C005594 v0=0xFFFFFFFF v1=0x000000B9 a0=0xFFFFFFFF a1=0x00008000 a2=0x00000000 a3=0x00000000 s0=0x00000003 s1=0x801E0000 s2=0x80032D80 s3=0x80032B48 sp=0x801FFF98 ra=0x8001A184 m2ab4=0x00000000 m2ab8=0x00000000 m2ac5=0x00 c2ba=0x0000 c2b8=0x00000000 c2bc=0x00000000 f=0
[BLACKSCREEN][A110-15650-CALL] #186 call_pc=0x8001A244 ra=0x8001A24C v0=0xFFFFFFFF v1=0x000000B9 a0=0xFFFFFFFF a1=0x00008000 sp=0x801FFF98 c2ba=0x0000 f=0
[BLACKSCREEN][15650-STEP] #556 pc=0x80015650 instr=0x3C028003 v0=0xFFFFFFFF v1=0x000000B9 a0=0xFFFFFFFF a1=0x00008000 c2ba=0x0000 c2b8=0x00000000 c2bc=0x00000000 ra=0x8001A24C sp=0x801FFF98 f=0
[BLACKSCREEN][15650-STEP] #557 pc=0x80015654 instr=0x9442C2BA v0=0x80030000 v1=0x000000B9 a0=0xFFFFFFFF a1=0x00008000 c2ba=0x0000 c2b8=0x00000000 c2bc=0x00000000 ra=0x8001A24C sp=0x801FFF98 f=0
[BLACKSCREEN][STATE-C2BA-R] #186 size=2 phys=0x0002C2BA val=0x0000 ra=0x8001A24C sp=0x801FFF98 pc=0x00000000 f=0
[BLACKSCREEN][15650-STEP] #558 pc=0x80015658 instr=0x03E00008 v0=0x00000000 v1=0x000000B9 a0=0xFFFFFFFF a1=0x00008000 c2ba=0x0000 c2b8=0x00000000 c2bc=0x00000000 ra=0x8001A24C sp=0x801FFF98 f=0
[BLACKSCREEN][15650-RET] #186 reason=jr_ra end=0x80015658 target=0x8001A24C steps=3 v0=0x00000000 v1=0x000000B9 c2ba=0x0000 c2b8=0x00000000 c2bc=0x00000000 ra=0x8001A24C sp=0x801FFF98 f=0
[BLACKSCREEN][A110-15650-RET] #186 call_pc=0x8001A244 v0_after=0x00000000 v1_after=0x000000B9 a0=0xFFFFFFFF a1=0x00008000 sp_after=0x801FFF98 c2ba=0x0000 f=0
[BLACKSCREEN][A110-PATH] #744 pc=0x8001A24C instr=0x1040002B v0=0x00000000 v1=0x000000B9 a0=0xFFFFFFFF a1=0x00008000 a2=0x00000000 a3=0x00000000 s0=0x00000003 s1=0x801E0000 s2=0x80032D80 s3=0x80032B48 sp=0x801FFF98 ra=0x8001A24C m2ab4=0x00000000 m2ab8=0x00000000 m2ac5=0x00 c2ba=0x0000 c2b8=0x00000000 c2bc=0x00000000 f=0
[BLACKSCREEN][STATE-C2A8AC-R] #377 size=4 phys=0x0002C2A8 val=0x1F801814 ra=0x8001A184 sp=0x801FFF98 pc=0x00000000 f=0
[BLACKSCREEN][STATE-C2A8AC-R] #378 size=4 phys=0x0002C2AC val=0x1F801110 ra=0x8001A184 sp=0x801FFF98 pc=0x00000000 f=0
[BLACKSCREEN][A110-PATH] #745 pc=0x8001A238 instr=0x00001021 v0=0x00000000 v1=0x000000BA a0=0xFFFFFFFF a1=0x00008000 a2=0x00000000 a3=0x00000000 s0=0x00000003 s1=0x801E0000 s2=0x80032D80 s3=0x80032B48 sp=0x801FFF98 ra=0x8001A184 m2ab4=0x00000000 m2ab8=0x00000000 m2ac5=0x00 c2ba=0x0000 c2b8=0x00000000 c2bc=0x00000000 f=0
[BLACKSCREEN][A110-PATH] #746 pc=0x8001A23C instr=0x14400049 v0=0x00000000 v1=0x000000BA a0=0xFFFFFFFF a1=0x00008000 a2=0x00000000 a3=0x00000000 s0=0x00000003 s1=0x801E0000 s2=0x80032D80 s3=0x80032B48 sp=0x801FFF98 ra=0x8001A184 m2ab4=0x00000000 m2ab8=0x00000000 m2ac5=0x00 c2ba=0x0000 c2b8=0x00000000 c2bc=0x00000000 f=0
[BLACKSCREEN][A110-PATH] #747 pc=0x8001A244 instr=0x0C005594 v0=0xFFFFFFFF v1=0x000000BA a0=0xFFFFFFFF a1=0x00008000 a2=0x00000000 a3=0x00000000 s0=0x00000003 s1=0x801E0000 s2=0x80032D80 s3=0x80032B48 sp=0x801FFF98 ra=0x8001A184 m2ab4=0x00000000 m2ab8=0x00000000 m2ac5=0x00 c2ba=0x0000 c2b8=0x00000000 c2bc=0x00000000 f=0
[BLACKSCREEN][A110-15650-CALL] #187 call_pc=0x8001A244 ra=0x8001A24C v0=0xFFFFFFFF v1=0x000000BA a0=0xFFFFFFFF a1=0x00008000 sp=0x801FFF98 c2ba=0x0000 f=0
[BLACKSCREEN][15650-STEP] #559 pc=0x80015650 instr=0x3C028003 v0=0xFFFFFFFF v1=0x000000BA a0=0xFFFFFFFF a1=0x00008000 c2ba=0x0000 c2b8=0x00000000 c2bc=0x00000000 ra=0x8001A24C sp=0x801FFF98 f=0
[BLACKSCREEN][15650-STEP] #560 pc=0x80015654 instr=0x9442C2BA v0=0x80030000 v1=0x000000BA a0=0xFFFFFFFF a1=0x00008000 c2ba=0x0000 c2b8=0x00000000 c2bc=0x00000000 ra=0x8001A24C sp=0x801FFF98 f=0
[BLACKSCREEN][STATE-C2BA-R] #187 size=2 phys=0x0002C2BA val=0x0000 ra=0x8001A24C sp=0x801FFF98 pc=0x00000000 f=0
[BLACKSCREEN][15650-STEP] #561 pc=0x80015658 instr=0x03E00008 v0=0x00000000 v1=0x000000BA a0=0xFFFFFFFF a1=0x00008000 c2ba=0x0000 c2b8=0x00000000 c2bc=0x00000000 ra=0x8001A24C sp=0x801FFF98 f=0
[BLACKSCREEN][15650-RET] #187 reason=jr_ra end=0x80015658 target=0x8001A24C steps=3 v0=0x00000000 v1=0x000000BA c2ba=0x0000 c2b8=0x00000000 c2bc=0x00000000 ra=0x8001A24C sp=0x801FFF98 f=0
[BLACKSCREEN][A110-15650-RET] #187 call_pc=0x8001A244 v0_after=0x00000000 v1_after=0x000000BA a0=0xFFFFFFFF a1=0x00008000 sp_after=0x801FFF98 c2ba=0x0000 f=0
[BLACKSCREEN][A110-PATH] #748 pc=0x8001A24C instr=0x1040002B v0=0x00000000 v1=0x000000BA a0=0xFFFFFFFF a1=0x00008000 a2=0x00000000 a3=0x00000000 s0=0x00000003 s1=0x801E0000 s2=0x80032D80 s3=0x80032B48 sp=0x801FFF98 ra=0x8001A24C m2ab4=0x00000000 m2ab8=0x00000000 m2ac5=0x00 c2ba=0x0000 c2b8=0x00000000 c2bc=0x00000000 f=0
[BLACKSCREEN][STATE-C2A8AC-R] #379 size=4 phys=0x0002C2A8 val=0x1F801814 ra=0x8001A184 sp=0x801FFF98 pc=0x00000000 f=0
[BLACKSCREEN][STATE-C2A8AC-R] #380 size=4 phys=0x0002C2AC val=0x1F801110 ra=0x8001A184 sp=0x801FFF98 pc=0x00000000 f=0
[BLACKSCREEN][A110-PATH] #749 pc=0x8001A238 instr=0x00001021 v0=0x00000000 v1=0x000000BB a0=0xFFFFFFFF a1=0x00008000 a2=0x00000000 a3=0x00000000 s0=0x00000003 s1=0x801E0000 s2=0x80032D80 s3=0x80032B48 sp=0x801FFF98 ra=0x8001A184 m2ab4=0x00000000 m2ab8=0x00000000 m2ac5=0x00 c2ba=0x0000 c2b8=0x00000000 c2bc=0x00000000 f=0
[BLACKSCREEN][A110-PATH] #750 pc=0x8001A23C instr=0x14400049 v0=0x00000000 v1=0x000000BB a0=0xFFFFFFFF a1=0x00008000 a2=0x00000000 a3=0x00000000 s0=0x00000003 s1=0x801E0000 s2=0x80032D80 s3=0x80032B48 sp=0x801FFF98 ra=0x8001A184 m2ab4=0x00000000 m2ab8=0x00000000 m2ac5=0x00 c2ba=0x0000 c2b8=0x00000000 c2bc=0x00000000 f=0
[BLACKSCREEN][A110-PATH] #751 pc=0x8001A244 instr=0x0C005594 v0=0xFFFFFFFF v1=0x000000BB a0=0xFFFFFFFF a1=0x00008000 a2=0x00000000 a3=0x00000000 s0=0x00000003 s1=0x801E0000 s2=0x80032D80 s3=0x80032B48 sp=0x801FFF98 ra=0x8001A184 m2ab4=0x00000000 m2ab8=0x00000000 m2ac5=0x00 c2ba=0x0000 c2b8=0x00000000 c2bc=0x00000000 f=0
[BLACKSCREEN][A110-15650-CALL] #188 call_pc=0x8001A244 ra=0x8001A24C v0=0xFFFFFFFF v1=0x000000BB a0=0xFFFFFFFF a1=0x00008000 sp=0x801FFF98 c2ba=0x0000 f=0
[BLACKSCREEN][15650-STEP] #562 pc=0x80015650 instr=0x3C028003 v0=0xFFFFFFFF v1=0x000000BB a0=0xFFFFFFFF a1=0x00008000 c2ba=0x0000 c2b8=0x00000000 c2bc=0x00000000 ra=0x8001A24C sp=0x801FFF98 f=0
[BLACKSCREEN][15650-STEP] #563 pc=0x80015654 instr=0x9442C2BA v0=0x80030000 v1=0x000000BB a0=0xFFFFFFFF a1=0x00008000 c2ba=0x0000 c2b8=0x00000000 c2bc=0x00000000 ra=0x8001A24C sp=0x801FFF98 f=0
[BLACKSCREEN][STATE-C2BA-R] #188 size=2 phys=0x0002C2BA val=0x0000 ra=0x8001A24C sp=0x801FFF98 pc=0x00000000 f=0
[BLACKSCREEN][15650-STEP] #564 pc=0x80015658 instr=0x03E00008 v0=0x00000000 v1=0x000000BB a0=0xFFFFFFFF a1=0x00008000 c2ba=0x0000 c2b8=0x00000000 c2bc=0x00000000 ra=0x8001A24C sp=0x801FFF98 f=0
[BLACKSCREEN][15650-RET] #188 reason=jr_ra end=0x80015658 target=0x8001A24C steps=3 v0=0x00000000 v1=0x000000BB c2ba=0x0000 c2b8=0x00000000 c2bc=0x00000000 ra=0x8001A24C sp=0x801FFF98 f=0
[BLACKSCREEN][A110-15650-RET] #188 call_pc=0x8001A244 v0_after=0x00000000 v1_after=0x000000BB a0=0xFFFFFFFF a1=0x00008000 sp_after=0x801FFF98 c2ba=0x0000 f=0
[BLACKSCREEN][A110-PATH] #752 pc=0x8001A24C instr=0x1040002B v0=0x00000000 v1=0x000000BB a0=0xFFFFFFFF a1=0x00008000 a2=0x00000000 a3=0x00000000 s0=0x00000003 s1=0x801E0000 s2=0x80032D80 s3=0x80032B48 sp=0x801FFF98 ra=0x8001A24C m2ab4=0x00000000 m2ab8=0x00000000 m2ac5=0x00 c2ba=0x0000 c2b8=0x00000000 c2bc=0x00000000 f=0
[BLACKSCREEN][STATE-C2A8AC-R] #381 size=4 phys=0x0002C2A8 val=0x1F801814 ra=0x8001A184 sp=0x801FFF98 pc=0x00000000 f=0
[BLACKSCREEN][STATE-C2A8AC-R] #382 size=4 phys=0x0002C2AC val=0x1F801110 ra=0x8001A184 sp=0x801FFF98 pc=0x00000000 f=0
[BLACKSCREEN][A110-PATH] #753 pc=0x8001A238 instr=0x00001021 v0=0x00000000 v1=0x000000BC a0=0xFFFFFFFF a1=0x00008000 a2=0x00000000 a3=0x00000000 s0=0x00000003 s1=0x801E0000 s2=0x80032D80 s3=0x80032B48 sp=0x801FFF98 ra=0x8001A184 m2ab4=0x00000000 m2ab8=0x00000000 m2ac5=0x00 c2ba=0x0000 c2b8=0x00000000 c2bc=0x00000000 f=0
[BLACKSCREEN][A110-PATH] #754 pc=0x8001A23C instr=0x14400049 v0=0x00000000 v1=0x000000BC a0=0xFFFFFFFF a1=0x00008000 a2=0x00000000 a3=0x00000000 s0=0x00000003 s1=0x801E0000 s2=0x80032D80 s3=0x80032B48 sp=0x801FFF98 ra=0x8001A184 m2ab4=0x00000000 m2ab8=0x00000000 m2ac5=0x00 c2ba=0x0000 c2b8=0x00000000 c2bc=0x00000000 f=0
[BLACKSCREEN][A110-PATH] #755 pc=0x8001A244 instr=0x0C005594 v0=0xFFFFFFFF v1=0x000000BC a0=0xFFFFFFFF a1=0x00008000 a2=0x00000000 a3=0x00000000 s0=0x00000003 s1=0x801E0000 s2=0x80032D80 s3=0x80032B48 sp=0x801FFF98 ra=0x8001A184 m2ab4=0x00000000 m2ab8=0x00000000 m2ac5=0x00 c2ba=0x0000 c2b8=0x00000000 c2bc=0x00000000 f=0
[BLACKSCREEN][A110-15650-CALL] #189 call_pc=0x8001A244 ra=0x8001A24C v0=0xFFFFFFFF v1=0x000000BC a0=0xFFFFFFFF a1=0x00008000 sp=0x801FFF98 c2ba=0x0000 f=0
[BLACKSCREEN][15650-STEP] #565 pc=0x80015650 instr=0x3C028003 v0=0xFFFFFFFF v1=0x000000BC a0=0xFFFFFFFF a1=0x00008000 c2ba=0x0000 c2b8=0x00000000 c2bc=0x00000000 ra=0x8001A24C sp=0x801FFF98 f=0
[BLACKSCREEN][15650-STEP] #566 pc=0x80015654 instr=0x9442C2BA v0=0x80030000 v1=0x000000BC a0=0xFFFFFFFF a1=0x00008000 c2ba=0x0000 c2b8=0x00000000 c2bc=0x00000000 ra=0x8001A24C sp=0x801FFF98 f=0
[BLACKSCREEN][STATE-C2BA-R] #189 size=2 phys=0x0002C2BA val=0x0000 ra=0x8001A24C sp=0x801FFF98 pc=0x00000000 f=0
[BLACKSCREEN][15650-STEP] #567 pc=0x80015658 instr=0x03E00008 v0=0x00000000 v1=0x000000BC a0=0xFFFFFFFF a1=0x00008000 c2ba=0x0000 c2b8=0x00000000 c2bc=0x00000000 ra=0x8001A24C sp=0x801FFF98 f=0
[BLACKSCREEN][15650-RET] #189 reason=jr_ra end=0x80015658 target=0x8001A24C steps=3 v0=0x00000000 v1=0x000000BC c2ba=0x0000 c2b8=0x00000000 c2bc=0x00000000 ra=0x8001A24C sp=0x801FFF98 f=0
[BLACKSCREEN][A110-15650-RET] #189 call_pc=0x8001A244 v0_after=0x00000000 v1_after=0x000000BC a0=0xFFFFFFFF a1=0x00008000 sp_after=0x801FFF98 c2ba=0x0000 f=0
[BLACKSCREEN][A110-PATH] #756 pc=0x8001A24C instr=0x1040002B v0=0x00000000 v1=0x000000BC a0=0xFFFFFFFF a1=0x00008000 a2=0x00000000 a3=0x00000000 s0=0x00000003 s1=0x801E0000 s2=0x80032D80 s3=0x80032B48 sp=0x801FFF98 ra=0x8001A24C m2ab4=0x00000000 m2ab8=0x00000000 m2ac5=0x00 c2ba=0x0000 c2b8=0x00000000 c2bc=0x00000000 f=0
[BLACKSCREEN][STATE-C2A8AC-R] #383 size=4 phys=0x0002C2A8 val=0x1F801814 ra=0x8001A184 sp=0x801FFF98 pc=0x00000000 f=0
[BLACKSCREEN][STATE-C2A8AC-R] #384 size=4 phys=0x0002C2AC val=0x1F801110 ra=0x8001A184 sp=0x801FFF98 pc=0x00000000 f=0
[BLACKSCREEN][A110-PATH] #757 pc=0x8001A238 instr=0x00001021 v0=0x00000000 v1=0x000000BD a0=0xFFFFFFFF a1=0x00008000 a2=0x00000000 a3=0x00000000 s0=0x00000003 s1=0x801E0000 s2=0x80032D80 s3=0x80032B48 sp=0x801FFF98 ra=0x8001A184 m2ab4=0x00000000 m2ab8=0x00000000 m2ac5=0x00 c2ba=0x0000 c2b8=0x00000000 c2bc=0x00000000 f=0
[BLACKSCREEN][A110-PATH] #758 pc=0x8001A23C instr=0x14400049 v0=0x00000000 v1=0x000000BD a0=0xFFFFFFFF a1=0x00008000 a2=0x00000000 a3=0x00000000 s0=0x00000003 s1=0x801E0000 s2=0x80032D80 s3=0x80032B48 sp=0x801FFF98 ra=0x8001A184 m2ab4=0x00000000 m2ab8=0x00000000 m2ac5=0x00 c2ba=0x0000 c2b8=0x00000000 c2bc=0x00000000 f=0
[BLACKSCREEN][A110-PATH] #759 pc=0x8001A244 instr=0x0C005594 v0=0xFFFFFFFF v1=0x000000BD a0=0xFFFFFFFF a1=0x00008000 a2=0x00000000 a3=0x00000000 s0=0x00000003 s1=0x801E0000 s2=0x80032D80 s3=0x80032B48 sp=0x801FFF98 ra=0x8001A184 m2ab4=0x00000000 m2ab8=0x00000000 m2ac5=0x00 c2ba=0x0000 c2b8=0x00000000 c2bc=0x00000000 f=0
[BLACKSCREEN][A110-15650-CALL] #190 call_pc=0x8001A244 ra=0x8001A24C v0=0xFFFFFFFF v1=0x000000BD a0=0xFFFFFFFF a1=0x00008000 sp=0x801FFF98 c2ba=0x0000 f=0
[BLACKSCREEN][15650-STEP] #568 pc=0x80015650 instr=0x3C028003 v0=0xFFFFFFFF v1=0x000000BD a0=0xFFFFFFFF a1=0x00008000 c2ba=0x0000 c2b8=0x00000000 c2bc=0x00000000 ra=0x8001A24C sp=0x801FFF98 f=0
[BLACKSCREEN][15650-STEP] #569 pc=0x80015654 instr=0x9442C2BA v0=0x80030000 v1=0x000000BD a0=0xFFFFFFFF a1=0x00008000 c2ba=0x0000 c2b8=0x00000000 c2bc=0x00000000 ra=0x8001A24C sp=0x801FFF98 f=0
[BLACKSCREEN][STATE-C2BA-R] #190 size=2 phys=0x0002C2BA val=0x0000 ra=0x8001A24C sp=0x801FFF98 pc=0x00000000 f=0
[BLACKSCREEN][15650-STEP] #570 pc=0x80015658 instr=0x03E00008 v0=0x00000000 v1=0x000000BD a0=0xFFFFFFFF a1=0x00008000 c2ba=0x0000 c2b8=0x00000000 c2bc=0x00000000 ra=0x8001A24C sp=0x801FFF98 f=0
[BLACKSCREEN][15650-RET] #190 reason=jr_ra end=0x80015658 target=0x8001A24C steps=3 v0=0x00000000 v1=0x000000BD c2ba=0x0000 c2b8=0x00000000 c2bc=0x00000000 ra=0x8001A24C sp=0x801FFF98 f=0
[BLACKSCREEN][A110-15650-RET] #190 call_pc=0x8001A244 v0_after=0x00000000 v1_after=0x000000BD a0=0xFFFFFFFF a1=0x00008000 sp_after=0x801FFF98 c2ba=0x0000 f=0
[BLACKSCREEN][A110-PATH] #760 pc=0x8001A24C instr=0x1040002B v0=0x00000000 v1=0x000000BD a0=0xFFFFFFFF a1=0x00008000 a2=0x00000000 a3=0x00000000 s0=0x00000003 s1=0x801E0000 s2=0x80032D80 s3=0x80032B48 sp=0x801FFF98 ra=0x8001A24C m2ab4=0x00000000 m2ab8=0x00000000 m2ac5=0x00 c2ba=0x0000 c2b8=0x00000000 c2bc=0x00000000 f=0
[BLACKSCREEN][STATE-C2A8AC-R] #385 size=4 phys=0x0002C2A8 val=0x1F801814 ra=0x8001A184 sp=0x801FFF98 pc=0x00000000 f=0
[BLACKSCREEN][STATE-C2A8AC-R] #386 size=4 phys=0x0002C2AC val=0x1F801110 ra=0x8001A184 sp=0x801FFF98 pc=0x00000000 f=0
[BLACKSCREEN][A110-PATH] #761 pc=0x8001A238 instr=0x00001021 v0=0x00000000 v1=0x000000BE a0=0xFFFFFFFF a1=0x00008000 a2=0x00000000 a3=0x00000000 s0=0x00000003 s1=0x801E0000 s2=0x80032D80 s3=0x80032B48 sp=0x801FFF98 ra=0x8001A184 m2ab4=0x00000000 m2ab8=0x00000000 m2ac5=0x00 c2ba=0x0000 c2b8=0x00000000 c2bc=0x00000000 f=0
[BLACKSCREEN][A110-PATH] #762 pc=0x8001A23C instr=0x14400049 v0=0x00000000 v1=0x000000BE a0=0xFFFFFFFF a1=0x00008000 a2=0x00000000 a3=0x00000000 s0=0x00000003 s1=0x801E0000 s2=0x80032D80 s3=0x80032B48 sp=0x801FFF98 ra=0x8001A184 m2ab4=0x00000000 m2ab8=0x00000000 m2ac5=0x00 c2ba=0x0000 c2b8=0x00000000 c2bc=0x00000000 f=0
[BLACKSCREEN][A110-PATH] #763 pc=0x8001A244 instr=0x0C005594 v0=0xFFFFFFFF v1=0x000000BE a0=0xFFFFFFFF a1=0x00008000 a2=0x00000000 a3=0x00000000 s0=0x00000003 s1=0x801E0000 s2=0x80032D80 s3=0x80032B48 sp=0x801FFF98 ra=0x8001A184 m2ab4=0x00000000 m2ab8=0x00000000 m2ac5=0x00 c2ba=0x0000 c2b8=0x00000000 c2bc=0x00000000 f=0
[BLACKSCREEN][A110-15650-CALL] #191 call_pc=0x8001A244 ra=0x8001A24C v0=0xFFFFFFFF v1=0x000000BE a0=0xFFFFFFFF a1=0x00008000 sp=0x801FFF98 c2ba=0x0000 f=0
[BLACKSCREEN][15650-STEP] #571 pc=0x80015650 instr=0x3C028003 v0=0xFFFFFFFF v1=0x000000BE a0=0xFFFFFFFF a1=0x00008000 c2ba=0x0000 c2b8=0x00000000 c2bc=0x00000000 ra=0x8001A24C sp=0x801FFF98 f=0
[BLACKSCREEN][15650-STEP] #572 pc=0x80015654 instr=0x9442C2BA v0=0x80030000 v1=0x000000BE a0=0xFFFFFFFF a1=0x00008000 c2ba=0x0000 c2b8=0x00000000 c2bc=0x00000000 ra=0x8001A24C sp=0x801FFF98 f=0
[BLACKSCREEN][STATE-C2BA-R] #191 size=2 phys=0x0002C2BA val=0x0000 ra=0x8001A24C sp=0x801FFF98 pc=0x00000000 f=0
[BLACKSCREEN][15650-STEP] #573 pc=0x80015658 instr=0x03E00008 v0=0x00000000 v1=0x000000BE a0=0xFFFFFFFF a1=0x00008000 c2ba=0x0000 c2b8=0x00000000 c2bc=0x00000000 ra=0x8001A24C sp=0x801FFF98 f=0
[BLACKSCREEN][15650-RET] #191 reason=jr_ra end=0x80015658 target=0x8001A24C steps=3 v0=0x00000000 v1=0x000000BE c2ba=0x0000 c2b8=0x00000000 c2bc=0x00000000 ra=0x8001A24C sp=0x801FFF98 f=0
[BLACKSCREEN][A110-15650-RET] #191 call_pc=0x8001A244 v0_after=0x00000000 v1_after=0x000000BE a0=0xFFFFFFFF a1=0x00008000 sp_after=0x801FFF98 c2ba=0x0000 f=0
[BLACKSCREEN][A110-PATH] #764 pc=0x8001A24C instr=0x1040002B v0=0x00000000 v1=0x000000BE a0=0xFFFFFFFF a1=0x00008000 a2=0x00000000 a3=0x00000000 s0=0x00000003 s1=0x801E0000 s2=0x80032D80 s3=0x80032B48 sp=0x801FFF98 ra=0x8001A24C m2ab4=0x00000000 m2ab8=0x00000000 m2ac5=0x00 c2ba=0x0000 c2b8=0x00000000 c2bc=0x00000000 f=0
[BLACKSCREEN][STATE-C2A8AC-R] #387 size=4 phys=0x0002C2A8 val=0x1F801814 ra=0x8001A184 sp=0x801FFF98 pc=0x00000000 f=0
[BLACKSCREEN][STATE-C2A8AC-R] #388 size=4 phys=0x0002C2AC val=0x1F801110 ra=0x8001A184 sp=0x801FFF98 pc=0x00000000 f=0
[BLACKSCREEN][A110-PATH] #765 pc=0x8001A238 instr=0x00001021 v0=0x00000000 v1=0x000000BF a0=0xFFFFFFFF a1=0x00008000 a2=0x00000000 a3=0x00000000 s0=0x00000003 s1=0x801E0000 s2=0x80032D80 s3=0x80032B48 sp=0x801FFF98 ra=0x8001A184 m2ab4=0x00000000 m2ab8=0x00000000 m2ac5=0x00 c2ba=0x0000 c2b8=0x00000000 c2bc=0x00000000 f=0
[BLACKSCREEN][A110-PATH] #766 pc=0x8001A23C instr=0x14400049 v0=0x00000000 v1=0x000000BF a0=0xFFFFFFFF a1=0x00008000 a2=0x00000000 a3=0x00000000 s0=0x00000003 s1=0x801E0000 s2=0x80032D80 s3=0x80032B48 sp=0x801FFF98 ra=0x8001A184 m2ab4=0x00000000 m2ab8=0x00000000 m2ac5=0x00 c2ba=0x0000 c2b8=0x00000000 c2bc=0x00000000 f=0
[BLACKSCREEN][A110-PATH] #767 pc=0x8001A244 instr=0x0C005594 v0=0xFFFFFFFF v1=0x000000BF a0=0xFFFFFFFF a1=0x00008000 a2=0x00000000 a3=0x00000000 s0=0x00000003 s1=0x801E0000 s2=0x80032D80 s3=0x80032B48 sp=0x801FFF98 ra=0x8001A184 m2ab4=0x00000000 m2ab8=0x00000000 m2ac5=0x00 c2ba=0x0000 c2b8=0x00000000 c2bc=0x00000000 f=0
[BLACKSCREEN][A110-15650-CALL] #192 call_pc=0x8001A244 ra=0x8001A24C v0=0xFFFFFFFF v1=0x000000BF a0=0xFFFFFFFF a1=0x00008000 sp=0x801FFF98 c2ba=0x0000 f=0
[BLACKSCREEN][15650-STEP] #574 pc=0x80015650 instr=0x3C028003 v0=0xFFFFFFFF v1=0x000000BF a0=0xFFFFFFFF a1=0x00008000 c2ba=0x0000 c2b8=0x00000000 c2bc=0x00000000 ra=0x8001A24C sp=0x801FFF98 f=0
[BLACKSCREEN][15650-STEP] #575 pc=0x80015654 instr=0x9442C2BA v0=0x80030000 v1=0x000000BF a0=0xFFFFFFFF a1=0x00008000 c2ba=0x0000 c2b8=0x00000000 c2bc=0x00000000 ra=0x8001A24C sp=0x801FFF98 f=0
[BLACKSCREEN][STATE-C2BA-R] #192 size=2 phys=0x0002C2BA val=0x0000 ra=0x8001A24C sp=0x801FFF98 pc=0x00000000 f=0
[BLACKSCREEN][15650-STEP] #576 pc=0x80015658 instr=0x03E00008 v0=0x00000000 v1=0x000000BF a0=0xFFFFFFFF a1=0x00008000 c2ba=0x0000 c2b8=0x00000000 c2bc=0x00000000 ra=0x8001A24C sp=0x801FFF98 f=0
[BLACKSCREEN][15650-RET] #192 reason=jr_ra end=0x80015658 target=0x8001A24C steps=3 v0=0x00000000 v1=0x000000BF c2ba=0x0000 c2b8=0x00000000 c2bc=0x00000000 ra=0x8001A24C sp=0x801FFF98 f=0
[BLACKSCREEN][A110-15650-RET] #192 call_pc=0x8001A244 v0_after=0x00000000 v1_after=0x000000BF a0=0xFFFFFFFF a1=0x00008000 sp_after=0x801FFF98 c2ba=0x0000 f=0
[BLACKSCREEN][A110-PATH] #768 pc=0x8001A24C instr=0x1040002B v0=0x00000000 v1=0x000000BF a0=0xFFFFFFFF a1=0x00008000 a2=0x00000000 a3=0x00000000 s0=0x00000003 s1=0x801E0000 s2=0x80032D80 s3=0x80032B48 sp=0x801FFF98 ra=0x8001A24C m2ab4=0x00000000 m2ab8=0x00000000 m2ac5=0x00 c2ba=0x0000 c2b8=0x00000000 c2bc=0x00000000 f=0
[BLACKSCREEN][STATE-C2A8AC-R] #389 size=4 phys=0x0002C2A8 val=0x1F801814 ra=0x8001A184 sp=0x801FFF98 pc=0x00000000 f=0
[BLACKSCREEN][STATE-C2A8AC-R] #390 size=4 phys=0x0002C2AC val=0x1F801110 ra=0x8001A184 sp=0x801FFF98 pc=0x00000000 f=0
[BLACKSCREEN][A110-PATH] #769 pc=0x8001A238 instr=0x00001021 v0=0x00000000 v1=0x000000C0 a0=0xFFFFFFFF a1=0x00008000 a2=0x00000000 a3=0x00000000 s0=0x00000003 s1=0x801E0000 s2=0x80032D80 s3=0x80032B48 sp=0x801FFF98 ra=0x8001A184 m2ab4=0x00000000 m2ab8=0x00000000 m2ac5=0x00 c2ba=0x0000 c2b8=0x00000000 c2bc=0x00000000 f=0
[BLACKSCREEN][A110-PATH] #770 pc=0x8001A23C instr=0x14400049 v0=0x00000000 v1=0x000000C0 a0=0xFFFFFFFF a1=0x00008000 a2=0x00000000 a3=0x00000000 s0=0x00000003 s1=0x801E0000 s2=0x80032D80 s3=0x80032B48 sp=0x801FFF98 ra=0x8001A184 m2ab4=0x00000000 m2ab8=0x00000000 m2ac5=0x00 c2ba=0x0000 c2b8=0x00000000 c2bc=0x00000000 f=0
[BLACKSCREEN][A110-PATH] #771 pc=0x8001A244 instr=0x0C005594 v0=0xFFFFFFFF v1=0x000000C0 a0=0xFFFFFFFF a1=0x00008000 a2=0x00000000 a3=0x00000000 s0=0x00000003 s1=0x801E0000 s2=0x80032D80 s3=0x80032B48 sp=0x801FFF98 ra=0x8001A184 m2ab4=0x00000000 m2ab8=0x00000000 m2ac5=0x00 c2ba=0x0000 c2b8=0x00000000 c2bc=0x00000000 f=0
[BLACKSCREEN][A110-15650-CALL] #193 call_pc=0x8001A244 ra=0x8001A24C v0=0xFFFFFFFF v1=0x000000C0 a0=0xFFFFFFFF a1=0x00008000 sp=0x801FFF98 c2ba=0x0000 f=0
[BLACKSCREEN][15650-STEP] #577 pc=0x80015650 instr=0x3C028003 v0=0xFFFFFFFF v1=0x000000C0 a0=0xFFFFFFFF a1=0x00008000 c2ba=0x0000 c2b8=0x00000000 c2bc=0x00000000 ra=0x8001A24C sp=0x801FFF98 f=0
[BLACKSCREEN][15650-STEP] #578 pc=0x80015654 instr=0x9442C2BA v0=0x80030000 v1=0x000000C0 a0=0xFFFFFFFF a1=0x00008000 c2ba=0x0000 c2b8=0x00000000 c2bc=0x00000000 ra=0x8001A24C sp=0x801FFF98 f=0
[BLACKSCREEN][STATE-C2BA-R] #193 size=2 phys=0x0002C2BA val=0x0000 ra=0x8001A24C sp=0x801FFF98 pc=0x00000000 f=0
[BLACKSCREEN][15650-STEP] #579 pc=0x80015658 instr=0x03E00008 v0=0x00000000 v1=0x000000C0 a0=0xFFFFFFFF a1=0x00008000 c2ba=0x0000 c2b8=0x00000000 c2bc=0x00000000 ra=0x8001A24C sp=0x801FFF98 f=0
[BLACKSCREEN][15650-RET] #193 reason=jr_ra end=0x80015658 target=0x8001A24C steps=3 v0=0x00000000 v1=0x000000C0 c2ba=0x0000 c2b8=0x00000000 c2bc=0x00000000 ra=0x8001A24C sp=0x801FFF98 f=0
[BLACKSCREEN][A110-15650-RET] #193 call_pc=0x8001A244 v0_after=0x00000000 v1_after=0x000000C0 a0=0xFFFFFFFF a1=0x00008000 sp_after=0x801FFF98 c2ba=0x0000 f=0
[BLACKSCREEN][A110-PATH] #772 pc=0x8001A24C instr=0x1040002B v0=0x00000000 v1=0x000000C0 a0=0xFFFFFFFF a1=0x00008000 a2=0x00000000 a3=0x00000000 s0=0x00000003 s1=0x801E0000 s2=0x80032D80 s3=0x80032B48 sp=0x801FFF98 ra=0x8001A24C m2ab4=0x00000000 m2ab8=0x00000000 m2ac5=0x00 c2ba=0x0000 c2b8=0x00000000 c2bc=0x00000000 f=0
[BLACKSCREEN][STATE-C2A8AC-R] #391 size=4 phys=0x0002C2A8 val=0x1F801814 ra=0x8001A184 sp=0x801FFF98 pc=0x00000000 f=0
[BLACKSCREEN][STATE-C2A8AC-R] #392 size=4 phys=0x0002C2AC val=0x1F801110 ra=0x8001A184 sp=0x801FFF98 pc=0x00000000 f=0
[BLACKSCREEN][A110-PATH] #773 pc=0x8001A238 instr=0x00001021 v0=0x00000000 v1=0x000000C1 a0=0xFFFFFFFF a1=0x00008000 a2=0x00000000 a3=0x00000000 s0=0x00000003 s1=0x801E0000 s2=0x80032D80 s3=0x80032B48 sp=0x801FFF98 ra=0x8001A184 m2ab4=0x00000000 m2ab8=0x00000000 m2ac5=0x00 c2ba=0x0000 c2b8=0x00000000 c2bc=0x00000000 f=0
[BLACKSCREEN][A110-PATH] #774 pc=0x8001A23C instr=0x14400049 v0=0x00000000 v1=0x000000C1 a0=0xFFFFFFFF a1=0x00008000 a2=0x00000000 a3=0x00000000 s0=0x00000003 s1=0x801E0000 s2=0x80032D80 s3=0x80032B48 sp=0x801FFF98 ra=0x8001A184 m2ab4=0x00000000 m2ab8=0x00000000 m2ac5=0x00 c2ba=0x0000 c2b8=0x00000000 c2bc=0x00000000 f=0
[BLACKSCREEN][A110-PATH] #775 pc=0x8001A244 instr=0x0C005594 v0=0xFFFFFFFF v1=0x000000C1 a0=0xFFFFFFFF a1=0x00008000 a2=0x00000000 a3=0x00000000 s0=0x00000003 s1=0x801E0000 s2=0x80032D80 s3=0x80032B48 sp=0x801FFF98 ra=0x8001A184 m2ab4=0x00000000 m2ab8=0x00000000 m2ac5=0x00 c2ba=0x0000 c2b8=0x00000000 c2bc=0x00000000 f=0
[BLACKSCREEN][A110-15650-CALL] #194 call_pc=0x8001A244 ra=0x8001A24C v0=0xFFFFFFFF v1=0x000000C1 a0=0xFFFFFFFF a1=0x00008000 sp=0x801FFF98 c2ba=0x0000 f=0
[BLACKSCREEN][15650-STEP] #580 pc=0x80015650 instr=0x3C028003 v0=0xFFFFFFFF v1=0x000000C1 a0=0xFFFFFFFF a1=0x00008000 c2ba=0x0000 c2b8=0x00000000 c2bc=0x00000000 ra=0x8001A24C sp=0x801FFF98 f=0
[BLACKSCREEN][15650-STEP] #581 pc=0x80015654 instr=0x9442C2BA v0=0x80030000 v1=0x000000C1 a0=0xFFFFFFFF a1=0x00008000 c2ba=0x0000 c2b8=0x00000000 c2bc=0x00000000 ra=0x8001A24C sp=0x801FFF98 f=0
[BLACKSCREEN][STATE-C2BA-R] #194 size=2 phys=0x0002C2BA val=0x0000 ra=0x8001A24C sp=0x801FFF98 pc=0x00000000 f=0
[BLACKSCREEN][15650-STEP] #582 pc=0x80015658 instr=0x03E00008 v0=0x00000000 v1=0x000000C1 a0=0xFFFFFFFF a1=0x00008000 c2ba=0x0000 c2b8=0x00000000 c2bc=0x00000000 ra=0x8001A24C sp=0x801FFF98 f=0
[BLACKSCREEN][15650-RET] #194 reason=jr_ra end=0x80015658 target=0x8001A24C steps=3 v0=0x00000000 v1=0x000000C1 c2ba=0x0000 c2b8=0x00000000 c2bc=0x00000000 ra=0x8001A24C sp=0x801FFF98 f=0
[BLACKSCREEN][A110-15650-RET] #194 call_pc=0x8001A244 v0_after=0x00000000 v1_after=0x000000C1 a0=0xFFFFFFFF a1=0x00008000 sp_after=0x801FFF98 c2ba=0x0000 f=0
[BLACKSCREEN][A110-PATH] #776 pc=0x8001A24C instr=0x1040002B v0=0x00000000 v1=0x000000C1 a0=0xFFFFFFFF a1=0x00008000 a2=0x00000000 a3=0x00000000 s0=0x00000003 s1=0x801E0000 s2=0x80032D80 s3=0x80032B48 sp=0x801FFF98 ra=0x8001A24C m2ab4=0x00000000 m2ab8=0x00000000 m2ac5=0x00 c2ba=0x0000 c2b8=0x00000000 c2bc=0x00000000 f=0
[BLACKSCREEN][STATE-C2A8AC-R] #393 size=4 phys=0x0002C2A8 val=0x1F801814 ra=0x8001A184 sp=0x801FFF98 pc=0x00000000 f=0
[BLACKSCREEN][STATE-C2A8AC-R] #394 size=4 phys=0x0002C2AC val=0x1F801110 ra=0x8001A184 sp=0x801FFF98 pc=0x00000000 f=0
[BLACKSCREEN][A110-PATH] #777 pc=0x8001A238 instr=0x00001021 v0=0x00000000 v1=0x000000C2 a0=0xFFFFFFFF a1=0x00008000 a2=0x00000000 a3=0x00000000 s0=0x00000003 s1=0x801E0000 s2=0x80032D80 s3=0x80032B48 sp=0x801FFF98 ra=0x8001A184 m2ab4=0x00000000 m2ab8=0x00000000 m2ac5=0x00 c2ba=0x0000 c2b8=0x00000000 c2bc=0x00000000 f=0
[BLACKSCREEN][A110-PATH] #778 pc=0x8001A23C instr=0x14400049 v0=0x00000000 v1=0x000000C2 a0=0xFFFFFFFF a1=0x00008000 a2=0x00000000 a3=0x00000000 s0=0x00000003 s1=0x801E0000 s2=0x80032D80 s3=0x80032B48 sp=0x801FFF98 ra=0x8001A184 m2ab4=0x00000000 m2ab8=0x00000000 m2ac5=0x00 c2ba=0x0000 c2b8=0x00000000 c2bc=0x00000000 f=0
[BLACKSCREEN][A110-PATH] #779 pc=0x8001A244 instr=0x0C005594 v0=0xFFFFFFFF v1=0x000000C2 a0=0xFFFFFFFF a1=0x00008000 a2=0x00000000 a3=0x00000000 s0=0x00000003 s1=0x801E0000 s2=0x80032D80 s3=0x80032B48 sp=0x801FFF98 ra=0x8001A184 m2ab4=0x00000000 m2ab8=0x00000000 m2ac5=0x00 c2ba=0x0000 c2b8=0x00000000 c2bc=0x00000000 f=0
[BLACKSCREEN][A110-15650-CALL] #195 call_pc=0x8001A244 ra=0x8001A24C v0=0xFFFFFFFF v1=0x000000C2 a0=0xFFFFFFFF a1=0x00008000 sp=0x801FFF98 c2ba=0x0000 f=0
[BLACKSCREEN][15650-STEP] #583 pc=0x80015650 instr=0x3C028003 v0=0xFFFFFFFF v1=0x000000C2 a0=0xFFFFFFFF a1=0x00008000 c2ba=0x0000 c2b8=0x00000000 c2bc=0x00000000 ra=0x8001A24C sp=0x801FFF98 f=0
[BLACKSCREEN][15650-STEP] #584 pc=0x80015654 instr=0x9442C2BA v0=0x80030000 v1=0x000000C2 a0=0xFFFFFFFF a1=0x00008000 c2ba=0x0000 c2b8=0x00000000 c2bc=0x00000000 ra=0x8001A24C sp=0x801FFF98 f=0
[BLACKSCREEN][STATE-C2BA-R] #195 size=2 phys=0x0002C2BA val=0x0000 ra=0x8001A24C sp=0x801FFF98 pc=0x00000000 f=0
[BLACKSCREEN][15650-STEP] #585 pc=0x80015658 instr=0x03E00008 v0=0x00000000 v1=0x000000C2 a0=0xFFFFFFFF a1=0x00008000 c2ba=0x0000 c2b8=0x00000000 c2bc=0x00000000 ra=0x8001A24C sp=0x801FFF98 f=0
[BLACKSCREEN][15650-RET] #195 reason=jr_ra end=0x80015658 target=0x8001A24C steps=3 v0=0x00000000 v1=0x000000C2 c2ba=0x0000 c2b8=0x00000000 c2bc=0x00000000 ra=0x8001A24C sp=0x801FFF98 f=0
[BLACKSCREEN][A110-15650-RET] #195 call_pc=0x8001A244 v0_after=0x00000000 v1_after=0x000000C2 a0=0xFFFFFFFF a1=0x00008000 sp_after=0x801FFF98 c2ba=0x0000 f=0
[BLACKSCREEN][A110-PATH] #780 pc=0x8001A24C instr=0x1040002B v0=0x00000000 v1=0x000000C2 a0=0xFFFFFFFF a1=0x00008000 a2=0x00000000 a3=0x00000000 s0=0x00000003 s1=0x801E0000 s2=0x80032D80 s3=0x80032B48 sp=0x801FFF98 ra=0x8001A24C m2ab4=0x00000000 m2ab8=0x00000000 m2ac5=0x00 c2ba=0x0000 c2b8=0x00000000 c2bc=0x00000000 f=0
[BLACKSCREEN][STATE-C2A8AC-R] #395 size=4 phys=0x0002C2A8 val=0x1F801814 ra=0x8001A184 sp=0x801FFF98 pc=0x00000000 f=0
[BLACKSCREEN][STATE-C2A8AC-R] #396 size=4 phys=0x0002C2AC val=0x1F801110 ra=0x8001A184 sp=0x801FFF98 pc=0x00000000 f=0
[BLACKSCREEN][A110-PATH] #781 pc=0x8001A238 instr=0x00001021 v0=0x00000000 v1=0x000000C3 a0=0xFFFFFFFF a1=0x00008000 a2=0x00000000 a3=0x00000000 s0=0x00000003 s1=0x801E0000 s2=0x80032D80 s3=0x80032B48 sp=0x801FFF98 ra=0x8001A184 m2ab4=0x00000000 m2ab8=0x00000000 m2ac5=0x00 c2ba=0x0000 c2b8=0x00000000 c2bc=0x00000000 f=0
[BLACKSCREEN][A110-PATH] #782 pc=0x8001A23C instr=0x14400049 v0=0x00000000 v1=0x000000C3 a0=0xFFFFFFFF a1=0x00008000 a2=0x00000000 a3=0x00000000 s0=0x00000003 s1=0x801E0000 s2=0x80032D80 s3=0x80032B48 sp=0x801FFF98 ra=0x8001A184 m2ab4=0x00000000 m2ab8=0x00000000 m2ac5=0x00 c2ba=0x0000 c2b8=0x00000000 c2bc=0x00000000 f=0
[BLACKSCREEN][A110-PATH] #783 pc=0x8001A244 instr=0x0C005594 v0=0xFFFFFFFF v1=0x000000C3 a0=0xFFFFFFFF a1=0x00008000 a2=0x00000000 a3=0x00000000 s0=0x00000003 s1=0x801E0000 s2=0x80032D80 s3=0x80032B48 sp=0x801FFF98 ra=0x8001A184 m2ab4=0x00000000 m2ab8=0x00000000 m2ac5=0x00 c2ba=0x0000 c2b8=0x00000000 c2bc=0x00000000 f=0
[BLACKSCREEN][A110-15650-CALL] #196 call_pc=0x8001A244 ra=0x8001A24C v0=0xFFFFFFFF v1=0x000000C3 a0=0xFFFFFFFF a1=0x00008000 sp=0x801FFF98 c2ba=0x0000 f=0
[BLACKSCREEN][15650-STEP] #586 pc=0x80015650 instr=0x3C028003 v0=0xFFFFFFFF v1=0x000000C3 a0=0xFFFFFFFF a1=0x00008000 c2ba=0x0000 c2b8=0x00000000 c2bc=0x00000000 ra=0x8001A24C sp=0x801FFF98 f=0
[BLACKSCREEN][15650-STEP] #587 pc=0x80015654 instr=0x9442C2BA v0=0x80030000 v1=0x000000C3 a0=0xFFFFFFFF a1=0x00008000 c2ba=0x0000 c2b8=0x00000000 c2bc=0x00000000 ra=0x8001A24C sp=0x801FFF98 f=0
[BLACKSCREEN][STATE-C2BA-R] #196 size=2 phys=0x0002C2BA val=0x0000 ra=0x8001A24C sp=0x801FFF98 pc=0x00000000 f=0
[BLACKSCREEN][15650-STEP] #588 pc=0x80015658 instr=0x03E00008 v0=0x00000000 v1=0x000000C3 a0=0xFFFFFFFF a1=0x00008000 c2ba=0x0000 c2b8=0x00000000 c2bc=0x00000000 ra=0x8001A24C sp=0x801FFF98 f=0
[BLACKSCREEN][15650-RET] #196 reason=jr_ra end=0x80015658 target=0x8001A24C steps=3 v0=0x00000000 v1=0x000000C3 c2ba=0x0000 c2b8=0x00000000 c2bc=0x00000000 ra=0x8001A24C sp=0x801FFF98 f=0
[BLACKSCREEN][A110-15650-RET] #196 call_pc=0x8001A244 v0_after=0x00000000 v1_after=0x000000C3 a0=0xFFFFFFFF a1=0x00008000 sp_after=0x801FFF98 c2ba=0x0000 f=0
[BLACKSCREEN][A110-PATH] #784 pc=0x8001A24C instr=0x1040002B v0=0x00000000 v1=0x000000C3 a0=0xFFFFFFFF a1=0x00008000 a2=0x00000000 a3=0x00000000 s0=0x00000003 s1=0x801E0000 s2=0x80032D80 s3=0x80032B48 sp=0x801FFF98 ra=0x8001A24C m2ab4=0x00000000 m2ab8=0x00000000 m2ac5=0x00 c2ba=0x0000 c2b8=0x00000000 c2bc=0x00000000 f=0
[BLACKSCREEN][STATE-C2A8AC-R] #397 size=4 phys=0x0002C2A8 val=0x1F801814 ra=0x8001A184 sp=0x801FFF98 pc=0x00000000 f=0
[BLACKSCREEN][STATE-C2A8AC-R] #398 size=4 phys=0x0002C2AC val=0x1F801110 ra=0x8001A184 sp=0x801FFF98 pc=0x00000000 f=0
[BLACKSCREEN][A110-PATH] #785 pc=0x8001A238 instr=0x00001021 v0=0x00000000 v1=0x000000C4 a0=0xFFFFFFFF a1=0x00008000 a2=0x00000000 a3=0x00000000 s0=0x00000003 s1=0x801E0000 s2=0x80032D80 s3=0x80032B48 sp=0x801FFF98 ra=0x8001A184 m2ab4=0x00000000 m2ab8=0x00000000 m2ac5=0x00 c2ba=0x0000 c2b8=0x00000000 c2bc=0x00000000 f=0
[BLACKSCREEN][A110-PATH] #786 pc=0x8001A23C instr=0x14400049 v0=0x00000000 v1=0x000000C4 a0=0xFFFFFFFF a1=0x00008000 a2=0x00000000 a3=0x00000000 s0=0x00000003 s1=0x801E0000 s2=0x80032D80 s3=0x80032B48 sp=0x801FFF98 ra=0x8001A184 m2ab4=0x00000000 m2ab8=0x00000000 m2ac5=0x00 c2ba=0x0000 c2b8=0x00000000 c2bc=0x00000000 f=0
[BLACKSCREEN][A110-PATH] #787 pc=0x8001A244 instr=0x0C005594 v0=0xFFFFFFFF v1=0x000000C4 a0=0xFFFFFFFF a1=0x00008000 a2=0x00000000 a3=0x00000000 s0=0x00000003 s1=0x801E0000 s2=0x80032D80 s3=0x80032B48 sp=0x801FFF98 ra=0x8001A184 m2ab4=0x00000000 m2ab8=0x00000000 m2ac5=0x00 c2ba=0x0000 c2b8=0x00000000 c2bc=0x00000000 f=0
[BLACKSCREEN][A110-15650-CALL] #197 call_pc=0x8001A244 ra=0x8001A24C v0=0xFFFFFFFF v1=0x000000C4 a0=0xFFFFFFFF a1=0x00008000 sp=0x801FFF98 c2ba=0x0000 f=0
[BLACKSCREEN][15650-STEP] #589 pc=0x80015650 instr=0x3C028003 v0=0xFFFFFFFF v1=0x000000C4 a0=0xFFFFFFFF a1=0x00008000 c2ba=0x0000 c2b8=0x00000000 c2bc=0x00000000 ra=0x8001A24C sp=0x801FFF98 f=0
[BLACKSCREEN][15650-STEP] #590 pc=0x80015654 instr=0x9442C2BA v0=0x80030000 v1=0x000000C4 a0=0xFFFFFFFF a1=0x00008000 c2ba=0x0000 c2b8=0x00000000 c2bc=0x00000000 ra=0x8001A24C sp=0x801FFF98 f=0
[BLACKSCREEN][STATE-C2BA-R] #197 size=2 phys=0x0002C2BA val=0x0000 ra=0x8001A24C sp=0x801FFF98 pc=0x00000000 f=0
[BLACKSCREEN][15650-STEP] #591 pc=0x80015658 instr=0x03E00008 v0=0x00000000 v1=0x000000C4 a0=0xFFFFFFFF a1=0x00008000 c2ba=0x0000 c2b8=0x00000000 c2bc=0x00000000 ra=0x8001A24C sp=0x801FFF98 f=0
[BLACKSCREEN][15650-RET] #197 reason=jr_ra end=0x80015658 target=0x8001A24C steps=3 v0=0x00000000 v1=0x000000C4 c2ba=0x0000 c2b8=0x00000000 c2bc=0x00000000 ra=0x8001A24C sp=0x801FFF98 f=0
[BLACKSCREEN][A110-15650-RET] #197 call_pc=0x8001A244 v0_after=0x00000000 v1_after=0x000000C4 a0=0xFFFFFFFF a1=0x00008000 sp_after=0x801FFF98 c2ba=0x0000 f=0
[BLACKSCREEN][A110-PATH] #788 pc=0x8001A24C instr=0x1040002B v0=0x00000000 v1=0x000000C4 a0=0xFFFFFFFF a1=0x00008000 a2=0x00000000 a3=0x00000000 s0=0x00000003 s1=0x801E0000 s2=0x80032D80 s3=0x80032B48 sp=0x801FFF98 ra=0x8001A24C m2ab4=0x00000000 m2ab8=0x00000000 m2ac5=0x00 c2ba=0x0000 c2b8=0x00000000 c2bc=0x00000000 f=0
[BLACKSCREEN][STATE-C2A8AC-R] #399 size=4 phys=0x0002C2A8 val=0x1F801814 ra=0x8001A184 sp=0x801FFF98 pc=0x00000000 f=0
[BLACKSCREEN][STATE-C2A8AC-R] #400 size=4 phys=0x0002C2AC val=0x1F801110 ra=0x8001A184 sp=0x801FFF98 pc=0x00000000 f=0
[BLACKSCREEN][A110-PATH] #789 pc=0x8001A238 instr=0x00001021 v0=0x00000000 v1=0x000000C5 a0=0xFFFFFFFF a1=0x00008000 a2=0x00000000 a3=0x00000000 s0=0x00000003 s1=0x801E0000 s2=0x80032D80 s3=0x80032B48 sp=0x801FFF98 ra=0x8001A184 m2ab4=0x00000000 m2ab8=0x00000000 m2ac5=0x00 c2ba=0x0000 c2b8=0x00000000 c2bc=0x00000000 f=0
[BLACKSCREEN][A110-PATH] #790 pc=0x8001A23C instr=0x14400049 v0=0x00000000 v1=0x000000C5 a0=0xFFFFFFFF a1=0x00008000 a2=0x00000000 a3=0x00000000 s0=0x00000003 s1=0x801E0000 s2=0x80032D80 s3=0x80032B48 sp=0x801FFF98 ra=0x8001A184 m2ab4=0x00000000 m2ab8=0x00000000 m2ac5=0x00 c2ba=0x0000 c2b8=0x00000000 c2bc=0x00000000 f=0
[BLACKSCREEN][A110-PATH] #791 pc=0x8001A244 instr=0x0C005594 v0=0xFFFFFFFF v1=0x000000C5 a0=0xFFFFFFFF a1=0x00008000 a2=0x00000000 a3=0x00000000 s0=0x00000003 s1=0x801E0000 s2=0x80032D80 s3=0x80032B48 sp=0x801FFF98 ra=0x8001A184 m2ab4=0x00000000 m2ab8=0x00000000 m2ac5=0x00 c2ba=0x0000 c2b8=0x00000000 c2bc=0x00000000 f=0
[BLACKSCREEN][A110-15650-CALL] #198 call_pc=0x8001A244 ra=0x8001A24C v0=0xFFFFFFFF v1=0x000000C5 a0=0xFFFFFFFF a1=0x00008000 sp=0x801FFF98 c2ba=0x0000 f=0
[BLACKSCREEN][15650-STEP] #592 pc=0x80015650 instr=0x3C028003 v0=0xFFFFFFFF v1=0x000000C5 a0=0xFFFFFFFF a1=0x00008000 c2ba=0x0000 c2b8=0x00000000 c2bc=0x00000000 ra=0x8001A24C sp=0x801FFF98 f=0
[BLACKSCREEN][15650-STEP] #593 pc=0x80015654 instr=0x9442C2BA v0=0x80030000 v1=0x000000C5 a0=0xFFFFFFFF a1=0x00008000 c2ba=0x0000 c2b8=0x00000000 c2bc=0x00000000 ra=0x8001A24C sp=0x801FFF98 f=0
[BLACKSCREEN][STATE-C2BA-R] #198 size=2 phys=0x0002C2BA val=0x0000 ra=0x8001A24C sp=0x801FFF98 pc=0x00000000 f=0
[BLACKSCREEN][15650-STEP] #594 pc=0x80015658 instr=0x03E00008 v0=0x00000000 v1=0x000000C5 a0=0xFFFFFFFF a1=0x00008000 c2ba=0x0000 c2b8=0x00000000 c2bc=0x00000000 ra=0x8001A24C sp=0x801FFF98 f=0
[BLACKSCREEN][15650-RET] #198 reason=jr_ra end=0x80015658 target=0x8001A24C steps=3 v0=0x00000000 v1=0x000000C5 c2ba=0x0000 c2b8=0x00000000 c2bc=0x00000000 ra=0x8001A24C sp=0x801FFF98 f=0
[BLACKSCREEN][A110-15650-RET] #198 call_pc=0x8001A244 v0_after=0x00000000 v1_after=0x000000C5 a0=0xFFFFFFFF a1=0x00008000 sp_after=0x801FFF98 c2ba=0x0000 f=0
[BLACKSCREEN][A110-PATH] #792 pc=0x8001A24C instr=0x1040002B v0=0x00000000 v1=0x000000C5 a0=0xFFFFFFFF a1=0x00008000 a2=0x00000000 a3=0x00000000 s0=0x00000003 s1=0x801E0000 s2=0x80032D80 s3=0x80032B48 sp=0x801FFF98 ra=0x8001A24C m2ab4=0x00000000 m2ab8=0x00000000 m2ac5=0x00 c2ba=0x0000 c2b8=0x00000000 c2bc=0x00000000 f=0
[BLACKSCREEN][A110-PATH] #793 pc=0x8001A238 instr=0x00001021 v0=0x00000000 v1=0x000000C6 a0=0xFFFFFFFF a1=0x00008000 a2=0x00000000 a3=0x00000000 s0=0x00000003 s1=0x801E0000 s2=0x80032D80 s3=0x80032B48 sp=0x801FFF98 ra=0x8001A184 m2ab4=0x00000000 m2ab8=0x00000000 m2ac5=0x00 c2ba=0x0000 c2b8=0x00000000 c2bc=0x00000000 f=0
[BLACKSCREEN][A110-PATH] #794 pc=0x8001A23C instr=0x14400049 v0=0x00000000 v1=0x000000C6 a0=0xFFFFFFFF a1=0x00008000 a2=0x00000000 a3=0x00000000 s0=0x00000003 s1=0x801E0000 s2=0x80032D80 s3=0x80032B48 sp=0x801FFF98 ra=0x8001A184 m2ab4=0x00000000 m2ab8=0x00000000 m2ac5=0x00 c2ba=0x0000 c2b8=0x00000000 c2bc=0x00000000 f=0
[BLACKSCREEN][A110-PATH] #795 pc=0x8001A244 instr=0x0C005594 v0=0xFFFFFFFF v1=0x000000C6 a0=0xFFFFFFFF a1=0x00008000 a2=0x00000000 a3=0x00000000 s0=0x00000003 s1=0x801E0000 s2=0x80032D80 s3=0x80032B48 sp=0x801FFF98 ra=0x8001A184 m2ab4=0x00000000 m2ab8=0x00000000 m2ac5=0x00 c2ba=0x0000 c2b8=0x00000000 c2bc=0x00000000 f=0
[BLACKSCREEN][A110-15650-CALL] #199 call_pc=0x8001A244 ra=0x8001A24C v0=0xFFFFFFFF v1=0x000000C6 a0=0xFFFFFFFF a1=0x00008000 sp=0x801FFF98 c2ba=0x0000 f=0
[BLACKSCREEN][15650-STEP] #595 pc=0x80015650 instr=0x3C028003 v0=0xFFFFFFFF v1=0x000000C6 a0=0xFFFFFFFF a1=0x00008000 c2ba=0x0000 c2b8=0x00000000 c2bc=0x00000000 ra=0x8001A24C sp=0x801FFF98 f=0
[BLACKSCREEN][15650-STEP] #596 pc=0x80015654 instr=0x9442C2BA v0=0x80030000 v1=0x000000C6 a0=0xFFFFFFFF a1=0x00008000 c2ba=0x0000 c2b8=0x00000000 c2bc=0x00000000 ra=0x8001A24C sp=0x801FFF98 f=0
[BLACKSCREEN][STATE-C2BA-R] #199 size=2 phys=0x0002C2BA val=0x0000 ra=0x8001A24C sp=0x801FFF98 pc=0x00000000 f=0
[BLACKSCREEN][15650-STEP] #597 pc=0x80015658 instr=0x03E00008 v0=0x00000000 v1=0x000000C6 a0=0xFFFFFFFF a1=0x00008000 c2ba=0x0000 c2b8=0x00000000 c2bc=0x00000000 ra=0x8001A24C sp=0x801FFF98 f=0
[BLACKSCREEN][15650-RET] #199 reason=jr_ra end=0x80015658 target=0x8001A24C steps=3 v0=0x00000000 v1=0x000000C6 c2ba=0x0000 c2b8=0x00000000 c2bc=0x00000000 ra=0x8001A24C sp=0x801FFF98 f=0
[BLACKSCREEN][A110-15650-RET] #199 call_pc=0x8001A244 v0_after=0x00000000 v1_after=0x000000C6 a0=0xFFFFFFFF a1=0x00008000 sp_after=0x801FFF98 c2ba=0x0000 f=0
[BLACKSCREEN][A110-PATH] #796 pc=0x8001A24C instr=0x1040002B v0=0x00000000 v1=0x000000C6 a0=0xFFFFFFFF a1=0x00008000 a2=0x00000000 a3=0x00000000 s0=0x00000003 s1=0x801E0000 s2=0x80032D80 s3=0x80032B48 sp=0x801FFF98 ra=0x8001A24C m2ab4=0x00000000 m2ab8=0x00000000 m2ac5=0x00 c2ba=0x0000 c2b8=0x00000000 c2bc=0x00000000 f=0
[BLACKSCREEN][A110-PATH] #797 pc=0x8001A238 instr=0x00001021 v0=0x00000000 v1=0x000000C7 a0=0xFFFFFFFF a1=0x00008000 a2=0x00000000 a3=0x00000000 s0=0x00000003 s1=0x801E0000 s2=0x80032D80 s3=0x80032B48 sp=0x801FFF98 ra=0x8001A184 m2ab4=0x00000000 m2ab8=0x00000000 m2ac5=0x00 c2ba=0x0000 c2b8=0x00000000 c2bc=0x00000000 f=0
[BLACKSCREEN][A110-PATH] #798 pc=0x8001A23C instr=0x14400049 v0=0x00000000 v1=0x000000C7 a0=0xFFFFFFFF a1=0x00008000 a2=0x00000000 a3=0x00000000 s0=0x00000003 s1=0x801E0000 s2=0x80032D80 s3=0x80032B48 sp=0x801FFF98 ra=0x8001A184 m2ab4=0x00000000 m2ab8=0x00000000 m2ac5=0x00 c2ba=0x0000 c2b8=0x00000000 c2bc=0x00000000 f=0
[BLACKSCREEN][A110-PATH] #799 pc=0x8001A244 instr=0x0C005594 v0=0xFFFFFFFF v1=0x000000C7 a0=0xFFFFFFFF a1=0x00008000 a2=0x00000000 a3=0x00000000 s0=0x00000003 s1=0x801E0000 s2=0x80032D80 s3=0x80032B48 sp=0x801FFF98 ra=0x8001A184 m2ab4=0x00000000 m2ab8=0x00000000 m2ac5=0x00 c2ba=0x0000 c2b8=0x00000000 c2bc=0x00000000 f=0
[BLACKSCREEN][A110-15650-CALL] #200 call_pc=0x8001A244 ra=0x8001A24C v0=0xFFFFFFFF v1=0x000000C7 a0=0xFFFFFFFF a1=0x00008000 sp=0x801FFF98 c2ba=0x0000 f=0
[BLACKSCREEN][15650-STEP] #598 pc=0x80015650 instr=0x3C028003 v0=0xFFFFFFFF v1=0x000000C7 a0=0xFFFFFFFF a1=0x00008000 c2ba=0x0000 c2b8=0x00000000 c2bc=0x00000000 ra=0x8001A24C sp=0x801FFF98 f=0
[BLACKSCREEN][15650-STEP] #599 pc=0x80015654 instr=0x9442C2BA v0=0x80030000 v1=0x000000C7 a0=0xFFFFFFFF a1=0x00008000 c2ba=0x0000 c2b8=0x00000000 c2bc=0x00000000 ra=0x8001A24C sp=0x801FFF98 f=0
[BLACKSCREEN][STATE-C2BA-R] #200 size=2 phys=0x0002C2BA val=0x0000 ra=0x8001A24C sp=0x801FFF98 pc=0x00000000 f=0
[BLACKSCREEN][15650-STEP] #600 pc=0x80015658 instr=0x03E00008 v0=0x00000000 v1=0x000000C7 a0=0xFFFFFFFF a1=0x00008000 c2ba=0x0000 c2b8=0x00000000 c2bc=0x00000000 ra=0x8001A24C sp=0x801FFF98 f=0
[BLACKSCREEN][15650-RET] #200 reason=jr_ra end=0x80015658 target=0x8001A24C steps=3 v0=0x00000000 v1=0x000000C7 c2ba=0x0000 c2b8=0x00000000 c2bc=0x00000000 ra=0x8001A24C sp=0x801FFF98 f=0
[BLACKSCREEN][A110-15650-RET] #200 call_pc=0x8001A244 v0_after=0x00000000 v1_after=0x000000C7 a0=0xFFFFFFFF a1=0x00008000 sp_after=0x801FFF98 c2ba=0x0000 f=0
[BLACKSCREEN][A110-PATH] #800 pc=0x8001A24C instr=0x1040002B v0=0x00000000 v1=0x000000C7 a0=0xFFFFFFFF a1=0x00008000 a2=0x00000000 a3=0x00000000 s0=0x00000003 s1=0x801E0000 s2=0x80032D80 s3=0x80032B48 sp=0x801FFF98 ra=0x8001A24C m2ab4=0x00000000 m2ab8=0x00000000 m2ac5=0x00 c2ba=0x0000 c2b8=0x00000000 c2bc=0x00000000 f=0
[BLACKSCREEN][A110-15650-CALL] #201 call_pc=0x8001A244 ra=0x8001A24C v0=0xFFFFFFFF v1=0x000000C8 a0=0xFFFFFFFF a1=0x00008000 sp=0x801FFF98 c2ba=0x0000 f=0
[BLACKSCREEN][STATE-C2BA-R] #201 size=2 phys=0x0002C2BA val=0x0000 ra=0x8001A24C sp=0x801FFF98 pc=0x00000000 f=0
[BLACKSCREEN][15650-RET] #201 reason=jr_ra end=0x80015658 target=0x8001A24C steps=3 v0=0x00000000 v1=0x000000C8 c2ba=0x0000 c2b8=0x00000000 c2bc=0x00000000 ra=0x8001A24C sp=0x801FFF98 f=0
[BLACKSCREEN][A110-15650-RET] #201 call_pc=0x8001A244 v0_after=0x00000000 v1_after=0x000000C8 a0=0xFFFFFFFF a1=0x00008000 sp_after=0x801FFF98 c2ba=0x0000 f=0
[BLACKSCREEN][A110-15650-CALL] #202 call_pc=0x8001A244 ra=0x8001A24C v0=0xFFFFFFFF v1=0x000000C9 a0=0xFFFFFFFF a1=0x00008000 sp=0x801FFF98 c2ba=0x0000 f=0
[BLACKSCREEN][STATE-C2BA-R] #202 size=2 phys=0x0002C2BA val=0x0000 ra=0x8001A24C sp=0x801FFF98 pc=0x00000000 f=0
[BLACKSCREEN][15650-RET] #202 reason=jr_ra end=0x80015658 target=0x8001A24C steps=3 v0=0x00000000 v1=0x000000C9 c2ba=0x0000 c2b8=0x00000000 c2bc=0x00000000 ra=0x8001A24C sp=0x801FFF98 f=0
[BLACKSCREEN][A110-15650-RET] #202 call_pc=0x8001A244 v0_after=0x00000000 v1_after=0x000000C9 a0=0xFFFFFFFF a1=0x00008000 sp_after=0x801FFF98 c2ba=0x0000 f=0
[BLACKSCREEN][A110-15650-CALL] #203 call_pc=0x8001A244 ra=0x8001A24C v0=0xFFFFFFFF v1=0x000000CA a0=0xFFFFFFFF a1=0x00008000 sp=0x801FFF98 c2ba=0x0000 f=0
[BLACKSCREEN][STATE-C2BA-R] #203 size=2 phys=0x0002C2BA val=0x0000 ra=0x8001A24C sp=0x801FFF98 pc=0x00000000 f=0
[BLACKSCREEN][15650-RET] #203 reason=jr_ra end=0x80015658 target=0x8001A24C steps=3 v0=0x00000000 v1=0x000000CA c2ba=0x0000 c2b8=0x00000000 c2bc=0x00000000 ra=0x8001A24C sp=0x801FFF98 f=0
[BLACKSCREEN][A110-15650-RET] #203 call_pc=0x8001A244 v0_after=0x00000000 v1_after=0x000000CA a0=0xFFFFFFFF a1=0x00008000 sp_after=0x801FFF98 c2ba=0x0000 f=0
[BLACKSCREEN][A110-15650-CALL] #204 call_pc=0x8001A244 ra=0x8001A24C v0=0xFFFFFFFF v1=0x000000CB a0=0xFFFFFFFF a1=0x00008000 sp=0x801FFF98 c2ba=0x0000 f=0
[BLACKSCREEN][STATE-C2BA-R] #204 size=2 phys=0x0002C2BA val=0x0000 ra=0x8001A24C sp=0x801FFF98 pc=0x00000000 f=0
[BLACKSCREEN][15650-RET] #204 reason=jr_ra end=0x80015658 target=0x8001A24C steps=3 v0=0x00000000 v1=0x000000CB c2ba=0x0000 c2b8=0x00000000 c2bc=0x00000000 ra=0x8001A24C sp=0x801FFF98 f=0
[BLACKSCREEN][A110-15650-RET] #204 call_pc=0x8001A244 v0_after=0x00000000 v1_after=0x000000CB a0=0xFFFFFFFF a1=0x00008000 sp_after=0x801FFF98 c2ba=0x0000 f=0
[BLACKSCREEN][A110-15650-CALL] #205 call_pc=0x8001A244 ra=0x8001A24C v0=0xFFFFFFFF v1=0x000000CC a0=0xFFFFFFFF a1=0x00008000 sp=0x801FFF98 c2ba=0x0000 f=0
[BLACKSCREEN][STATE-C2BA-R] #205 size=2 phys=0x0002C2BA val=0x0000 ra=0x8001A24C sp=0x801FFF98 pc=0x00000000 f=0
[BLACKSCREEN][15650-RET] #205 reason=jr_ra end=0x80015658 target=0x8001A24C steps=3 v0=0x00000000 v1=0x000000CC c2ba=0x0000 c2b8=0x00000000 c2bc=0x00000000 ra=0x8001A24C sp=0x801FFF98 f=0
[BLACKSCREEN][A110-15650-RET] #205 call_pc=0x8001A244 v0_after=0x00000000 v1_after=0x000000CC a0=0xFFFFFFFF a1=0x00008000 sp_after=0x801FFF98 c2ba=0x0000 f=0
[BLACKSCREEN][A110-15650-CALL] #206 call_pc=0x8001A244 ra=0x8001A24C v0=0xFFFFFFFF v1=0x000000CD a0=0xFFFFFFFF a1=0x00008000 sp=0x801FFF98 c2ba=0x0000 f=0
[BLACKSCREEN][STATE-C2BA-R] #206 size=2 phys=0x0002C2BA val=0x0000 ra=0x8001A24C sp=0x801FFF98 pc=0x00000000 f=0
[BLACKSCREEN][15650-RET] #206 reason=jr_ra end=0x80015658 target=0x8001A24C steps=3 v0=0x00000000 v1=0x000000CD c2ba=0x0000 c2b8=0x00000000 c2bc=0x00000000 ra=0x8001A24C sp=0x801FFF98 f=0
[BLACKSCREEN][A110-15650-RET] #206 call_pc=0x8001A244 v0_after=0x00000000 v1_after=0x000000CD a0=0xFFFFFFFF a1=0x00008000 sp_after=0x801FFF98 c2ba=0x0000 f=0
[BLACKSCREEN][A110-15650-CALL] #207 call_pc=0x8001A244 ra=0x8001A24C v0=0xFFFFFFFF v1=0x000000CE a0=0xFFFFFFFF a1=0x00008000 sp=0x801FFF98 c2ba=0x0000 f=0
[BLACKSCREEN][STATE-C2BA-R] #207 size=2 phys=0x0002C2BA val=0x0000 ra=0x8001A24C sp=0x801FFF98 pc=0x00000000 f=0
[BLACKSCREEN][15650-RET] #207 reason=jr_ra end=0x80015658 target=0x8001A24C steps=3 v0=0x00000000 v1=0x000000CE c2ba=0x0000 c2b8=0x00000000 c2bc=0x00000000 ra=0x8001A24C sp=0x801FFF98 f=0
[BLACKSCREEN][A110-15650-RET] #207 call_pc=0x8001A244 v0_after=0x00000000 v1_after=0x000000CE a0=0xFFFFFFFF a1=0x00008000 sp_after=0x801FFF98 c2ba=0x0000 f=0
[BLACKSCREEN][A110-15650-CALL] #208 call_pc=0x8001A244 ra=0x8001A24C v0=0xFFFFFFFF v1=0x000000CF a0=0xFFFFFFFF a1=0x00008000 sp=0x801FFF98 c2ba=0x0000 f=0
[BLACKSCREEN][STATE-C2BA-R] #208 size=2 phys=0x0002C2BA val=0x0000 ra=0x8001A24C sp=0x801FFF98 pc=0x00000000 f=0
[BLACKSCREEN][15650-RET] #208 reason=jr_ra end=0x80015658 target=0x8001A24C steps=3 v0=0x00000000 v1=0x000000CF c2ba=0x0000 c2b8=0x00000000 c2bc=0x00000000 ra=0x8001A24C sp=0x801FFF98 f=0
[BLACKSCREEN][A110-15650-RET] #208 call_pc=0x8001A244 v0_after=0x00000000 v1_after=0x000000CF a0=0xFFFFFFFF a1=0x00008000 sp_after=0x801FFF98 c2ba=0x0000 f=0
[BLACKSCREEN][A110-15650-CALL] #209 call_pc=0x8001A244 ra=0x8001A24C v0=0xFFFFFFFF v1=0x000000D0 a0=0xFFFFFFFF a1=0x00008000 sp=0x801FFF98 c2ba=0x0000 f=0
[BLACKSCREEN][STATE-C2BA-R] #209 size=2 phys=0x0002C2BA val=0x0000 ra=0x8001A24C sp=0x801FFF98 pc=0x00000000 f=0
[BLACKSCREEN][15650-RET] #209 reason=jr_ra end=0x80015658 target=0x8001A24C steps=3 v0=0x00000000 v1=0x000000D0 c2ba=0x0000 c2b8=0x00000000 c2bc=0x00000000 ra=0x8001A24C sp=0x801FFF98 f=0
[BLACKSCREEN][A110-15650-RET] #209 call_pc=0x8001A244 v0_after=0x00000000 v1_after=0x000000D0 a0=0xFFFFFFFF a1=0x00008000 sp_after=0x801FFF98 c2ba=0x0000 f=0
[BLACKSCREEN][A110-15650-CALL] #210 call_pc=0x8001A244 ra=0x8001A24C v0=0xFFFFFFFF v1=0x000000D1 a0=0xFFFFFFFF a1=0x00008000 sp=0x801FFF98 c2ba=0x0000 f=0
[BLACKSCREEN][STATE-C2BA-R] #210 size=2 phys=0x0002C2BA val=0x0000 ra=0x8001A24C sp=0x801FFF98 pc=0x00000000 f=0
[BLACKSCREEN][15650-RET] #210 reason=jr_ra end=0x80015658 target=0x8001A24C steps=3 v0=0x00000000 v1=0x000000D1 c2ba=0x0000 c2b8=0x00000000 c2bc=0x00000000 ra=0x8001A24C sp=0x801FFF98 f=0
[BLACKSCREEN][A110-15650-RET] #210 call_pc=0x8001A244 v0_after=0x00000000 v1_after=0x000000D1 a0=0xFFFFFFFF a1=0x00008000 sp_after=0x801FFF98 c2ba=0x0000 f=0
[BLACKSCREEN][A110-15650-CALL] #211 call_pc=0x8001A244 ra=0x8001A24C v0=0xFFFFFFFF v1=0x000000D2 a0=0xFFFFFFFF a1=0x00008000 sp=0x801FFF98 c2ba=0x0000 f=0
[BLACKSCREEN][STATE-C2BA-R] #211 size=2 phys=0x0002C2BA val=0x0000 ra=0x8001A24C sp=0x801FFF98 pc=0x00000000 f=0
[BLACKSCREEN][15650-RET] #211 reason=jr_ra end=0x80015658 target=0x8001A24C steps=3 v0=0x00000000 v1=0x000000D2 c2ba=0x0000 c2b8=0x00000000 c2bc=0x00000000 ra=0x8001A24C sp=0x801FFF98 f=0
[BLACKSCREEN][A110-15650-RET] #211 call_pc=0x8001A244 v0_after=0x00000000 v1_after=0x000000D2 a0=0xFFFFFFFF a1=0x00008000 sp_after=0x801FFF98 c2ba=0x0000 f=0
[BLACKSCREEN][A110-15650-CALL] #212 call_pc=0x8001A244 ra=0x8001A24C v0=0xFFFFFFFF v1=0x000000D3 a0=0xFFFFFFFF a1=0x00008000 sp=0x801FFF98 c2ba=0x0000 f=0
[BLACKSCREEN][STATE-C2BA-R] #212 size=2 phys=0x0002C2BA val=0x0000 ra=0x8001A24C sp=0x801FFF98 pc=0x00000000 f=0
[BLACKSCREEN][15650-RET] #212 reason=jr_ra end=0x80015658 target=0x8001A24C steps=3 v0=0x00000000 v1=0x000000D3 c2ba=0x0000 c2b8=0x00000000 c2bc=0x00000000 ra=0x8001A24C sp=0x801FFF98 f=0
[BLACKSCREEN][A110-15650-RET] #212 call_pc=0x8001A244 v0_after=0x00000000 v1_after=0x000000D3 a0=0xFFFFFFFF a1=0x00008000 sp_after=0x801FFF98 c2ba=0x0000 f=0
[BLACKSCREEN][A110-15650-CALL] #213 call_pc=0x8001A244 ra=0x8001A24C v0=0xFFFFFFFF v1=0x000000D4 a0=0xFFFFFFFF a1=0x00008000 sp=0x801FFF98 c2ba=0x0000 f=0
[BLACKSCREEN][STATE-C2BA-R] #213 size=2 phys=0x0002C2BA val=0x0000 ra=0x8001A24C sp=0x801FFF98 pc=0x00000000 f=0
[BLACKSCREEN][15650-RET] #213 reason=jr_ra end=0x80015658 target=0x8001A24C steps=3 v0=0x00000000 v1=0x000000D4 c2ba=0x0000 c2b8=0x00000000 c2bc=0x00000000 ra=0x8001A24C sp=0x801FFF98 f=0
[BLACKSCREEN][A110-15650-RET] #213 call_pc=0x8001A244 v0_after=0x00000000 v1_after=0x000000D4 a0=0xFFFFFFFF a1=0x00008000 sp_after=0x801FFF98 c2ba=0x0000 f=0
[BLACKSCREEN][A110-15650-CALL] #214 call_pc=0x8001A244 ra=0x8001A24C v0=0xFFFFFFFF v1=0x000000D5 a0=0xFFFFFFFF a1=0x00008000 sp=0x801FFF98 c2ba=0x0000 f=0
[BLACKSCREEN][STATE-C2BA-R] #214 size=2 phys=0x0002C2BA val=0x0000 ra=0x8001A24C sp=0x801FFF98 pc=0x00000000 f=0
[BLACKSCREEN][15650-RET] #214 reason=jr_ra end=0x80015658 target=0x8001A24C steps=3 v0=0x00000000 v1=0x000000D5 c2ba=0x0000 c2b8=0x00000000 c2bc=0x00000000 ra=0x8001A24C sp=0x801FFF98 f=0
[BLACKSCREEN][A110-15650-RET] #214 call_pc=0x8001A244 v0_after=0x00000000 v1_after=0x000000D5 a0=0xFFFFFFFF a1=0x00008000 sp_after=0x801FFF98 c2ba=0x0000 f=0
[BLACKSCREEN][A110-15650-CALL] #215 call_pc=0x8001A244 ra=0x8001A24C v0=0xFFFFFFFF v1=0x000000D6 a0=0xFFFFFFFF a1=0x00008000 sp=0x801FFF98 c2ba=0x0000 f=0
[BLACKSCREEN][STATE-C2BA-R] #215 size=2 phys=0x0002C2BA val=0x0000 ra=0x8001A24C sp=0x801FFF98 pc=0x00000000 f=0
[BLACKSCREEN][15650-RET] #215 reason=jr_ra end=0x80015658 target=0x8001A24C steps=3 v0=0x00000000 v1=0x000000D6 c2ba=0x0000 c2b8=0x00000000 c2bc=0x00000000 ra=0x8001A24C sp=0x801FFF98 f=0
[BLACKSCREEN][A110-15650-RET] #215 call_pc=0x8001A244 v0_after=0x00000000 v1_after=0x000000D6 a0=0xFFFFFFFF a1=0x00008000 sp_after=0x801FFF98 c2ba=0x0000 f=0
[BLACKSCREEN][A110-15650-CALL] #216 call_pc=0x8001A244 ra=0x8001A24C v0=0xFFFFFFFF v1=0x000000D7 a0=0xFFFFFFFF a1=0x00008000 sp=0x801FFF98 c2ba=0x0000 f=0
[BLACKSCREEN][STATE-C2BA-R] #216 size=2 phys=0x0002C2BA val=0x0000 ra=0x8001A24C sp=0x801FFF98 pc=0x00000000 f=0
[BLACKSCREEN][15650-RET] #216 reason=jr_ra end=0x80015658 target=0x8001A24C steps=3 v0=0x00000000 v1=0x000000D7 c2ba=0x0000 c2b8=0x00000000 c2bc=0x00000000 ra=0x8001A24C sp=0x801FFF98 f=0
[BLACKSCREEN][A110-15650-RET] #216 call_pc=0x8001A244 v0_after=0x00000000 v1_after=0x000000D7 a0=0xFFFFFFFF a1=0x00008000 sp_after=0x801FFF98 c2ba=0x0000 f=0
[BLACKSCREEN][A110-15650-CALL] #217 call_pc=0x8001A244 ra=0x8001A24C v0=0xFFFFFFFF v1=0x000000D8 a0=0xFFFFFFFF a1=0x00008000 sp=0x801FFF98 c2ba=0x0000 f=0
[BLACKSCREEN][STATE-C2BA-R] #217 size=2 phys=0x0002C2BA val=0x0000 ra=0x8001A24C sp=0x801FFF98 pc=0x00000000 f=0
[BLACKSCREEN][15650-RET] #217 reason=jr_ra end=0x80015658 target=0x8001A24C steps=3 v0=0x00000000 v1=0x000000D8 c2ba=0x0000 c2b8=0x00000000 c2bc=0x00000000 ra=0x8001A24C sp=0x801FFF98 f=0
[BLACKSCREEN][A110-15650-RET] #217 call_pc=0x8001A244 v0_after=0x00000000 v1_after=0x000000D8 a0=0xFFFFFFFF a1=0x00008000 sp_after=0x801FFF98 c2ba=0x0000 f=0
[BLACKSCREEN][A110-15650-CALL] #218 call_pc=0x8001A244 ra=0x8001A24C v0=0xFFFFFFFF v1=0x000000D9 a0=0xFFFFFFFF a1=0x00008000 sp=0x801FFF98 c2ba=0x0000 f=0
[BLACKSCREEN][STATE-C2BA-R] #218 size=2 phys=0x0002C2BA val=0x0000 ra=0x8001A24C sp=0x801FFF98 pc=0x00000000 f=0
[BLACKSCREEN][15650-RET] #218 reason=jr_ra end=0x80015658 target=0x8001A24C steps=3 v0=0x00000000 v1=0x000000D9 c2ba=0x0000 c2b8=0x00000000 c2bc=0x00000000 ra=0x8001A24C sp=0x801FFF98 f=0
[BLACKSCREEN][A110-15650-RET] #218 call_pc=0x8001A244 v0_after=0x00000000 v1_after=0x000000D9 a0=0xFFFFFFFF a1=0x00008000 sp_after=0x801FFF98 c2ba=0x0000 f=0
[BLACKSCREEN][A110-15650-CALL] #219 call_pc=0x8001A244 ra=0x8001A24C v0=0xFFFFFFFF v1=0x000000DA a0=0xFFFFFFFF a1=0x00008000 sp=0x801FFF98 c2ba=0x0000 f=0
[BLACKSCREEN][STATE-C2BA-R] #219 size=2 phys=0x0002C2BA val=0x0000 ra=0x8001A24C sp=0x801FFF98 pc=0x00000000 f=0
[BLACKSCREEN][15650-RET] #219 reason=jr_ra end=0x80015658 target=0x8001A24C steps=3 v0=0x00000000 v1=0x000000DA c2ba=0x0000 c2b8=0x00000000 c2bc=0x00000000 ra=0x8001A24C sp=0x801FFF98 f=0
[BLACKSCREEN][A110-15650-RET] #219 call_pc=0x8001A244 v0_after=0x00000000 v1_after=0x000000DA a0=0xFFFFFFFF a1=0x00008000 sp_after=0x801FFF98 c2ba=0x0000 f=0
[BLACKSCREEN][A110-15650-CALL] #220 call_pc=0x8001A244 ra=0x8001A24C v0=0xFFFFFFFF v1=0x000000DB a0=0xFFFFFFFF a1=0x00008000 sp=0x801FFF98 c2ba=0x0000 f=0
[BLACKSCREEN][STATE-C2BA-R] #220 size=2 phys=0x0002C2BA val=0x0000 ra=0x8001A24C sp=0x801FFF98 pc=0x00000000 f=0
[BLACKSCREEN][15650-RET] #220 reason=jr_ra end=0x80015658 target=0x8001A24C steps=3 v0=0x00000000 v1=0x000000DB c2ba=0x0000 c2b8=0x00000000 c2bc=0x00000000 ra=0x8001A24C sp=0x801FFF98 f=0
[BLACKSCREEN][A110-15650-RET] #220 call_pc=0x8001A244 v0_after=0x00000000 v1_after=0x000000DB a0=0xFFFFFFFF a1=0x00008000 sp_after=0x801FFF98 c2ba=0x0000 f=0
[BLACKSCREEN][A110-15650-CALL] #221 call_pc=0x8001A244 ra=0x8001A24C v0=0xFFFFFFFF v1=0x000000DC a0=0xFFFFFFFF a1=0x00008000 sp=0x801FFF98 c2ba=0x0000 f=0
[BLACKSCREEN][STATE-C2BA-R] #221 size=2 phys=0x0002C2BA val=0x0000 ra=0x8001A24C sp=0x801FFF98 pc=0x00000000 f=0
[BLACKSCREEN][15650-RET] #221 reason=jr_ra end=0x80015658 target=0x8001A24C steps=3 v0=0x00000000 v1=0x000000DC c2ba=0x0000 c2b8=0x00000000 c2bc=0x00000000 ra=0x8001A24C sp=0x801FFF98 f=0
[BLACKSCREEN][A110-15650-RET] #221 call_pc=0x8001A244 v0_after=0x00000000 v1_after=0x000000DC a0=0xFFFFFFFF a1=0x00008000 sp_after=0x801FFF98 c2ba=0x0000 f=0
[BLACKSCREEN][A110-15650-CALL] #222 call_pc=0x8001A244 ra=0x8001A24C v0=0xFFFFFFFF v1=0x000000DD a0=0xFFFFFFFF a1=0x00008000 sp=0x801FFF98 c2ba=0x0000 f=0
[BLACKSCREEN][STATE-C2BA-R] #222 size=2 phys=0x0002C2BA val=0x0000 ra=0x8001A24C sp=0x801FFF98 pc=0x00000000 f=0
[BLACKSCREEN][15650-RET] #222 reason=jr_ra end=0x80015658 target=0x8001A24C steps=3 v0=0x00000000 v1=0x000000DD c2ba=0x0000 c2b8=0x00000000 c2bc=0x00000000 ra=0x8001A24C sp=0x801FFF98 f=0
[BLACKSCREEN][A110-15650-RET] #222 call_pc=0x8001A244 v0_after=0x00000000 v1_after=0x000000DD a0=0xFFFFFFFF a1=0x00008000 sp_after=0x801FFF98 c2ba=0x0000 f=0
[BLACKSCREEN][A110-15650-CALL] #223 call_pc=0x8001A244 ra=0x8001A24C v0=0xFFFFFFFF v1=0x000000DE a0=0xFFFFFFFF a1=0x00008000 sp=0x801FFF98 c2ba=0x0000 f=0
[BLACKSCREEN][STATE-C2BA-R] #223 size=2 phys=0x0002C2BA val=0x0000 ra=0x8001A24C sp=0x801FFF98 pc=0x00000000 f=0
[BLACKSCREEN][15650-RET] #223 reason=jr_ra end=0x80015658 target=0x8001A24C steps=3 v0=0x00000000 v1=0x000000DE c2ba=0x0000 c2b8=0x00000000 c2bc=0x00000000 ra=0x8001A24C sp=0x801FFF98 f=0
[BLACKSCREEN][A110-15650-RET] #223 call_pc=0x8001A244 v0_after=0x00000000 v1_after=0x000000DE a0=0xFFFFFFFF a1=0x00008000 sp_after=0x801FFF98 c2ba=0x0000 f=0
[BLACKSCREEN][A110-15650-CALL] #224 call_pc=0x8001A244 ra=0x8001A24C v0=0xFFFFFFFF v1=0x000000DF a0=0xFFFFFFFF a1=0x00008000 sp=0x801FFF98 c2ba=0x0000 f=0
[BLACKSCREEN][STATE-C2BA-R] #224 size=2 phys=0x0002C2BA val=0x0000 ra=0x8001A24C sp=0x801FFF98 pc=0x00000000 f=0
[BLACKSCREEN][15650-RET] #224 reason=jr_ra end=0x80015658 target=0x8001A24C steps=3 v0=0x00000000 v1=0x000000DF c2ba=0x0000 c2b8=0x00000000 c2bc=0x00000000 ra=0x8001A24C sp=0x801FFF98 f=0
[BLACKSCREEN][A110-15650-RET] #224 call_pc=0x8001A244 v0_after=0x00000000 v1_after=0x000000DF a0=0xFFFFFFFF a1=0x00008000 sp_after=0x801FFF98 c2ba=0x0000 f=0
[BLACKSCREEN][A110-15650-CALL] #225 call_pc=0x8001A244 ra=0x8001A24C v0=0xFFFFFFFF v1=0x000000E0 a0=0xFFFFFFFF a1=0x00008000 sp=0x801FFF98 c2ba=0x0000 f=0
[BLACKSCREEN][STATE-C2BA-R] #225 size=2 phys=0x0002C2BA val=0x0000 ra=0x8001A24C sp=0x801FFF98 pc=0x00000000 f=0
[BLACKSCREEN][15650-RET] #225 reason=jr_ra end=0x80015658 target=0x8001A24C steps=3 v0=0x00000000 v1=0x000000E0 c2ba=0x0000 c2b8=0x00000000 c2bc=0x00000000 ra=0x8001A24C sp=0x801FFF98 f=0
[BLACKSCREEN][A110-15650-RET] #225 call_pc=0x8001A244 v0_after=0x00000000 v1_after=0x000000E0 a0=0xFFFFFFFF a1=0x00008000 sp_after=0x801FFF98 c2ba=0x0000 f=0
[BLACKSCREEN][A110-15650-CALL] #226 call_pc=0x8001A244 ra=0x8001A24C v0=0xFFFFFFFF v1=0x000000E1 a0=0xFFFFFFFF a1=0x00008000 sp=0x801FFF98 c2ba=0x0000 f=0
[BLACKSCREEN][STATE-C2BA-R] #226 size=2 phys=0x0002C2BA val=0x0000 ra=0x8001A24C sp=0x801FFF98 pc=0x00000000 f=0
[BLACKSCREEN][15650-RET] #226 reason=jr_ra end=0x80015658 target=0x8001A24C steps=3 v0=0x00000000 v1=0x000000E1 c2ba=0x0000 c2b8=0x00000000 c2bc=0x00000000 ra=0x8001A24C sp=0x801FFF98 f=0
[BLACKSCREEN][A110-15650-RET] #226 call_pc=0x8001A244 v0_after=0x00000000 v1_after=0x000000E1 a0=0xFFFFFFFF a1=0x00008000 sp_after=0x801FFF98 c2ba=0x0000 f=0
[BLACKSCREEN][A110-15650-CALL] #227 call_pc=0x8001A244 ra=0x8001A24C v0=0xFFFFFFFF v1=0x000000E2 a0=0xFFFFFFFF a1=0x00008000 sp=0x801FFF98 c2ba=0x0000 f=0
[BLACKSCREEN][STATE-C2BA-R] #227 size=2 phys=0x0002C2BA val=0x0000 ra=0x8001A24C sp=0x801FFF98 pc=0x00000000 f=0
[BLACKSCREEN][15650-RET] #227 reason=jr_ra end=0x80015658 target=0x8001A24C steps=3 v0=0x00000000 v1=0x000000E2 c2ba=0x0000 c2b8=0x00000000 c2bc=0x00000000 ra=0x8001A24C sp=0x801FFF98 f=0
[BLACKSCREEN][A110-15650-RET] #227 call_pc=0x8001A244 v0_after=0x00000000 v1_after=0x000000E2 a0=0xFFFFFFFF a1=0x00008000 sp_after=0x801FFF98 c2ba=0x0000 f=0
[BLACKSCREEN][A110-15650-CALL] #228 call_pc=0x8001A244 ra=0x8001A24C v0=0xFFFFFFFF v1=0x000000E3 a0=0xFFFFFFFF a1=0x00008000 sp=0x801FFF98 c2ba=0x0000 f=0
[BLACKSCREEN][STATE-C2BA-R] #228 size=2 phys=0x0002C2BA val=0x0000 ra=0x8001A24C sp=0x801FFF98 pc=0x00000000 f=0
[BLACKSCREEN][15650-RET] #228 reason=jr_ra end=0x80015658 target=0x8001A24C steps=3 v0=0x00000000 v1=0x000000E3 c2ba=0x0000 c2b8=0x00000000 c2bc=0x00000000 ra=0x8001A24C sp=0x801FFF98 f=0
[BLACKSCREEN][A110-15650-RET] #228 call_pc=0x8001A244 v0_after=0x00000000 v1_after=0x000000E3 a0=0xFFFFFFFF a1=0x00008000 sp_after=0x801FFF98 c2ba=0x0000 f=0
[BLACKSCREEN][A110-15650-CALL] #229 call_pc=0x8001A244 ra=0x8001A24C v0=0xFFFFFFFF v1=0x000000E4 a0=0xFFFFFFFF a1=0x00008000 sp=0x801FFF98 c2ba=0x0000 f=0
[BLACKSCREEN][STATE-C2BA-R] #229 size=2 phys=0x0002C2BA val=0x0000 ra=0x8001A24C sp=0x801FFF98 pc=0x00000000 f=0
[BLACKSCREEN][15650-RET] #229 reason=jr_ra end=0x80015658 target=0x8001A24C steps=3 v0=0x00000000 v1=0x000000E4 c2ba=0x0000 c2b8=0x00000000 c2bc=0x00000000 ra=0x8001A24C sp=0x801FFF98 f=0
[BLACKSCREEN][A110-15650-RET] #229 call_pc=0x8001A244 v0_after=0x00000000 v1_after=0x000000E4 a0=0xFFFFFFFF a1=0x00008000 sp_after=0x801FFF98 c2ba=0x0000 f=0
[BLACKSCREEN][A110-15650-CALL] #230 call_pc=0x8001A244 ra=0x8001A24C v0=0xFFFFFFFF v1=0x000000E5 a0=0xFFFFFFFF a1=0x00008000 sp=0x801FFF98 c2ba=0x0000 f=0
[BLACKSCREEN][STATE-C2BA-R] #230 size=2 phys=0x0002C2BA val=0x0000 ra=0x8001A24C sp=0x801FFF98 pc=0x00000000 f=0
[BLACKSCREEN][15650-RET] #230 reason=jr_ra end=0x80015658 target=0x8001A24C steps=3 v0=0x00000000 v1=0x000000E5 c2ba=0x0000 c2b8=0x00000000 c2bc=0x00000000 ra=0x8001A24C sp=0x801FFF98 f=0
[BLACKSCREEN][A110-15650-RET] #230 call_pc=0x8001A244 v0_after=0x00000000 v1_after=0x000000E5 a0=0xFFFFFFFF a1=0x00008000 sp_after=0x801FFF98 c2ba=0x0000 f=0
[BLACKSCREEN][A110-15650-CALL] #231 call_pc=0x8001A244 ra=0x8001A24C v0=0xFFFFFFFF v1=0x000000E6 a0=0xFFFFFFFF a1=0x00008000 sp=0x801FFF98 c2ba=0x0000 f=0
[BLACKSCREEN][STATE-C2BA-R] #231 size=2 phys=0x0002C2BA val=0x0000 ra=0x8001A24C sp=0x801FFF98 pc=0x00000000 f=0
[BLACKSCREEN][15650-RET] #231 reason=jr_ra end=0x80015658 target=0x8001A24C steps=3 v0=0x00000000 v1=0x000000E6 c2ba=0x0000 c2b8=0x00000000 c2bc=0x00000000 ra=0x8001A24C sp=0x801FFF98 f=0
[BLACKSCREEN][A110-15650-RET] #231 call_pc=0x8001A244 v0_after=0x00000000 v1_after=0x000000E6 a0=0xFFFFFFFF a1=0x00008000 sp_after=0x801FFF98 c2ba=0x0000 f=0
[BLACKSCREEN][A110-15650-CALL] #232 call_pc=0x8001A244 ra=0x8001A24C v0=0xFFFFFFFF v1=0x000000E7 a0=0xFFFFFFFF a1=0x00008000 sp=0x801FFF98 c2ba=0x0000 f=0
[BLACKSCREEN][STATE-C2BA-R] #232 size=2 phys=0x0002C2BA val=0x0000 ra=0x8001A24C sp=0x801FFF98 pc=0x00000000 f=0
[BLACKSCREEN][15650-RET] #232 reason=jr_ra end=0x80015658 target=0x8001A24C steps=3 v0=0x00000000 v1=0x000000E7 c2ba=0x0000 c2b8=0x00000000 c2bc=0x00000000 ra=0x8001A24C sp=0x801FFF98 f=0
[BLACKSCREEN][A110-15650-RET] #232 call_pc=0x8001A244 v0_after=0x00000000 v1_after=0x000000E7 a0=0xFFFFFFFF a1=0x00008000 sp_after=0x801FFF98 c2ba=0x0000 f=0
[BLACKSCREEN][A110-15650-CALL] #233 call_pc=0x8001A244 ra=0x8001A24C v0=0xFFFFFFFF v1=0x000000E8 a0=0xFFFFFFFF a1=0x00008000 sp=0x801FFF98 c2ba=0x0000 f=0
[BLACKSCREEN][STATE-C2BA-R] #233 size=2 phys=0x0002C2BA val=0x0000 ra=0x8001A24C sp=0x801FFF98 pc=0x00000000 f=0
[BLACKSCREEN][15650-RET] #233 reason=jr_ra end=0x80015658 target=0x8001A24C steps=3 v0=0x00000000 v1=0x000000E8 c2ba=0x0000 c2b8=0x00000000 c2bc=0x00000000 ra=0x8001A24C sp=0x801FFF98 f=0
[BLACKSCREEN][A110-15650-RET] #233 call_pc=0x8001A244 v0_after=0x00000000 v1_after=0x000000E8 a0=0xFFFFFFFF a1=0x00008000 sp_after=0x801FFF98 c2ba=0x0000 f=0
[BLACKSCREEN][A110-15650-CALL] #234 call_pc=0x8001A244 ra=0x8001A24C v0=0xFFFFFFFF v1=0x000000E9 a0=0xFFFFFFFF a1=0x00008000 sp=0x801FFF98 c2ba=0x0000 f=0
[BLACKSCREEN][STATE-C2BA-R] #234 size=2 phys=0x0002C2BA val=0x0000 ra=0x8001A24C sp=0x801FFF98 pc=0x00000000 f=0
[BLACKSCREEN][15650-RET] #234 reason=jr_ra end=0x80015658 target=0x8001A24C steps=3 v0=0x00000000 v1=0x000000E9 c2ba=0x0000 c2b8=0x00000000 c2bc=0x00000000 ra=0x8001A24C sp=0x801FFF98 f=0
[BLACKSCREEN][A110-15650-RET] #234 call_pc=0x8001A244 v0_after=0x00000000 v1_after=0x000000E9 a0=0xFFFFFFFF a1=0x00008000 sp_after=0x801FFF98 c2ba=0x0000 f=0
[BLACKSCREEN][A110-15650-CALL] #235 call_pc=0x8001A244 ra=0x8001A24C v0=0xFFFFFFFF v1=0x000000EA a0=0xFFFFFFFF a1=0x00008000 sp=0x801FFF98 c2ba=0x0000 f=0
[BLACKSCREEN][STATE-C2BA-R] #235 size=2 phys=0x0002C2BA val=0x0000 ra=0x8001A24C sp=0x801FFF98 pc=0x00000000 f=0
[BLACKSCREEN][15650-RET] #235 reason=jr_ra end=0x80015658 target=0x8001A24C steps=3 v0=0x00000000 v1=0x000000EA c2ba=0x0000 c2b8=0x00000000 c2bc=0x00000000 ra=0x8001A24C sp=0x801FFF98 f=0
[BLACKSCREEN][A110-15650-RET] #235 call_pc=0x8001A244 v0_after=0x00000000 v1_after=0x000000EA a0=0xFFFFFFFF a1=0x00008000 sp_after=0x801FFF98 c2ba=0x0000 f=0
[BLACKSCREEN][A110-15650-CALL] #236 call_pc=0x8001A244 ra=0x8001A24C v0=0xFFFFFFFF v1=0x000000EB a0=0xFFFFFFFF a1=0x00008000 sp=0x801FFF98 c2ba=0x0000 f=0
[BLACKSCREEN][STATE-C2BA-R] #236 size=2 phys=0x0002C2BA val=0x0000 ra=0x8001A24C sp=0x801FFF98 pc=0x00000000 f=0
[BLACKSCREEN][15650-RET] #236 reason=jr_ra end=0x80015658 target=0x8001A24C steps=3 v0=0x00000000 v1=0x000000EB c2ba=0x0000 c2b8=0x00000000 c2bc=0x00000000 ra=0x8001A24C sp=0x801FFF98 f=0
[BLACKSCREEN][A110-15650-RET] #236 call_pc=0x8001A244 v0_after=0x00000000 v1_after=0x000000EB a0=0xFFFFFFFF a1=0x00008000 sp_after=0x801FFF98 c2ba=0x0000 f=0
[BLACKSCREEN][A110-15650-CALL] #237 call_pc=0x8001A244 ra=0x8001A24C v0=0xFFFFFFFF v1=0x000000EC a0=0xFFFFFFFF a1=0x00008000 sp=0x801FFF98 c2ba=0x0000 f=0
[BLACKSCREEN][STATE-C2BA-R] #237 size=2 phys=0x0002C2BA val=0x0000 ra=0x8001A24C sp=0x801FFF98 pc=0x00000000 f=0
[BLACKSCREEN][15650-RET] #237 reason=jr_ra end=0x80015658 target=0x8001A24C steps=3 v0=0x00000000 v1=0x000000EC c2ba=0x0000 c2b8=0x00000000 c2bc=0x00000000 ra=0x8001A24C sp=0x801FFF98 f=0
[BLACKSCREEN][A110-15650-RET] #237 call_pc=0x8001A244 v0_after=0x00000000 v1_after=0x000000EC a0=0xFFFFFFFF a1=0x00008000 sp_after=0x801FFF98 c2ba=0x0000 f=0
[BLACKSCREEN][A110-15650-CALL] #238 call_pc=0x8001A244 ra=0x8001A24C v0=0xFFFFFFFF v1=0x000000ED a0=0xFFFFFFFF a1=0x00008000 sp=0x801FFF98 c2ba=0x0000 f=0
[BLACKSCREEN][STATE-C2BA-R] #238 size=2 phys=0x0002C2BA val=0x0000 ra=0x8001A24C sp=0x801FFF98 pc=0x00000000 f=0
[BLACKSCREEN][15650-RET] #238 reason=jr_ra end=0x80015658 target=0x8001A24C steps=3 v0=0x00000000 v1=0x000000ED c2ba=0x0000 c2b8=0x00000000 c2bc=0x00000000 ra=0x8001A24C sp=0x801FFF98 f=0
[BLACKSCREEN][A110-15650-RET] #238 call_pc=0x8001A244 v0_after=0x00000000 v1_after=0x000000ED a0=0xFFFFFFFF a1=0x00008000 sp_after=0x801FFF98 c2ba=0x0000 f=0
[BLACKSCREEN][A110-15650-CALL] #239 call_pc=0x8001A244 ra=0x8001A24C v0=0xFFFFFFFF v1=0x000000EE a0=0xFFFFFFFF a1=0x00008000 sp=0x801FFF98 c2ba=0x0000 f=0
[BLACKSCREEN][STATE-C2BA-R] #239 size=2 phys=0x0002C2BA val=0x0000 ra=0x8001A24C sp=0x801FFF98 pc=0x00000000 f=0
[BLACKSCREEN][15650-RET] #239 reason=jr_ra end=0x80015658 target=0x8001A24C steps=3 v0=0x00000000 v1=0x000000EE c2ba=0x0000 c2b8=0x00000000 c2bc=0x00000000 ra=0x8001A24C sp=0x801FFF98 f=0
[BLACKSCREEN][A110-15650-RET] #239 call_pc=0x8001A244 v0_after=0x00000000 v1_after=0x000000EE a0=0xFFFFFFFF a1=0x00008000 sp_after=0x801FFF98 c2ba=0x0000 f=0
[BLACKSCREEN][A110-15650-CALL] #240 call_pc=0x8001A244 ra=0x8001A24C v0=0xFFFFFFFF v1=0x000000EF a0=0xFFFFFFFF a1=0x00008000 sp=0x801FFF98 c2ba=0x0000 f=0
[BLACKSCREEN][STATE-C2BA-R] #240 size=2 phys=0x0002C2BA val=0x0000 ra=0x8001A24C sp=0x801FFF98 pc=0x00000000 f=0
[BLACKSCREEN][15650-RET] #240 reason=jr_ra end=0x80015658 target=0x8001A24C steps=3 v0=0x00000000 v1=0x000000EF c2ba=0x0000 c2b8=0x00000000 c2bc=0x00000000 ra=0x8001A24C sp=0x801FFF98 f=0
[BLACKSCREEN][A110-15650-RET] #240 call_pc=0x8001A244 v0_after=0x00000000 v1_after=0x000000EF a0=0xFFFFFFFF a1=0x00008000 sp_after=0x801FFF98 c2ba=0x0000 f=0
[BLACKSCREEN][A110-15650-CALL] #241 call_pc=0x8001A244 ra=0x8001A24C v0=0xFFFFFFFF v1=0x000000F0 a0=0xFFFFFFFF a1=0x00008000 sp=0x801FFF98 c2ba=0x0000 f=0
[BLACKSCREEN][STATE-C2BA-R] #241 size=2 phys=0x0002C2BA val=0x0000 ra=0x8001A24C sp=0x801FFF98 pc=0x00000000 f=0
[BLACKSCREEN][A110-15650-RET] #241 call_pc=0x8001A244 v0_after=0x00000000 v1_after=0x000000F0 a0=0xFFFFFFFF a1=0x00008000 sp_after=0x801FFF98 c2ba=0x0000 f=0
[BLACKSCREEN][A110-15650-CALL] #242 call_pc=0x8001A244 ra=0x8001A24C v0=0xFFFFFFFF v1=0x000000F1 a0=0xFFFFFFFF a1=0x00008000 sp=0x801FFF98 c2ba=0x0000 f=0
[BLACKSCREEN][STATE-C2BA-R] #242 size=2 phys=0x0002C2BA val=0x0000 ra=0x8001A24C sp=0x801FFF98 pc=0x00000000 f=0
[BLACKSCREEN][A110-15650-RET] #242 call_pc=0x8001A244 v0_after=0x00000000 v1_after=0x000000F1 a0=0xFFFFFFFF a1=0x00008000 sp_after=0x801FFF98 c2ba=0x0000 f=0
[BLACKSCREEN][A110-15650-CALL] #243 call_pc=0x8001A244 ra=0x8001A24C v0=0xFFFFFFFF v1=0x000000F2 a0=0xFFFFFFFF a1=0x00008000 sp=0x801FFF98 c2ba=0x0000 f=0
[BLACKSCREEN][STATE-C2BA-R] #243 size=2 phys=0x0002C2BA val=0x0000 ra=0x8001A24C sp=0x801FFF98 pc=0x00000000 f=0
[BLACKSCREEN][A110-15650-RET] #243 call_pc=0x8001A244 v0_after=0x00000000 v1_after=0x000000F2 a0=0xFFFFFFFF a1=0x00008000 sp_after=0x801FFF98 c2ba=0x0000 f=0
[BLACKSCREEN][A110-15650-CALL] #244 call_pc=0x8001A244 ra=0x8001A24C v0=0xFFFFFFFF v1=0x000000F3 a0=0xFFFFFFFF a1=0x00008000 sp=0x801FFF98 c2ba=0x0000 f=0
[BLACKSCREEN][STATE-C2BA-R] #244 size=2 phys=0x0002C2BA val=0x0000 ra=0x8001A24C sp=0x801FFF98 pc=0x00000000 f=0
[BLACKSCREEN][A110-15650-RET] #244 call_pc=0x8001A244 v0_after=0x00000000 v1_after=0x000000F3 a0=0xFFFFFFFF a1=0x00008000 sp_after=0x801FFF98 c2ba=0x0000 f=0
[BLACKSCREEN][A110-15650-CALL] #245 call_pc=0x8001A244 ra=0x8001A24C v0=0xFFFFFFFF v1=0x000000F4 a0=0xFFFFFFFF a1=0x00008000 sp=0x801FFF98 c2ba=0x0000 f=0
[BLACKSCREEN][STATE-C2BA-R] #245 size=2 phys=0x0002C2BA val=0x0000 ra=0x8001A24C sp=0x801FFF98 pc=0x00000000 f=0
[BLACKSCREEN][A110-15650-RET] #245 call_pc=0x8001A244 v0_after=0x00000000 v1_after=0x000000F4 a0=0xFFFFFFFF a1=0x00008000 sp_after=0x801FFF98 c2ba=0x0000 f=0
[BLACKSCREEN][A110-15650-CALL] #246 call_pc=0x8001A244 ra=0x8001A24C v0=0xFFFFFFFF v1=0x000000F5 a0=0xFFFFFFFF a1=0x00008000 sp=0x801FFF98 c2ba=0x0000 f=0
[BLACKSCREEN][STATE-C2BA-R] #246 size=2 phys=0x0002C2BA val=0x0000 ra=0x8001A24C sp=0x801FFF98 pc=0x00000000 f=0
[BLACKSCREEN][A110-15650-RET] #246 call_pc=0x8001A244 v0_after=0x00000000 v1_after=0x000000F5 a0=0xFFFFFFFF a1=0x00008000 sp_after=0x801FFF98 c2ba=0x0000 f=0
[BLACKSCREEN][A110-15650-CALL] #247 call_pc=0x8001A244 ra=0x8001A24C v0=0xFFFFFFFF v1=0x000000F6 a0=0xFFFFFFFF a1=0x00008000 sp=0x801FFF98 c2ba=0x0000 f=0
[BLACKSCREEN][STATE-C2BA-R] #247 size=2 phys=0x0002C2BA val=0x0000 ra=0x8001A24C sp=0x801FFF98 pc=0x00000000 f=0
[BLACKSCREEN][A110-15650-RET] #247 call_pc=0x8001A244 v0_after=0x00000000 v1_after=0x000000F6 a0=0xFFFFFFFF a1=0x00008000 sp_after=0x801FFF98 c2ba=0x0000 f=0
[BLACKSCREEN][A110-15650-CALL] #248 call_pc=0x8001A244 ra=0x8001A24C v0=0xFFFFFFFF v1=0x000000F7 a0=0xFFFFFFFF a1=0x00008000 sp=0x801FFF98 c2ba=0x0000 f=0
[BLACKSCREEN][STATE-C2BA-R] #248 size=2 phys=0x0002C2BA val=0x0000 ra=0x8001A24C sp=0x801FFF98 pc=0x00000000 f=0
[BLACKSCREEN][A110-15650-RET] #248 call_pc=0x8001A244 v0_after=0x00000000 v1_after=0x000000F7 a0=0xFFFFFFFF a1=0x00008000 sp_after=0x801FFF98 c2ba=0x0000 f=0
[BLACKSCREEN][A110-15650-CALL] #249 call_pc=0x8001A244 ra=0x8001A24C v0=0xFFFFFFFF v1=0x000000F8 a0=0xFFFFFFFF a1=0x00008000 sp=0x801FFF98 c2ba=0x0000 f=0
[BLACKSCREEN][STATE-C2BA-R] #249 size=2 phys=0x0002C2BA val=0x0000 ra=0x8001A24C sp=0x801FFF98 pc=0x00000000 f=0
[BLACKSCREEN][A110-15650-RET] #249 call_pc=0x8001A244 v0_after=0x00000000 v1_after=0x000000F8 a0=0xFFFFFFFF a1=0x00008000 sp_after=0x801FFF98 c2ba=0x0000 f=0
[BLACKSCREEN][A110-15650-CALL] #250 call_pc=0x8001A244 ra=0x8001A24C v0=0xFFFFFFFF v1=0x000000F9 a0=0xFFFFFFFF a1=0x00008000 sp=0x801FFF98 c2ba=0x0000 f=0
[BLACKSCREEN][STATE-C2BA-R] #250 size=2 phys=0x0002C2BA val=0x0000 ra=0x8001A24C sp=0x801FFF98 pc=0x00000000 f=0
[BLACKSCREEN][A110-15650-RET] #250 call_pc=0x8001A244 v0_after=0x00000000 v1_after=0x000000F9 a0=0xFFFFFFFF a1=0x00008000 sp_after=0x801FFF98 c2ba=0x0000 f=0
[BLACKSCREEN][A110-15650-CALL] #251 call_pc=0x8001A244 ra=0x8001A24C v0=0xFFFFFFFF v1=0x000000FA a0=0xFFFFFFFF a1=0x00008000 sp=0x801FFF98 c2ba=0x0000 f=0
[BLACKSCREEN][STATE-C2BA-R] #251 size=2 phys=0x0002C2BA val=0x0000 ra=0x8001A24C sp=0x801FFF98 pc=0x00000000 f=0
[BLACKSCREEN][A110-15650-RET] #251 call_pc=0x8001A244 v0_after=0x00000000 v1_after=0x000000FA a0=0xFFFFFFFF a1=0x00008000 sp_after=0x801FFF98 c2ba=0x0000 f=0
[BLACKSCREEN][A110-15650-CALL] #252 call_pc=0x8001A244 ra=0x8001A24C v0=0xFFFFFFFF v1=0x000000FB a0=0xFFFFFFFF a1=0x00008000 sp=0x801FFF98 c2ba=0x0000 f=0
[BLACKSCREEN][STATE-C2BA-R] #252 size=2 phys=0x0002C2BA val=0x0000 ra=0x8001A24C sp=0x801FFF98 pc=0x00000000 f=0
[BLACKSCREEN][A110-15650-RET] #252 call_pc=0x8001A244 v0_after=0x00000000 v1_after=0x000000FB a0=0xFFFFFFFF a1=0x00008000 sp_after=0x801FFF98 c2ba=0x0000 f=0
[BLACKSCREEN][A110-15650-CALL] #253 call_pc=0x8001A244 ra=0x8001A24C v0=0xFFFFFFFF v1=0x000000FC a0=0xFFFFFFFF a1=0x00008000 sp=0x801FFF98 c2ba=0x0000 f=0
[BLACKSCREEN][STATE-C2BA-R] #253 size=2 phys=0x0002C2BA val=0x0000 ra=0x8001A24C sp=0x801FFF98 pc=0x00000000 f=0
[BLACKSCREEN][A110-15650-RET] #253 call_pc=0x8001A244 v0_after=0x00000000 v1_after=0x000000FC a0=0xFFFFFFFF a1=0x00008000 sp_after=0x801FFF98 c2ba=0x0000 f=0
[BLACKSCREEN][A110-15650-CALL] #254 call_pc=0x8001A244 ra=0x8001A24C v0=0xFFFFFFFF v1=0x000000FD a0=0xFFFFFFFF a1=0x00008000 sp=0x801FFF98 c2ba=0x0000 f=0
[BLACKSCREEN][STATE-C2BA-R] #254 size=2 phys=0x0002C2BA val=0x0000 ra=0x8001A24C sp=0x801FFF98 pc=0x00000000 f=0
[BLACKSCREEN][A110-15650-RET] #254 call_pc=0x8001A244 v0_after=0x00000000 v1_after=0x000000FD a0=0xFFFFFFFF a1=0x00008000 sp_after=0x801FFF98 c2ba=0x0000 f=0
[BLACKSCREEN][A110-15650-CALL] #255 call_pc=0x8001A244 ra=0x8001A24C v0=0xFFFFFFFF v1=0x000000FE a0=0xFFFFFFFF a1=0x00008000 sp=0x801FFF98 c2ba=0x0000 f=0
[BLACKSCREEN][STATE-C2BA-R] #255 size=2 phys=0x0002C2BA val=0x0000 ra=0x8001A24C sp=0x801FFF98 pc=0x00000000 f=0
[BLACKSCREEN][A110-15650-RET] #255 call_pc=0x8001A244 v0_after=0x00000000 v1_after=0x000000FE a0=0xFFFFFFFF a1=0x00008000 sp_after=0x801FFF98 c2ba=0x0000 f=0
[BLACKSCREEN][A110-15650-CALL] #256 call_pc=0x8001A244 ra=0x8001A24C v0=0xFFFFFFFF v1=0x000000FF a0=0xFFFFFFFF a1=0x00008000 sp=0x801FFF98 c2ba=0x0000 f=0
[BLACKSCREEN][STATE-C2BA-R] #256 size=2 phys=0x0002C2BA val=0x0000 ra=0x8001A24C sp=0x801FFF98 pc=0x00000000 f=0
[BLACKSCREEN][A110-15650-RET] #256 call_pc=0x8001A244 v0_after=0x00000000 v1_after=0x000000FF a0=0xFFFFFFFF a1=0x00008000 sp_after=0x801FFF98 c2ba=0x0000 f=0
[BLACKSCREEN][A110-15650-CALL] #257 call_pc=0x8001A244 ra=0x8001A24C v0=0xFFFFFFFF v1=0x00000100 a0=0xFFFFFFFF a1=0x00008000 sp=0x801FFF98 c2ba=0x0000 f=0
[BLACKSCREEN][STATE-C2BA-R] #257 size=2 phys=0x0002C2BA val=0x0000 ra=0x8001A24C sp=0x801FFF98 pc=0x00000000 f=0
[BLACKSCREEN][A110-15650-RET] #257 call_pc=0x8001A244 v0_after=0x00000000 v1_after=0x00000100 a0=0xFFFFFFFF a1=0x00008000 sp_after=0x801FFF98 c2ba=0x0000 f=0
[BLACKSCREEN][A110-15650-CALL] #258 call_pc=0x8001A244 ra=0x8001A24C v0=0xFFFFFFFF v1=0x00000101 a0=0xFFFFFFFF a1=0x00008000 sp=0x801FFF98 c2ba=0x0000 f=0
[BLACKSCREEN][STATE-C2BA-R] #258 size=2 phys=0x0002C2BA val=0x0000 ra=0x8001A24C sp=0x801FFF98 pc=0x00000000 f=0
[BLACKSCREEN][A110-15650-RET] #258 call_pc=0x8001A244 v0_after=0x00000000 v1_after=0x00000101 a0=0xFFFFFFFF a1=0x00008000 sp_after=0x801FFF98 c2ba=0x0000 f=0
[BLACKSCREEN][A110-15650-CALL] #259 call_pc=0x8001A244 ra=0x8001A24C v0=0xFFFFFFFF v1=0x00000102 a0=0xFFFFFFFF a1=0x00008000 sp=0x801FFF98 c2ba=0x0000 f=0
[BLACKSCREEN][STATE-C2BA-R] #259 size=2 phys=0x0002C2BA val=0x0000 ra=0x8001A24C sp=0x801FFF98 pc=0x00000000 f=0
[BLACKSCREEN][A110-15650-RET] #259 call_pc=0x8001A244 v0_after=0x00000000 v1_after=0x00000102 a0=0xFFFFFFFF a1=0x00008000 sp_after=0x801FFF98 c2ba=0x0000 f=0
[BLACKSCREEN][A110-15650-CALL] #260 call_pc=0x8001A244 ra=0x8001A24C v0=0xFFFFFFFF v1=0x00000103 a0=0xFFFFFFFF a1=0x00008000 sp=0x801FFF98 c2ba=0x0000 f=0
[BLACKSCREEN][STATE-C2BA-R] #260 size=2 phys=0x0002C2BA val=0x0000 ra=0x8001A24C sp=0x801FFF98 pc=0x00000000 f=0
[BLACKSCREEN][A110-15650-RET] #260 call_pc=0x8001A244 v0_after=0x00000000 v1_after=0x00000103 a0=0xFFFFFFFF a1=0x00008000 sp_after=0x801FFF98 c2ba=0x0000 f=0
[BLACKSCREEN][A110-15650-CALL] #261 call_pc=0x8001A244 ra=0x8001A24C v0=0xFFFFFFFF v1=0x00000104 a0=0xFFFFFFFF a1=0x00008000 sp=0x801FFF98 c2ba=0x0000 f=0
[BLACKSCREEN][STATE-C2BA-R] #261 size=2 phys=0x0002C2BA val=0x0000 ra=0x8001A24C sp=0x801FFF98 pc=0x00000000 f=0
[BLACKSCREEN][A110-15650-RET] #261 call_pc=0x8001A244 v0_after=0x00000000 v1_after=0x00000104 a0=0xFFFFFFFF a1=0x00008000 sp_after=0x801FFF98 c2ba=0x0000 f=0
[BLACKSCREEN][A110-15650-CALL] #262 call_pc=0x8001A244 ra=0x8001A24C v0=0xFFFFFFFF v1=0x00000105 a0=0xFFFFFFFF a1=0x00008000 sp=0x801FFF98 c2ba=0x0000 f=0
[BLACKSCREEN][STATE-C2BA-R] #262 size=2 phys=0x0002C2BA val=0x0000 ra=0x8001A24C sp=0x801FFF98 pc=0x00000000 f=0
[BLACKSCREEN][A110-15650-RET] #262 call_pc=0x8001A244 v0_after=0x00000000 v1_after=0x00000105 a0=0xFFFFFFFF a1=0x00008000 sp_after=0x801FFF98 c2ba=0x0000 f=0
[BLACKSCREEN][A110-15650-CALL] #263 call_pc=0x8001A244 ra=0x8001A24C v0=0xFFFFFFFF v1=0x00000106 a0=0xFFFFFFFF a1=0x00008000 sp=0x801FFF98 c2ba=0x0000 f=0
[BLACKSCREEN][STATE-C2BA-R] #263 size=2 phys=0x0002C2BA val=0x0000 ra=0x8001A24C sp=0x801FFF98 pc=0x00000000 f=0
[BLACKSCREEN][A110-15650-RET] #263 call_pc=0x8001A244 v0_after=0x00000000 v1_after=0x00000106 a0=0xFFFFFFFF a1=0x00008000 sp_after=0x801FFF98 c2ba=0x0000 f=0
[BLACKSCREEN][A110-15650-CALL] #264 call_pc=0x8001A244 ra=0x8001A24C v0=0xFFFFFFFF v1=0x00000107 a0=0xFFFFFFFF a1=0x00008000 sp=0x801FFF98 c2ba=0x0000 f=0
[BLACKSCREEN][STATE-C2BA-R] #264 size=2 phys=0x0002C2BA val=0x0000 ra=0x8001A24C sp=0x801FFF98 pc=0x00000000 f=0
[BLACKSCREEN][A110-15650-RET] #264 call_pc=0x8001A244 v0_after=0x00000000 v1_after=0x00000107 a0=0xFFFFFFFF a1=0x00008000 sp_after=0x801FFF98 c2ba=0x0000 f=0
[BLACKSCREEN][A110-15650-CALL] #265 call_pc=0x8001A244 ra=0x8001A24C v0=0xFFFFFFFF v1=0x00000108 a0=0xFFFFFFFF a1=0x00008000 sp=0x801FFF98 c2ba=0x0000 f=0
[BLACKSCREEN][STATE-C2BA-R] #265 size=2 phys=0x0002C2BA val=0x0000 ra=0x8001A24C sp=0x801FFF98 pc=0x00000000 f=0
[BLACKSCREEN][A110-15650-RET] #265 call_pc=0x8001A244 v0_after=0x00000000 v1_after=0x00000108 a0=0xFFFFFFFF a1=0x00008000 sp_after=0x801FFF98 c2ba=0x0000 f=0
[BLACKSCREEN][A110-15650-CALL] #266 call_pc=0x8001A244 ra=0x8001A24C v0=0xFFFFFFFF v1=0x00000109 a0=0xFFFFFFFF a1=0x00008000 sp=0x801FFF98 c2ba=0x0000 f=0
[BLACKSCREEN][STATE-C2BA-R] #266 size=2 phys=0x0002C2BA val=0x0000 ra=0x8001A24C sp=0x801FFF98 pc=0x00000000 f=0
[BLACKSCREEN][A110-15650-RET] #266 call_pc=0x8001A244 v0_after=0x00000000 v1_after=0x00000109 a0=0xFFFFFFFF a1=0x00008000 sp_after=0x801FFF98 c2ba=0x0000 f=0
[BLACKSCREEN][A110-15650-CALL] #267 call_pc=0x8001A244 ra=0x8001A24C v0=0xFFFFFFFF v1=0x0000010A a0=0xFFFFFFFF a1=0x00008000 sp=0x801FFF98 c2ba=0x0000 f=0
[BLACKSCREEN][STATE-C2BA-R] #267 size=2 phys=0x0002C2BA val=0x0000 ra=0x8001A24C sp=0x801FFF98 pc=0x00000000 f=0
[BLACKSCREEN][A110-15650-RET] #267 call_pc=0x8001A244 v0_after=0x00000000 v1_after=0x0000010A a0=0xFFFFFFFF a1=0x00008000 sp_after=0x801FFF98 c2ba=0x0000 f=0
[BLACKSCREEN][A110-15650-CALL] #268 call_pc=0x8001A244 ra=0x8001A24C v0=0xFFFFFFFF v1=0x0000010B a0=0xFFFFFFFF a1=0x00008000 sp=0x801FFF98 c2ba=0x0000 f=0
[BLACKSCREEN][STATE-C2BA-R] #268 size=2 phys=0x0002C2BA val=0x0000 ra=0x8001A24C sp=0x801FFF98 pc=0x00000000 f=0
[BLACKSCREEN][A110-15650-RET] #268 call_pc=0x8001A244 v0_after=0x00000000 v1_after=0x0000010B a0=0xFFFFFFFF a1=0x00008000 sp_after=0x801FFF98 c2ba=0x0000 f=0
[BLACKSCREEN][A110-15650-CALL] #269 call_pc=0x8001A244 ra=0x8001A24C v0=0xFFFFFFFF v1=0x0000010C a0=0xFFFFFFFF a1=0x00008000 sp=0x801FFF98 c2ba=0x0000 f=0
[BLACKSCREEN][STATE-C2BA-R] #269 size=2 phys=0x0002C2BA val=0x0000 ra=0x8001A24C sp=0x801FFF98 pc=0x00000000 f=0
[BLACKSCREEN][A110-15650-RET] #269 call_pc=0x8001A244 v0_after=0x00000000 v1_after=0x0000010C a0=0xFFFFFFFF a1=0x00008000 sp_after=0x801FFF98 c2ba=0x0000 f=0
[BLACKSCREEN][A110-15650-CALL] #270 call_pc=0x8001A244 ra=0x8001A24C v0=0xFFFFFFFF v1=0x0000010D a0=0xFFFFFFFF a1=0x00008000 sp=0x801FFF98 c2ba=0x0000 f=0
[BLACKSCREEN][STATE-C2BA-R] #270 size=2 phys=0x0002C2BA val=0x0000 ra=0x8001A24C sp=0x801FFF98 pc=0x00000000 f=0
[BLACKSCREEN][A110-15650-RET] #270 call_pc=0x8001A244 v0_after=0x00000000 v1_after=0x0000010D a0=0xFFFFFFFF a1=0x00008000 sp_after=0x801FFF98 c2ba=0x0000 f=0
[BLACKSCREEN][A110-15650-CALL] #271 call_pc=0x8001A244 ra=0x8001A24C v0=0xFFFFFFFF v1=0x0000010E a0=0xFFFFFFFF a1=0x00008000 sp=0x801FFF98 c2ba=0x0000 f=0
[BLACKSCREEN][STATE-C2BA-R] #271 size=2 phys=0x0002C2BA val=0x0000 ra=0x8001A24C sp=0x801FFF98 pc=0x00000000 f=0
[BLACKSCREEN][A110-15650-RET] #271 call_pc=0x8001A244 v0_after=0x00000000 v1_after=0x0000010E a0=0xFFFFFFFF a1=0x00008000 sp_after=0x801FFF98 c2ba=0x0000 f=0
[BLACKSCREEN][A110-15650-CALL] #272 call_pc=0x8001A244 ra=0x8001A24C v0=0xFFFFFFFF v1=0x0000010F a0=0xFFFFFFFF a1=0x00008000 sp=0x801FFF98 c2ba=0x0000 f=0
[BLACKSCREEN][STATE-C2BA-R] #272 size=2 phys=0x0002C2BA val=0x0000 ra=0x8001A24C sp=0x801FFF98 pc=0x00000000 f=0
[BLACKSCREEN][A110-15650-RET] #272 call_pc=0x8001A244 v0_after=0x00000000 v1_after=0x0000010F a0=0xFFFFFFFF a1=0x00008000 sp_after=0x801FFF98 c2ba=0x0000 f=0
[BLACKSCREEN][A110-15650-CALL] #273 call_pc=0x8001A244 ra=0x8001A24C v0=0xFFFFFFFF v1=0x00000110 a0=0xFFFFFFFF a1=0x00008000 sp=0x801FFF98 c2ba=0x0000 f=0
[BLACKSCREEN][STATE-C2BA-R] #273 size=2 phys=0x0002C2BA val=0x0000 ra=0x8001A24C sp=0x801FFF98 pc=0x00000000 f=0
[BLACKSCREEN][A110-15650-RET] #273 call_pc=0x8001A244 v0_after=0x00000000 v1_after=0x00000110 a0=0xFFFFFFFF a1=0x00008000 sp_after=0x801FFF98 c2ba=0x0000 f=0
[BLACKSCREEN][A110-15650-CALL] #274 call_pc=0x8001A244 ra=0x8001A24C v0=0xFFFFFFFF v1=0x00000111 a0=0xFFFFFFFF a1=0x00008000 sp=0x801FFF98 c2ba=0x0000 f=0
[BLACKSCREEN][STATE-C2BA-R] #274 size=2 phys=0x0002C2BA val=0x0000 ra=0x8001A24C sp=0x801FFF98 pc=0x00000000 f=0
[BLACKSCREEN][A110-15650-RET] #274 call_pc=0x8001A244 v0_after=0x00000000 v1_after=0x00000111 a0=0xFFFFFFFF a1=0x00008000 sp_after=0x801FFF98 c2ba=0x0000 f=0
[BLACKSCREEN][A110-15650-CALL] #275 call_pc=0x8001A244 ra=0x8001A24C v0=0xFFFFFFFF v1=0x00000112 a0=0xFFFFFFFF a1=0x00008000 sp=0x801FFF98 c2ba=0x0000 f=0
[BLACKSCREEN][STATE-C2BA-R] #275 size=2 phys=0x0002C2BA val=0x0000 ra=0x8001A24C sp=0x801FFF98 pc=0x00000000 f=0
[BLACKSCREEN][A110-15650-RET] #275 call_pc=0x8001A244 v0_after=0x00000000 v1_after=0x00000112 a0=0xFFFFFFFF a1=0x00008000 sp_after=0x801FFF98 c2ba=0x0000 f=0
[BLACKSCREEN][A110-15650-CALL] #276 call_pc=0x8001A244 ra=0x8001A24C v0=0xFFFFFFFF v1=0x00000113 a0=0xFFFFFFFF a1=0x00008000 sp=0x801FFF98 c2ba=0x0000 f=0
[BLACKSCREEN][STATE-C2BA-R] #276 size=2 phys=0x0002C2BA val=0x0000 ra=0x8001A24C sp=0x801FFF98 pc=0x00000000 f=0
[BLACKSCREEN][A110-15650-RET] #276 call_pc=0x8001A244 v0_after=0x00000000 v1_after=0x00000113 a0=0xFFFFFFFF a1=0x00008000 sp_after=0x801FFF98 c2ba=0x0000 f=0
[BLACKSCREEN][A110-15650-CALL] #277 call_pc=0x8001A244 ra=0x8001A24C v0=0xFFFFFFFF v1=0x00000114 a0=0xFFFFFFFF a1=0x00008000 sp=0x801FFF98 c2ba=0x0000 f=0
[BLACKSCREEN][STATE-C2BA-R] #277 size=2 phys=0x0002C2BA val=0x0000 ra=0x8001A24C sp=0x801FFF98 pc=0x00000000 f=0
[BLACKSCREEN][A110-15650-RET] #277 call_pc=0x8001A244 v0_after=0x00000000 v1_after=0x00000114 a0=0xFFFFFFFF a1=0x00008000 sp_after=0x801FFF98 c2ba=0x0000 f=0
[BLACKSCREEN][A110-15650-CALL] #278 call_pc=0x8001A244 ra=0x8001A24C v0=0xFFFFFFFF v1=0x00000115 a0=0xFFFFFFFF a1=0x00008000 sp=0x801FFF98 c2ba=0x0000 f=0
[BLACKSCREEN][STATE-C2BA-R] #278 size=2 phys=0x0002C2BA val=0x0000 ra=0x8001A24C sp=0x801FFF98 pc=0x00000000 f=0
[BLACKSCREEN][A110-15650-RET] #278 call_pc=0x8001A244 v0_after=0x00000000 v1_after=0x00000115 a0=0xFFFFFFFF a1=0x00008000 sp_after=0x801FFF98 c2ba=0x0000 f=0
[BLACKSCREEN][A110-15650-CALL] #279 call_pc=0x8001A244 ra=0x8001A24C v0=0xFFFFFFFF v1=0x00000116 a0=0xFFFFFFFF a1=0x00008000 sp=0x801FFF98 c2ba=0x0000 f=0
[BLACKSCREEN][STATE-C2BA-R] #279 size=2 phys=0x0002C2BA val=0x0000 ra=0x8001A24C sp=0x801FFF98 pc=0x00000000 f=0
[BLACKSCREEN][A110-15650-RET] #279 call_pc=0x8001A244 v0_after=0x00000000 v1_after=0x00000116 a0=0xFFFFFFFF a1=0x00008000 sp_after=0x801FFF98 c2ba=0x0000 f=0
[BLACKSCREEN][A110-15650-CALL] #280 call_pc=0x8001A244 ra=0x8001A24C v0=0xFFFFFFFF v1=0x00000117 a0=0xFFFFFFFF a1=0x00008000 sp=0x801FFF98 c2ba=0x0000 f=0
[BLACKSCREEN][STATE-C2BA-R] #280 size=2 phys=0x0002C2BA val=0x0000 ra=0x8001A24C sp=0x801FFF98 pc=0x00000000 f=0
[BLACKSCREEN][A110-15650-RET] #280 call_pc=0x8001A244 v0_after=0x00000000 v1_after=0x00000117 a0=0xFFFFFFFF a1=0x00008000 sp_after=0x801FFF98 c2ba=0x0000 f=0
[BLACKSCREEN][A110-15650-CALL] #281 call_pc=0x8001A244 ra=0x8001A24C v0=0xFFFFFFFF v1=0x00000118 a0=0xFFFFFFFF a1=0x00008000 sp=0x801FFF98 c2ba=0x0000 f=0
[BLACKSCREEN][STATE-C2BA-R] #281 size=2 phys=0x0002C2BA val=0x0000 ra=0x8001A24C sp=0x801FFF98 pc=0x00000000 f=0
[BLACKSCREEN][A110-15650-RET] #281 call_pc=0x8001A244 v0_after=0x00000000 v1_after=0x00000118 a0=0xFFFFFFFF a1=0x00008000 sp_after=0x801FFF98 c2ba=0x0000 f=0
[BLACKSCREEN][A110-15650-CALL] #282 call_pc=0x8001A244 ra=0x8001A24C v0=0xFFFFFFFF v1=0x00000119 a0=0xFFFFFFFF a1=0x00008000 sp=0x801FFF98 c2ba=0x0000 f=0
[BLACKSCREEN][STATE-C2BA-R] #282 size=2 phys=0x0002C2BA val=0x0000 ra=0x8001A24C sp=0x801FFF98 pc=0x00000000 f=0
[BLACKSCREEN][A110-15650-RET] #282 call_pc=0x8001A244 v0_after=0x00000000 v1_after=0x00000119 a0=0xFFFFFFFF a1=0x00008000 sp_after=0x801FFF98 c2ba=0x0000 f=0
[BLACKSCREEN][A110-15650-CALL] #283 call_pc=0x8001A244 ra=0x8001A24C v0=0xFFFFFFFF v1=0x0000011A a0=0xFFFFFFFF a1=0x00008000 sp=0x801FFF98 c2ba=0x0000 f=0
[BLACKSCREEN][STATE-C2BA-R] #283 size=2 phys=0x0002C2BA val=0x0000 ra=0x8001A24C sp=0x801FFF98 pc=0x00000000 f=0
[BLACKSCREEN][A110-15650-RET] #283 call_pc=0x8001A244 v0_after=0x00000000 v1_after=0x0000011A a0=0xFFFFFFFF a1=0x00008000 sp_after=0x801FFF98 c2ba=0x0000 f=0
[BLACKSCREEN][A110-15650-CALL] #284 call_pc=0x8001A244 ra=0x8001A24C v0=0xFFFFFFFF v1=0x0000011B a0=0xFFFFFFFF a1=0x00008000 sp=0x801FFF98 c2ba=0x0000 f=0
[BLACKSCREEN][STATE-C2BA-R] #284 size=2 phys=0x0002C2BA val=0x0000 ra=0x8001A24C sp=0x801FFF98 pc=0x00000000 f=0
[BLACKSCREEN][A110-15650-RET] #284 call_pc=0x8001A244 v0_after=0x00000000 v1_after=0x0000011B a0=0xFFFFFFFF a1=0x00008000 sp_after=0x801FFF98 c2ba=0x0000 f=0
[BLACKSCREEN][A110-15650-CALL] #285 call_pc=0x8001A244 ra=0x8001A24C v0=0xFFFFFFFF v1=0x0000011C a0=0xFFFFFFFF a1=0x00008000 sp=0x801FFF98 c2ba=0x0000 f=0
[BLACKSCREEN][STATE-C2BA-R] #285 size=2 phys=0x0002C2BA val=0x0000 ra=0x8001A24C sp=0x801FFF98 pc=0x00000000 f=0
[BLACKSCREEN][A110-15650-RET] #285 call_pc=0x8001A244 v0_after=0x00000000 v1_after=0x0000011C a0=0xFFFFFFFF a1=0x00008000 sp_after=0x801FFF98 c2ba=0x0000 f=0
[BLACKSCREEN][A110-15650-CALL] #286 call_pc=0x8001A244 ra=0x8001A24C v0=0xFFFFFFFF v1=0x0000011D a0=0xFFFFFFFF a1=0x00008000 sp=0x801FFF98 c2ba=0x0000 f=0
[BLACKSCREEN][STATE-C2BA-R] #286 size=2 phys=0x0002C2BA val=0x0000 ra=0x8001A24C sp=0x801FFF98 pc=0x00000000 f=0
[BLACKSCREEN][A110-15650-RET] #286 call_pc=0x8001A244 v0_after=0x00000000 v1_after=0x0000011D a0=0xFFFFFFFF a1=0x00008000 sp_after=0x801FFF98 c2ba=0x0000 f=0
[BLACKSCREEN][A110-15650-CALL] #287 call_pc=0x8001A244 ra=0x8001A24C v0=0xFFFFFFFF v1=0x0000011E a0=0xFFFFFFFF a1=0x00008000 sp=0x801FFF98 c2ba=0x0000 f=0
[BLACKSCREEN][STATE-C2BA-R] #287 size=2 phys=0x0002C2BA val=0x0000 ra=0x8001A24C sp=0x801FFF98 pc=0x00000000 f=0
[BLACKSCREEN][A110-15650-RET] #287 call_pc=0x8001A244 v0_after=0x00000000 v1_after=0x0000011E a0=0xFFFFFFFF a1=0x00008000 sp_after=0x801FFF98 c2ba=0x0000 f=0
[BLACKSCREEN][A110-15650-CALL] #288 call_pc=0x8001A244 ra=0x8001A24C v0=0xFFFFFFFF v1=0x0000011F a0=0xFFFFFFFF a1=0x00008000 sp=0x801FFF98 c2ba=0x0000 f=0
[BLACKSCREEN][STATE-C2BA-R] #288 size=2 phys=0x0002C2BA val=0x0000 ra=0x8001A24C sp=0x801FFF98 pc=0x00000000 f=0
[BLACKSCREEN][A110-15650-RET] #288 call_pc=0x8001A244 v0_after=0x00000000 v1_after=0x0000011F a0=0xFFFFFFFF a1=0x00008000 sp_after=0x801FFF98 c2ba=0x0000 f=0
[BLACKSCREEN][A110-15650-CALL] #289 call_pc=0x8001A244 ra=0x8001A24C v0=0xFFFFFFFF v1=0x00000120 a0=0xFFFFFFFF a1=0x00008000 sp=0x801FFF98 c2ba=0x0000 f=0
[BLACKSCREEN][STATE-C2BA-R] #289 size=2 phys=0x0002C2BA val=0x0000 ra=0x8001A24C sp=0x801FFF98 pc=0x00000000 f=0
[BLACKSCREEN][A110-15650-RET] #289 call_pc=0x8001A244 v0_after=0x00000000 v1_after=0x00000120 a0=0xFFFFFFFF a1=0x00008000 sp_after=0x801FFF98 c2ba=0x0000 f=0
[BLACKSCREEN][A110-15650-CALL] #290 call_pc=0x8001A244 ra=0x8001A24C v0=0xFFFFFFFF v1=0x00000121 a0=0xFFFFFFFF a1=0x00008000 sp=0x801FFF98 c2ba=0x0000 f=0
[BLACKSCREEN][STATE-C2BA-R] #290 size=2 phys=0x0002C2BA val=0x0000 ra=0x8001A24C sp=0x801FFF98 pc=0x00000000 f=0
[BLACKSCREEN][A110-15650-RET] #290 call_pc=0x8001A244 v0_after=0x00000000 v1_after=0x00000121 a0=0xFFFFFFFF a1=0x00008000 sp_after=0x801FFF98 c2ba=0x0000 f=0
[BLACKSCREEN][A110-15650-CALL] #291 call_pc=0x8001A244 ra=0x8001A24C v0=0xFFFFFFFF v1=0x00000122 a0=0xFFFFFFFF a1=0x00008000 sp=0x801FFF98 c2ba=0x0000 f=0
[BLACKSCREEN][STATE-C2BA-R] #291 size=2 phys=0x0002C2BA val=0x0000 ra=0x8001A24C sp=0x801FFF98 pc=0x00000000 f=0
[BLACKSCREEN][A110-15650-RET] #291 call_pc=0x8001A244 v0_after=0x00000000 v1_after=0x00000122 a0=0xFFFFFFFF a1=0x00008000 sp_after=0x801FFF98 c2ba=0x0000 f=0
[BLACKSCREEN][A110-15650-CALL] #292 call_pc=0x8001A244 ra=0x8001A24C v0=0xFFFFFFFF v1=0x00000123 a0=0xFFFFFFFF a1=0x00008000 sp=0x801FFF98 c2ba=0x0000 f=0
[BLACKSCREEN][STATE-C2BA-R] #292 size=2 phys=0x0002C2BA val=0x0000 ra=0x8001A24C sp=0x801FFF98 pc=0x00000000 f=0
[BLACKSCREEN][A110-15650-RET] #292 call_pc=0x8001A244 v0_after=0x00000000 v1_after=0x00000123 a0=0xFFFFFFFF a1=0x00008000 sp_after=0x801FFF98 c2ba=0x0000 f=0
[BLACKSCREEN][A110-15650-CALL] #293 call_pc=0x8001A244 ra=0x8001A24C v0=0xFFFFFFFF v1=0x00000124 a0=0xFFFFFFFF a1=0x00008000 sp=0x801FFF98 c2ba=0x0000 f=0
[BLACKSCREEN][STATE-C2BA-R] #293 size=2 phys=0x0002C2BA val=0x0000 ra=0x8001A24C sp=0x801FFF98 pc=0x00000000 f=0
[BLACKSCREEN][A110-15650-RET] #293 call_pc=0x8001A244 v0_after=0x00000000 v1_after=0x00000124 a0=0xFFFFFFFF a1=0x00008000 sp_after=0x801FFF98 c2ba=0x0000 f=0
[BLACKSCREEN][A110-15650-CALL] #294 call_pc=0x8001A244 ra=0x8001A24C v0=0xFFFFFFFF v1=0x00000125 a0=0xFFFFFFFF a1=0x00008000 sp=0x801FFF98 c2ba=0x0000 f=0
[BLACKSCREEN][STATE-C2BA-R] #294 size=2 phys=0x0002C2BA val=0x0000 ra=0x8001A24C sp=0x801FFF98 pc=0x00000000 f=0
[BLACKSCREEN][A110-15650-RET] #294 call_pc=0x8001A244 v0_after=0x00000000 v1_after=0x00000125 a0=0xFFFFFFFF a1=0x00008000 sp_after=0x801FFF98 c2ba=0x0000 f=0
[BLACKSCREEN][A110-15650-CALL] #295 call_pc=0x8001A244 ra=0x8001A24C v0=0xFFFFFFFF v1=0x00000126 a0=0xFFFFFFFF a1=0x00008000 sp=0x801FFF98 c2ba=0x0000 f=0
[BLACKSCREEN][STATE-C2BA-R] #295 size=2 phys=0x0002C2BA val=0x0000 ra=0x8001A24C sp=0x801FFF98 pc=0x00000000 f=0
[BLACKSCREEN][A110-15650-RET] #295 call_pc=0x8001A244 v0_after=0x00000000 v1_after=0x00000126 a0=0xFFFFFFFF a1=0x00008000 sp_after=0x801FFF98 c2ba=0x0000 f=0
[BLACKSCREEN][A110-15650-CALL] #296 call_pc=0x8001A244 ra=0x8001A24C v0=0xFFFFFFFF v1=0x00000127 a0=0xFFFFFFFF a1=0x00008000 sp=0x801FFF98 c2ba=0x0000 f=0
[BLACKSCREEN][STATE-C2BA-R] #296 size=2 phys=0x0002C2BA val=0x0000 ra=0x8001A24C sp=0x801FFF98 pc=0x00000000 f=0
[BLACKSCREEN][A110-15650-RET] #296 call_pc=0x8001A244 v0_after=0x00000000 v1_after=0x00000127 a0=0xFFFFFFFF a1=0x00008000 sp_after=0x801FFF98 c2ba=0x0000 f=0
[BLACKSCREEN][A110-15650-CALL] #297 call_pc=0x8001A244 ra=0x8001A24C v0=0xFFFFFFFF v1=0x00000128 a0=0xFFFFFFFF a1=0x00008000 sp=0x801FFF98 c2ba=0x0000 f=0
[BLACKSCREEN][STATE-C2BA-R] #297 size=2 phys=0x0002C2BA val=0x0000 ra=0x8001A24C sp=0x801FFF98 pc=0x00000000 f=0
[BLACKSCREEN][A110-15650-RET] #297 call_pc=0x8001A244 v0_after=0x00000000 v1_after=0x00000128 a0=0xFFFFFFFF a1=0x00008000 sp_after=0x801FFF98 c2ba=0x0000 f=0
[BLACKSCREEN][A110-15650-CALL] #298 call_pc=0x8001A244 ra=0x8001A24C v0=0xFFFFFFFF v1=0x00000129 a0=0xFFFFFFFF a1=0x00008000 sp=0x801FFF98 c2ba=0x0000 f=0
[BLACKSCREEN][STATE-C2BA-R] #298 size=2 phys=0x0002C2BA val=0x0000 ra=0x8001A24C sp=0x801FFF98 pc=0x00000000 f=0
[BLACKSCREEN][A110-15650-RET] #298 call_pc=0x8001A244 v0_after=0x00000000 v1_after=0x00000129 a0=0xFFFFFFFF a1=0x00008000 sp_after=0x801FFF98 c2ba=0x0000 f=0
[BLACKSCREEN][A110-15650-CALL] #299 call_pc=0x8001A244 ra=0x8001A24C v0=0xFFFFFFFF v1=0x0000012A a0=0xFFFFFFFF a1=0x00008000 sp=0x801FFF98 c2ba=0x0000 f=0
[BLACKSCREEN][STATE-C2BA-R] #299 size=2 phys=0x0002C2BA val=0x0000 ra=0x8001A24C sp=0x801FFF98 pc=0x00000000 f=0
[BLACKSCREEN][A110-15650-RET] #299 call_pc=0x8001A244 v0_after=0x00000000 v1_after=0x0000012A a0=0xFFFFFFFF a1=0x00008000 sp_after=0x801FFF98 c2ba=0x0000 f=0
[BLACKSCREEN][A110-15650-CALL] #300 call_pc=0x8001A244 ra=0x8001A24C v0=0xFFFFFFFF v1=0x0000012B a0=0xFFFFFFFF a1=0x00008000 sp=0x801FFF98 c2ba=0x0000 f=0
[BLACKSCREEN][STATE-C2BA-R] #300 size=2 phys=0x0002C2BA val=0x0000 ra=0x8001A24C sp=0x801FFF98 pc=0x00000000 f=0
[BLACKSCREEN][A110-15650-RET] #300 call_pc=0x8001A244 v0_after=0x00000000 v1_after=0x0000012B a0=0xFFFFFFFF a1=0x00008000 sp_after=0x801FFF98 c2ba=0x0000 f=0
[BLACKSCREEN][A110-15650-CALL] #301 call_pc=0x8001A244 ra=0x8001A24C v0=0xFFFFFFFF v1=0x0000012C a0=0xFFFFFFFF a1=0x00008000 sp=0x801FFF98 c2ba=0x0000 f=0
[BLACKSCREEN][STATE-C2BA-R] #301 size=2 phys=0x0002C2BA val=0x0000 ra=0x8001A24C sp=0x801FFF98 pc=0x00000000 f=0
[BLACKSCREEN][A110-15650-RET] #301 call_pc=0x8001A244 v0_after=0x00000000 v1_after=0x0000012C a0=0xFFFFFFFF a1=0x00008000 sp_after=0x801FFF98 c2ba=0x0000 f=0
[BLACKSCREEN][A110-15650-CALL] #302 call_pc=0x8001A244 ra=0x8001A24C v0=0xFFFFFFFF v1=0x0000012D a0=0xFFFFFFFF a1=0x00008000 sp=0x801FFF98 c2ba=0x0000 f=0
[BLACKSCREEN][STATE-C2BA-R] #302 size=2 phys=0x0002C2BA val=0x0000 ra=0x8001A24C sp=0x801FFF98 pc=0x00000000 f=0
[BLACKSCREEN][A110-15650-RET] #302 call_pc=0x8001A244 v0_after=0x00000000 v1_after=0x0000012D a0=0xFFFFFFFF a1=0x00008000 sp_after=0x801FFF98 c2ba=0x0000 f=0
[BLACKSCREEN][A110-15650-CALL] #303 call_pc=0x8001A244 ra=0x8001A24C v0=0xFFFFFFFF v1=0x0000012E a0=0xFFFFFFFF a1=0x00008000 sp=0x801FFF98 c2ba=0x0000 f=0
[BLACKSCREEN][STATE-C2BA-R] #303 size=2 phys=0x0002C2BA val=0x0000 ra=0x8001A24C sp=0x801FFF98 pc=0x00000000 f=0
[BLACKSCREEN][A110-15650-RET] #303 call_pc=0x8001A244 v0_after=0x00000000 v1_after=0x0000012E a0=0xFFFFFFFF a1=0x00008000 sp_after=0x801FFF98 c2ba=0x0000 f=0
[BLACKSCREEN][A110-15650-CALL] #304 call_pc=0x8001A244 ra=0x8001A24C v0=0xFFFFFFFF v1=0x0000012F a0=0xFFFFFFFF a1=0x00008000 sp=0x801FFF98 c2ba=0x0000 f=0
[BLACKSCREEN][STATE-C2BA-R] #304 size=2 phys=0x0002C2BA val=0x0000 ra=0x8001A24C sp=0x801FFF98 pc=0x00000000 f=0
[BLACKSCREEN][A110-15650-RET] #304 call_pc=0x8001A244 v0_after=0x00000000 v1_after=0x0000012F a0=0xFFFFFFFF a1=0x00008000 sp_after=0x801FFF98 c2ba=0x0000 f=0
[BLACKSCREEN][A110-15650-CALL] #305 call_pc=0x8001A244 ra=0x8001A24C v0=0xFFFFFFFF v1=0x00000130 a0=0xFFFFFFFF a1=0x00008000 sp=0x801FFF98 c2ba=0x0000 f=0
[BLACKSCREEN][STATE-C2BA-R] #305 size=2 phys=0x0002C2BA val=0x0000 ra=0x8001A24C sp=0x801FFF98 pc=0x00000000 f=0
[BLACKSCREEN][A110-15650-RET] #305 call_pc=0x8001A244 v0_after=0x00000000 v1_after=0x00000130 a0=0xFFFFFFFF a1=0x00008000 sp_after=0x801FFF98 c2ba=0x0000 f=0
[BLACKSCREEN][A110-15650-CALL] #306 call_pc=0x8001A244 ra=0x8001A24C v0=0xFFFFFFFF v1=0x00000131 a0=0xFFFFFFFF a1=0x00008000 sp=0x801FFF98 c2ba=0x0000 f=0
[BLACKSCREEN][STATE-C2BA-R] #306 size=2 phys=0x0002C2BA val=0x0000 ra=0x8001A24C sp=0x801FFF98 pc=0x00000000 f=0
[BLACKSCREEN][A110-15650-RET] #306 call_pc=0x8001A244 v0_after=0x00000000 v1_after=0x00000131 a0=0xFFFFFFFF a1=0x00008000 sp_after=0x801FFF98 c2ba=0x0000 f=0
[BLACKSCREEN][A110-15650-CALL] #307 call_pc=0x8001A244 ra=0x8001A24C v0=0xFFFFFFFF v1=0x00000132 a0=0xFFFFFFFF a1=0x00008000 sp=0x801FFF98 c2ba=0x0000 f=0
[BLACKSCREEN][STATE-C2BA-R] #307 size=2 phys=0x0002C2BA val=0x0000 ra=0x8001A24C sp=0x801FFF98 pc=0x00000000 f=0
[BLACKSCREEN][A110-15650-RET] #307 call_pc=0x8001A244 v0_after=0x00000000 v1_after=0x00000132 a0=0xFFFFFFFF a1=0x00008000 sp_after=0x801FFF98 c2ba=0x0000 f=0
[BLACKSCREEN][A110-15650-CALL] #308 call_pc=0x8001A244 ra=0x8001A24C v0=0xFFFFFFFF v1=0x00000133 a0=0xFFFFFFFF a1=0x00008000 sp=0x801FFF98 c2ba=0x0000 f=0
[BLACKSCREEN][STATE-C2BA-R] #308 size=2 phys=0x0002C2BA val=0x0000 ra=0x8001A24C sp=0x801FFF98 pc=0x00000000 f=0
[BLACKSCREEN][A110-15650-RET] #308 call_pc=0x8001A244 v0_after=0x00000000 v1_after=0x00000133 a0=0xFFFFFFFF a1=0x00008000 sp_after=0x801FFF98 c2ba=0x0000 f=0
[BLACKSCREEN][A110-15650-CALL] #309 call_pc=0x8001A244 ra=0x8001A24C v0=0xFFFFFFFF v1=0x00000134 a0=0xFFFFFFFF a1=0x00008000 sp=0x801FFF98 c2ba=0x0000 f=0
[BLACKSCREEN][STATE-C2BA-R] #309 size=2 phys=0x0002C2BA val=0x0000 ra=0x8001A24C sp=0x801FFF98 pc=0x00000000 f=0
[BLACKSCREEN][A110-15650-RET] #309 call_pc=0x8001A244 v0_after=0x00000000 v1_after=0x00000134 a0=0xFFFFFFFF a1=0x00008000 sp_after=0x801FFF98 c2ba=0x0000 f=0
[BLACKSCREEN][A110-15650-CALL] #310 call_pc=0x8001A244 ra=0x8001A24C v0=0xFFFFFFFF v1=0x00000135 a0=0xFFFFFFFF a1=0x00008000 sp=0x801FFF98 c2ba=0x0000 f=0
[BLACKSCREEN][STATE-C2BA-R] #310 size=2 phys=0x0002C2BA val=0x0000 ra=0x8001A24C sp=0x801FFF98 pc=0x00000000 f=0
[BLACKSCREEN][A110-15650-RET] #310 call_pc=0x8001A244 v0_after=0x00000000 v1_after=0x00000135 a0=0xFFFFFFFF a1=0x00008000 sp_after=0x801FFF98 c2ba=0x0000 f=0
[BLACKSCREEN][A110-15650-CALL] #311 call_pc=0x8001A244 ra=0x8001A24C v0=0xFFFFFFFF v1=0x00000136 a0=0xFFFFFFFF a1=0x00008000 sp=0x801FFF98 c2ba=0x0000 f=0
[BLACKSCREEN][STATE-C2BA-R] #311 size=2 phys=0x0002C2BA val=0x0000 ra=0x8001A24C sp=0x801FFF98 pc=0x00000000 f=0
[BLACKSCREEN][A110-15650-RET] #311 call_pc=0x8001A244 v0_after=0x00000000 v1_after=0x00000136 a0=0xFFFFFFFF a1=0x00008000 sp_after=0x801FFF98 c2ba=0x0000 f=0
[BLACKSCREEN][A110-15650-CALL] #312 call_pc=0x8001A244 ra=0x8001A24C v0=0xFFFFFFFF v1=0x00000137 a0=0xFFFFFFFF a1=0x00008000 sp=0x801FFF98 c2ba=0x0000 f=0
[BLACKSCREEN][STATE-C2BA-R] #312 size=2 phys=0x0002C2BA val=0x0000 ra=0x8001A24C sp=0x801FFF98 pc=0x00000000 f=0
[BLACKSCREEN][A110-15650-RET] #312 call_pc=0x8001A244 v0_after=0x00000000 v1_after=0x00000137 a0=0xFFFFFFFF a1=0x00008000 sp_after=0x801FFF98 c2ba=0x0000 f=0
[BLACKSCREEN][A110-15650-CALL] #313 call_pc=0x8001A244 ra=0x8001A24C v0=0xFFFFFFFF v1=0x00000138 a0=0xFFFFFFFF a1=0x00008000 sp=0x801FFF98 c2ba=0x0000 f=0
[BLACKSCREEN][STATE-C2BA-R] #313 size=2 phys=0x0002C2BA val=0x0000 ra=0x8001A24C sp=0x801FFF98 pc=0x00000000 f=0
[BLACKSCREEN][A110-15650-RET] #313 call_pc=0x8001A244 v0_after=0x00000000 v1_after=0x00000138 a0=0xFFFFFFFF a1=0x00008000 sp_after=0x801FFF98 c2ba=0x0000 f=0
[BLACKSCREEN][A110-15650-CALL] #314 call_pc=0x8001A244 ra=0x8001A24C v0=0xFFFFFFFF v1=0x00000139 a0=0xFFFFFFFF a1=0x00008000 sp=0x801FFF98 c2ba=0x0000 f=0
[BLACKSCREEN][STATE-C2BA-R] #314 size=2 phys=0x0002C2BA val=0x0000 ra=0x8001A24C sp=0x801FFF98 pc=0x00000000 f=0
[BLACKSCREEN][A110-15650-RET] #314 call_pc=0x8001A244 v0_after=0x00000000 v1_after=0x00000139 a0=0xFFFFFFFF a1=0x00008000 sp_after=0x801FFF98 c2ba=0x0000 f=0
[BLACKSCREEN][A110-15650-CALL] #315 call_pc=0x8001A244 ra=0x8001A24C v0=0xFFFFFFFF v1=0x0000013A a0=0xFFFFFFFF a1=0x00008000 sp=0x801FFF98 c2ba=0x0000 f=0
[BLACKSCREEN][STATE-C2BA-R] #315 size=2 phys=0x0002C2BA val=0x0000 ra=0x8001A24C sp=0x801FFF98 pc=0x00000000 f=0
[BLACKSCREEN][A110-15650-RET] #315 call_pc=0x8001A244 v0_after=0x00000000 v1_after=0x0000013A a0=0xFFFFFFFF a1=0x00008000 sp_after=0x801FFF98 c2ba=0x0000 f=0
[BLACKSCREEN][A110-15650-CALL] #316 call_pc=0x8001A244 ra=0x8001A24C v0=0xFFFFFFFF v1=0x0000013B a0=0xFFFFFFFF a1=0x00008000 sp=0x801FFF98 c2ba=0x0000 f=0
[BLACKSCREEN][STATE-C2BA-R] #316 size=2 phys=0x0002C2BA val=0x0000 ra=0x8001A24C sp=0x801FFF98 pc=0x00000000 f=0
[BLACKSCREEN][A110-15650-RET] #316 call_pc=0x8001A244 v0_after=0x00000000 v1_after=0x0000013B a0=0xFFFFFFFF a1=0x00008000 sp_after=0x801FFF98 c2ba=0x0000 f=0
[BLACKSCREEN][A110-15650-CALL] #317 call_pc=0x8001A244 ra=0x8001A24C v0=0xFFFFFFFF v1=0x0000013C a0=0xFFFFFFFF a1=0x00008000 sp=0x801FFF98 c2ba=0x0000 f=0
[BLACKSCREEN][STATE-C2BA-R] #317 size=2 phys=0x0002C2BA val=0x0000 ra=0x8001A24C sp=0x801FFF98 pc=0x00000000 f=0
[BLACKSCREEN][A110-15650-RET] #317 call_pc=0x8001A244 v0_after=0x00000000 v1_after=0x0000013C a0=0xFFFFFFFF a1=0x00008000 sp_after=0x801FFF98 c2ba=0x0000 f=0
[BLACKSCREEN][A110-15650-CALL] #318 call_pc=0x8001A244 ra=0x8001A24C v0=0xFFFFFFFF v1=0x0000013D a0=0xFFFFFFFF a1=0x00008000 sp=0x801FFF98 c2ba=0x0000 f=0
[BLACKSCREEN][STATE-C2BA-R] #318 size=2 phys=0x0002C2BA val=0x0000 ra=0x8001A24C sp=0x801FFF98 pc=0x00000000 f=0
[BLACKSCREEN][A110-15650-RET] #318 call_pc=0x8001A244 v0_after=0x00000000 v1_after=0x0000013D a0=0xFFFFFFFF a1=0x00008000 sp_after=0x801FFF98 c2ba=0x0000 f=0
[BLACKSCREEN][A110-15650-CALL] #319 call_pc=0x8001A244 ra=0x8001A24C v0=0xFFFFFFFF v1=0x0000013E a0=0xFFFFFFFF a1=0x00008000 sp=0x801FFF98 c2ba=0x0000 f=0
[BLACKSCREEN][STATE-C2BA-R] #319 size=2 phys=0x0002C2BA val=0x0000 ra=0x8001A24C sp=0x801FFF98 pc=0x00000000 f=0
[BLACKSCREEN][A110-15650-RET] #319 call_pc=0x8001A244 v0_after=0x00000000 v1_after=0x0000013E a0=0xFFFFFFFF a1=0x00008000 sp_after=0x801FFF98 c2ba=0x0000 f=0
[BLACKSCREEN][A110-15650-CALL] #320 call_pc=0x8001A244 ra=0x8001A24C v0=0xFFFFFFFF v1=0x0000013F a0=0xFFFFFFFF a1=0x00008000 sp=0x801FFF98 c2ba=0x0000 f=0
[BLACKSCREEN][STATE-C2BA-R] #320 size=2 phys=0x0002C2BA val=0x0000 ra=0x8001A24C sp=0x801FFF98 pc=0x00000000 f=0
[BLACKSCREEN][A110-15650-RET] #320 call_pc=0x8001A244 v0_after=0x00000000 v1_after=0x0000013F a0=0xFFFFFFFF a1=0x00008000 sp_after=0x801FFF98 c2ba=0x0000 f=0
[BLACKSCREEN][A110-15650-CALL] #321 call_pc=0x8001A244 ra=0x8001A24C v0=0xFFFFFFFF v1=0x00000140 a0=0xFFFFFFFF a1=0x00008000 sp=0x801FFF98 c2ba=0x0000 f=0
[BLACKSCREEN][STATE-C2BA-R] #321 size=2 phys=0x0002C2BA val=0x0000 ra=0x8001A24C sp=0x801FFF98 pc=0x00000000 f=0
[BLACKSCREEN][A110-15650-RET] #321 call_pc=0x8001A244 v0_after=0x00000000 v1_after=0x00000140 a0=0xFFFFFFFF a1=0x00008000 sp_after=0x801FFF98 c2ba=0x0000 f=0
[BLACKSCREEN][A110-15650-CALL] #322 call_pc=0x8001A244 ra=0x8001A24C v0=0xFFFFFFFF v1=0x00000141 a0=0xFFFFFFFF a1=0x00008000 sp=0x801FFF98 c2ba=0x0000 f=0
[BLACKSCREEN][STATE-C2BA-R] #322 size=2 phys=0x0002C2BA val=0x0000 ra=0x8001A24C sp=0x801FFF98 pc=0x00000000 f=0
[BLACKSCREEN][A110-15650-RET] #322 call_pc=0x8001A244 v0_after=0x00000000 v1_after=0x00000141 a0=0xFFFFFFFF a1=0x00008000 sp_after=0x801FFF98 c2ba=0x0000 f=0
[BLACKSCREEN][A110-15650-CALL] #323 call_pc=0x8001A244 ra=0x8001A24C v0=0xFFFFFFFF v1=0x00000142 a0=0xFFFFFFFF a1=0x00008000 sp=0x801FFF98 c2ba=0x0000 f=0
[BLACKSCREEN][STATE-C2BA-R] #323 size=2 phys=0x0002C2BA val=0x0000 ra=0x8001A24C sp=0x801FFF98 pc=0x00000000 f=0
[BLACKSCREEN][A110-15650-RET] #323 call_pc=0x8001A244 v0_after=0x00000000 v1_after=0x00000142 a0=0xFFFFFFFF a1=0x00008000 sp_after=0x801FFF98 c2ba=0x0000 f=0
[BLACKSCREEN][A110-15650-CALL] #324 call_pc=0x8001A244 ra=0x8001A24C v0=0xFFFFFFFF v1=0x00000143 a0=0xFFFFFFFF a1=0x00008000 sp=0x801FFF98 c2ba=0x0000 f=0
[BLACKSCREEN][STATE-C2BA-R] #324 size=2 phys=0x0002C2BA val=0x0000 ra=0x8001A24C sp=0x801FFF98 pc=0x00000000 f=0
[BLACKSCREEN][A110-15650-RET] #324 call_pc=0x8001A244 v0_after=0x00000000 v1_after=0x00000143 a0=0xFFFFFFFF a1=0x00008000 sp_after=0x801FFF98 c2ba=0x0000 f=0
[BLACKSCREEN][A110-15650-CALL] #325 call_pc=0x8001A244 ra=0x8001A24C v0=0xFFFFFFFF v1=0x00000144 a0=0xFFFFFFFF a1=0x00008000 sp=0x801FFF98 c2ba=0x0000 f=0
[BLACKSCREEN][STATE-C2BA-R] #325 size=2 phys=0x0002C2BA val=0x0000 ra=0x8001A24C sp=0x801FFF98 pc=0x00000000 f=0
[BLACKSCREEN][A110-15650-RET] #325 call_pc=0x8001A244 v0_after=0x00000000 v1_after=0x00000144 a0=0xFFFFFFFF a1=0x00008000 sp_after=0x801FFF98 c2ba=0x0000 f=0
[BLACKSCREEN][A110-15650-CALL] #326 call_pc=0x8001A244 ra=0x8001A24C v0=0xFFFFFFFF v1=0x00000145 a0=0xFFFFFFFF a1=0x00008000 sp=0x801FFF98 c2ba=0x0000 f=0
[BLACKSCREEN][STATE-C2BA-R] #326 size=2 phys=0x0002C2BA val=0x0000 ra=0x8001A24C sp=0x801FFF98 pc=0x00000000 f=0
[BLACKSCREEN][A110-15650-RET] #326 call_pc=0x8001A244 v0_after=0x00000000 v1_after=0x00000145 a0=0xFFFFFFFF a1=0x00008000 sp_after=0x801FFF98 c2ba=0x0000 f=0
[BLACKSCREEN][A110-15650-CALL] #327 call_pc=0x8001A244 ra=0x8001A24C v0=0xFFFFFFFF v1=0x00000146 a0=0xFFFFFFFF a1=0x00008000 sp=0x801FFF98 c2ba=0x0000 f=0
[BLACKSCREEN][STATE-C2BA-R] #327 size=2 phys=0x0002C2BA val=0x0000 ra=0x8001A24C sp=0x801FFF98 pc=0x00000000 f=0
[BLACKSCREEN][A110-15650-RET] #327 call_pc=0x8001A244 v0_after=0x00000000 v1_after=0x00000146 a0=0xFFFFFFFF a1=0x00008000 sp_after=0x801FFF98 c2ba=0x0000 f=0
[BLACKSCREEN][A110-15650-CALL] #328 call_pc=0x8001A244 ra=0x8001A24C v0=0xFFFFFFFF v1=0x00000147 a0=0xFFFFFFFF a1=0x00008000 sp=0x801FFF98 c2ba=0x0000 f=0
[BLACKSCREEN][STATE-C2BA-R] #328 size=2 phys=0x0002C2BA val=0x0000 ra=0x8001A24C sp=0x801FFF98 pc=0x00000000 f=0
[BLACKSCREEN][A110-15650-RET] #328 call_pc=0x8001A244 v0_after=0x00000000 v1_after=0x00000147 a0=0xFFFFFFFF a1=0x00008000 sp_after=0x801FFF98 c2ba=0x0000 f=0
[BLACKSCREEN][A110-15650-CALL] #329 call_pc=0x8001A244 ra=0x8001A24C v0=0xFFFFFFFF v1=0x00000148 a0=0xFFFFFFFF a1=0x00008000 sp=0x801FFF98 c2ba=0x0000 f=0
[BLACKSCREEN][STATE-C2BA-R] #329 size=2 phys=0x0002C2BA val=0x0000 ra=0x8001A24C sp=0x801FFF98 pc=0x00000000 f=0
[BLACKSCREEN][A110-15650-RET] #329 call_pc=0x8001A244 v0_after=0x00000000 v1_after=0x00000148 a0=0xFFFFFFFF a1=0x00008000 sp_after=0x801FFF98 c2ba=0x0000 f=0
[BLACKSCREEN][A110-15650-CALL] #330 call_pc=0x8001A244 ra=0x8001A24C v0=0xFFFFFFFF v1=0x00000149 a0=0xFFFFFFFF a1=0x00008000 sp=0x801FFF98 c2ba=0x0000 f=0
[BLACKSCREEN][STATE-C2BA-R] #330 size=2 phys=0x0002C2BA val=0x0000 ra=0x8001A24C sp=0x801FFF98 pc=0x00000000 f=0
[BLACKSCREEN][A110-15650-RET] #330 call_pc=0x8001A244 v0_after=0x00000000 v1_after=0x00000149 a0=0xFFFFFFFF a1=0x00008000 sp_after=0x801FFF98 c2ba=0x0000 f=0
[BLACKSCREEN][A110-15650-CALL] #331 call_pc=0x8001A244 ra=0x8001A24C v0=0xFFFFFFFF v1=0x0000014A a0=0xFFFFFFFF a1=0x00008000 sp=0x801FFF98 c2ba=0x0000 f=0
[BLACKSCREEN][STATE-C2BA-R] #331 size=2 phys=0x0002C2BA val=0x0000 ra=0x8001A24C sp=0x801FFF98 pc=0x00000000 f=0
[BLACKSCREEN][A110-15650-RET] #331 call_pc=0x8001A244 v0_after=0x00000000 v1_after=0x0000014A a0=0xFFFFFFFF a1=0x00008000 sp_after=0x801FFF98 c2ba=0x0000 f=0
[BLACKSCREEN][A110-15650-CALL] #332 call_pc=0x8001A244 ra=0x8001A24C v0=0xFFFFFFFF v1=0x0000014B a0=0xFFFFFFFF a1=0x00008000 sp=0x801FFF98 c2ba=0x0000 f=0
[BLACKSCREEN][STATE-C2BA-R] #332 size=2 phys=0x0002C2BA val=0x0000 ra=0x8001A24C sp=0x801FFF98 pc=0x00000000 f=0
[BLACKSCREEN][A110-15650-RET] #332 call_pc=0x8001A244 v0_after=0x00000000 v1_after=0x0000014B a0=0xFFFFFFFF a1=0x00008000 sp_after=0x801FFF98 c2ba=0x0000 f=0
[BLACKSCREEN][A110-15650-CALL] #333 call_pc=0x8001A244 ra=0x8001A24C v0=0xFFFFFFFF v1=0x0000014C a0=0xFFFFFFFF a1=0x00008000 sp=0x801FFF98 c2ba=0x0000 f=0
[BLACKSCREEN][STATE-C2BA-R] #333 size=2 phys=0x0002C2BA val=0x0000 ra=0x8001A24C sp=0x801FFF98 pc=0x00000000 f=0
[BLACKSCREEN][A110-15650-RET] #333 call_pc=0x8001A244 v0_after=0x00000000 v1_after=0x0000014C a0=0xFFFFFFFF a1=0x00008000 sp_after=0x801FFF98 c2ba=0x0000 f=0
[BLACKSCREEN][A110-15650-CALL] #334 call_pc=0x8001A244 ra=0x8001A24C v0=0xFFFFFFFF v1=0x0000014D a0=0xFFFFFFFF a1=0x00008000 sp=0x801FFF98 c2ba=0x0000 f=0
[BLACKSCREEN][STATE-C2BA-R] #334 size=2 phys=0x0002C2BA val=0x0000 ra=0x8001A24C sp=0x801FFF98 pc=0x00000000 f=0
[BLACKSCREEN][A110-15650-RET] #334 call_pc=0x8001A244 v0_after=0x00000000 v1_after=0x0000014D a0=0xFFFFFFFF a1=0x00008000 sp_after=0x801FFF98 c2ba=0x0000 f=0
[BLACKSCREEN][A110-15650-CALL] #335 call_pc=0x8001A244 ra=0x8001A24C v0=0xFFFFFFFF v1=0x0000014E a0=0xFFFFFFFF a1=0x00008000 sp=0x801FFF98 c2ba=0x0000 f=0
[BLACKSCREEN][STATE-C2BA-R] #335 size=2 phys=0x0002C2BA val=0x0000 ra=0x8001A24C sp=0x801FFF98 pc=0x00000000 f=0
[BLACKSCREEN][A110-15650-RET] #335 call_pc=0x8001A244 v0_after=0x00000000 v1_after=0x0000014E a0=0xFFFFFFFF a1=0x00008000 sp_after=0x801FFF98 c2ba=0x0000 f=0
[BLACKSCREEN][A110-15650-CALL] #336 call_pc=0x8001A244 ra=0x8001A24C v0=0xFFFFFFFF v1=0x0000014F a0=0xFFFFFFFF a1=0x00008000 sp=0x801FFF98 c2ba=0x0000 f=0
[BLACKSCREEN][STATE-C2BA-R] #336 size=2 phys=0x0002C2BA val=0x0000 ra=0x8001A24C sp=0x801FFF98 pc=0x00000000 f=0
[BLACKSCREEN][A110-15650-RET] #336 call_pc=0x8001A244 v0_after=0x00000000 v1_after=0x0000014F a0=0xFFFFFFFF a1=0x00008000 sp_after=0x801FFF98 c2ba=0x0000 f=0
[BLACKSCREEN][A110-15650-CALL] #337 call_pc=0x8001A244 ra=0x8001A24C v0=0xFFFFFFFF v1=0x00000150 a0=0xFFFFFFFF a1=0x00008000 sp=0x801FFF98 c2ba=0x0000 f=0
[BLACKSCREEN][STATE-C2BA-R] #337 size=2 phys=0x0002C2BA val=0x0000 ra=0x8001A24C sp=0x801FFF98 pc=0x00000000 f=0
[BLACKSCREEN][A110-15650-RET] #337 call_pc=0x8001A244 v0_after=0x00000000 v1_after=0x00000150 a0=0xFFFFFFFF a1=0x00008000 sp_after=0x801FFF98 c2ba=0x0000 f=0
[BLACKSCREEN][A110-15650-CALL] #338 call_pc=0x8001A244 ra=0x8001A24C v0=0xFFFFFFFF v1=0x00000151 a0=0xFFFFFFFF a1=0x00008000 sp=0x801FFF98 c2ba=0x0000 f=0
[BLACKSCREEN][STATE-C2BA-R] #338 size=2 phys=0x0002C2BA val=0x0000 ra=0x8001A24C sp=0x801FFF98 pc=0x00000000 f=0
[BLACKSCREEN][A110-15650-RET] #338 call_pc=0x8001A244 v0_after=0x00000000 v1_after=0x00000151 a0=0xFFFFFFFF a1=0x00008000 sp_after=0x801FFF98 c2ba=0x0000 f=0
[BLACKSCREEN][A110-15650-CALL] #339 call_pc=0x8001A244 ra=0x8001A24C v0=0xFFFFFFFF v1=0x00000152 a0=0xFFFFFFFF a1=0x00008000 sp=0x801FFF98 c2ba=0x0000 f=0
[BLACKSCREEN][STATE-C2BA-R] #339 size=2 phys=0x0002C2BA val=0x0000 ra=0x8001A24C sp=0x801FFF98 pc=0x00000000 f=0
[BLACKSCREEN][A110-15650-RET] #339 call_pc=0x8001A244 v0_after=0x00000000 v1_after=0x00000152 a0=0xFFFFFFFF a1=0x00008000 sp_after=0x801FFF98 c2ba=0x0000 f=0
[BLACKSCREEN][A110-15650-CALL] #340 call_pc=0x8001A244 ra=0x8001A24C v0=0xFFFFFFFF v1=0x00000153 a0=0xFFFFFFFF a1=0x00008000 sp=0x801FFF98 c2ba=0x0000 f=0
[BLACKSCREEN][STATE-C2BA-R] #340 size=2 phys=0x0002C2BA val=0x0000 ra=0x8001A24C sp=0x801FFF98 pc=0x00000000 f=0
[BLACKSCREEN][A110-15650-RET] #340 call_pc=0x8001A244 v0_after=0x00000000 v1_after=0x00000153 a0=0xFFFFFFFF a1=0x00008000 sp_after=0x801FFF98 c2ba=0x0000 f=0
[BLACKSCREEN][A110-15650-CALL] #341 call_pc=0x8001A244 ra=0x8001A24C v0=0xFFFFFFFF v1=0x00000154 a0=0xFFFFFFFF a1=0x00008000 sp=0x801FFF98 c2ba=0x0000 f=0
[BLACKSCREEN][STATE-C2BA-R] #341 size=2 phys=0x0002C2BA val=0x0000 ra=0x8001A24C sp=0x801FFF98 pc=0x00000000 f=0
[BLACKSCREEN][A110-15650-RET] #341 call_pc=0x8001A244 v0_after=0x00000000 v1_after=0x00000154 a0=0xFFFFFFFF a1=0x00008000 sp_after=0x801FFF98 c2ba=0x0000 f=0
[BLACKSCREEN][A110-15650-CALL] #342 call_pc=0x8001A244 ra=0x8001A24C v0=0xFFFFFFFF v1=0x00000155 a0=0xFFFFFFFF a1=0x00008000 sp=0x801FFF98 c2ba=0x0000 f=0
[BLACKSCREEN][STATE-C2BA-R] #342 size=2 phys=0x0002C2BA val=0x0000 ra=0x8001A24C sp=0x801FFF98 pc=0x00000000 f=0
[BLACKSCREEN][A110-15650-RET] #342 call_pc=0x8001A244 v0_after=0x00000000 v1_after=0x00000155 a0=0xFFFFFFFF a1=0x00008000 sp_after=0x801FFF98 c2ba=0x0000 f=0
[BLACKSCREEN][A110-15650-CALL] #343 call_pc=0x8001A244 ra=0x8001A24C v0=0xFFFFFFFF v1=0x00000156 a0=0xFFFFFFFF a1=0x00008000 sp=0x801FFF98 c2ba=0x0000 f=0
[BLACKSCREEN][STATE-C2BA-R] #343 size=2 phys=0x0002C2BA val=0x0000 ra=0x8001A24C sp=0x801FFF98 pc=0x00000000 f=0
[BLACKSCREEN][A110-15650-RET] #343 call_pc=0x8001A244 v0_after=0x00000000 v1_after=0x00000156 a0=0xFFFFFFFF a1=0x00008000 sp_after=0x801FFF98 c2ba=0x0000 f=0
[BLACKSCREEN][A110-15650-CALL] #344 call_pc=0x8001A244 ra=0x8001A24C v0=0xFFFFFFFF v1=0x00000157 a0=0xFFFFFFFF a1=0x00008000 sp=0x801FFF98 c2ba=0x0000 f=0
[BLACKSCREEN][STATE-C2BA-R] #344 size=2 phys=0x0002C2BA val=0x0000 ra=0x8001A24C sp=0x801FFF98 pc=0x00000000 f=0
[BLACKSCREEN][A110-15650-RET] #344 call_pc=0x8001A244 v0_after=0x00000000 v1_after=0x00000157 a0=0xFFFFFFFF a1=0x00008000 sp_after=0x801FFF98 c2ba=0x0000 f=0
[BLACKSCREEN][A110-15650-CALL] #345 call_pc=0x8001A244 ra=0x8001A24C v0=0xFFFFFFFF v1=0x00000158 a0=0xFFFFFFFF a1=0x00008000 sp=0x801FFF98 c2ba=0x0000 f=0
[BLACKSCREEN][STATE-C2BA-R] #345 size=2 phys=0x0002C2BA val=0x0000 ra=0x8001A24C sp=0x801FFF98 pc=0x00000000 f=0
[BLACKSCREEN][A110-15650-RET] #345 call_pc=0x8001A244 v0_after=0x00000000 v1_after=0x00000158 a0=0xFFFFFFFF a1=0x00008000 sp_after=0x801FFF98 c2ba=0x0000 f=0
[BLACKSCREEN][A110-15650-CALL] #346 call_pc=0x8001A244 ra=0x8001A24C v0=0xFFFFFFFF v1=0x00000159 a0=0xFFFFFFFF a1=0x00008000 sp=0x801FFF98 c2ba=0x0000 f=0
[BLACKSCREEN][STATE-C2BA-R] #346 size=2 phys=0x0002C2BA val=0x0000 ra=0x8001A24C sp=0x801FFF98 pc=0x00000000 f=0
[BLACKSCREEN][A110-15650-RET] #346 call_pc=0x8001A244 v0_after=0x00000000 v1_after=0x00000159 a0=0xFFFFFFFF a1=0x00008000 sp_after=0x801FFF98 c2ba=0x0000 f=0
[BLACKSCREEN][A110-15650-CALL] #347 call_pc=0x8001A244 ra=0x8001A24C v0=0xFFFFFFFF v1=0x0000015A a0=0xFFFFFFFF a1=0x00008000 sp=0x801FFF98 c2ba=0x0000 f=0
[BLACKSCREEN][STATE-C2BA-R] #347 size=2 phys=0x0002C2BA val=0x0000 ra=0x8001A24C sp=0x801FFF98 pc=0x00000000 f=0
[BLACKSCREEN][A110-15650-RET] #347 call_pc=0x8001A244 v0_after=0x00000000 v1_after=0x0000015A a0=0xFFFFFFFF a1=0x00008000 sp_after=0x801FFF98 c2ba=0x0000 f=0
[BLACKSCREEN][A110-15650-CALL] #348 call_pc=0x8001A244 ra=0x8001A24C v0=0xFFFFFFFF v1=0x0000015B a0=0xFFFFFFFF a1=0x00008000 sp=0x801FFF98 c2ba=0x0000 f=0
[BLACKSCREEN][STATE-C2BA-R] #348 size=2 phys=0x0002C2BA val=0x0000 ra=0x8001A24C sp=0x801FFF98 pc=0x00000000 f=0
[BLACKSCREEN][A110-15650-RET] #348 call_pc=0x8001A244 v0_after=0x00000000 v1_after=0x0000015B a0=0xFFFFFFFF a1=0x00008000 sp_after=0x801FFF98 c2ba=0x0000 f=0
[BLACKSCREEN][A110-15650-CALL] #349 call_pc=0x8001A244 ra=0x8001A24C v0=0xFFFFFFFF v1=0x0000015C a0=0xFFFFFFFF a1=0x00008000 sp=0x801FFF98 c2ba=0x0000 f=0
[BLACKSCREEN][STATE-C2BA-R] #349 size=2 phys=0x0002C2BA val=0x0000 ra=0x8001A24C sp=0x801FFF98 pc=0x00000000 f=0
[BLACKSCREEN][A110-15650-RET] #349 call_pc=0x8001A244 v0_after=0x00000000 v1_after=0x0000015C a0=0xFFFFFFFF a1=0x00008000 sp_after=0x801FFF98 c2ba=0x0000 f=0
[BLACKSCREEN][A110-15650-CALL] #350 call_pc=0x8001A244 ra=0x8001A24C v0=0xFFFFFFFF v1=0x0000015D a0=0xFFFFFFFF a1=0x00008000 sp=0x801FFF98 c2ba=0x0000 f=0
[BLACKSCREEN][STATE-C2BA-R] #350 size=2 phys=0x0002C2BA val=0x0000 ra=0x8001A24C sp=0x801FFF98 pc=0x00000000 f=0
[BLACKSCREEN][A110-15650-RET] #350 call_pc=0x8001A244 v0_after=0x00000000 v1_after=0x0000015D a0=0xFFFFFFFF a1=0x00008000 sp_after=0x801FFF98 c2ba=0x0000 f=0
[BLACKSCREEN][A110-15650-CALL] #351 call_pc=0x8001A244 ra=0x8001A24C v0=0xFFFFFFFF v1=0x0000015E a0=0xFFFFFFFF a1=0x00008000 sp=0x801FFF98 c2ba=0x0000 f=0
[BLACKSCREEN][STATE-C2BA-R] #351 size=2 phys=0x0002C2BA val=0x0000 ra=0x8001A24C sp=0x801FFF98 pc=0x00000000 f=0
[BLACKSCREEN][A110-15650-RET] #351 call_pc=0x8001A244 v0_after=0x00000000 v1_after=0x0000015E a0=0xFFFFFFFF a1=0x00008000 sp_after=0x801FFF98 c2ba=0x0000 f=0
[BLACKSCREEN][A110-15650-CALL] #352 call_pc=0x8001A244 ra=0x8001A24C v0=0xFFFFFFFF v1=0x0000015F a0=0xFFFFFFFF a1=0x00008000 sp=0x801FFF98 c2ba=0x0000 f=0
[BLACKSCREEN][STATE-C2BA-R] #352 size=2 phys=0x0002C2BA val=0x0000 ra=0x8001A24C sp=0x801FFF98 pc=0x00000000 f=0
[BLACKSCREEN][A110-15650-RET] #352 call_pc=0x8001A244 v0_after=0x00000000 v1_after=0x0000015F a0=0xFFFFFFFF a1=0x00008000 sp_after=0x801FFF98 c2ba=0x0000 f=0
[BLACKSCREEN][A110-15650-CALL] #353 call_pc=0x8001A244 ra=0x8001A24C v0=0xFFFFFFFF v1=0x00000160 a0=0xFFFFFFFF a1=0x00008000 sp=0x801FFF98 c2ba=0x0000 f=0
[BLACKSCREEN][STATE-C2BA-R] #353 size=2 phys=0x0002C2BA val=0x0000 ra=0x8001A24C sp=0x801FFF98 pc=0x00000000 f=0
[BLACKSCREEN][A110-15650-RET] #353 call_pc=0x8001A244 v0_after=0x00000000 v1_after=0x00000160 a0=0xFFFFFFFF a1=0x00008000 sp_after=0x801FFF98 c2ba=0x0000 f=0
[BLACKSCREEN][A110-15650-CALL] #354 call_pc=0x8001A244 ra=0x8001A24C v0=0xFFFFFFFF v1=0x00000161 a0=0xFFFFFFFF a1=0x00008000 sp=0x801FFF98 c2ba=0x0000 f=0
[BLACKSCREEN][STATE-C2BA-R] #354 size=2 phys=0x0002C2BA val=0x0000 ra=0x8001A24C sp=0x801FFF98 pc=0x00000000 f=0
[BLACKSCREEN][A110-15650-RET] #354 call_pc=0x8001A244 v0_after=0x00000000 v1_after=0x00000161 a0=0xFFFFFFFF a1=0x00008000 sp_after=0x801FFF98 c2ba=0x0000 f=0
[BLACKSCREEN][A110-15650-CALL] #355 call_pc=0x8001A244 ra=0x8001A24C v0=0xFFFFFFFF v1=0x00000162 a0=0xFFFFFFFF a1=0x00008000 sp=0x801FFF98 c2ba=0x0000 f=0
[BLACKSCREEN][STATE-C2BA-R] #355 size=2 phys=0x0002C2BA val=0x0000 ra=0x8001A24C sp=0x801FFF98 pc=0x00000000 f=0
[BLACKSCREEN][A110-15650-RET] #355 call_pc=0x8001A244 v0_after=0x00000000 v1_after=0x00000162 a0=0xFFFFFFFF a1=0x00008000 sp_after=0x801FFF98 c2ba=0x0000 f=0
[BLACKSCREEN][A110-15650-CALL] #356 call_pc=0x8001A244 ra=0x8001A24C v0=0xFFFFFFFF v1=0x00000163 a0=0xFFFFFFFF a1=0x00008000 sp=0x801FFF98 c2ba=0x0000 f=0
[BLACKSCREEN][STATE-C2BA-R] #356 size=2 phys=0x0002C2BA val=0x0000 ra=0x8001A24C sp=0x801FFF98 pc=0x00000000 f=0
[BLACKSCREEN][A110-15650-RET] #356 call_pc=0x8001A244 v0_after=0x00000000 v1_after=0x00000163 a0=0xFFFFFFFF a1=0x00008000 sp_after=0x801FFF98 c2ba=0x0000 f=0
[BLACKSCREEN][A110-15650-CALL] #357 call_pc=0x8001A244 ra=0x8001A24C v0=0xFFFFFFFF v1=0x00000164 a0=0xFFFFFFFF a1=0x00008000 sp=0x801FFF98 c2ba=0x0000 f=0
[BLACKSCREEN][STATE-C2BA-R] #357 size=2 phys=0x0002C2BA val=0x0000 ra=0x8001A24C sp=0x801FFF98 pc=0x00000000 f=0
[BLACKSCREEN][A110-15650-RET] #357 call_pc=0x8001A244 v0_after=0x00000000 v1_after=0x00000164 a0=0xFFFFFFFF a1=0x00008000 sp_after=0x801FFF98 c2ba=0x0000 f=0
[BLACKSCREEN][A110-15650-CALL] #358 call_pc=0x8001A244 ra=0x8001A24C v0=0xFFFFFFFF v1=0x00000165 a0=0xFFFFFFFF a1=0x00008000 sp=0x801FFF98 c2ba=0x0000 f=0
[BLACKSCREEN][STATE-C2BA-R] #358 size=2 phys=0x0002C2BA val=0x0000 ra=0x8001A24C sp=0x801FFF98 pc=0x00000000 f=0
[BLACKSCREEN][A110-15650-RET] #358 call_pc=0x8001A244 v0_after=0x00000000 v1_after=0x00000165 a0=0xFFFFFFFF a1=0x00008000 sp_after=0x801FFF98 c2ba=0x0000 f=0
[BLACKSCREEN][A110-15650-CALL] #359 call_pc=0x8001A244 ra=0x8001A24C v0=0xFFFFFFFF v1=0x00000166 a0=0xFFFFFFFF a1=0x00008000 sp=0x801FFF98 c2ba=0x0000 f=0
[BLACKSCREEN][STATE-C2BA-R] #359 size=2 phys=0x0002C2BA val=0x0000 ra=0x8001A24C sp=0x801FFF98 pc=0x00000000 f=0
[BLACKSCREEN][A110-15650-RET] #359 call_pc=0x8001A244 v0_after=0x00000000 v1_after=0x00000166 a0=0xFFFFFFFF a1=0x00008000 sp_after=0x801FFF98 c2ba=0x0000 f=0
[BLACKSCREEN][A110-15650-CALL] #360 call_pc=0x8001A244 ra=0x8001A24C v0=0xFFFFFFFF v1=0x00000167 a0=0xFFFFFFFF a1=0x00008000 sp=0x801FFF98 c2ba=0x0000 f=0
[BLACKSCREEN][STATE-C2BA-R] #360 size=2 phys=0x0002C2BA val=0x0000 ra=0x8001A24C sp=0x801FFF98 pc=0x00000000 f=0
[BLACKSCREEN][A110-15650-RET] #360 call_pc=0x8001A244 v0_after=0x00000000 v1_after=0x00000167 a0=0xFFFFFFFF a1=0x00008000 sp_after=0x801FFF98 c2ba=0x0000 f=0
[BLACKSCREEN][A110-15650-CALL] #361 call_pc=0x8001A244 ra=0x8001A24C v0=0xFFFFFFFF v1=0x00000168 a0=0xFFFFFFFF a1=0x00008000 sp=0x801FFF98 c2ba=0x0000 f=0
[BLACKSCREEN][STATE-C2BA-R] #361 size=2 phys=0x0002C2BA val=0x0000 ra=0x8001A24C sp=0x801FFF98 pc=0x00000000 f=0
[BLACKSCREEN][A110-15650-RET] #361 call_pc=0x8001A244 v0_after=0x00000000 v1_after=0x00000168 a0=0xFFFFFFFF a1=0x00008000 sp_after=0x801FFF98 c2ba=0x0000 f=0
[BLACKSCREEN][A110-15650-CALL] #362 call_pc=0x8001A244 ra=0x8001A24C v0=0xFFFFFFFF v1=0x00000169 a0=0xFFFFFFFF a1=0x00008000 sp=0x801FFF98 c2ba=0x0000 f=0
[BLACKSCREEN][STATE-C2BA-R] #362 size=2 phys=0x0002C2BA val=0x0000 ra=0x8001A24C sp=0x801FFF98 pc=0x00000000 f=0
[BLACKSCREEN][A110-15650-RET] #362 call_pc=0x8001A244 v0_after=0x00000000 v1_after=0x00000169 a0=0xFFFFFFFF a1=0x00008000 sp_after=0x801FFF98 c2ba=0x0000 f=0
[BLACKSCREEN][A110-15650-CALL] #363 call_pc=0x8001A244 ra=0x8001A24C v0=0xFFFFFFFF v1=0x0000016A a0=0xFFFFFFFF a1=0x00008000 sp=0x801FFF98 c2ba=0x0000 f=0
[BLACKSCREEN][STATE-C2BA-R] #363 size=2 phys=0x0002C2BA val=0x0000 ra=0x8001A24C sp=0x801FFF98 pc=0x00000000 f=0
[BLACKSCREEN][A110-15650-RET] #363 call_pc=0x8001A244 v0_after=0x00000000 v1_after=0x0000016A a0=0xFFFFFFFF a1=0x00008000 sp_after=0x801FFF98 c2ba=0x0000 f=0
[BLACKSCREEN][A110-15650-CALL] #364 call_pc=0x8001A244 ra=0x8001A24C v0=0xFFFFFFFF v1=0x0000016B a0=0xFFFFFFFF a1=0x00008000 sp=0x801FFF98 c2ba=0x0000 f=0
[BLACKSCREEN][STATE-C2BA-R] #364 size=2 phys=0x0002C2BA val=0x0000 ra=0x8001A24C sp=0x801FFF98 pc=0x00000000 f=0
[BLACKSCREEN][A110-15650-RET] #364 call_pc=0x8001A244 v0_after=0x00000000 v1_after=0x0000016B a0=0xFFFFFFFF a1=0x00008000 sp_after=0x801FFF98 c2ba=0x0000 f=0
[BLACKSCREEN][A110-15650-CALL] #365 call_pc=0x8001A244 ra=0x8001A24C v0=0xFFFFFFFF v1=0x0000016C a0=0xFFFFFFFF a1=0x00008000 sp=0x801FFF98 c2ba=0x0000 f=0
[BLACKSCREEN][STATE-C2BA-R] #365 size=2 phys=0x0002C2BA val=0x0000 ra=0x8001A24C sp=0x801FFF98 pc=0x00000000 f=0
[BLACKSCREEN][A110-15650-RET] #365 call_pc=0x8001A244 v0_after=0x00000000 v1_after=0x0000016C a0=0xFFFFFFFF a1=0x00008000 sp_after=0x801FFF98 c2ba=0x0000 f=0
[BLACKSCREEN][A110-15650-CALL] #366 call_pc=0x8001A244 ra=0x8001A24C v0=0xFFFFFFFF v1=0x0000016D a0=0xFFFFFFFF a1=0x00008000 sp=0x801FFF98 c2ba=0x0000 f=0
[BLACKSCREEN][STATE-C2BA-R] #366 size=2 phys=0x0002C2BA val=0x0000 ra=0x8001A24C sp=0x801FFF98 pc=0x00000000 f=0
[BLACKSCREEN][A110-15650-RET] #366 call_pc=0x8001A244 v0_after=0x00000000 v1_after=0x0000016D a0=0xFFFFFFFF a1=0x00008000 sp_after=0x801FFF98 c2ba=0x0000 f=0
[BLACKSCREEN][A110-15650-CALL] #367 call_pc=0x8001A244 ra=0x8001A24C v0=0xFFFFFFFF v1=0x0000016E a0=0xFFFFFFFF a1=0x00008000 sp=0x801FFF98 c2ba=0x0000 f=0
[BLACKSCREEN][STATE-C2BA-R] #367 size=2 phys=0x0002C2BA val=0x0000 ra=0x8001A24C sp=0x801FFF98 pc=0x00000000 f=0
[BLACKSCREEN][A110-15650-RET] #367 call_pc=0x8001A244 v0_after=0x00000000 v1_after=0x0000016E a0=0xFFFFFFFF a1=0x00008000 sp_after=0x801FFF98 c2ba=0x0000 f=0
[BLACKSCREEN][A110-15650-CALL] #368 call_pc=0x8001A244 ra=0x8001A24C v0=0xFFFFFFFF v1=0x0000016F a0=0xFFFFFFFF a1=0x00008000 sp=0x801FFF98 c2ba=0x0000 f=0
[BLACKSCREEN][STATE-C2BA-R] #368 size=2 phys=0x0002C2BA val=0x0000 ra=0x8001A24C sp=0x801FFF98 pc=0x00000000 f=0
[BLACKSCREEN][A110-15650-RET] #368 call_pc=0x8001A244 v0_after=0x00000000 v1_after=0x0000016F a0=0xFFFFFFFF a1=0x00008000 sp_after=0x801FFF98 c2ba=0x0000 f=0
[BLACKSCREEN][A110-15650-CALL] #369 call_pc=0x8001A244 ra=0x8001A24C v0=0xFFFFFFFF v1=0x00000170 a0=0xFFFFFFFF a1=0x00008000 sp=0x801FFF98 c2ba=0x0000 f=0
[BLACKSCREEN][STATE-C2BA-R] #369 size=2 phys=0x0002C2BA val=0x0000 ra=0x8001A24C sp=0x801FFF98 pc=0x00000000 f=0
[BLACKSCREEN][A110-15650-RET] #369 call_pc=0x8001A244 v0_after=0x00000000 v1_after=0x00000170 a0=0xFFFFFFFF a1=0x00008000 sp_after=0x801FFF98 c2ba=0x0000 f=0
[BLACKSCREEN][A110-15650-CALL] #370 call_pc=0x8001A244 ra=0x8001A24C v0=0xFFFFFFFF v1=0x00000171 a0=0xFFFFFFFF a1=0x00008000 sp=0x801FFF98 c2ba=0x0000 f=0
[BLACKSCREEN][STATE-C2BA-R] #370 size=2 phys=0x0002C2BA val=0x0000 ra=0x8001A24C sp=0x801FFF98 pc=0x00000000 f=0
[BLACKSCREEN][A110-15650-RET] #370 call_pc=0x8001A244 v0_after=0x00000000 v1_after=0x00000171 a0=0xFFFFFFFF a1=0x00008000 sp_after=0x801FFF98 c2ba=0x0000 f=0
[BLACKSCREEN][A110-15650-CALL] #371 call_pc=0x8001A244 ra=0x8001A24C v0=0xFFFFFFFF v1=0x00000172 a0=0xFFFFFFFF a1=0x00008000 sp=0x801FFF98 c2ba=0x0000 f=0
[BLACKSCREEN][STATE-C2BA-R] #371 size=2 phys=0x0002C2BA val=0x0000 ra=0x8001A24C sp=0x801FFF98 pc=0x00000000 f=0
[BLACKSCREEN][A110-15650-RET] #371 call_pc=0x8001A244 v0_after=0x00000000 v1_after=0x00000172 a0=0xFFFFFFFF a1=0x00008000 sp_after=0x801FFF98 c2ba=0x0000 f=0
[BLACKSCREEN][A110-15650-CALL] #372 call_pc=0x8001A244 ra=0x8001A24C v0=0xFFFFFFFF v1=0x00000173 a0=0xFFFFFFFF a1=0x00008000 sp=0x801FFF98 c2ba=0x0000 f=0
[BLACKSCREEN][STATE-C2BA-R] #372 size=2 phys=0x0002C2BA val=0x0000 ra=0x8001A24C sp=0x801FFF98 pc=0x00000000 f=0
[BLACKSCREEN][A110-15650-RET] #372 call_pc=0x8001A244 v0_after=0x00000000 v1_after=0x00000173 a0=0xFFFFFFFF a1=0x00008000 sp_after=0x801FFF98 c2ba=0x0000 f=0
[BLACKSCREEN][A110-15650-CALL] #373 call_pc=0x8001A244 ra=0x8001A24C v0=0xFFFFFFFF v1=0x00000174 a0=0xFFFFFFFF a1=0x00008000 sp=0x801FFF98 c2ba=0x0000 f=0
[BLACKSCREEN][STATE-C2BA-R] #373 size=2 phys=0x0002C2BA val=0x0000 ra=0x8001A24C sp=0x801FFF98 pc=0x00000000 f=0
[BLACKSCREEN][A110-15650-RET] #373 call_pc=0x8001A244 v0_after=0x00000000 v1_after=0x00000174 a0=0xFFFFFFFF a1=0x00008000 sp_after=0x801FFF98 c2ba=0x0000 f=0
[BLACKSCREEN][A110-15650-CALL] #374 call_pc=0x8001A244 ra=0x8001A24C v0=0xFFFFFFFF v1=0x00000175 a0=0xFFFFFFFF a1=0x00008000 sp=0x801FFF98 c2ba=0x0000 f=0
[BLACKSCREEN][STATE-C2BA-R] #374 size=2 phys=0x0002C2BA val=0x0000 ra=0x8001A24C sp=0x801FFF98 pc=0x00000000 f=0
[BLACKSCREEN][A110-15650-RET] #374 call_pc=0x8001A244 v0_after=0x00000000 v1_after=0x00000175 a0=0xFFFFFFFF a1=0x00008000 sp_after=0x801FFF98 c2ba=0x0000 f=0
[BLACKSCREEN][A110-15650-CALL] #375 call_pc=0x8001A244 ra=0x8001A24C v0=0xFFFFFFFF v1=0x00000176 a0=0xFFFFFFFF a1=0x00008000 sp=0x801FFF98 c2ba=0x0000 f=0
[BLACKSCREEN][STATE-C2BA-R] #375 size=2 phys=0x0002C2BA val=0x0000 ra=0x8001A24C sp=0x801FFF98 pc=0x00000000 f=0
[BLACKSCREEN][A110-15650-RET] #375 call_pc=0x8001A244 v0_after=0x00000000 v1_after=0x00000176 a0=0xFFFFFFFF a1=0x00008000 sp_after=0x801FFF98 c2ba=0x0000 f=0
[BLACKSCREEN][A110-15650-CALL] #376 call_pc=0x8001A244 ra=0x8001A24C v0=0xFFFFFFFF v1=0x00000177 a0=0xFFFFFFFF a1=0x00008000 sp=0x801FFF98 c2ba=0x0000 f=0
[BLACKSCREEN][STATE-C2BA-R] #376 size=2 phys=0x0002C2BA val=0x0000 ra=0x8001A24C sp=0x801FFF98 pc=0x00000000 f=0
[BLACKSCREEN][A110-15650-RET] #376 call_pc=0x8001A244 v0_after=0x00000000 v1_after=0x00000177 a0=0xFFFFFFFF a1=0x00008000 sp_after=0x801FFF98 c2ba=0x0000 f=0
[BLACKSCREEN][A110-15650-CALL] #377 call_pc=0x8001A244 ra=0x8001A24C v0=0xFFFFFFFF v1=0x00000178 a0=0xFFFFFFFF a1=0x00008000 sp=0x801FFF98 c2ba=0x0000 f=0
[BLACKSCREEN][STATE-C2BA-R] #377 size=2 phys=0x0002C2BA val=0x0000 ra=0x8001A24C sp=0x801FFF98 pc=0x00000000 f=0
[BLACKSCREEN][A110-15650-RET] #377 call_pc=0x8001A244 v0_after=0x00000000 v1_after=0x00000178 a0=0xFFFFFFFF a1=0x00008000 sp_after=0x801FFF98 c2ba=0x0000 f=0
[BLACKSCREEN][A110-15650-CALL] #378 call_pc=0x8001A244 ra=0x8001A24C v0=0xFFFFFFFF v1=0x00000179 a0=0xFFFFFFFF a1=0x00008000 sp=0x801FFF98 c2ba=0x0000 f=0
[BLACKSCREEN][STATE-C2BA-R] #378 size=2 phys=0x0002C2BA val=0x0000 ra=0x8001A24C sp=0x801FFF98 pc=0x00000000 f=0
[BLACKSCREEN][A110-15650-RET] #378 call_pc=0x8001A244 v0_after=0x00000000 v1_after=0x00000179 a0=0xFFFFFFFF a1=0x00008000 sp_after=0x801FFF98 c2ba=0x0000 f=0
[BLACKSCREEN][A110-15650-CALL] #379 call_pc=0x8001A244 ra=0x8001A24C v0=0xFFFFFFFF v1=0x0000017A a0=0xFFFFFFFF a1=0x00008000 sp=0x801FFF98 c2ba=0x0000 f=0
[BLACKSCREEN][STATE-C2BA-R] #379 size=2 phys=0x0002C2BA val=0x0000 ra=0x8001A24C sp=0x801FFF98 pc=0x00000000 f=0
[BLACKSCREEN][A110-15650-RET] #379 call_pc=0x8001A244 v0_after=0x00000000 v1_after=0x0000017A a0=0xFFFFFFFF a1=0x00008000 sp_after=0x801FFF98 c2ba=0x0000 f=0
[BLACKSCREEN][A110-15650-CALL] #380 call_pc=0x8001A244 ra=0x8001A24C v0=0xFFFFFFFF v1=0x0000017B a0=0xFFFFFFFF a1=0x00008000 sp=0x801FFF98 c2ba=0x0000 f=0
[BLACKSCREEN][STATE-C2BA-R] #380 size=2 phys=0x0002C2BA val=0x0000 ra=0x8001A24C sp=0x801FFF98 pc=0x00000000 f=0
[BLACKSCREEN][A110-15650-RET] #380 call_pc=0x8001A244 v0_after=0x00000000 v1_after=0x0000017B a0=0xFFFFFFFF a1=0x00008000 sp_after=0x801FFF98 c2ba=0x0000 f=0
[BLACKSCREEN][A110-15650-CALL] #381 call_pc=0x8001A244 ra=0x8001A24C v0=0xFFFFFFFF v1=0x0000017C a0=0xFFFFFFFF a1=0x00008000 sp=0x801FFF98 c2ba=0x0000 f=0
[BLACKSCREEN][STATE-C2BA-R] #381 size=2 phys=0x0002C2BA val=0x0000 ra=0x8001A24C sp=0x801FFF98 pc=0x00000000 f=0
[BLACKSCREEN][A110-15650-RET] #381 call_pc=0x8001A244 v0_after=0x00000000 v1_after=0x0000017C a0=0xFFFFFFFF a1=0x00008000 sp_after=0x801FFF98 c2ba=0x0000 f=0
[BLACKSCREEN][A110-15650-CALL] #382 call_pc=0x8001A244 ra=0x8001A24C v0=0xFFFFFFFF v1=0x0000017D a0=0xFFFFFFFF a1=0x00008000 sp=0x801FFF98 c2ba=0x0000 f=0
[BLACKSCREEN][STATE-C2BA-R] #382 size=2 phys=0x0002C2BA val=0x0000 ra=0x8001A24C sp=0x801FFF98 pc=0x00000000 f=0
[BLACKSCREEN][A110-15650-RET] #382 call_pc=0x8001A244 v0_after=0x00000000 v1_after=0x0000017D a0=0xFFFFFFFF a1=0x00008000 sp_after=0x801FFF98 c2ba=0x0000 f=0
[BLACKSCREEN][A110-15650-CALL] #383 call_pc=0x8001A244 ra=0x8001A24C v0=0xFFFFFFFF v1=0x0000017E a0=0xFFFFFFFF a1=0x00008000 sp=0x801FFF98 c2ba=0x0000 f=0
[BLACKSCREEN][STATE-C2BA-R] #383 size=2 phys=0x0002C2BA val=0x0000 ra=0x8001A24C sp=0x801FFF98 pc=0x00000000 f=0
[BLACKSCREEN][A110-15650-RET] #383 call_pc=0x8001A244 v0_after=0x00000000 v1_after=0x0000017E a0=0xFFFFFFFF a1=0x00008000 sp_after=0x801FFF98 c2ba=0x0000 f=0
[BLACKSCREEN][A110-15650-CALL] #384 call_pc=0x8001A244 ra=0x8001A24C v0=0xFFFFFFFF v1=0x0000017F a0=0xFFFFFFFF a1=0x00008000 sp=0x801FFF98 c2ba=0x0000 f=0
[BLACKSCREEN][STATE-C2BA-R] #384 size=2 phys=0x0002C2BA val=0x0000 ra=0x8001A24C sp=0x801FFF98 pc=0x00000000 f=0
[BLACKSCREEN][A110-15650-RET] #384 call_pc=0x8001A244 v0_after=0x00000000 v1_after=0x0000017F a0=0xFFFFFFFF a1=0x00008000 sp_after=0x801FFF98 c2ba=0x0000 f=0
[BLACKSCREEN][A110-15650-CALL] #385 call_pc=0x8001A244 ra=0x8001A24C v0=0xFFFFFFFF v1=0x00000180 a0=0xFFFFFFFF a1=0x00008000 sp=0x801FFF98 c2ba=0x0000 f=0
[BLACKSCREEN][STATE-C2BA-R] #385 size=2 phys=0x0002C2BA val=0x0000 ra=0x8001A24C sp=0x801FFF98 pc=0x00000000 f=0
[BLACKSCREEN][A110-15650-RET] #385 call_pc=0x8001A244 v0_after=0x00000000 v1_after=0x00000180 a0=0xFFFFFFFF a1=0x00008000 sp_after=0x801FFF98 c2ba=0x0000 f=0
[BLACKSCREEN][A110-15650-CALL] #386 call_pc=0x8001A244 ra=0x8001A24C v0=0xFFFFFFFF v1=0x00000181 a0=0xFFFFFFFF a1=0x00008000 sp=0x801FFF98 c2ba=0x0000 f=0
[BLACKSCREEN][STATE-C2BA-R] #386 size=2 phys=0x0002C2BA val=0x0000 ra=0x8001A24C sp=0x801FFF98 pc=0x00000000 f=0
[BLACKSCREEN][A110-15650-RET] #386 call_pc=0x8001A244 v0_after=0x00000000 v1_after=0x00000181 a0=0xFFFFFFFF a1=0x00008000 sp_after=0x801FFF98 c2ba=0x0000 f=0
[BLACKSCREEN][A110-15650-CALL] #387 call_pc=0x8001A244 ra=0x8001A24C v0=0xFFFFFFFF v1=0x00000182 a0=0xFFFFFFFF a1=0x00008000 sp=0x801FFF98 c2ba=0x0000 f=0
[BLACKSCREEN][STATE-C2BA-R] #387 size=2 phys=0x0002C2BA val=0x0000 ra=0x8001A24C sp=0x801FFF98 pc=0x00000000 f=0
[BLACKSCREEN][A110-15650-RET] #387 call_pc=0x8001A244 v0_after=0x00000000 v1_after=0x00000182 a0=0xFFFFFFFF a1=0x00008000 sp_after=0x801FFF98 c2ba=0x0000 f=0
[BLACKSCREEN][A110-15650-CALL] #388 call_pc=0x8001A244 ra=0x8001A24C v0=0xFFFFFFFF v1=0x00000183 a0=0xFFFFFFFF a1=0x00008000 sp=0x801FFF98 c2ba=0x0000 f=0
[BLACKSCREEN][STATE-C2BA-R] #388 size=2 phys=0x0002C2BA val=0x0000 ra=0x8001A24C sp=0x801FFF98 pc=0x00000000 f=0
[BLACKSCREEN][A110-15650-RET] #388 call_pc=0x8001A244 v0_after=0x00000000 v1_after=0x00000183 a0=0xFFFFFFFF a1=0x00008000 sp_after=0x801FFF98 c2ba=0x0000 f=0
[BLACKSCREEN][A110-15650-CALL] #389 call_pc=0x8001A244 ra=0x8001A24C v0=0xFFFFFFFF v1=0x00000184 a0=0xFFFFFFFF a1=0x00008000 sp=0x801FFF98 c2ba=0x0000 f=0
[BLACKSCREEN][STATE-C2BA-R] #389 size=2 phys=0x0002C2BA val=0x0000 ra=0x8001A24C sp=0x801FFF98 pc=0x00000000 f=0
[BLACKSCREEN][A110-15650-RET] #389 call_pc=0x8001A244 v0_after=0x00000000 v1_after=0x00000184 a0=0xFFFFFFFF a1=0x00008000 sp_after=0x801FFF98 c2ba=0x0000 f=0
[BLACKSCREEN][A110-15650-CALL] #390 call_pc=0x8001A244 ra=0x8001A24C v0=0xFFFFFFFF v1=0x00000185 a0=0xFFFFFFFF a1=0x00008000 sp=0x801FFF98 c2ba=0x0000 f=0
[BLACKSCREEN][STATE-C2BA-R] #390 size=2 phys=0x0002C2BA val=0x0000 ra=0x8001A24C sp=0x801FFF98 pc=0x00000000 f=0
[BLACKSCREEN][A110-15650-RET] #390 call_pc=0x8001A244 v0_after=0x00000000 v1_after=0x00000185 a0=0xFFFFFFFF a1=0x00008000 sp_after=0x801FFF98 c2ba=0x0000 f=0
[BLACKSCREEN][A110-15650-CALL] #391 call_pc=0x8001A244 ra=0x8001A24C v0=0xFFFFFFFF v1=0x00000186 a0=0xFFFFFFFF a1=0x00008000 sp=0x801FFF98 c2ba=0x0000 f=0
[BLACKSCREEN][STATE-C2BA-R] #391 size=2 phys=0x0002C2BA val=0x0000 ra=0x8001A24C sp=0x801FFF98 pc=0x00000000 f=0
[BLACKSCREEN][A110-15650-RET] #391 call_pc=0x8001A244 v0_after=0x00000000 v1_after=0x00000186 a0=0xFFFFFFFF a1=0x00008000 sp_after=0x801FFF98 c2ba=0x0000 f=0
[BLACKSCREEN][A110-15650-CALL] #392 call_pc=0x8001A244 ra=0x8001A24C v0=0xFFFFFFFF v1=0x00000187 a0=0xFFFFFFFF a1=0x00008000 sp=0x801FFF98 c2ba=0x0000 f=0
[BLACKSCREEN][STATE-C2BA-R] #392 size=2 phys=0x0002C2BA val=0x0000 ra=0x8001A24C sp=0x801FFF98 pc=0x00000000 f=0
[BLACKSCREEN][A110-15650-RET] #392 call_pc=0x8001A244 v0_after=0x00000000 v1_after=0x00000187 a0=0xFFFFFFFF a1=0x00008000 sp_after=0x801FFF98 c2ba=0x0000 f=0
[BLACKSCREEN][A110-15650-CALL] #393 call_pc=0x8001A244 ra=0x8001A24C v0=0xFFFFFFFF v1=0x00000188 a0=0xFFFFFFFF a1=0x00008000 sp=0x801FFF98 c2ba=0x0000 f=0
[BLACKSCREEN][STATE-C2BA-R] #393 size=2 phys=0x0002C2BA val=0x0000 ra=0x8001A24C sp=0x801FFF98 pc=0x00000000 f=0
[BLACKSCREEN][A110-15650-RET] #393 call_pc=0x8001A244 v0_after=0x00000000 v1_after=0x00000188 a0=0xFFFFFFFF a1=0x00008000 sp_after=0x801FFF98 c2ba=0x0000 f=0
[BLACKSCREEN][A110-15650-CALL] #394 call_pc=0x8001A244 ra=0x8001A24C v0=0xFFFFFFFF v1=0x00000189 a0=0xFFFFFFFF a1=0x00008000 sp=0x801FFF98 c2ba=0x0000 f=0
[BLACKSCREEN][STATE-C2BA-R] #394 size=2 phys=0x0002C2BA val=0x0000 ra=0x8001A24C sp=0x801FFF98 pc=0x00000000 f=0
[BLACKSCREEN][A110-15650-RET] #394 call_pc=0x8001A244 v0_after=0x00000000 v1_after=0x00000189 a0=0xFFFFFFFF a1=0x00008000 sp_after=0x801FFF98 c2ba=0x0000 f=0
[BLACKSCREEN][A110-15650-CALL] #395 call_pc=0x8001A244 ra=0x8001A24C v0=0xFFFFFFFF v1=0x0000018A a0=0xFFFFFFFF a1=0x00008000 sp=0x801FFF98 c2ba=0x0000 f=0
[BLACKSCREEN][STATE-C2BA-R] #395 size=2 phys=0x0002C2BA val=0x0000 ra=0x8001A24C sp=0x801FFF98 pc=0x00000000 f=0
[BLACKSCREEN][A110-15650-RET] #395 call_pc=0x8001A244 v0_after=0x00000000 v1_after=0x0000018A a0=0xFFFFFFFF a1=0x00008000 sp_after=0x801FFF98 c2ba=0x0000 f=0
[BLACKSCREEN][A110-15650-CALL] #396 call_pc=0x8001A244 ra=0x8001A24C v0=0xFFFFFFFF v1=0x0000018B a0=0xFFFFFFFF a1=0x00008000 sp=0x801FFF98 c2ba=0x0000 f=0
[BLACKSCREEN][STATE-C2BA-R] #396 size=2 phys=0x0002C2BA val=0x0000 ra=0x8001A24C sp=0x801FFF98 pc=0x00000000 f=0
[BLACKSCREEN][A110-15650-RET] #396 call_pc=0x8001A244 v0_after=0x00000000 v1_after=0x0000018B a0=0xFFFFFFFF a1=0x00008000 sp_after=0x801FFF98 c2ba=0x0000 f=0
[BLACKSCREEN][A110-15650-CALL] #397 call_pc=0x8001A244 ra=0x8001A24C v0=0xFFFFFFFF v1=0x0000018C a0=0xFFFFFFFF a1=0x00008000 sp=0x801FFF98 c2ba=0x0000 f=0
[BLACKSCREEN][STATE-C2BA-R] #397 size=2 phys=0x0002C2BA val=0x0000 ra=0x8001A24C sp=0x801FFF98 pc=0x00000000 f=0
[BLACKSCREEN][A110-15650-RET] #397 call_pc=0x8001A244 v0_after=0x00000000 v1_after=0x0000018C a0=0xFFFFFFFF a1=0x00008000 sp_after=0x801FFF98 c2ba=0x0000 f=0
[BLACKSCREEN][A110-15650-CALL] #398 call_pc=0x8001A244 ra=0x8001A24C v0=0xFFFFFFFF v1=0x0000018D a0=0xFFFFFFFF a1=0x00008000 sp=0x801FFF98 c2ba=0x0000 f=0
[BLACKSCREEN][STATE-C2BA-R] #398 size=2 phys=0x0002C2BA val=0x0000 ra=0x8001A24C sp=0x801FFF98 pc=0x00000000 f=0
[BLACKSCREEN][A110-15650-RET] #398 call_pc=0x8001A244 v0_after=0x00000000 v1_after=0x0000018D a0=0xFFFFFFFF a1=0x00008000 sp_after=0x801FFF98 c2ba=0x0000 f=0
[BLACKSCREEN][A110-15650-CALL] #399 call_pc=0x8001A244 ra=0x8001A24C v0=0xFFFFFFFF v1=0x0000018E a0=0xFFFFFFFF a1=0x00008000 sp=0x801FFF98 c2ba=0x0000 f=0
[BLACKSCREEN][STATE-C2BA-R] #399 size=2 phys=0x0002C2BA val=0x0000 ra=0x8001A24C sp=0x801FFF98 pc=0x00000000 f=0
[BLACKSCREEN][A110-15650-RET] #399 call_pc=0x8001A244 v0_after=0x00000000 v1_after=0x0000018E a0=0xFFFFFFFF a1=0x00008000 sp_after=0x801FFF98 c2ba=0x0000 f=0
[BLACKSCREEN][A110-15650-CALL] #400 call_pc=0x8001A244 ra=0x8001A24C v0=0xFFFFFFFF v1=0x0000018F a0=0xFFFFFFFF a1=0x00008000 sp=0x801FFF98 c2ba=0x0000 f=0
[BLACKSCREEN][STATE-C2BA-R] #400 size=2 phys=0x0002C2BA val=0x0000 ra=0x8001A24C sp=0x801FFF98 pc=0x00000000 f=0
[BLACKSCREEN][A110-15650-RET] #400 call_pc=0x8001A244 v0_after=0x00000000 v1_after=0x0000018F a0=0xFFFFFFFF a1=0x00008000 sp_after=0x801FFF98 c2ba=0x0000 f=0
[BLACKSCREEN][A110-EXIT] reason=guard end=0x8001A190 target=0x00000000 steps=100000 v0=0x1F801814 v1=0x1F801BD4 c9278=0x1F801BD4 c927c=0x00000F05 ra=0x8001A184 sp=0x801FFF98 f=0
[BLACKSCREEN][A110-GUARD] end_pc=0x8001A190 v1=0x1F801BD4 v0=0x1F801814 c9278=0x1F801BD4 c927c=0x00000F05 ra=0x8001A184 sp=0x801FFF98 f=0
[BLACKSCREEN][INTERP] start=0x8001A110 end=0x8001A190 steps=100000 reason=guard target=0x00000000 ra=0x8001A184 sp=0x801FFF98 f=0
[CALLEE-FIX] #1 f0 call_by_address(0x8001A110) sp:801FFFD0->801FFF98 s0:00000003->00000003 s1:801E0000->801E0000 — restoring
[BLACKSCREEN][19844-TAIL] pc=0x8001994C instr=0x38420002 v0=0x1F801814 a0=0xFFFFFFFF a1=0x00008000 ra=0x8001A184 sp=0x801FFFD0 f=0
[BLACKSCREEN][19844-STATE] pc=0x8001994C v0=0x1F801814 v1=0x1F801BD4 a0=0xFFFFFFFF a1=0x00008000 a0m0=0x00000000 a0m1=0x00000000 a1m0=0x00000000 a1m1=0x00000000 s0=0x00000003 s1=0x801E0000 ra=0x8001A184 c2a8=0x1F801814 c2ac=0x1F801110 t0=0x1C080000 t1=0x00000002 f=0
[BLACKSCREEN][19844-TAIL] pc=0x80019950 instr=0x08006657 v0=0x1F801816 a0=0xFFFFFFFF a1=0x00008000 ra=0x8001A184 sp=0x801FFFD0 f=0
[BLACKSCREEN][19844-STATE] pc=0x80019950 v0=0x1F801816 v1=0x1F801BD4 a0=0xFFFFFFFF a1=0x00008000 a0m0=0x00000000 a0m1=0x00000000 a1m0=0x00000000 a1m1=0x00000000 s0=0x00000003 s1=0x801E0000 ra=0x8001A184 c2a8=0x1F801814 c2ac=0x1F801110 t0=0x1C080000 t1=0x00000003 f=0
[BLACKSCREEN][INTERP-LOCALJ] start=0x80019844 pc=0x80019950 target=0x8001995C sp=0x801FFFD0 ra=0x8001A184 f=0
[BLACKSCREEN][INTERP-RA] pre-restore pc=0x8001995C sp=0x801FFFD0 ra=0x8001A184 slot_now=0x80010EA4 f=0
[BLACKSCREEN][19844-TAIL] pc=0x80019960 instr=0x8FB60028 v0=0x00000000 a0=0xFFFFFFFF a1=0x00008000 ra=0x80010EA4 sp=0x801FFFD0 f=0
[BLACKSCREEN][19844-STATE] pc=0x80019960 v0=0x00000000 v1=0x1F801BD4 a0=0xFFFFFFFF a1=0x00008000 a0m0=0x00000000 a0m1=0x00000000 a1m0=0x00000000 a1m1=0x00000000 s0=0x00000003 s1=0x801E0000 ra=0x80010EA4 c2a8=0x1F801814 c2ac=0x1F801110 t0=0x1C080000 t1=0x00000004 f=0
[BLACKSCREEN][19844-TAIL] pc=0x80019964 instr=0x8FB50024 v0=0x00000000 a0=0xFFFFFFFF a1=0x00008000 ra=0x80010EA4 sp=0x801FFFD0 f=0
[BLACKSCREEN][19844-TAIL] pc=0x80019968 instr=0x8FB40020 v0=0x00000000 a0=0xFFFFFFFF a1=0x00008000 ra=0x80010EA4 sp=0x801FFFD0 f=0
[BLACKSCREEN][19844-TAIL] pc=0x8001996C instr=0x8FB3001C v0=0x00000000 a0=0xFFFFFFFF a1=0x00008000 ra=0x80010EA4 sp=0x801FFFD0 f=0
[BLACKSCREEN][19844-TAIL] pc=0x80019970 instr=0x8FB20018 v0=0x00000000 a0=0xFFFFFFFF a1=0x00008000 ra=0x80010EA4 sp=0x801FFFD0 f=0
[BLACKSCREEN][19844-TAIL] pc=0x80019974 instr=0x8FB10014 v0=0x00000000 a0=0xFFFFFFFF a1=0x00008000 ra=0x80010EA4 sp=0x801FFFD0 f=0
[BLACKSCREEN][19844-TAIL] pc=0x80019978 instr=0x8FB00010 v0=0x00000000 a0=0xFFFFFFFF a1=0x00008000 ra=0x80010EA4 sp=0x801FFFD0 f=0
[BLACKSCREEN][19844-TAIL] pc=0x8001997C instr=0x27BD0030 v0=0x00000000 a0=0xFFFFFFFF a1=0x00008000 ra=0x80010EA4 sp=0x801FFFD0 f=0
[BLACKSCREEN][19844-TAIL] pc=0x80019980 instr=0x03E00008 v0=0x00000000 a0=0xFFFFFFFF a1=0x00008000 ra=0x80010EA4 sp=0x80200000 f=0
[BLACKSCREEN][19844-STATE] pc=0x80019980 v0=0x00000000 v1=0x1F801BD4 a0=0xFFFFFFFF a1=0x00008000 a0m0=0x00000000 a0m1=0x00000000 a1m0=0x00000000 a1m1=0x00000000 s0=0x00000000 s1=0x00000000 ra=0x80010EA4 c2a8=0x1F801814 c2ac=0x1F801110 t0=0x1C080000 t1=0x00000005 f=0
[BLACKSCREEN][INTERP] start=0x80019844 end=0x80019980 steps=54 reason=jr_ra target=0x80010EA4 ra=0x80010EA4 sp=0x80200000 f=0
[BLACKSCREEN] Alternate display entry 0x80019844 returned
[BLACKSCREEN] Enabling display pump fallback at 0x80019844
[BLACKSCREEN][INTERP] enter start=0x80019844 instr0=0x27BDFFD0 a0=0xFFFFFFFF ra=0x80010EA4 sp=0x80200000 f=0
[BLACKSCREEN][INTERP-RA] pre-save pc=0x80019890 sp=0x801FFFD0 ra=0x80010EA4 slot_before=0x80010EA4 f=0
[BLACKSCREEN][A65C-OVR] #2 f=0 ra=0x800198F8 sp=0x801FFFD0 a0=0x00000002 v0=0x00000006 timer=0x00000006
[BLACKSCREEN][A65C-OVR] #3 f=0 ra=0x800198F8 sp=0x801FFFD0 a0=0x00000002 v0=0x00000007 timer=0x00000007
[BLACKSCREEN][A65C-OVR] #4 f=0 ra=0x800198F8 sp=0x801FFFD0 a0=0x00000002 v0=0x00000008 timer=0x00000008
[BLACKSCREEN][A65C-OVR] #5 f=0 ra=0x800198F8 sp=0x801FFFD0 a0=0x00000002 v0=0x00000009 timer=0x00000009
[BLACKSCREEN][19844-TAIL] pc=0x80019958 instr=0x00001021 v0=0xFFFFFFFF a0=0x00000000 a1=0x00008000 ra=0x800198F8 sp=0x801FFFD0 f=0
[BLACKSCREEN][19844-STATE] pc=0x80019958 v0=0xFFFFFFFF v1=0x80032A24 a0=0x00000000 a1=0x00008000 a0m0=0x00000000 a0m1=0x00000000 a1m0=0x00000000 a1m1=0x00000000 s0=0xFFFFFFFF s1=0x00008000 ra=0x800198F8 c2a8=0x1F801814 c2ac=0x1F801110 t0=0x1C080000 t1=0x0000000A f=0
[BLACKSCREEN][INTERP-RA] pre-restore pc=0x8001995C sp=0x801FFFD0 ra=0x800198F8 slot_now=0x80010EA4 f=0
[BLACKSCREEN][19844-TAIL] pc=0x80019960 instr=0x8FB60028 v0=0x00000000 a0=0x00000000 a1=0x00008000 ra=0x80010EA4 sp=0x801FFFD0 f=0
[BLACKSCREEN][19844-STATE] pc=0x80019960 v0=0x00000000 v1=0x80032A24 a0=0x00000000 a1=0x00008000 a0m0=0x00000000 a0m1=0x00000000 a1m0=0x00000000 a1m1=0x00000000 s0=0xFFFFFFFF s1=0x00008000 ra=0x80010EA4 c2a8=0x1F801814 c2ac=0x1F801110 t0=0x1C080000 t1=0x0000000B f=0
[BLACKSCREEN][19844-TAIL] pc=0x80019964 instr=0x8FB50024 v0=0x00000000 a0=0x00000000 a1=0x00008000 ra=0x80010EA4 sp=0x801FFFD0 f=0
[BLACKSCREEN][19844-TAIL] pc=0x80019968 instr=0x8FB40020 v0=0x00000000 a0=0x00000000 a1=0x00008000 ra=0x80010EA4 sp=0x801FFFD0 f=0
[BLACKSCREEN][19844-TAIL] pc=0x8001996C instr=0x8FB3001C v0=0x00000000 a0=0x00000000 a1=0x00008000 ra=0x80010EA4 sp=0x801FFFD0 f=0
[BLACKSCREEN][19844-TAIL] pc=0x80019970 instr=0x8FB20018 v0=0x00000000 a0=0x00000000 a1=0x00008000 ra=0x80010EA4 sp=0x801FFFD0 f=0
[BLACKSCREEN][19844-TAIL] pc=0x80019974 instr=0x8FB10014 v0=0x00000000 a0=0x00000000 a1=0x00008000 ra=0x80010EA4 sp=0x801FFFD0 f=0
[BLACKSCREEN][19844-TAIL] pc=0x80019978 instr=0x8FB00010 v0=0x00000000 a0=0x00000000 a1=0x00008000 ra=0x80010EA4 sp=0x801FFFD0 f=0
[BLACKSCREEN][19844-TAIL] pc=0x8001997C instr=0x27BD0030 v0=0x00000000 a0=0x00000000 a1=0x00008000 ra=0x80010EA4 sp=0x801FFFD0 f=0
[BLACKSCREEN][19844-TAIL] pc=0x80019980 instr=0x03E00008 v0=0x00000000 a0=0x00000000 a1=0x00008000 ra=0x80010EA4 sp=0x80200000 f=0
[BLACKSCREEN][19844-STATE] pc=0x80019980 v0=0x00000000 v1=0x80032A24 a0=0x00000000 a1=0x00008000 a0m0=0x00000000 a0m1=0x00000000 a1m0=0x00000000 a1m1=0x00000000 s0=0x00000000 s1=0x00000000 ra=0x80010EA4 c2a8=0x1F801814 c2ac=0x1F801110 t0=0x1C080000 t1=0x0000000C f=0
[BLACKSCREEN][INTERP] start=0x80019844 end=0x80019980 steps=114 reason=jr_ra target=0x80010EA4 ra=0x80010EA4 sp=0x80200000 f=0
[BLACKSCREEN][NO-GPU-EVENT] #1 tag=main_present f=1 ra=0x80010EA4 sp=0x80200000
[BLACKSCREEN][NO-GPU-EVENT] chain 0x8001A65C 0x8001A65C 0x8001A65C 0x8001A65C 0x8001A65C 0x8001A65C 0x8001A65C 0x8001A65C 0x80019844 0x80015308 0x80015308 0x80015650
[BLACKSCREEN][RendererPresent] present=1 f=1 disp=(0,0 320x240) vis=320x240 uv=(0.000,0.000)-(1.000,1.000)
[frame 1]
[BLACKSCREEN][DISCOVER] callee=0x80019844 ra=0x80010EA4 f=1
[BLACKSCREEN][INTERP] enter start=0x80019844 instr0=0x27BDFFD0 a0=0x00000000 ra=0x80010EA4 sp=0x80200000 f=1
[BLACKSCREEN][INTERP-RA] pre-save pc=0x80019890 sp=0x801FFFD0 ra=0x80010EA4 slot_before=0x80010EA4 f=1
[BLACKSCREEN][A65C-CALLER] unique=1 ra=0x8001991C f=1
[BLACKSCREEN][DISCOVER] callee=0x8001A65C ra=0x8001991C f=1
[BLACKSCREEN][A65C-OVR] #6 f=1 ra=0x8001991C sp=0x801FFFD0 a0=0x00000000 v0=0x0000000D timer=0x0000000D
[BLACKSCREEN][A65C-OVR] #7 f=1 ra=0x8001991C sp=0x801FFFD0 a0=0x00000000 v0=0x0000000E timer=0x0000000E
[BLACKSCREEN][A65C-OVR] #8 f=1 ra=0x8001991C sp=0x801FFFD0 a0=0x00000000 v0=0x0000000F timer=0x0000000F
[BLACKSCREEN][A65C-OVR] #9 f=1 ra=0x8001991C sp=0x801FFFD0 a0=0x00000000 v0=0x00000010 timer=0x00000010
[BLACKSCREEN][19844-TAIL] pc=0x80019958 instr=0x00001021 v0=0xFFFFFFFF a0=0x00000000 a1=0x00008000 ra=0x8001991C sp=0x801FFFD0 f=1
[BLACKSCREEN][19844-STATE] pc=0x80019958 v0=0xFFFFFFFF v1=0x80032A24 a0=0x00000000 a1=0x00008000 a0m0=0x00000000 a0m1=0x00000000 a1m0=0x00000000 a1m1=0x00000000 s0=0xFFFFFFFF s1=0x00008000 ra=0x8001991C c2a8=0x1F801814 c2ac=0x1F801110 t0=0x1C080000 t1=0x00000011 f=1
[BLACKSCREEN][INTERP-RA] pre-restore pc=0x8001995C sp=0x801FFFD0 ra=0x8001991C slot_now=0x80010EA4 f=1
[BLACKSCREEN][19844-TAIL] pc=0x80019960 instr=0x8FB60028 v0=0x00000000 a0=0x00000000 a1=0x00008000 ra=0x80010EA4 sp=0x801FFFD0 f=1
[BLACKSCREEN][19844-STATE] pc=0x80019960 v0=0x00000000 v1=0x80032A24 a0=0x00000000 a1=0x00008000 a0m0=0x00000000 a0m1=0x00000000 a1m0=0x00000000 a1m1=0x00000000 s0=0xFFFFFFFF s1=0x00008000 ra=0x80010EA4 c2a8=0x1F801814 c2ac=0x1F801110 t0=0x1C080000 t1=0x00000012 f=1
[BLACKSCREEN][19844-TAIL] pc=0x80019964 instr=0x8FB50024 v0=0x00000000 a0=0x00000000 a1=0x00008000 ra=0x80010EA4 sp=0x801FFFD0 f=1
[BLACKSCREEN][19844-TAIL] pc=0x80019968 instr=0x8FB40020 v0=0x00000000 a0=0x00000000 a1=0x00008000 ra=0x80010EA4 sp=0x801FFFD0 f=1
[BLACKSCREEN][19844-TAIL] pc=0x8001996C instr=0x8FB3001C v0=0x00000000 a0=0x00000000 a1=0x00008000 ra=0x80010EA4 sp=0x801FFFD0 f=1
[BLACKSCREEN][19844-TAIL] pc=0x80019970 instr=0x8FB20018 v0=0x00000000 a0=0x00000000 a1=0x00008000 ra=0x80010EA4 sp=0x801FFFD0 f=1
[BLACKSCREEN][19844-TAIL] pc=0x80019974 instr=0x8FB10014 v0=0x00000000 a0=0x00000000 a1=0x00008000 ra=0x80010EA4 sp=0x801FFFD0 f=1
[BLACKSCREEN][19844-TAIL] pc=0x80019978 instr=0x8FB00010 v0=0x00000000 a0=0x00000000 a1=0x00008000 ra=0x80010EA4 sp=0x801FFFD0 f=1
[BLACKSCREEN][19844-TAIL] pc=0x8001997C instr=0x27BD0030 v0=0x00000000 a0=0x00000000 a1=0x00008000 ra=0x80010EA4 sp=0x801FFFD0 f=1
[BLACKSCREEN][19844-TAIL] pc=0x80019980 instr=0x03E00008 v0=0x00000000 a0=0x00000000 a1=0x00008000 ra=0x80010EA4 sp=0x80200000 f=1
[BLACKSCREEN][19844-STATE] pc=0x80019980 v0=0x00000000 v1=0x80032A24 a0=0x00000000 a1=0x00008000 a0m0=0x00000000 a0m1=0x00000000 a1m0=0x00000000 a1m1=0x00000000 s0=0x00000000 s1=0x00000000 ra=0x80010EA4 c2a8=0x1F801814 c2ac=0x1F801110 t0=0x1C080000 t1=0x00000013 f=1
[BLACKSCREEN][INTERP] start=0x80019844 end=0x80019980 steps=126 reason=jr_ra target=0x80010EA4 ra=0x80010EA4 sp=0x80200000 f=1
[BLACKSCREEN][NO-GPU-EVENT] #2 tag=main_present f=2 ra=0x80010EA4 sp=0x80200000
[BLACKSCREEN][NO-GPU-EVENT] chain 0x8001A65C 0x8001A65C 0x8001A65C 0x8001A65C 0x8001A65C 0x8001A65C 0x8001A65C 0x8001A65C 0x80019844 0x8001A65C 0x8001A65C 0x8001A65C
[BLACKSCREEN][RendererPresent] present=2 f=2 disp=(0,0 320x240) vis=320x240 uv=(0.000,0.000)-(1.000,1.000)
[frame 2]
[BLACKSCREEN][INTERP] enter start=0x80019844 instr0=0x27BDFFD0 a0=0x00000000 ra=0x80010EA4 sp=0x80200000 f=2
[BLACKSCREEN][INTERP-RA] pre-save pc=0x80019890 sp=0x801FFFD0 ra=0x80010EA4 slot_before=0x80010EA4 f=2
[BLACKSCREEN][A65C-OVR] #10 f=2 ra=0x8001991C sp=0x801FFFD0 a0=0x00000000 v0=0x00000014 timer=0x00000014
[BLACKSCREEN][A65C-OVR] #11 f=2 ra=0x8001991C sp=0x801FFFD0 a0=0x00000000 v0=0x00000015 timer=0x00000015
[BLACKSCREEN][A65C-OVR] #12 f=2 ra=0x8001991C sp=0x801FFFD0 a0=0x00000000 v0=0x00000016 timer=0x00000016
[BLACKSCREEN][A65C-OVR] #13 f=2 ra=0x8001991C sp=0x801FFFD0 a0=0x00000000 v0=0x00000017 timer=0x00000017
[BLACKSCREEN][19844-TAIL] pc=0x80019958 instr=0x00001021 v0=0xFFFFFFFF a0=0x00000000 a1=0x00008000 ra=0x8001991C sp=0x801FFFD0 f=2
[BLACKSCREEN][19844-STATE] pc=0x80019958 v0=0xFFFFFFFF v1=0x80032A24 a0=0x00000000 a1=0x00008000 a0m0=0x00000000 a0m1=0x00000000 a1m0=0x00000000 a1m1=0x00000000 s0=0xFFFFFFFF s1=0x00008000 ra=0x8001991C c2a8=0x1F801814 c2ac=0x1F801110 t0=0x1C080000 t1=0x00000018 f=2
[BLACKSCREEN][INTERP-RA] pre-restore pc=0x8001995C sp=0x801FFFD0 ra=0x8001991C slot_now=0x80010EA4 f=2
[BLACKSCREEN][19844-TAIL] pc=0x80019960 instr=0x8FB60028 v0=0x00000000 a0=0x00000000 a1=0x00008000 ra=0x80010EA4 sp=0x801FFFD0 f=2
[BLACKSCREEN][19844-STATE] pc=0x80019960 v0=0x00000000 v1=0x80032A24 a0=0x00000000 a1=0x00008000 a0m0=0x00000000 a0m1=0x00000000 a1m0=0x00000000 a1m1=0x00000000 s0=0xFFFFFFFF s1=0x00008000 ra=0x80010EA4 c2a8=0x1F801814 c2ac=0x1F801110 t0=0x1C080000 t1=0x00000019 f=2
[BLACKSCREEN][19844-TAIL] pc=0x80019964 instr=0x8FB50024 v0=0x00000000 a0=0x00000000 a1=0x00008000 ra=0x80010EA4 sp=0x801FFFD0 f=2
[BLACKSCREEN][19844-TAIL] pc=0x80019968 instr=0x8FB40020 v0=0x00000000 a0=0x00000000 a1=0x00008000 ra=0x80010EA4 sp=0x801FFFD0 f=2
[BLACKSCREEN][19844-TAIL] pc=0x8001996C instr=0x8FB3001C v0=0x00000000 a0=0x00000000 a1=0x00008000 ra=0x80010EA4 sp=0x801FFFD0 f=2
[BLACKSCREEN][19844-TAIL] pc=0x80019970 instr=0x8FB20018 v0=0x00000000 a0=0x00000000 a1=0x00008000 ra=0x80010EA4 sp=0x801FFFD0 f=2
[BLACKSCREEN][19844-TAIL] pc=0x80019974 instr=0x8FB10014 v0=0x00000000 a0=0x00000000 a1=0x00008000 ra=0x80010EA4 sp=0x801FFFD0 f=2
[BLACKSCREEN][19844-TAIL] pc=0x80019978 instr=0x8FB00010 v0=0x00000000 a0=0x00000000 a1=0x00008000 ra=0x80010EA4 sp=0x801FFFD0 f=2
[BLACKSCREEN][19844-TAIL] pc=0x8001997C instr=0x27BD0030 v0=0x00000000 a0=0x00000000 a1=0x00008000 ra=0x80010EA4 sp=0x801FFFD0 f=2
[BLACKSCREEN][19844-TAIL] pc=0x80019980 instr=0x03E00008 v0=0x00000000 a0=0x00000000 a1=0x00008000 ra=0x80010EA4 sp=0x80200000 f=2
[BLACKSCREEN][19844-STATE] pc=0x80019980 v0=0x00000000 v1=0x80032A24 a0=0x00000000 a1=0x00008000 a0m0=0x00000000 a0m1=0x00000000 a1m0=0x00000000 a1m1=0x00000000 s0=0x00000000 s1=0x00000000 ra=0x80010EA4 c2a8=0x1F801814 c2ac=0x1F801110 t0=0x1C080000 t1=0x0000001A f=2
[BLACKSCREEN][INTERP] start=0x80019844 end=0x80019980 steps=126 reason=jr_ra target=0x80010EA4 ra=0x80010EA4 sp=0x80200000 f=2
[BLACKSCREEN][NO-GPU-EVENT] #3 tag=main_present f=3 ra=0x80010EA4 sp=0x80200000
[BLACKSCREEN][NO-GPU-EVENT] chain 0x8001A65C 0x8001A65C 0x8001A65C 0x8001A65C 0x8001A65C 0x8001A65C 0x8001A65C 0x8001A65C 0x80019844 0x8001A65C 0x8001A65C 0x8001A65C
[BLACKSCREEN][RendererPresent] present=3 f=3 disp=(0,0 320x240) vis=320x240 uv=(0.000,0.000)-(1.000,1.000)
[frame 3]
[BLACKSCREEN][INTERP] enter start=0x80019844 instr0=0x27BDFFD0 a0=0x00000000 ra=0x80010EA4 sp=0x80200000 f=3
[BLACKSCREEN][INTERP-RA] pre-save pc=0x80019890 sp=0x801FFFD0 ra=0x80010EA4 slot_before=0x80010EA4 f=3
[BLACKSCREEN][A65C-OVR] #14 f=3 ra=0x8001991C sp=0x801FFFD0 a0=0x00000000 v0=0x0000001B timer=0x0000001B
[BLACKSCREEN][A65C-OVR] #15 f=3 ra=0x8001991C sp=0x801FFFD0 a0=0x00000000 v0=0x0000001C timer=0x0000001C
[BLACKSCREEN][A65C-OVR] #16 f=3 ra=0x8001991C sp=0x801FFFD0 a0=0x00000000 v0=0x0000001D timer=0x0000001D
[BLACKSCREEN][A65C-OVR] #17 f=3 ra=0x8001991C sp=0x801FFFD0 a0=0x00000000 v0=0x0000001E timer=0x0000001E
[BLACKSCREEN][19844-TAIL] pc=0x80019958 instr=0x00001021 v0=0xFFFFFFFF a0=0x00000000 a1=0x00008000 ra=0x8001991C sp=0x801FFFD0 f=3
[BLACKSCREEN][19844-STATE] pc=0x80019958 v0=0xFFFFFFFF v1=0x80032A24 a0=0x00000000 a1=0x00008000 a0m0=0x00000000 a0m1=0x00000000 a1m0=0x00000000 a1m1=0x00000000 s0=0xFFFFFFFF s1=0x00008000 ra=0x8001991C c2a8=0x1F801814 c2ac=0x1F801110 t0=0x1C080000 t1=0x0000001F f=3
[BLACKSCREEN][INTERP-RA] pre-restore pc=0x8001995C sp=0x801FFFD0 ra=0x8001991C slot_now=0x80010EA4 f=3
[BLACKSCREEN][19844-TAIL] pc=0x80019960 instr=0x8FB60028 v0=0x00000000 a0=0x00000000 a1=0x00008000 ra=0x80010EA4 sp=0x801FFFD0 f=3
[BLACKSCREEN][19844-STATE] pc=0x80019960 v0=0x00000000 v1=0x80032A24 a0=0x00000000 a1=0x00008000 a0m0=0x00000000 a0m1=0x00000000 a1m0=0x00000000 a1m1=0x00000000 s0=0xFFFFFFFF s1=0x00008000 ra=0x80010EA4 c2a8=0x1F801814 c2ac=0x1F801110 t0=0x1C080000 t1=0x00000020 f=3
[BLACKSCREEN][19844-TAIL] pc=0x80019964 instr=0x8FB50024 v0=0x00000000 a0=0x00000000 a1=0x00008000 ra=0x80010EA4 sp=0x801FFFD0 f=3
[BLACKSCREEN][19844-TAIL] pc=0x80019968 instr=0x8FB40020 v0=0x00000000 a0=0x00000000 a1=0x00008000 ra=0x80010EA4 sp=0x801FFFD0 f=3
[BLACKSCREEN][19844-TAIL] pc=0x8001996C instr=0x8FB3001C v0=0x00000000 a0=0x00000000 a1=0x00008000 ra=0x80010EA4 sp=0x801FFFD0 f=3
[BLACKSCREEN][19844-TAIL] pc=0x80019970 instr=0x8FB20018 v0=0x00000000 a0=0x00000000 a1=0x00008000 ra=0x80010EA4 sp=0x801FFFD0 f=3
[BLACKSCREEN][19844-TAIL] pc=0x80019974 instr=0x8FB10014 v0=0x00000000 a0=0x00000000 a1=0x00008000 ra=0x80010EA4 sp=0x801FFFD0 f=3
[BLACKSCREEN][19844-TAIL] pc=0x80019978 instr=0x8FB00010 v0=0x00000000 a0=0x00000000 a1=0x00008000 ra=0x80010EA4 sp=0x801FFFD0 f=3
[BLACKSCREEN][19844-TAIL] pc=0x8001997C instr=0x27BD0030 v0=0x00000000 a0=0x00000000 a1=0x00008000 ra=0x80010EA4 sp=0x801FFFD0 f=3
[BLACKSCREEN][19844-TAIL] pc=0x80019980 instr=0x03E00008 v0=0x00000000 a0=0x00000000 a1=0x00008000 ra=0x80010EA4 sp=0x80200000 f=3
[BLACKSCREEN][19844-STATE] pc=0x80019980 v0=0x00000000 v1=0x80032A24 a0=0x00000000 a1=0x00008000 a0m0=0x00000000 a0m1=0x00000000 a1m0=0x00000000 a1m1=0x00000000 s0=0x00000000 s1=0x00000000 ra=0x80010EA4 c2a8=0x1F801814 c2ac=0x1F801110 t0=0x1C080000 t1=0x00000021 f=3
[BLACKSCREEN][INTERP] start=0x80019844 end=0x80019980 steps=126 reason=jr_ra target=0x80010EA4 ra=0x80010EA4 sp=0x80200000 f=3
[BLACKSCREEN][NO-GPU-EVENT] #4 tag=main_present f=4 ra=0x80010EA4 sp=0x80200000
[BLACKSCREEN][NO-GPU-EVENT] chain 0x8001A65C 0x8001A65C 0x8001A65C 0x8001A65C 0x8001A65C 0x8001A65C 0x8001A65C 0x8001A65C 0x80019844 0x8001A65C 0x8001A65C 0x8001A65C
[BLACKSCREEN][RendererPresent] present=4 f=4 disp=(0,0 320x240) vis=320x240 uv=(0.000,0.000)-(1.000,1.000)
[frame 4]
[BLACKSCREEN][INTERP] enter start=0x80019844 instr0=0x27BDFFD0 a0=0x00000000 ra=0x80010EA4 sp=0x80200000 f=4
[BLACKSCREEN][INTERP-RA] pre-save pc=0x80019890 sp=0x801FFFD0 ra=0x80010EA4 slot_before=0x80010EA4 f=4
[BLACKSCREEN][A65C-OVR] #18 f=4 ra=0x8001991C sp=0x801FFFD0 a0=0x00000000 v0=0x00000022 timer=0x00000022
[BLACKSCREEN][A65C-OVR] #19 f=4 ra=0x8001991C sp=0x801FFFD0 a0=0x00000000 v0=0x00000023 timer=0x00000023
[BLACKSCREEN][A65C-OVR] #20 f=4 ra=0x8001991C sp=0x801FFFD0 a0=0x00000000 v0=0x00000024 timer=0x00000024
[BLACKSCREEN][A65C-OVR] #21 f=4 ra=0x8001991C sp=0x801FFFD0 a0=0x00000000 v0=0x00000025 timer=0x00000025
[BLACKSCREEN][19844-TAIL] pc=0x80019958 instr=0x00001021 v0=0xFFFFFFFF a0=0x00000000 a1=0x00008000 ra=0x8001991C sp=0x801FFFD0 f=4
[BLACKSCREEN][19844-STATE] pc=0x80019958 v0=0xFFFFFFFF v1=0x80032A24 a0=0x00000000 a1=0x00008000 a0m0=0x00000000 a0m1=0x00000000 a1m0=0x00000000 a1m1=0x00000000 s0=0xFFFFFFFF s1=0x00008000 ra=0x8001991C c2a8=0x1F801814 c2ac=0x1F801110 t0=0x1C080000 t1=0x00000026 f=4
[BLACKSCREEN][INTERP-RA] pre-restore pc=0x8001995C sp=0x801FFFD0 ra=0x8001991C slot_now=0x80010EA4 f=4
[BLACKSCREEN][19844-TAIL] pc=0x80019960 instr=0x8FB60028 v0=0x00000000 a0=0x00000000 a1=0x00008000 ra=0x80010EA4 sp=0x801FFFD0 f=4
[BLACKSCREEN][19844-STATE] pc=0x80019960 v0=0x00000000 v1=0x80032A24 a0=0x00000000 a1=0x00008000 a0m0=0x00000000 a0m1=0x00000000 a1m0=0x00000000 a1m1=0x00000000 s0=0xFFFFFFFF s1=0x00008000 ra=0x80010EA4 c2a8=0x1F801814 c2ac=0x1F801110 t0=0x1C080000 t1=0x00000027 f=4
[BLACKSCREEN][19844-TAIL] pc=0x80019964 instr=0x8FB50024 v0=0x00000000 a0=0x00000000 a1=0x00008000 ra=0x80010EA4 sp=0x801FFFD0 f=4
[BLACKSCREEN][19844-TAIL] pc=0x80019968 instr=0x8FB40020 v0=0x00000000 a0=0x00000000 a1=0x00008000 ra=0x80010EA4 sp=0x801FFFD0 f=4
[BLACKSCREEN][19844-TAIL] pc=0x8001996C instr=0x8FB3001C v0=0x00000000 a0=0x00000000 a1=0x00008000 ra=0x80010EA4 sp=0x801FFFD0 f=4
[BLACKSCREEN][19844-TAIL] pc=0x80019970 instr=0x8FB20018 v0=0x00000000 a0=0x00000000 a1=0x00008000 ra=0x80010EA4 sp=0x801FFFD0 f=4
[BLACKSCREEN][19844-TAIL] pc=0x80019974 instr=0x8FB10014 v0=0x00000000 a0=0x00000000 a1=0x00008000 ra=0x80010EA4 sp=0x801FFFD0 f=4
[BLACKSCREEN][19844-TAIL] pc=0x80019978 instr=0x8FB00010 v0=0x00000000 a0=0x00000000 a1=0x00008000 ra=0x80010EA4 sp=0x801FFFD0 f=4
[BLACKSCREEN][19844-TAIL] pc=0x8001997C instr=0x27BD0030 v0=0x00000000 a0=0x00000000 a1=0x00008000 ra=0x80010EA4 sp=0x801FFFD0 f=4
[BLACKSCREEN][19844-TAIL] pc=0x80019980 instr=0x03E00008 v0=0x00000000 a0=0x00000000 a1=0x00008000 ra=0x80010EA4 sp=0x80200000 f=4
[BLACKSCREEN][19844-STATE] pc=0x80019980 v0=0x00000000 v1=0x80032A24 a0=0x00000000 a1=0x00008000 a0m0=0x00000000 a0m1=0x00000000 a1m0=0x00000000 a1m1=0x00000000 s0=0x00000000 s1=0x00000000 ra=0x80010EA4 c2a8=0x1F801814 c2ac=0x1F801110 t0=0x1C080000 t1=0x00000028 f=4
[BLACKSCREEN][INTERP] start=0x80019844 end=0x80019980 steps=126 reason=jr_ra target=0x80010EA4 ra=0x80010EA4 sp=0x80200000 f=4
[BLACKSCREEN][NO-GPU-EVENT] #5 tag=main_present f=5 ra=0x80010EA4 sp=0x80200000
[BLACKSCREEN][NO-GPU-EVENT] chain 0x8001A65C 0x8001A65C 0x8001A65C 0x8001A65C 0x8001A65C 0x8001A65C 0x8001A65C 0x8001A65C 0x80019844 0x8001A65C 0x8001A65C 0x8001A65C
[BLACKSCREEN][RendererPresent] present=5 f=5 disp=(0,0 320x240) vis=320x240 uv=(0.000,0.000)-(1.000,1.000)
[frame 5]
[BLACKSCREEN][INTERP] enter start=0x80019844 instr0=0x27BDFFD0 a0=0x00000000 ra=0x80010EA4 sp=0x80200000 f=5
[BLACKSCREEN][INTERP-RA] pre-save pc=0x80019890 sp=0x801FFFD0 ra=0x80010EA4 slot_before=0x80010EA4 f=5
[BLACKSCREEN][A65C-OVR] #22 f=5 ra=0x8001991C sp=0x801FFFD0 a0=0x00000000 v0=0x00000029 timer=0x00000029
[BLACKSCREEN][A65C-OVR] #23 f=5 ra=0x8001991C sp=0x801FFFD0 a0=0x00000000 v0=0x0000002A timer=0x0000002A
[BLACKSCREEN][A65C-OVR] #24 f=5 ra=0x8001991C sp=0x801FFFD0 a0=0x00000000 v0=0x0000002B timer=0x0000002B
[BLACKSCREEN][A65C-OVR] #25 f=5 ra=0x8001991C sp=0x801FFFD0 a0=0x00000000 v0=0x0000002C timer=0x0000002C
[BLACKSCREEN][19844-TAIL] pc=0x80019958 instr=0x00001021 v0=0xFFFFFFFF a0=0x00000000 a1=0x00008000 ra=0x8001991C sp=0x801FFFD0 f=5
[BLACKSCREEN][19844-STATE] pc=0x80019958 v0=0xFFFFFFFF v1=0x80032A24 a0=0x00000000 a1=0x00008000 a0m0=0x00000000 a0m1=0x00000000 a1m0=0x00000000 a1m1=0x00000000 s0=0xFFFFFFFF s1=0x00008000 ra=0x8001991C c2a8=0x1F801814 c2ac=0x1F801110 t0=0x1C080000 t1=0x0000002D f=5
[BLACKSCREEN][INTERP-RA] pre-restore pc=0x8001995C sp=0x801FFFD0 ra=0x8001991C slot_now=0x80010EA4 f=5
[BLACKSCREEN][19844-TAIL] pc=0x80019960 instr=0x8FB60028 v0=0x00000000 a0=0x00000000 a1=0x00008000 ra=0x80010EA4 sp=0x801FFFD0 f=5
[BLACKSCREEN][19844-STATE] pc=0x80019960 v0=0x00000000 v1=0x80032A24 a0=0x00000000 a1=0x00008000 a0m0=0x00000000 a0m1=0x00000000 a1m0=0x00000000 a1m1=0x00000000 s0=0xFFFFFFFF s1=0x00008000 ra=0x80010EA4 c2a8=0x1F801814 c2ac=0x1F801110 t0=0x1C080000 t1=0x0000002E f=5
[BLACKSCREEN][19844-STATE] pc=0x80019980 v0=0x00000000 v1=0x80032A24 a0=0x00000000 a1=0x00008000 a0m0=0x00000000 a0m1=0x00000000 a1m0=0x00000000 a1m1=0x00000000 s0=0x00000000 s1=0x00000000 ra=0x80010EA4 c2a8=0x1F801814 c2ac=0x1F801110 t0=0x1C080000 t1=0x0000002F f=5
[BLACKSCREEN][INTERP] start=0x80019844 end=0x80019980 steps=126 reason=jr_ra target=0x80010EA4 ra=0x80010EA4 sp=0x80200000 f=5
[BLACKSCREEN][NO-GPU-EVENT] #6 tag=main_present f=6 ra=0x80010EA4 sp=0x80200000
[BLACKSCREEN][NO-GPU-EVENT] chain 0x8001A65C 0x8001A65C 0x8001A65C 0x8001A65C 0x8001A65C 0x8001A65C 0x8001A65C 0x8001A65C 0x80019844 0x8001A65C 0x8001A65C 0x8001A65C
[BLACKSCREEN][RendererPresent] present=6 f=6 disp=(0,0 320x240) vis=320x240 uv=(0.000,0.000)-(1.000,1.000)
[BLACKSCREEN][INTERP] enter start=0x80019844 instr0=0x27BDFFD0 a0=0x00000000 ra=0x80010EA4 sp=0x80200000 f=6
[BLACKSCREEN][INTERP-RA] pre-save pc=0x80019890 sp=0x801FFFD0 ra=0x80010EA4 slot_before=0x80010EA4 f=6
[BLACKSCREEN][A65C-OVR] #26 f=6 ra=0x8001991C sp=0x801FFFD0 a0=0x00000000 v0=0x00000030 timer=0x00000030
[BLACKSCREEN][A65C-OVR] #27 f=6 ra=0x8001991C sp=0x801FFFD0 a0=0x00000000 v0=0x00000031 timer=0x00000031
[BLACKSCREEN][A65C-OVR] #28 f=6 ra=0x8001991C sp=0x801FFFD0 a0=0x00000000 v0=0x00000032 timer=0x00000032
[BLACKSCREEN][A65C-OVR] #29 f=6 ra=0x8001991C sp=0x801FFFD0 a0=0x00000000 v0=0x00000033 timer=0x00000033
[BLACKSCREEN][19844-STATE] pc=0x80019958 v0=0xFFFFFFFF v1=0x80032A24 a0=0x00000000 a1=0x00008000 a0m0=0x00000000 a0m1=0x00000000 a1m0=0x00000000 a1m1=0x00000000 s0=0xFFFFFFFF s1=0x00008000 ra=0x8001991C c2a8=0x1F801814 c2ac=0x1F801110 t0=0x1C080000 t1=0x00000034 f=6
[BLACKSCREEN][INTERP-RA] pre-restore pc=0x8001995C sp=0x801FFFD0 ra=0x8001991C slot_now=0x80010EA4 f=6
[BLACKSCREEN][19844-STATE] pc=0x80019960 v0=0x00000000 v1=0x80032A24 a0=0x00000000 a1=0x00008000 a0m0=0x00000000 a0m1=0x00000000 a1m0=0x00000000 a1m1=0x00000000 s0=0xFFFFFFFF s1=0x00008000 ra=0x80010EA4 c2a8=0x1F801814 c2ac=0x1F801110 t0=0x1C080000 t1=0x00000035 f=6
[BLACKSCREEN][19844-STATE] pc=0x80019980 v0=0x00000000 v1=0x80032A24 a0=0x00000000 a1=0x00008000 a0m0=0x00000000 a0m1=0x00000000 a1m0=0x00000000 a1m1=0x00000000 s0=0x00000000 s1=0x00000000 ra=0x80010EA4 c2a8=0x1F801814 c2ac=0x1F801110 t0=0x1C080000 t1=0x00000036 f=6
[BLACKSCREEN][INTERP] start=0x80019844 end=0x80019980 steps=126 reason=jr_ra target=0x80010EA4 ra=0x80010EA4 sp=0x80200000 f=6
[BLACKSCREEN][NO-GPU-EVENT] #7 tag=main_present f=7 ra=0x80010EA4 sp=0x80200000
[BLACKSCREEN][NO-GPU-EVENT] chain 0x8001A65C 0x8001A65C 0x8001A65C 0x8001A65C 0x8001A65C 0x8001A65C 0x8001A65C 0x8001A65C 0x80019844 0x8001A65C 0x8001A65C 0x8001A65C
[BLACKSCREEN][RendererPresent] present=7 f=7 disp=(0,0 320x240) vis=320x240 uv=(0.000,0.000)-(1.000,1.000)
[BLACKSCREEN][INTERP] enter start=0x80019844 instr0=0x27BDFFD0 a0=0x00000000 ra=0x80010EA4 sp=0x80200000 f=7
[BLACKSCREEN][INTERP-RA] pre-save pc=0x80019890 sp=0x801FFFD0 ra=0x80010EA4 slot_before=0x80010EA4 f=7
[BLACKSCREEN][A65C-OVR] #30 f=7 ra=0x8001991C sp=0x801FFFD0 a0=0x00000000 v0=0x00000037 timer=0x00000037
[BLACKSCREEN][A65C-OVR] #31 f=7 ra=0x8001991C sp=0x801FFFD0 a0=0x00000000 v0=0x00000038 timer=0x00000038
[BLACKSCREEN][A65C-OVR] #32 f=7 ra=0x8001991C sp=0x801FFFD0 a0=0x00000000 v0=0x00000039 timer=0x00000039
[BLACKSCREEN][A65C-OVR] #33 f=7 ra=0x8001991C sp=0x801FFFD0 a0=0x00000000 v0=0x0000003A timer=0x0000003A
[BLACKSCREEN][19844-STATE] pc=0x80019958 v0=0xFFFFFFFF v1=0x80032A24 a0=0x00000000 a1=0x00008000 a0m0=0x00000000 a0m1=0x00000000 a1m0=0x00000000 a1m1=0x00000000 s0=0xFFFFFFFF s1=0x00008000 ra=0x8001991C c2a8=0x1F801814 c2ac=0x1F801110 t0=0x1C080000 t1=0x0000003B f=7
[BLACKSCREEN][INTERP-RA] pre-restore pc=0x8001995C sp=0x801FFFD0 ra=0x8001991C slot_now=0x80010EA4 f=7
[BLACKSCREEN][19844-STATE] pc=0x80019960 v0=0x00000000 v1=0x80032A24 a0=0x00000000 a1=0x00008000 a0m0=0x00000000 a0m1=0x00000000 a1m0=0x00000000 a1m1=0x00000000 s0=0xFFFFFFFF s1=0x00008000 ra=0x80010EA4 c2a8=0x1F801814 c2ac=0x1F801110 t0=0x1C080000 t1=0x0000003C f=7
[BLACKSCREEN][19844-STATE] pc=0x80019980 v0=0x00000000 v1=0x80032A24 a0=0x00000000 a1=0x00008000 a0m0=0x00000000 a0m1=0x00000000 a1m0=0x00000000 a1m1=0x00000000 s0=0x00000000 s1=0x00000000 ra=0x80010EA4 c2a8=0x1F801814 c2ac=0x1F801110 t0=0x1C080000 t1=0x0000003D f=7
[BLACKSCREEN][INTERP] start=0x80019844 end=0x80019980 steps=126 reason=jr_ra target=0x80010EA4 ra=0x80010EA4 sp=0x80200000 f=7
[BLACKSCREEN][NO-GPU-EVENT] #8 tag=main_present f=8 ra=0x80010EA4 sp=0x80200000
[BLACKSCREEN][NO-GPU-EVENT] chain 0x8001A65C 0x8001A65C 0x8001A65C 0x8001A65C 0x8001A65C 0x8001A65C 0x8001A65C 0x8001A65C 0x80019844 0x8001A65C 0x8001A65C 0x8001A65C
[BLACKSCREEN][RendererPresent] present=8 f=8 disp=(0,0 320x240) vis=320x240 uv=(0.000,0.000)-(1.000,1.000)
[BLACKSCREEN][INTERP] enter start=0x80019844 instr0=0x27BDFFD0 a0=0x00000000 ra=0x80010EA4 sp=0x80200000 f=8
[BLACKSCREEN][INTERP-RA] pre-save pc=0x80019890 sp=0x801FFFD0 ra=0x80010EA4 slot_before=0x80010EA4 f=8
[BLACKSCREEN][A65C-OVR] #34 f=8 ra=0x8001991C sp=0x801FFFD0 a0=0x00000000 v0=0x0000003E timer=0x0000003E
[BLACKSCREEN][A65C-OVR] #35 f=8 ra=0x8001991C sp=0x801FFFD0 a0=0x00000000 v0=0x0000003F timer=0x0000003F
[BLACKSCREEN][A65C-OVR] #36 f=8 ra=0x8001991C sp=0x801FFFD0 a0=0x00000000 v0=0x00000040 timer=0x00000040
[BLACKSCREEN][A65C-OVR] #37 f=8 ra=0x8001991C sp=0x801FFFD0 a0=0x00000000 v0=0x00000041 timer=0x00000041
[BLACKSCREEN][19844-STATE] pc=0x80019958 v0=0xFFFFFFFF v1=0x80032A24 a0=0x00000000 a1=0x00008000 a0m0=0x00000000 a0m1=0x00000000 a1m0=0x00000000 a1m1=0x00000000 s0=0xFFFFFFFF s1=0x00008000 ra=0x8001991C c2a8=0x1F801814 c2ac=0x1F801110 t0=0x1C080000 t1=0x00000042 f=8
[BLACKSCREEN][INTERP-RA] pre-restore pc=0x8001995C sp=0x801FFFD0 ra=0x8001991C slot_now=0x80010EA4 f=8
[BLACKSCREEN][19844-STATE] pc=0x80019960 v0=0x00000000 v1=0x80032A24 a0=0x00000000 a1=0x00008000 a0m0=0x00000000 a0m1=0x00000000 a1m0=0x00000000 a1m1=0x00000000 s0=0xFFFFFFFF s1=0x00008000 ra=0x80010EA4 c2a8=0x1F801814 c2ac=0x1F801110 t0=0x1C080000 t1=0x00000043 f=8
[BLACKSCREEN][19844-STATE] pc=0x80019980 v0=0x00000000 v1=0x80032A24 a0=0x00000000 a1=0x00008000 a0m0=0x00000000 a0m1=0x00000000 a1m0=0x00000000 a1m1=0x00000000 s0=0x00000000 s1=0x00000000 ra=0x80010EA4 c2a8=0x1F801814 c2ac=0x1F801110 t0=0x1C080000 t1=0x00000044 f=8
[BLACKSCREEN][INTERP] start=0x80019844 end=0x80019980 steps=126 reason=jr_ra target=0x80010EA4 ra=0x80010EA4 sp=0x80200000 f=8
[BLACKSCREEN][NO-GPU-EVENT] #9 tag=main_present f=9 ra=0x80010EA4 sp=0x80200000
[BLACKSCREEN][NO-GPU-EVENT] chain 0x8001A65C 0x8001A65C 0x8001A65C 0x8001A65C 0x8001A65C 0x8001A65C 0x8001A65C 0x8001A65C 0x80019844 0x8001A65C 0x8001A65C 0x8001A65C
[BLACKSCREEN][RendererPresent] present=9 f=9 disp=(0,0 320x240) vis=320x240 uv=(0.000,0.000)-(1.000,1.000)
[BLACKSCREEN][INTERP] enter start=0x80019844 instr0=0x27BDFFD0 a0=0x00000000 ra=0x80010EA4 sp=0x80200000 f=9
[BLACKSCREEN][INTERP-RA] pre-save pc=0x80019890 sp=0x801FFFD0 ra=0x80010EA4 slot_before=0x80010EA4 f=9
[BLACKSCREEN][A65C-OVR] #38 f=9 ra=0x8001991C sp=0x801FFFD0 a0=0x00000000 v0=0x00000045 timer=0x00000045
[BLACKSCREEN][A65C-OVR] #39 f=9 ra=0x8001991C sp=0x801FFFD0 a0=0x00000000 v0=0x00000046 timer=0x00000046
[BLACKSCREEN][A65C-OVR] #40 f=9 ra=0x8001991C sp=0x801FFFD0 a0=0x00000000 v0=0x00000047 timer=0x00000047
[BLACKSCREEN][19844-STATE] pc=0x80019958 v0=0xFFFFFFFF v1=0x80032A24 a0=0x00000000 a1=0x00008000 a0m0=0x00000000 a0m1=0x00000000 a1m0=0x00000000 a1m1=0x00000000 s0=0xFFFFFFFF s1=0x00008000 ra=0x8001991C c2a8=0x1F801814 c2ac=0x1F801110 t0=0x1C080000 t1=0x00000049 f=9
[BLACKSCREEN][INTERP-RA] pre-restore pc=0x8001995C sp=0x801FFFD0 ra=0x8001991C slot_now=0x80010EA4 f=9
[BLACKSCREEN][19844-STATE] pc=0x80019960 v0=0x00000000 v1=0x80032A24 a0=0x00000000 a1=0x00008000 a0m0=0x00000000 a0m1=0x00000000 a1m0=0x00000000 a1m1=0x00000000 s0=0xFFFFFFFF s1=0x00008000 ra=0x80010EA4 c2a8=0x1F801814 c2ac=0x1F801110 t0=0x1C080000 t1=0x0000004A f=9
[BLACKSCREEN][19844-STATE] pc=0x80019980 v0=0x00000000 v1=0x80032A24 a0=0x00000000 a1=0x00008000 a0m0=0x00000000 a0m1=0x00000000 a1m0=0x00000000 a1m1=0x00000000 s0=0x00000000 s1=0x00000000 ra=0x80010EA4 c2a8=0x1F801814 c2ac=0x1F801110 t0=0x1C080000 t1=0x0000004B f=9
[BLACKSCREEN][INTERP] start=0x80019844 end=0x80019980 steps=126 reason=jr_ra target=0x80010EA4 ra=0x80010EA4 sp=0x80200000 f=9
[BLACKSCREEN][NO-GPU-EVENT] #10 tag=main_present f=10 ra=0x80010EA4 sp=0x80200000
[BLACKSCREEN][NO-GPU-EVENT] chain 0x8001A65C 0x8001A65C 0x8001A65C 0x8001A65C 0x8001A65C 0x8001A65C 0x8001A65C 0x8001A65C 0x80019844 0x8001A65C 0x8001A65C 0x8001A65C
[BLACKSCREEN][RendererPresent] present=10 f=10 disp=(0,0 320x240) vis=320x240 uv=(0.000,0.000)-(1.000,1.000)
[BLACKSCREEN][INTERP] enter start=0x80019844 instr0=0x27BDFFD0 a0=0x00000000 ra=0x80010EA4 sp=0x80200000 f=10
[BLACKSCREEN][INTERP-RA] pre-save pc=0x80019890 sp=0x801FFFD0 ra=0x80010EA4 slot_before=0x80010EA4 f=10
[BLACKSCREEN][19844-STATE] pc=0x80019958 v0=0xFFFFFFFF v1=0x80032A24 a0=0x00000000 a1=0x00008000 a0m0=0x00000000 a0m1=0x00000000 a1m0=0x00000000 a1m1=0x00000000 s0=0xFFFFFFFF s1=0x00008000 ra=0x8001991C c2a8=0x1F801814 c2ac=0x1F801110 t0=0x1C080000 t1=0x00000050 f=10
[BLACKSCREEN][INTERP-RA] pre-restore pc=0x8001995C sp=0x801FFFD0 ra=0x8001991C slot_now=0x80010EA4 f=10
[BLACKSCREEN][19844-STATE] pc=0x80019960 v0=0x00000000 v1=0x80032A24 a0=0x00000000 a1=0x00008000 a0m0=0x00000000 a0m1=0x00000000 a1m0=0x00000000 a1m1=0x00000000 s0=0xFFFFFFFF s1=0x00008000 ra=0x80010EA4 c2a8=0x1F801814 c2ac=0x1F801110 t0=0x1C080000 t1=0x00000051 f=10
[BLACKSCREEN][19844-STATE] pc=0x80019980 v0=0x00000000 v1=0x80032A24 a0=0x00000000 a1=0x00008000 a0m0=0x00000000 a0m1=0x00000000 a1m0=0x00000000 a1m1=0x00000000 s0=0x00000000 s1=0x00000000 ra=0x80010EA4 c2a8=0x1F801814 c2ac=0x1F801110 t0=0x1C080000 t1=0x00000052 f=10
[BLACKSCREEN][INTERP] start=0x80019844 end=0x80019980 steps=126 reason=jr_ra target=0x80010EA4 ra=0x80010EA4 sp=0x80200000 f=10
[BLACKSCREEN][NO-GPU-EVENT] #11 tag=main_present f=11 ra=0x80010EA4 sp=0x80200000
[BLACKSCREEN][NO-GPU-EVENT] chain 0x8001A65C 0x8001A65C 0x8001A65C 0x8001A65C 0x8001A65C 0x8001A65C 0x8001A65C 0x8001A65C 0x80019844 0x8001A65C 0x8001A65C 0x8001A65C
[BLACKSCREEN][RendererPresent] present=11 f=11 disp=(0,0 320x240) vis=320x240 uv=(0.000,0.000)-(1.000,1.000)
[BLACKSCREEN][INTERP] enter start=0x80019844 instr0=0x27BDFFD0 a0=0x00000000 ra=0x80010EA4 sp=0x80200000 f=11
[BLACKSCREEN][INTERP-RA] pre-save pc=0x80019890 sp=0x801FFFD0 ra=0x80010EA4 slot_before=0x80010EA4 f=11
[BLACKSCREEN][19844-STATE] pc=0x80019958 v0=0xFFFFFFFF v1=0x80032A24 a0=0x00000000 a1=0x00008000 a0m0=0x00000000 a0m1=0x00000000 a1m0=0x00000000 a1m1=0x00000000 s0=0xFFFFFFFF s1=0x00008000 ra=0x8001991C c2a8=0x1F801814 c2ac=0x1F801110 t0=0x1C080000 t1=0x00000057 f=11
[BLACKSCREEN][INTERP-RA] pre-restore pc=0x8001995C sp=0x801FFFD0 ra=0x8001991C slot_now=0x80010EA4 f=11
[BLACKSCREEN][19844-STATE] pc=0x80019960 v0=0x00000000 v1=0x80032A24 a0=0x00000000 a1=0x00008000 a0m0=0x00000000 a0m1=0x00000000 a1m0=0x00000000 a1m1=0x00000000 s0=0xFFFFFFFF s1=0x00008000 ra=0x80010EA4 c2a8=0x1F801814 c2ac=0x1F801110 t0=0x1C080000 t1=0x00000058 f=11
[BLACKSCREEN][19844-STATE] pc=0x80019980 v0=0x00000000 v1=0x80032A24 a0=0x00000000 a1=0x00008000 a0m0=0x00000000 a0m1=0x00000000 a1m0=0x00000000 a1m1=0x00000000 s0=0x00000000 s1=0x00000000 ra=0x80010EA4 c2a8=0x1F801814 c2ac=0x1F801110 t0=0x1C080000 t1=0x00000059 f=11
[BLACKSCREEN][INTERP] start=0x80019844 end=0x80019980 steps=126 reason=jr_ra target=0x80010EA4 ra=0x80010EA4 sp=0x80200000 f=11
[BLACKSCREEN][NO-GPU-EVENT] #12 tag=main_present f=12 ra=0x80010EA4 sp=0x80200000
[BLACKSCREEN][NO-GPU-EVENT] chain 0x8001A65C 0x8001A65C 0x8001A65C 0x8001A65C 0x8001A65C 0x8001A65C 0x8001A65C 0x8001A65C 0x80019844 0x8001A65C 0x8001A65C 0x8001A65C
[BLACKSCREEN][RendererPresent] present=12 f=12 disp=(0,0 320x240) vis=320x240 uv=(0.000,0.000)-(1.000,1.000)
[BLACKSCREEN][INTERP] enter start=0x80019844 instr0=0x27BDFFD0 a0=0x00000000 ra=0x80010EA4 sp=0x80200000 f=12
[BLACKSCREEN][INTERP-RA] pre-save pc=0x80019890 sp=0x801FFFD0 ra=0x80010EA4 slot_before=0x80010EA4 f=12
[BLACKSCREEN][19844-STATE] pc=0x80019958 v0=0xFFFFFFFF v1=0x80032A24 a0=0x00000000 a1=0x00008000 a0m0=0x00000000 a0m1=0x00000000 a1m0=0x00000000 a1m1=0x00000000 s0=0xFFFFFFFF s1=0x00008000 ra=0x8001991C c2a8=0x1F801814 c2ac=0x1F801110 t0=0x1C080000 t1=0x0000005E f=12
[BLACKSCREEN][INTERP-RA] pre-restore pc=0x8001995C sp=0x801FFFD0 ra=0x8001991C slot_now=0x80010EA4 f=12
[BLACKSCREEN][19844-STATE] pc=0x80019960 v0=0x00000000 v1=0x80032A24 a0=0x00000000 a1=0x00008000 a0m0=0x00000000 a0m1=0x00000000 a1m0=0x00000000 a1m1=0x00000000 s0=0xFFFFFFFF s1=0x00008000 ra=0x80010EA4 c2a8=0x1F801814 c2ac=0x1F801110 t0=0x1C080000 t1=0x0000005F f=12
[BLACKSCREEN][19844-STATE] pc=0x80019980 v0=0x00000000 v1=0x80032A24 a0=0x00000000 a1=0x00008000 a0m0=0x00000000 a0m1=0x00000000 a1m0=0x00000000 a1m1=0x00000000 s0=0x00000000 s1=0x00000000 ra=0x80010EA4 c2a8=0x1F801814 c2ac=0x1F801110 t0=0x1C080000 t1=0x00000060 f=12
[BLACKSCREEN][INTERP] start=0x80019844 end=0x80019980 steps=126 reason=jr_ra target=0x80010EA4 ra=0x80010EA4 sp=0x80200000 f=12
[BLACKSCREEN][NO-GPU-EVENT] #13 tag=main_present f=13 ra=0x80010EA4 sp=0x80200000
[BLACKSCREEN][NO-GPU-EVENT] chain 0x8001A65C 0x8001A65C 0x8001A65C 0x8001A65C 0x8001A65C 0x8001A65C 0x8001A65C 0x8001A65C 0x80019844 0x8001A65C 0x8001A65C 0x8001A65C
[BLACKSCREEN][RendererPresent] present=13 f=13 disp=(0,0 320x240) vis=320x240 uv=(0.000,0.000)-(1.000,1.000)
[BLACKSCREEN][INTERP] enter start=0x80019844 instr0=0x27BDFFD0 a0=0x00000000 ra=0x80010EA4 sp=0x80200000 f=13
[BLACKSCREEN][INTERP-RA] pre-save pc=0x80019890 sp=0x801FFFD0 ra=0x80010EA4 slot_before=0x80010EA4 f=13
[BLACKSCREEN][19844-STATE] pc=0x80019958 v0=0xFFFFFFFF v1=0x80032A24 a0=0x00000000 a1=0x00008000 a0m0=0x00000000 a0m1=0x00000000 a1m0=0x00000000 a1m1=0x00000000 s0=0xFFFFFFFF s1=0x00008000 ra=0x8001991C c2a8=0x1F801814 c2ac=0x1F801110 t0=0x1C080000 t1=0x00000065 f=13
[BLACKSCREEN][INTERP-RA] pre-restore pc=0x8001995C sp=0x801FFFD0 ra=0x8001991C slot_now=0x80010EA4 f=13
[BLACKSCREEN][19844-STATE] pc=0x80019960 v0=0x00000000 v1=0x80032A24 a0=0x00000000 a1=0x00008000 a0m0=0x00000000 a0m1=0x00000000 a1m0=0x00000000 a1m1=0x00000000 s0=0xFFFFFFFF s1=0x00008000 ra=0x80010EA4 c2a8=0x1F801814 c2ac=0x1F801110 t0=0x1C080000 t1=0x00000066 f=13
[BLACKSCREEN][19844-STATE] pc=0x80019980 v0=0x00000000 v1=0x80032A24 a0=0x00000000 a1=0x00008000 a0m0=0x00000000 a0m1=0x00000000 a1m0=0x00000000 a1m1=0x00000000 s0=0x00000000 s1=0x00000000 ra=0x80010EA4 c2a8=0x1F801814 c2ac=0x1F801110 t0=0x1C080000 t1=0x00000067 f=13
[BLACKSCREEN][INTERP] start=0x80019844 end=0x80019980 steps=126 reason=jr_ra target=0x80010EA4 ra=0x80010EA4 sp=0x80200000 f=13
[BLACKSCREEN][NO-GPU-EVENT] #14 tag=main_present f=14 ra=0x80010EA4 sp=0x80200000
[BLACKSCREEN][NO-GPU-EVENT] chain 0x8001A65C 0x8001A65C 0x8001A65C 0x8001A65C 0x8001A65C 0x8001A65C 0x8001A65C 0x8001A65C 0x80019844 0x8001A65C 0x8001A65C 0x8001A65C
[BLACKSCREEN][RendererPresent] present=14 f=14 disp=(0,0 320x240) vis=320x240 uv=(0.000,0.000)-(1.000,1.000)
[BLACKSCREEN][INTERP] enter start=0x80019844 instr0=0x27BDFFD0 a0=0x00000000 ra=0x80010EA4 sp=0x80200000 f=14
[BLACKSCREEN][INTERP-RA] pre-save pc=0x80019890 sp=0x801FFFD0 ra=0x80010EA4 slot_before=0x80010EA4 f=14
[BLACKSCREEN][A65C-OVR] #60 f=14 ra=0x8001991C sp=0x801FFFD0 a0=0x00000000 v0=0x0000006A timer=0x0000006A
[BLACKSCREEN][19844-STATE] pc=0x80019958 v0=0xFFFFFFFF v1=0x80032A24 a0=0x00000000 a1=0x00008000 a0m0=0x00000000 a0m1=0x00000000 a1m0=0x00000000 a1m1=0x00000000 s0=0xFFFFFFFF s1=0x00008000 ra=0x8001991C c2a8=0x1F801814 c2ac=0x1F801110 t0=0x1C080000 t1=0x0000006C f=14
[BLACKSCREEN][INTERP-RA] pre-restore pc=0x8001995C sp=0x801FFFD0 ra=0x8001991C slot_now=0x80010EA4 f=14
[BLACKSCREEN][19844-STATE] pc=0x80019960 v0=0x00000000 v1=0x80032A24 a0=0x00000000 a1=0x00008000 a0m0=0x00000000 a0m1=0x00000000 a1m0=0x00000000 a1m1=0x00000000 s0=0xFFFFFFFF s1=0x00008000 ra=0x80010EA4 c2a8=0x1F801814 c2ac=0x1F801110 t0=0x1C080000 t1=0x0000006D f=14
[BLACKSCREEN][19844-STATE] pc=0x80019980 v0=0x00000000 v1=0x80032A24 a0=0x00000000 a1=0x00008000 a0m0=0x00000000 a0m1=0x00000000 a1m0=0x00000000 a1m1=0x00000000 s0=0x00000000 s1=0x00000000 ra=0x80010EA4 c2a8=0x1F801814 c2ac=0x1F801110 t0=0x1C080000 t1=0x0000006E f=14
[BLACKSCREEN][INTERP] start=0x80019844 end=0x80019980 steps=126 reason=jr_ra target=0x80010EA4 ra=0x80010EA4 sp=0x80200000 f=14
[BLACKSCREEN][NO-GPU-EVENT] #15 tag=main_present f=15 ra=0x80010EA4 sp=0x80200000
[BLACKSCREEN][NO-GPU-EVENT] chain 0x8001A65C 0x8001A65C 0x8001A65C 0x8001A65C 0x8001A65C 0x8001A65C 0x8001A65C 0x8001A65C 0x80019844 0x8001A65C 0x8001A65C 0x8001A65C
[BLACKSCREEN][RendererPresent] present=15 f=15 disp=(0,0 320x240) vis=320x240 uv=(0.000,0.000)-(1.000,1.000)
[BLACKSCREEN][INTERP] enter start=0x80019844 instr0=0x27BDFFD0 a0=0x00000000 ra=0x80010EA4 sp=0x80200000 f=15
[BLACKSCREEN][INTERP-RA] pre-save pc=0x80019890 sp=0x801FFFD0 ra=0x80010EA4 slot_before=0x80010EA4 f=15
[BLACKSCREEN][19844-STATE] pc=0x80019958 v0=0xFFFFFFFF v1=0x80032A24 a0=0x00000000 a1=0x00008000 a0m0=0x00000000 a0m1=0x00000000 a1m0=0x00000000 a1m1=0x00000000 s0=0xFFFFFFFF s1=0x00008000 ra=0x8001991C c2a8=0x1F801814 c2ac=0x1F801110 t0=0x1C080000 t1=0x00000073 f=15
[BLACKSCREEN][INTERP-RA] pre-restore pc=0x8001995C sp=0x801FFFD0 ra=0x8001991C slot_now=0x80010EA4 f=15
[BLACKSCREEN][19844-STATE] pc=0x80019960 v0=0x00000000 v1=0x80032A24 a0=0x00000000 a1=0x00008000 a0m0=0x00000000 a0m1=0x00000000 a1m0=0x00000000 a1m1=0x00000000 s0=0xFFFFFFFF s1=0x00008000 ra=0x80010EA4 c2a8=0x1F801814 c2ac=0x1F801110 t0=0x1C080000 t1=0x00000074 f=15
[BLACKSCREEN][19844-STATE] pc=0x80019980 v0=0x00000000 v1=0x80032A24 a0=0x00000000 a1=0x00008000 a0m0=0x00000000 a0m1=0x00000000 a1m0=0x00000000 a1m1=0x00000000 s0=0x00000000 s1=0x00000000 ra=0x80010EA4 c2a8=0x1F801814 c2ac=0x1F801110 t0=0x1C080000 t1=0x00000075 f=15
[BLACKSCREEN][INTERP] start=0x80019844 end=0x80019980 steps=126 reason=jr_ra target=0x80010EA4 ra=0x80010EA4 sp=0x80200000 f=15
[BLACKSCREEN][NO-GPU-EVENT] #16 tag=main_present f=16 ra=0x80010EA4 sp=0x80200000
[BLACKSCREEN][NO-GPU-EVENT] chain 0x8001A65C 0x8001A65C 0x8001A65C 0x8001A65C 0x8001A65C 0x8001A65C 0x8001A65C 0x8001A65C 0x80019844 0x8001A65C 0x8001A65C 0x8001A65C
[XA] Audio thread exiting
[XA] WAV saved: 0 stereo pairs = 0.0 sec
[OpenGLRenderer] Shutdown() called
[OpenGLRenderer] Shutdown complete
