[Launcher] Disc: C:\Users\Leona\Documents\GitHub\psxrecomp\CastlevaniaRecomp\isos\Castlevania - Symphony of the Night (USA).cue
=== PSXRecomp v2 ===
EXE: C:\Users\Leona\Documents\GitHub\psxrecomp\CastlevaniaRecomp\isos\SLUS_000.67
CUE: C:\Users\Leona\Documents\GitHub\psxrecomp\CastlevaniaRecomp\isos\Castlevania - Symphony of the Night (USA).cue

[KeyConfig] Loading from C:/Users/Leona/Documents/GitHub/psxrecomp/CastlevaniaRecomp/build/keyconfig.ini
[XA] Volume set to 50%
[KeyConfig] UP=265 DOWN=264 CROSS=83 START=257
[XA] Opened C:\Users\Leona\Documents\GitHub\psxrecomp\CastlevaniaRecomp\isos\Castlevania - Symphony of the Night (USA) (Track 1).bin
[XA] WAV capture: C:/temp/xa_capture.wav (up to 30s)
[XA] Audio ready (decode 37800 Hz → waveOut 44100 Hz)
[FMV] Opened C:\Users\Leona\Documents\GitHub\psxrecomp\CastlevaniaRecomp\isos\Castlevania - Symphony of the Night (USA) (Track 1).bin
[SPU] Initialised — 24 voices, 44100 Hz stereo
Detected PS-X header, skipping 2048 bytes
Loaded 561152 bytes
Loaded into PS1 RAM at 0x80010000
[OpenGLRenderer] Initialize() called
[OpenGLRenderer] InitializeWindow() - Creating GLFW window...
[OpenGLRenderer] GLFW window created successfully (960x720)
[OpenGLRenderer] InitializeOpenGL() - Loading OpenGL functions...
[OpenGLRenderer] OpenGL initialized successfully!
[OpenGLRenderer]   Version:  3.3.0 - Build 31.0.101.5522
[OpenGLRenderer]   Renderer: Intel(R) Iris(R) Xe Graphics
[OpenGLRenderer]   Vendor:   Intel
[OpenGLRenderer] OpenGL 3.3 Core Profile ready
[OpenGLRenderer] InitializeShaders() - Compiling shaders...
[OpenGLRenderer]   - Primitive shader compiled (program ID: 3)
[OpenGLRenderer]   - Textured shader compiled (program ID: 4)
[OpenGLRenderer]   - Fill shader compiled (program ID: 5)
[OpenGLRenderer]   - Copy shader compiled (program ID: 6)
[OpenGLRenderer] All 4 shaders compiled successfully!
[OpenGLRenderer] InitializeBuffers() - Creating VAO and VBO...
[OpenGLRenderer] VAO and VBO created (max 4096 vertices per batch)
[OpenGLRenderer] InitializeVRAM() - Creating VRAM texture and FBO...
[OpenGLRenderer] VRAM texture created (1024x512, RGB5A1, 1024 KB)
[OpenGLRenderer] VRAM FBO created and verified (complete)
[OpenGLRenderer] Initialization complete!
Renderer ready

Calling entry point 0x80010DF4...
[BLACKSCREEN][PROBE] dynamic probe enabled for 'Castlevania Recomp'
[BLACKSCREEN][CALL] enter #1 addr=0x80010DF4 kseg0=0x80010DF4 ra=0x00000000 sp=0x801FFF00 f=0
[OVERRIDE] runtime overrides: tomba=0 castlevania=1 for 'Castlevania Recomp'
[OVERRIDE] castlevania timer helper override=1 (env PSX_CASTLE_TIMER_OVERRIDE) 15308_override=0 (env PSX_CASTLE_15308_OVERRIDE)
[OVERRIDE] castlevania boot unblock override=0 (env PSX_CASTLE_BOOT_UNBLOCK)
[BLACKSCREEN][INIT] timer ptrs mode=default c2a8=0x1F801814 c2ac=0x1F801110
[BLACKSCREEN][CALL] stage=before_overlay #1 addr=0x80010DF4 ra=0x00000000 f=0
[BLACKSCREEN][CALL] stage=before_inbinary #1 addr=0x80010DF4 ra=0x00000000 f=0
[BLACKSCREEN][CALL] route=interp #1 addr=0x80010DF4 ra=0x00000000 f=0
[BLACKSCREEN][INTERP] enter start=0x80010DF4 instr0=0x03E00008 a0=0x00000000 ra=0x00000000 sp=0x801FFF00 f=0
[BLACKSCREEN][INTERP] start=0x80010DF4 end=0x80010DF4 steps=1 reason=invalid_target target=0x00000000 a0=0x00000000 ra=0x00000000 sp=0x801FFF00 f=0
Entry point returned.
[BLACKSCREEN] Entry 0x80010DF4 returned immediately; trying bootstrap entry 0x80010DFC
[BLACKSCREEN][CALL] enter #2 addr=0x80010DFC kseg0=0x80010DFC ra=0x00000000 sp=0x801FFF00 f=0
[BLACKSCREEN][CALL] stage=before_overlay #2 addr=0x80010DFC ra=0x00000000 f=0
[BLACKSCREEN][CALL] stage=before_inbinary #2 addr=0x80010DFC ra=0x00000000 f=0
[BLACKSCREEN][CALL] route=interp #2 addr=0x80010DFC ra=0x00000000 f=0
[BLACKSCREEN][INTERP] enter start=0x80010DFC instr0=0x3C028003 a0=0x00000000 ra=0x00000000 sp=0x801FFF00 f=0
[BLACKSCREEN][CALL] enter #3 addr=0x80010DF4 kseg0=0x80010DF4 ra=0x80010EC8 sp=0x801FFFE8 f=0
[BLACKSCREEN][CALL] stage=before_overlay #3 addr=0x80010DF4 ra=0x80010EC8 f=0
[BLACKSCREEN][CALL] stage=before_inbinary #3 addr=0x80010DF4 ra=0x80010EC8 f=0
[BLACKSCREEN][CALL] route=interp #3 addr=0x80010DF4 ra=0x80010EC8 f=0
[BLACKSCREEN][INTERP] enter start=0x80010DF4 instr0=0x03E00008 a0=0x00000000 ra=0x80010EC8 sp=0x801FFFE8 f=0
[BLACKSCREEN][INTERP] start=0x80010DF4 end=0x80010DF4 steps=1 reason=jr_ra target=0x80010EC8 ra=0x80010EC8 sp=0x801FFFE8 f=0
[BLACKSCREEN][INTERP-LOCALJ] start=0x80010DFC pc=0x80010FCC target=0x80011104 sp=0x801FFFE8 ra=0x80010FCC f=0
[BLACKSCREEN][INTERP] start=0x80010DFC end=0x80011124 steps=413467 reason=jr_ra target=0x80010EA4 ra=0x80010EA4 sp=0x80200000 f=0
[BLACKSCREEN] Bootstrap entry 0x80010DFC returned
[BLACKSCREEN] Entry returned before first PS1 frame; trying display entry 0x800191E0
[BLACKSCREEN][CALL] enter #4 addr=0x800191E0 kseg0=0x800191E0 ra=0x80010EA4 sp=0x80200000 f=0
[BLACKSCREEN][CALL] stage=before_overlay #4 addr=0x800191E0 ra=0x80010EA4 f=0
[BLACKSCREEN][CALL] stage=before_inbinary #4 addr=0x800191E0 ra=0x80010EA4 f=0
[BLACKSCREEN][CALL] route=interp #4 addr=0x800191E0 ra=0x80010EA4 f=0
[BLACKSCREEN][INTERP] enter start=0x800191E0 instr0=0x00000000 a0=0x00000002 ra=0x80010EA4 sp=0x80200000 f=0
[BLACKSCREEN][INTERP] start=0x800191E0 end=0x80019224 steps=14 reason=jr_ra target=0x80010EA4 ra=0x80010EA4 sp=0x80200000 f=0
[BLACKSCREEN] Display entry returned
[BLACKSCREEN] Display entry 0x800191E0 returned; trying alternate display entry 0x80019844
[BLACKSCREEN][CALL] enter #5 addr=0x80019844 kseg0=0x80019844 ra=0x80010EA4 sp=0x80200000 f=0
[BLACKSCREEN][CALL] stage=before_overlay #5 addr=0x80019844 ra=0x80010EA4 f=0
[BLACKSCREEN][CALL] stage=before_inbinary #5 addr=0x80019844 ra=0x80010EA4 f=0
[BLACKSCREEN][CALL] route=interp #5 addr=0x80019844 ra=0x80010EA4 f=0
[BLACKSCREEN][INTERP] enter start=0x80019844 instr0=0x27BDFFD0 a0=0x00000000 ra=0x80010EA4 sp=0x80200000 f=0
[BLACKSCREEN][INTERP-RA] pre-save pc=0x80019890 sp=0x801FFFD0 ra=0x80010EA4 slot_before=0x80010EA4 f=0
[BLACKSCREEN][A65C-OVR] #1 f=0 ra=0x8001991C sp=0x801FFFD0 a0=0x00000000 v0=0x00000000 timer=0x00000000
[BLACKSCREEN][19844-TAIL] pc=0x80019944 instr=0x0C006844 v0=0x00000000 a0=0x00000000 a1=0x801E0000 ra=0x8001991C sp=0x801FFFD0 f=0
[BLACKSCREEN][19844-STATE] pc=0x80019944 v0=0x00000000 v1=0x80032A24 a0=0x00000000 a1=0x801E0000 a0m0=0x00000000 a0m1=0x00000000 a1m0=0x00000000 a1m1=0x00000000 s0=0x00000003 s1=0x801E0000 ra=0x8001991C c2a8=0x1F801814 c2ac=0x1F801110 t0=0x1C080000 t1=0x00000001 f=0
[BLACKSCREEN][CALL] enter #6 addr=0x8001A110 kseg0=0x8001A110 ra=0x8001994C sp=0x801FFFD0 f=0
[BLACKSCREEN][CALL] stage=before_overlay #6 addr=0x8001A110 ra=0x8001994C f=0
[BLACKSCREEN][CALL] stage=before_inbinary #6 addr=0x8001A110 ra=0x8001994C f=0
[BLACKSCREEN][CALL] route=interp #6 addr=0x8001A110 ra=0x8001994C f=0
[BLACKSCREEN][INTERP] enter start=0x8001A110 instr0=0x27BDFFC8 a0=0x00000000 ra=0x8001994C sp=0x801FFFD0 f=0
[BLACKSCREEN][A110-CALL] pc=0x8001A13C target=0x80015308 v0=0x00000000 v1=0x80032A24 a0=0xFFFFFFFF a1=0x00008000 a2=0x00008000 a3=0x00000000 sp=0x801FFF98 ra=0x8001A144 f=0
[BLACKSCREEN][CALL] enter #7 addr=0x80015308 kseg0=0x80015308 ra=0x8001A144 sp=0x801FFF98 f=0
[BLACKSCREEN][CALL] route=compiled_early #1 addr=0x80015308 ra=0x8001A144 f=0
[BLACKSCREEN][A110-RET] call_pc=0x8001A13C target=0x80015308 v0_before=0x00000000 v1_before=0x80032A24 v0_after=0x1F801814 v1_after=0x1F801110 c9278=0x00000000 c927c=0x00000000 sp_before=0x801FFF98 sp_after=0x801FFF98 ra=0x8001A144 f=0
[BLACKSCREEN][A110-CONT] start=0x8001A110 pc=0x8001A150 instr=0x26522D80 sp=0x801FFF98 ra=0x8001A144 a0=0xFFFFFFFF s0=0x00000003 f=0
[BLACKSCREEN][A110-CONT] start=0x8001A110 pc=0x8001A154 instr=0x26540001 sp=0x801FFF98 ra=0x8001A144 a0=0xFFFFFFFF s0=0x00000003 f=0
[BLACKSCREEN][A110-CONT] start=0x8001A110 pc=0x8001A158 instr=0x244203C0 sp=0x801FFF98 ra=0x8001A144 a0=0xFFFFFFFF s0=0x00000003 f=0
[BLACKSCREEN][A110-CONT] start=0x8001A110 pc=0x8001A15C instr=0x3C018004 sp=0x801FFF98 ra=0x8001A144 a0=0xFFFFFFFF s0=0x00000003 f=0
[BLACKSCREEN][A110-CONT] start=0x8001A110 pc=0x8001A160 instr=0xAC229278 sp=0x801FFF98 ra=0x8001A144 a0=0xFFFFFFFF s0=0x00000003 f=0
[BLACKSCREEN][A110-INIT] pc=0x8001A160 v0=0x1F801BD4 v1=0x1F801110 c9278=0x00000000 c927c=0x00000000 a0=0xFFFFFFFF sp=0x801FFF98 f=0
[BLACKSCREEN][A110-CONT] start=0x8001A110 pc=0x8001A164 instr=0x3C028001 sp=0x801FFF98 ra=0x8001A144 a0=0xFFFFFFFF s0=0x00000003 f=0
[BLACKSCREEN][A110-CONT] start=0x8001A110 pc=0x8001A168 instr=0x2442072C sp=0x801FFF98 ra=0x8001A144 a0=0xFFFFFFFF s0=0x00000003 f=0
[BLACKSCREEN][A110-CONT] start=0x8001A110 pc=0x8001A16C instr=0x3C018004 sp=0x801FFF98 ra=0x8001A144 a0=0xFFFFFFFF s0=0x00000003 f=0
[BLACKSCREEN][A110-CONT] start=0x8001A110 pc=0x8001A170 instr=0xAC20927C sp=0x801FFF98 ra=0x8001A144 a0=0xFFFFFFFF s0=0x00000003 f=0
[BLACKSCREEN][A110-INIT] pc=0x8001A170 v0=0x8001072C v1=0x1F801110 c9278=0x1F801BD4 c927c=0x00000000 a0=0xFFFFFFFF sp=0x801FFF98 f=0
[BLACKSCREEN][A110-CONT] start=0x8001A110 pc=0x8001A174 instr=0x3C018004 sp=0x801FFF98 ra=0x8001A144 a0=0xFFFFFFFF s0=0x00000003 f=0
[BLACKSCREEN][A110-CONT] start=0x8001A110 pc=0x8001A178 instr=0xAC229280 sp=0x801FFF98 ra=0x8001A144 a0=0xFFFFFFFF s0=0x00000003 f=0
[BLACKSCREEN][A110-CONT] start=0x8001A110 pc=0x8001A17C instr=0x0C0054C2 sp=0x801FFF98 ra=0x8001A144 a0=0xFFFFFFFF s0=0x00000003 f=0
[BLACKSCREEN][A110-CALL] pc=0x8001A17C target=0x80015308 v0=0x8001072C v1=0x1F801110 a0=0xFFFFFFFF a1=0x00008000 a2=0x00008000 a3=0x00000000 sp=0x801FFF98 ra=0x8001A184 f=0
[BLACKSCREEN][CALL] enter #8 addr=0x80015308 kseg0=0x80015308 ra=0x8001A184 sp=0x801FFF98 f=0
[BLACKSCREEN][CALL] route=compiled_early #2 addr=0x80015308 ra=0x8001A184 f=0
[BLACKSCREEN][A110-RET] call_pc=0x8001A17C target=0x80015308 v0_before=0x8001072C v1_before=0x1F801110 v0_after=0x1F801814 v1_after=0x1F801110 c9278=0x1F801BD4 c927c=0x00000000 sp_before=0x801FFF98 sp_after=0x801FFF98 ra=0x8001A184 f=0
[BLACKSCREEN][A110-CONT] start=0x8001A110 pc=0x8001A184 instr=0x3C038004 sp=0x801FFF98 ra=0x8001A184 a0=0xFFFFFFFF s0=0x00000003 f=0
[BLACKSCREEN][A110-CONT] start=0x8001A110 pc=0x8001A188 instr=0x8C639278 sp=0x801FFF98 ra=0x8001A184 a0=0xFFFFFFFF s0=0x00000003 f=0
[BLACKSCREEN][A110-CONT] start=0x8001A110 pc=0x8001A18C instr=0x00000000 sp=0x801FFF98 ra=0x8001A184 a0=0xFFFFFFFF s0=0x00000003 f=0
[BLACKSCREEN][A110-CONT] start=0x8001A110 pc=0x8001A190 instr=0x0062182A sp=0x801FFF98 ra=0x8001A184 a0=0xFFFFFFFF s0=0x00000003 f=0
[BLACKSCREEN][A110-CONT] start=0x8001A110 pc=0x8001A194 instr=0x1460000B sp=0x801FFF98 ra=0x8001A184 a0=0xFFFFFFFF s0=0x00000003 f=0
[BLACKSCREEN][A110-EXIT-COND] pc=0x8001A194 instr=0x1460000B v1=0x00000000 v0=0x1F801814 will_branch=0 next=0x8001A19C else=0x8001A1C4 c9278=0x1F801BD4 c927c=0x00000000 ra=0x8001A184 sp=0x801FFF98 f=0
[BLACKSCREEN][A110-CONT] start=0x8001A110 pc=0x8001A19C instr=0x3C038004 sp=0x801FFF98 ra=0x8001A184 a0=0xFFFFFFFF s0=0x00000003 f=0
[BLACKSCREEN][A110-CONT] start=0x8001A110 pc=0x8001A1A0 instr=0x8C63927C sp=0x801FFF98 ra=0x8001A184 a0=0xFFFFFFFF s0=0x00000003 f=0
[BLACKSCREEN][A110-CONT] start=0x8001A110 pc=0x8001A1A4 instr=0x00000000 sp=0x801FFF98 ra=0x8001A184 a0=0xFFFFFFFF s0=0x00000003 f=0
[BLACKSCREEN][A110-CONT] start=0x8001A110 pc=0x8001A1A8 instr=0x24620001 sp=0x801FFF98 ra=0x8001A184 a0=0xFFFFFFFF s0=0x00000003 f=0
[BLACKSCREEN][A110-CONT] start=0x8001A110 pc=0x8001A1AC instr=0x3C018004 sp=0x801FFF98 ra=0x8001A184 a0=0xFFFFFFFF s0=0x00000003 f=0
[BLACKSCREEN][A110-CONT] start=0x8001A110 pc=0x8001A1B0 instr=0xAC22927C sp=0x801FFF98 ra=0x8001A184 a0=0xFFFFFFFF s0=0x00000003 f=0
[BLACKSCREEN][A110-CONT] start=0x8001A110 pc=0x8001A1B4 instr=0x3C02003C sp=0x801FFF98 ra=0x8001A184 a0=0xFFFFFFFF s0=0x00000003 f=0
[BLACKSCREEN][A110-CONT] start=0x8001A110 pc=0x8001A1B8 instr=0x0043102A sp=0x801FFF98 ra=0x8001A184 a0=0xFFFFFFFF s0=0x00000003 f=0
[BLACKSCREEN][A110-CALL] pc=0x8001A244 target=0x80015650 v0=0xFFFFFFFF v1=0x00000000 a0=0xFFFFFFFF a1=0x00008000 a2=0x00008000 a3=0x00000000 sp=0x801FFF98 ra=0x8001A24C f=0
[BLACKSCREEN][CALL] enter #9 addr=0x80015650 kseg0=0x80015650 ra=0x8001A24C sp=0x801FFF98 f=0
[BLACKSCREEN][CALL] stage=before_overlay #7 addr=0x80015650 ra=0x8001A24C f=0
[BLACKSCREEN][CALL] stage=before_inbinary #7 addr=0x80015650 ra=0x8001A24C f=0
[BLACKSCREEN][CALL] route=interp #7 addr=0x80015650 ra=0x8001A24C f=0
[BLACKSCREEN][INTERP] enter start=0x80015650 instr0=0x3C028003 a0=0xFFFFFFFF ra=0x8001A24C sp=0x801FFF98 f=0
[BLACKSCREEN][INTERP] start=0x80015650 end=0x80015658 steps=3 reason=jr_ra target=0x8001A24C ra=0x8001A24C sp=0x801FFF98 f=0
[BLACKSCREEN][A110-RET] call_pc=0x8001A244 target=0x80015650 v0_before=0xFFFFFFFF v1_before=0x00000000 v0_after=0x00000000 v1_after=0x00000000 c9278=0x1F801BD4 c927c=0x00000001 sp_before=0x801FFF98 sp_after=0x801FFF98 ra=0x8001A24C f=0
[BLACKSCREEN][A110-CONT] start=0x8001A110 pc=0x8001A17C instr=0x0C0054C2 sp=0x801FFF98 ra=0x8001A24C a0=0xFFFFFFFF s0=0x00000003 f=0
[BLACKSCREEN][A110-CALL] pc=0x8001A17C target=0x80015308 v0=0x00000000 v1=0x00000000 a0=0xFFFFFFFF a1=0x00008000 a2=0x00000000 a3=0x00000000 sp=0x801FFF98 ra=0x8001A184 f=0
[BLACKSCREEN][CALL] enter #10 addr=0x80015308 kseg0=0x80015308 ra=0x8001A184 sp=0x801FFF98 f=0
[BLACKSCREEN][CALL] route=compiled_early #3 addr=0x80015308 ra=0x8001A184 f=0
[BLACKSCREEN][A110-RET] call_pc=0x8001A17C target=0x80015308 v0_before=0x00000000 v1_before=0x00000000 v0_after=0x1F801814 v1_after=0x1F801110 c9278=0x1F801BD4 c927c=0x00000001 sp_before=0x801FFF98 sp_after=0x801FFF98 ra=0x8001A184 f=0
[BLACKSCREEN][A110-CONT] start=0x8001A110 pc=0x8001A184 instr=0x3C038004 sp=0x801FFF98 ra=0x8001A184 a0=0xFFFFFFFF s0=0x00000003 f=0
[BLACKSCREEN][A110-CONT] start=0x8001A110 pc=0x8001A188 instr=0x8C639278 sp=0x801FFF98 ra=0x8001A184 a0=0xFFFFFFFF s0=0x00000003 f=0
[BLACKSCREEN][A110-CONT] start=0x8001A110 pc=0x8001A18C instr=0x00000000 sp=0x801FFF98 ra=0x8001A184 a0=0xFFFFFFFF s0=0x00000003 f=0
[BLACKSCREEN][A110-CONT] start=0x8001A110 pc=0x8001A190 instr=0x0062182A sp=0x801FFF98 ra=0x8001A184 a0=0xFFFFFFFF s0=0x00000003 f=0
[BLACKSCREEN][A110-CONT] start=0x8001A110 pc=0x8001A194 instr=0x1460000B sp=0x801FFF98 ra=0x8001A184 a0=0xFFFFFFFF s0=0x00000003 f=0
[BLACKSCREEN][A110-EXIT-COND] pc=0x8001A194 instr=0x1460000B v1=0x00000000 v0=0x1F801814 will_branch=0 next=0x8001A19C else=0x8001A1C4 c9278=0x1F801BD4 c927c=0x00000001 ra=0x8001A184 sp=0x801FFF98 f=0
[BLACKSCREEN][A110-CONT] start=0x8001A110 pc=0x8001A19C instr=0x3C038004 sp=0x801FFF98 ra=0x8001A184 a0=0xFFFFFFFF s0=0x00000003 f=0
[BLACKSCREEN][A110-CONT] start=0x8001A110 pc=0x8001A1A0 instr=0x8C63927C sp=0x801FFF98 ra=0x8001A184 a0=0xFFFFFFFF s0=0x00000003 f=0
[BLACKSCREEN][A110-CONT] start=0x8001A110 pc=0x8001A1A4 instr=0x00000000 sp=0x801FFF98 ra=0x8001A184 a0=0xFFFFFFFF s0=0x00000003 f=0
[BLACKSCREEN][A110-CONT] start=0x8001A110 pc=0x8001A1A8 instr=0x24620001 sp=0x801FFF98 ra=0x8001A184 a0=0xFFFFFFFF s0=0x00000003 f=0
[BLACKSCREEN][A110-CONT] start=0x8001A110 pc=0x8001A1AC instr=0x3C018004 sp=0x801FFF98 ra=0x8001A184 a0=0xFFFFFFFF s0=0x00000003 f=0
[BLACKSCREEN][A110-CONT] start=0x8001A110 pc=0x8001A1B0 instr=0xAC22927C sp=0x801FFF98 ra=0x8001A184 a0=0xFFFFFFFF s0=0x00000003 f=0
[BLACKSCREEN][A110-CONT] start=0x8001A110 pc=0x8001A1B4 instr=0x3C02003C sp=0x801FFF98 ra=0x8001A184 a0=0xFFFFFFFF s0=0x00000003 f=0
[BLACKSCREEN][A110-CONT] start=0x8001A110 pc=0x8001A1B8 instr=0x0043102A sp=0x801FFF98 ra=0x8001A184 a0=0xFFFFFFFF s0=0x00000003 f=0
[BLACKSCREEN][A110-CALL] pc=0x8001A244 target=0x80015650 v0=0xFFFFFFFF v1=0x00000001 a0=0xFFFFFFFF a1=0x00008000 a2=0x00000000 a3=0x00000000 sp=0x801FFF98 ra=0x8001A24C f=0
[BLACKSCREEN][CALL] enter #11 addr=0x80015650 kseg0=0x80015650 ra=0x8001A24C sp=0x801FFF98 f=0
[BLACKSCREEN][CALL] stage=before_overlay #8 addr=0x80015650 ra=0x8001A24C f=0
[BLACKSCREEN][CALL] stage=before_inbinary #8 addr=0x80015650 ra=0x8001A24C f=0
[BLACKSCREEN][CALL] route=interp #8 addr=0x80015650 ra=0x8001A24C f=0
[BLACKSCREEN][INTERP] enter start=0x80015650 instr0=0x3C028003 a0=0xFFFFFFFF ra=0x8001A24C sp=0x801FFF98 f=0
[BLACKSCREEN][INTERP] start=0x80015650 end=0x80015658 steps=3 reason=jr_ra target=0x8001A24C ra=0x8001A24C sp=0x801FFF98 f=0
[BLACKSCREEN][A110-RET] call_pc=0x8001A244 target=0x80015650 v0_before=0xFFFFFFFF v1_before=0x00000001 v0_after=0x00000000 v1_after=0x00000001 c9278=0x1F801BD4 c927c=0x00000002 sp_before=0x801FFF98 sp_after=0x801FFF98 ra=0x8001A24C f=0
[BLACKSCREEN][A110-CONT] start=0x8001A110 pc=0x8001A17C instr=0x0C0054C2 sp=0x801FFF98 ra=0x8001A24C a0=0xFFFFFFFF s0=0x00000003 f=0
[BLACKSCREEN][A110-CALL] pc=0x8001A17C target=0x80015308 v0=0x00000000 v1=0x00000001 a0=0xFFFFFFFF a1=0x00008000 a2=0x00000000 a3=0x00000000 sp=0x801FFF98 ra=0x8001A184 f=0
[BLACKSCREEN][CALL] enter #12 addr=0x80015308 kseg0=0x80015308 ra=0x8001A184 sp=0x801FFF98 f=0
[BLACKSCREEN][CALL] route=compiled_early #4 addr=0x80015308 ra=0x8001A184 f=0
[BLACKSCREEN][A110-RET] call_pc=0x8001A17C target=0x80015308 v0_before=0x00000000 v1_before=0x00000001 v0_after=0x1F801814 v1_after=0x1F801110 c9278=0x1F801BD4 c927c=0x00000002 sp_before=0x801FFF98 sp_after=0x801FFF98 ra=0x8001A184 f=0
[BLACKSCREEN][A110-CONT] start=0x8001A110 pc=0x8001A184 instr=0x3C038004 sp=0x801FFF98 ra=0x8001A184 a0=0xFFFFFFFF s0=0x00000003 f=0
[BLACKSCREEN][A110-CONT] start=0x8001A110 pc=0x8001A188 instr=0x8C639278 sp=0x801FFF98 ra=0x8001A184 a0=0xFFFFFFFF s0=0x00000003 f=0
[BLACKSCREEN][A110-CONT] start=0x8001A110 pc=0x8001A18C instr=0x00000000 sp=0x801FFF98 ra=0x8001A184 a0=0xFFFFFFFF s0=0x00000003 f=0
[BLACKSCREEN][A110-CONT] start=0x8001A110 pc=0x8001A190 instr=0x0062182A sp=0x801FFF98 ra=0x8001A184 a0=0xFFFFFFFF s0=0x00000003 f=0
[BLACKSCREEN][A110-CONT] start=0x8001A110 pc=0x8001A194 instr=0x1460000B sp=0x801FFF98 ra=0x8001A184 a0=0xFFFFFFFF s0=0x00000003 f=0
[BLACKSCREEN][A110-EXIT-COND] pc=0x8001A194 instr=0x1460000B v1=0x00000000 v0=0x1F801814 will_branch=0 next=0x8001A19C else=0x8001A1C4 c9278=0x1F801BD4 c927c=0x00000002 ra=0x8001A184 sp=0x801FFF98 f=0
[BLACKSCREEN][A110-CONT] start=0x8001A110 pc=0x8001A19C instr=0x3C038004 sp=0x801FFF98 ra=0x8001A184 a0=0xFFFFFFFF s0=0x00000003 f=0
[BLACKSCREEN][A110-CONT] start=0x8001A110 pc=0x8001A1A0 instr=0x8C63927C sp=0x801FFF98 ra=0x8001A184 a0=0xFFFFFFFF s0=0x00000003 f=0
[BLACKSCREEN][A110-CONT] start=0x8001A110 pc=0x8001A1A4 instr=0x00000000 sp=0x801FFF98 ra=0x8001A184 a0=0xFFFFFFFF s0=0x00000003 f=0
[BLACKSCREEN][A110-CONT] start=0x8001A110 pc=0x8001A1A8 instr=0x24620001 sp=0x801FFF98 ra=0x8001A184 a0=0xFFFFFFFF s0=0x00000003 f=0
[BLACKSCREEN][A110-CONT] start=0x8001A110 pc=0x8001A1AC instr=0x3C018004 sp=0x801FFF98 ra=0x8001A184 a0=0xFFFFFFFF s0=0x00000003 f=0
[BLACKSCREEN][A110-CONT] start=0x8001A110 pc=0x8001A1B0 instr=0xAC22927C sp=0x801FFF98 ra=0x8001A184 a0=0xFFFFFFFF s0=0x00000003 f=0
[BLACKSCREEN][A110-CONT] start=0x8001A110 pc=0x8001A1B4 instr=0x3C02003C sp=0x801FFF98 ra=0x8001A184 a0=0xFFFFFFFF s0=0x00000003 f=0
[BLACKSCREEN][A110-CONT] start=0x8001A110 pc=0x8001A1B8 instr=0x0043102A sp=0x801FFF98 ra=0x8001A184 a0=0xFFFFFFFF s0=0x00000003 f=0
[BLACKSCREEN][A110-CALL] pc=0x8001A244 target=0x80015650 v0=0xFFFFFFFF v1=0x00000002 a0=0xFFFFFFFF a1=0x00008000 a2=0x00000000 a3=0x00000000 sp=0x801FFF98 ra=0x8001A24C f=0
[BLACKSCREEN][CALL] enter #13 addr=0x80015650 kseg0=0x80015650 ra=0x8001A24C sp=0x801FFF98 f=0
[BLACKSCREEN][CALL] stage=before_overlay #9 addr=0x80015650 ra=0x8001A24C f=0
[BLACKSCREEN][CALL] stage=before_inbinary #9 addr=0x80015650 ra=0x8001A24C f=0
[BLACKSCREEN][CALL] route=interp #9 addr=0x80015650 ra=0x8001A24C f=0
[BLACKSCREEN][INTERP] enter start=0x80015650 instr0=0x3C028003 a0=0xFFFFFFFF ra=0x8001A24C sp=0x801FFF98 f=0
[BLACKSCREEN][INTERP] start=0x80015650 end=0x80015658 steps=3 reason=jr_ra target=0x8001A24C ra=0x8001A24C sp=0x801FFF98 f=0
[BLACKSCREEN][A110-RET] call_pc=0x8001A244 target=0x80015650 v0_before=0xFFFFFFFF v1_before=0x00000002 v0_after=0x00000000 v1_after=0x00000002 c9278=0x1F801BD4 c927c=0x00000003 sp_before=0x801FFF98 sp_after=0x801FFF98 ra=0x8001A24C f=0
[BLACKSCREEN][A110-CONT] start=0x8001A110 pc=0x8001A17C instr=0x0C0054C2 sp=0x801FFF98 ra=0x8001A24C a0=0xFFFFFFFF s0=0x00000003 f=0
[BLACKSCREEN][A110-CALL] pc=0x8001A17C target=0x80015308 v0=0x00000000 v1=0x00000002 a0=0xFFFFFFFF a1=0x00008000 a2=0x00000000 a3=0x00000000 sp=0x801FFF98 ra=0x8001A184 f=0
[BLACKSCREEN][CALL] enter #14 addr=0x80015308 kseg0=0x80015308 ra=0x8001A184 sp=0x801FFF98 f=0
[BLACKSCREEN][CALL] route=compiled_early #5 addr=0x80015308 ra=0x8001A184 f=0
[BLACKSCREEN][A110-RET] call_pc=0x8001A17C target=0x80015308 v0_before=0x00000000 v1_before=0x00000002 v0_after=0x1F801814 v1_after=0x1F801110 c9278=0x1F801BD4 c927c=0x00000003 sp_before=0x801FFF98 sp_after=0x801FFF98 ra=0x8001A184 f=0
[BLACKSCREEN][A110-CONT] start=0x8001A110 pc=0x8001A184 instr=0x3C038004 sp=0x801FFF98 ra=0x8001A184 a0=0xFFFFFFFF s0=0x00000003 f=0
[BLACKSCREEN][A110-CONT] start=0x8001A110 pc=0x8001A188 instr=0x8C639278 sp=0x801FFF98 ra=0x8001A184 a0=0xFFFFFFFF s0=0x00000003 f=0
[BLACKSCREEN][A110-CONT] start=0x8001A110 pc=0x8001A18C instr=0x00000000 sp=0x801FFF98 ra=0x8001A184 a0=0xFFFFFFFF s0=0x00000003 f=0
[BLACKSCREEN][A110-CONT] start=0x8001A110 pc=0x8001A190 instr=0x0062182A sp=0x801FFF98 ra=0x8001A184 a0=0xFFFFFFFF s0=0x00000003 f=0
[BLACKSCREEN][A110-CONT] start=0x8001A110 pc=0x8001A194 instr=0x1460000B sp=0x801FFF98 ra=0x8001A184 a0=0xFFFFFFFF s0=0x00000003 f=0
[BLACKSCREEN][A110-EXIT-COND] pc=0x8001A194 instr=0x1460000B v1=0x00000000 v0=0x1F801814 will_branch=0 next=0x8001A19C else=0x8001A1C4 c9278=0x1F801BD4 c927c=0x00000003 ra=0x8001A184 sp=0x801FFF98 f=0
[BLACKSCREEN][A110-CONT] start=0x8001A110 pc=0x8001A19C instr=0x3C038004 sp=0x801FFF98 ra=0x8001A184 a0=0xFFFFFFFF s0=0x00000003 f=0
[BLACKSCREEN][A110-CONT] start=0x8001A110 pc=0x8001A1A0 instr=0x8C63927C sp=0x801FFF98 ra=0x8001A184 a0=0xFFFFFFFF s0=0x00000003 f=0
[BLACKSCREEN][A110-CONT] start=0x8001A110 pc=0x8001A1A4 instr=0x00000000 sp=0x801FFF98 ra=0x8001A184 a0=0xFFFFFFFF s0=0x00000003 f=0
[BLACKSCREEN][A110-CONT] start=0x8001A110 pc=0x8001A1A8 instr=0x24620001 sp=0x801FFF98 ra=0x8001A184 a0=0xFFFFFFFF s0=0x00000003 f=0
[BLACKSCREEN][A110-CONT] start=0x8001A110 pc=0x8001A1AC instr=0x3C018004 sp=0x801FFF98 ra=0x8001A184 a0=0xFFFFFFFF s0=0x00000003 f=0
[BLACKSCREEN][A110-CONT] start=0x8001A110 pc=0x8001A1B0 instr=0xAC22927C sp=0x801FFF98 ra=0x8001A184 a0=0xFFFFFFFF s0=0x00000003 f=0
[BLACKSCREEN][A110-CONT] start=0x8001A110 pc=0x8001A1B4 instr=0x3C02003C sp=0x801FFF98 ra=0x8001A184 a0=0xFFFFFFFF s0=0x00000003 f=0
[BLACKSCREEN][A110-CONT] start=0x8001A110 pc=0x8001A1B8 instr=0x0043102A sp=0x801FFF98 ra=0x8001A184 a0=0xFFFFFFFF s0=0x00000003 f=0
[BLACKSCREEN][A110-CALL] pc=0x8001A244 target=0x80015650 v0=0xFFFFFFFF v1=0x00000003 a0=0xFFFFFFFF a1=0x00008000 a2=0x00000000 a3=0x00000000 sp=0x801FFF98 ra=0x8001A24C f=0
[BLACKSCREEN][CALL] enter #15 addr=0x80015650 kseg0=0x80015650 ra=0x8001A24C sp=0x801FFF98 f=0
[BLACKSCREEN][CALL] stage=before_overlay #10 addr=0x80015650 ra=0x8001A24C f=0
[BLACKSCREEN][CALL] stage=before_inbinary #10 addr=0x80015650 ra=0x8001A24C f=0
[BLACKSCREEN][CALL] route=interp #10 addr=0x80015650 ra=0x8001A24C f=0
[BLACKSCREEN][INTERP] enter start=0x80015650 instr0=0x3C028003 a0=0xFFFFFFFF ra=0x8001A24C sp=0x801FFF98 f=0
[BLACKSCREEN][INTERP] start=0x80015650 end=0x80015658 steps=3 reason=jr_ra target=0x8001A24C ra=0x8001A24C sp=0x801FFF98 f=0
[BLACKSCREEN][A110-RET] call_pc=0x8001A244 target=0x80015650 v0_before=0xFFFFFFFF v1_before=0x00000003 v0_after=0x00000000 v1_after=0x00000003 c9278=0x1F801BD4 c927c=0x00000004 sp_before=0x801FFF98 sp_after=0x801FFF98 ra=0x8001A24C f=0
[BLACKSCREEN][A110-CONT] start=0x8001A110 pc=0x8001A17C instr=0x0C0054C2 sp=0x801FFF98 ra=0x8001A24C a0=0xFFFFFFFF s0=0x00000003 f=0
[BLACKSCREEN][A110-CALL] pc=0x8001A17C target=0x80015308 v0=0x00000000 v1=0x00000003 a0=0xFFFFFFFF a1=0x00008000 a2=0x00000000 a3=0x00000000 sp=0x801FFF98 ra=0x8001A184 f=0
[BLACKSCREEN][CALL] enter #16 addr=0x80015308 kseg0=0x80015308 ra=0x8001A184 sp=0x801FFF98 f=0
[BLACKSCREEN][CALL] route=compiled_early #6 addr=0x80015308 ra=0x8001A184 f=0
[BLACKSCREEN][A110-RET] call_pc=0x8001A17C target=0x80015308 v0_before=0x00000000 v1_before=0x00000003 v0_after=0x1F801814 v1_after=0x1F801110 c9278=0x1F801BD4 c927c=0x00000004 sp_before=0x801FFF98 sp_after=0x801FFF98 ra=0x8001A184 f=0
[BLACKSCREEN][A110-CONT] start=0x8001A110 pc=0x8001A184 instr=0x3C038004 sp=0x801FFF98 ra=0x8001A184 a0=0xFFFFFFFF s0=0x00000003 f=0
[BLACKSCREEN][A110-CONT] start=0x8001A110 pc=0x8001A188 instr=0x8C639278 sp=0x801FFF98 ra=0x8001A184 a0=0xFFFFFFFF s0=0x00000003 f=0
[BLACKSCREEN][A110-CONT] start=0x8001A110 pc=0x8001A18C instr=0x00000000 sp=0x801FFF98 ra=0x8001A184 a0=0xFFFFFFFF s0=0x00000003 f=0
[BLACKSCREEN][A110-CONT] start=0x8001A110 pc=0x8001A190 instr=0x0062182A sp=0x801FFF98 ra=0x8001A184 a0=0xFFFFFFFF s0=0x00000003 f=0
[BLACKSCREEN][A110-CONT] start=0x8001A110 pc=0x8001A194 instr=0x1460000B sp=0x801FFF98 ra=0x8001A184 a0=0xFFFFFFFF s0=0x00000003 f=0
[BLACKSCREEN][A110-EXIT-COND] pc=0x8001A194 instr=0x1460000B v1=0x00000000 v0=0x1F801814 will_branch=0 next=0x8001A19C else=0x8001A1C4 c9278=0x1F801BD4 c927c=0x00000004 ra=0x8001A184 sp=0x801FFF98 f=0
[BLACKSCREEN][A110-CONT] start=0x8001A110 pc=0x8001A19C instr=0x3C038004 sp=0x801FFF98 ra=0x8001A184 a0=0xFFFFFFFF s0=0x00000003 f=0
[BLACKSCREEN][A110-CONT] start=0x8001A110 pc=0x8001A1A0 instr=0x8C63927C sp=0x801FFF98 ra=0x8001A184 a0=0xFFFFFFFF s0=0x00000003 f=0
[BLACKSCREEN][A110-CONT] start=0x8001A110 pc=0x8001A1A4 instr=0x00000000 sp=0x801FFF98 ra=0x8001A184 a0=0xFFFFFFFF s0=0x00000003 f=0
[BLACKSCREEN][A110-CONT] start=0x8001A110 pc=0x8001A1A8 instr=0x24620001 sp=0x801FFF98 ra=0x8001A184 a0=0xFFFFFFFF s0=0x00000003 f=0
[BLACKSCREEN][A110-CONT] start=0x8001A110 pc=0x8001A1AC instr=0x3C018004 sp=0x801FFF98 ra=0x8001A184 a0=0xFFFFFFFF s0=0x00000003 f=0
[BLACKSCREEN][A110-CONT] start=0x8001A110 pc=0x8001A1B0 instr=0xAC22927C sp=0x801FFF98 ra=0x8001A184 a0=0xFFFFFFFF s0=0x00000003 f=0
[BLACKSCREEN][A110-CONT] start=0x8001A110 pc=0x8001A1B4 instr=0x3C02003C sp=0x801FFF98 ra=0x8001A184 a0=0xFFFFFFFF s0=0x00000003 f=0
[BLACKSCREEN][A110-CONT] start=0x8001A110 pc=0x8001A1B8 instr=0x0043102A sp=0x801FFF98 ra=0x8001A184 a0=0xFFFFFFFF s0=0x00000003 f=0
[BLACKSCREEN][A110-CALL] pc=0x8001A244 target=0x80015650 v0=0xFFFFFFFF v1=0x00000004 a0=0xFFFFFFFF a1=0x00008000 a2=0x00000000 a3=0x00000000 sp=0x801FFF98 ra=0x8001A24C f=0
[BLACKSCREEN][CALL] enter #17 addr=0x80015650 kseg0=0x80015650 ra=0x8001A24C sp=0x801FFF98 f=0
[BLACKSCREEN][CALL] stage=before_overlay #11 addr=0x80015650 ra=0x8001A24C f=0
[BLACKSCREEN][CALL] stage=before_inbinary #11 addr=0x80015650 ra=0x8001A24C f=0
[BLACKSCREEN][CALL] route=interp #11 addr=0x80015650 ra=0x8001A24C f=0
[BLACKSCREEN][INTERP] enter start=0x80015650 instr0=0x3C028003 a0=0xFFFFFFFF ra=0x8001A24C sp=0x801FFF98 f=0
[BLACKSCREEN][INTERP] start=0x80015650 end=0x80015658 steps=3 reason=jr_ra target=0x8001A24C ra=0x8001A24C sp=0x801FFF98 f=0
[BLACKSCREEN][A110-RET] call_pc=0x8001A244 target=0x80015650 v0_before=0xFFFFFFFF v1_before=0x00000004 v0_after=0x00000000 v1_after=0x00000004 c9278=0x1F801BD4 c927c=0x00000005 sp_before=0x801FFF98 sp_after=0x801FFF98 ra=0x8001A24C f=0
[BLACKSCREEN][A110-CONT] start=0x8001A110 pc=0x8001A17C instr=0x0C0054C2 sp=0x801FFF98 ra=0x8001A24C a0=0xFFFFFFFF s0=0x00000003 f=0
[BLACKSCREEN][A110-CALL] pc=0x8001A17C target=0x80015308 v0=0x00000000 v1=0x00000004 a0=0xFFFFFFFF a1=0x00008000 a2=0x00000000 a3=0x00000000 sp=0x801FFF98 ra=0x8001A184 f=0
[BLACKSCREEN][CALL] enter #18 addr=0x80015308 kseg0=0x80015308 ra=0x8001A184 sp=0x801FFF98 f=0
[BLACKSCREEN][CALL] route=compiled_early #7 addr=0x80015308 ra=0x8001A184 f=0
[BLACKSCREEN][A110-RET] call_pc=0x8001A17C target=0x80015308 v0_before=0x00000000 v1_before=0x00000004 v0_after=0x1F801814 v1_after=0x1F801110 c9278=0x1F801BD4 c927c=0x00000005 sp_before=0x801FFF98 sp_after=0x801FFF98 ra=0x8001A184 f=0
[BLACKSCREEN][A110-CONT] start=0x8001A110 pc=0x8001A184 instr=0x3C038004 sp=0x801FFF98 ra=0x8001A184 a0=0xFFFFFFFF s0=0x00000003 f=0
[BLACKSCREEN][A110-CONT] start=0x8001A110 pc=0x8001A188 instr=0x8C639278 sp=0x801FFF98 ra=0x8001A184 a0=0xFFFFFFFF s0=0x00000003 f=0
[BLACKSCREEN][A110-CONT] start=0x8001A110 pc=0x8001A18C instr=0x00000000 sp=0x801FFF98 ra=0x8001A184 a0=0xFFFFFFFF s0=0x00000003 f=0
[BLACKSCREEN][A110-CONT] start=0x8001A110 pc=0x8001A190 instr=0x0062182A sp=0x801FFF98 ra=0x8001A184 a0=0xFFFFFFFF s0=0x00000003 f=0
[BLACKSCREEN][A110-CONT] start=0x8001A110 pc=0x8001A194 instr=0x1460000B sp=0x801FFF98 ra=0x8001A184 a0=0xFFFFFFFF s0=0x00000003 f=0
[BLACKSCREEN][A110-EXIT-COND] pc=0x8001A194 instr=0x1460000B v1=0x00000000 v0=0x1F801814 will_branch=0 next=0x8001A19C else=0x8001A1C4 c9278=0x1F801BD4 c927c=0x00000005 ra=0x8001A184 sp=0x801FFF98 f=0
[BLACKSCREEN][A110-CONT] start=0x8001A110 pc=0x8001A19C instr=0x3C038004 sp=0x801FFF98 ra=0x8001A184 a0=0xFFFFFFFF s0=0x00000003 f=0
[BLACKSCREEN][A110-CONT] start=0x8001A110 pc=0x8001A1A0 instr=0x8C63927C sp=0x801FFF98 ra=0x8001A184 a0=0xFFFFFFFF s0=0x00000003 f=0
[BLACKSCREEN][A110-CONT] start=0x8001A110 pc=0x8001A1A4 instr=0x00000000 sp=0x801FFF98 ra=0x8001A184 a0=0xFFFFFFFF s0=0x00000003 f=0
[BLACKSCREEN][A110-CONT] start=0x8001A110 pc=0x8001A1A8 instr=0x24620001 sp=0x801FFF98 ra=0x8001A184 a0=0xFFFFFFFF s0=0x00000003 f=0
[BLACKSCREEN][A110-CONT] start=0x8001A110 pc=0x8001A1AC instr=0x3C018004 sp=0x801FFF98 ra=0x8001A184 a0=0xFFFFFFFF s0=0x00000003 f=0
[BLACKSCREEN][A110-CONT] start=0x8001A110 pc=0x8001A1B0 instr=0xAC22927C sp=0x801FFF98 ra=0x8001A184 a0=0xFFFFFFFF s0=0x00000003 f=0
[BLACKSCREEN][A110-CONT] start=0x8001A110 pc=0x8001A1B4 instr=0x3C02003C sp=0x801FFF98 ra=0x8001A184 a0=0xFFFFFFFF s0=0x00000003 f=0
[BLACKSCREEN][A110-CONT] start=0x8001A110 pc=0x8001A1B8 instr=0x0043102A sp=0x801FFF98 ra=0x8001A184 a0=0xFFFFFFFF s0=0x00000003 f=0
[BLACKSCREEN][A110-CALL] pc=0x8001A244 target=0x80015650 v0=0xFFFFFFFF v1=0x00000005 a0=0xFFFFFFFF a1=0x00008000 a2=0x00000000 a3=0x00000000 sp=0x801FFF98 ra=0x8001A24C f=0
[BLACKSCREEN][CALL] enter #19 addr=0x80015650 kseg0=0x80015650 ra=0x8001A24C sp=0x801FFF98 f=0
[BLACKSCREEN][CALL] stage=before_overlay #12 addr=0x80015650 ra=0x8001A24C f=0
[BLACKSCREEN][CALL] stage=before_inbinary #12 addr=0x80015650 ra=0x8001A24C f=0
[BLACKSCREEN][CALL] route=interp #12 addr=0x80015650 ra=0x8001A24C f=0
[BLACKSCREEN][INTERP] enter start=0x80015650 instr0=0x3C028003 a0=0xFFFFFFFF ra=0x8001A24C sp=0x801FFF98 f=0
[BLACKSCREEN][INTERP] start=0x80015650 end=0x80015658 steps=3 reason=jr_ra target=0x8001A24C ra=0x8001A24C sp=0x801FFF98 f=0
[BLACKSCREEN][A110-RET] call_pc=0x8001A244 target=0x80015650 v0_before=0xFFFFFFFF v1_before=0x00000005 v0_after=0x00000000 v1_after=0x00000005 c9278=0x1F801BD4 c927c=0x00000006 sp_before=0x801FFF98 sp_after=0x801FFF98 ra=0x8001A24C f=0
[BLACKSCREEN][A110-CONT] start=0x8001A110 pc=0x8001A17C instr=0x0C0054C2 sp=0x801FFF98 ra=0x8001A24C a0=0xFFFFFFFF s0=0x00000003 f=0
[BLACKSCREEN][A110-CALL] pc=0x8001A17C target=0x80015308 v0=0x00000000 v1=0x00000005 a0=0xFFFFFFFF a1=0x00008000 a2=0x00000000 a3=0x00000000 sp=0x801FFF98 ra=0x8001A184 f=0
[BLACKSCREEN][CALL] enter #20 addr=0x80015308 kseg0=0x80015308 ra=0x8001A184 sp=0x801FFF98 f=0
[BLACKSCREEN][CALL] route=compiled_early #8 addr=0x80015308 ra=0x8001A184 f=0
[BLACKSCREEN][A110-RET] call_pc=0x8001A17C target=0x80015308 v0_before=0x00000000 v1_before=0x00000005 v0_after=0x1F801814 v1_after=0x1F801110 c9278=0x1F801BD4 c927c=0x00000006 sp_before=0x801FFF98 sp_after=0x801FFF98 ra=0x8001A184 f=0
[BLACKSCREEN][A110-CONT] start=0x8001A110 pc=0x8001A184 instr=0x3C038004 sp=0x801FFF98 ra=0x8001A184 a0=0xFFFFFFFF s0=0x00000003 f=0
[BLACKSCREEN][A110-CONT] start=0x8001A110 pc=0x8001A188 instr=0x8C639278 sp=0x801FFF98 ra=0x8001A184 a0=0xFFFFFFFF s0=0x00000003 f=0
[BLACKSCREEN][A110-CONT] start=0x8001A110 pc=0x8001A18C instr=0x00000000 sp=0x801FFF98 ra=0x8001A184 a0=0xFFFFFFFF s0=0x00000003 f=0
[BLACKSCREEN][A110-CONT] start=0x8001A110 pc=0x8001A190 instr=0x0062182A sp=0x801FFF98 ra=0x8001A184 a0=0xFFFFFFFF s0=0x00000003 f=0
[BLACKSCREEN][A110-CONT] start=0x8001A110 pc=0x8001A194 instr=0x1460000B sp=0x801FFF98 ra=0x8001A184 a0=0xFFFFFFFF s0=0x00000003 f=0
[BLACKSCREEN][A110-EXIT-COND] pc=0x8001A194 instr=0x1460000B v1=0x00000000 v0=0x1F801814 will_branch=0 next=0x8001A19C else=0x8001A1C4 c9278=0x1F801BD4 c927c=0x00000006 ra=0x8001A184 sp=0x801FFF98 f=0
[BLACKSCREEN][A110-CONT] start=0x8001A110 pc=0x8001A19C instr=0x3C038004 sp=0x801FFF98 ra=0x8001A184 a0=0xFFFFFFFF s0=0x00000003 f=0
[BLACKSCREEN][A110-CONT] start=0x8001A110 pc=0x8001A1A0 instr=0x8C63927C sp=0x801FFF98 ra=0x8001A184 a0=0xFFFFFFFF s0=0x00000003 f=0
[BLACKSCREEN][A110-CONT] start=0x8001A110 pc=0x8001A1A4 instr=0x00000000 sp=0x801FFF98 ra=0x8001A184 a0=0xFFFFFFFF s0=0x00000003 f=0
[BLACKSCREEN][A110-CONT] start=0x8001A110 pc=0x8001A1A8 instr=0x24620001 sp=0x801FFF98 ra=0x8001A184 a0=0xFFFFFFFF s0=0x00000003 f=0
[BLACKSCREEN][A110-CONT] start=0x8001A110 pc=0x8001A1AC instr=0x3C018004 sp=0x801FFF98 ra=0x8001A184 a0=0xFFFFFFFF s0=0x00000003 f=0
[BLACKSCREEN][A110-CONT] start=0x8001A110 pc=0x8001A1B0 instr=0xAC22927C sp=0x801FFF98 ra=0x8001A184 a0=0xFFFFFFFF s0=0x00000003 f=0
[BLACKSCREEN][A110-CONT] start=0x8001A110 pc=0x8001A1B4 instr=0x3C02003C sp=0x801FFF98 ra=0x8001A184 a0=0xFFFFFFFF s0=0x00000003 f=0
[BLACKSCREEN][A110-CONT] start=0x8001A110 pc=0x8001A1B8 instr=0x0043102A sp=0x801FFF98 ra=0x8001A184 a0=0xFFFFFFFF s0=0x00000003 f=0
[BLACKSCREEN][A110-CALL] pc=0x8001A244 target=0x80015650 v0=0xFFFFFFFF v1=0x00000006 a0=0xFFFFFFFF a1=0x00008000 a2=0x00000000 a3=0x00000000 sp=0x801FFF98 ra=0x8001A24C f=0
[BLACKSCREEN][CALL] enter #21 addr=0x80015650 kseg0=0x80015650 ra=0x8001A24C sp=0x801FFF98 f=0
[BLACKSCREEN][CALL] stage=before_overlay #13 addr=0x80015650 ra=0x8001A24C f=0
[BLACKSCREEN][CALL] stage=before_inbinary #13 addr=0x80015650 ra=0x8001A24C f=0
[BLACKSCREEN][CALL] route=interp #13 addr=0x80015650 ra=0x8001A24C f=0
[BLACKSCREEN][INTERP] enter start=0x80015650 instr0=0x3C028003 a0=0xFFFFFFFF ra=0x8001A24C sp=0x801FFF98 f=0
[BLACKSCREEN][INTERP] start=0x80015650 end=0x80015658 steps=3 reason=jr_ra target=0x8001A24C ra=0x8001A24C sp=0x801FFF98 f=0
[BLACKSCREEN][A110-RET] call_pc=0x8001A244 target=0x80015650 v0_before=0xFFFFFFFF v1_before=0x00000006 v0_after=0x00000000 v1_after=0x00000006 c9278=0x1F801BD4 c927c=0x00000007 sp_before=0x801FFF98 sp_after=0x801FFF98 ra=0x8001A24C f=0
[BLACKSCREEN][A110-CONT] start=0x8001A110 pc=0x8001A17C instr=0x0C0054C2 sp=0x801FFF98 ra=0x8001A24C a0=0xFFFFFFFF s0=0x00000003 f=0
[BLACKSCREEN][A110-CALL] pc=0x8001A17C target=0x80015308 v0=0x00000000 v1=0x00000006 a0=0xFFFFFFFF a1=0x00008000 a2=0x00000000 a3=0x00000000 sp=0x801FFF98 ra=0x8001A184 f=0
[BLACKSCREEN][CALL] enter #22 addr=0x80015308 kseg0=0x80015308 ra=0x8001A184 sp=0x801FFF98 f=0
[BLACKSCREEN][CALL] route=compiled_early #9 addr=0x80015308 ra=0x8001A184 f=0
[BLACKSCREEN][A110-RET] call_pc=0x8001A17C target=0x80015308 v0_before=0x00000000 v1_before=0x00000006 v0_after=0x1F801814 v1_after=0x1F801110 c9278=0x1F801BD4 c927c=0x00000007 sp_before=0x801FFF98 sp_after=0x801FFF98 ra=0x8001A184 f=0
[BLACKSCREEN][A110-CONT] start=0x8001A110 pc=0x8001A184 instr=0x3C038004 sp=0x801FFF98 ra=0x8001A184 a0=0xFFFFFFFF s0=0x00000003 f=0
[BLACKSCREEN][A110-CONT] start=0x8001A110 pc=0x8001A188 instr=0x8C639278 sp=0x801FFF98 ra=0x8001A184 a0=0xFFFFFFFF s0=0x00000003 f=0
[BLACKSCREEN][A110-CONT] start=0x8001A110 pc=0x8001A18C instr=0x00000000 sp=0x801FFF98 ra=0x8001A184 a0=0xFFFFFFFF s0=0x00000003 f=0
[BLACKSCREEN][A110-CONT] start=0x8001A110 pc=0x8001A190 instr=0x0062182A sp=0x801FFF98 ra=0x8001A184 a0=0xFFFFFFFF s0=0x00000003 f=0
[BLACKSCREEN][A110-CONT] start=0x8001A110 pc=0x8001A194 instr=0x1460000B sp=0x801FFF98 ra=0x8001A184 a0=0xFFFFFFFF s0=0x00000003 f=0
[BLACKSCREEN][A110-EXIT-COND] pc=0x8001A194 instr=0x1460000B v1=0x00000000 v0=0x1F801814 will_branch=0 next=0x8001A19C else=0x8001A1C4 c9278=0x1F801BD4 c927c=0x00000007 ra=0x8001A184 sp=0x801FFF98 f=0
[BLACKSCREEN][A110-CONT] start=0x8001A110 pc=0x8001A19C instr=0x3C038004 sp=0x801FFF98 ra=0x8001A184 a0=0xFFFFFFFF s0=0x00000003 f=0
[BLACKSCREEN][A110-CONT] start=0x8001A110 pc=0x8001A1A0 instr=0x8C63927C sp=0x801FFF98 ra=0x8001A184 a0=0xFFFFFFFF s0=0x00000003 f=0
[BLACKSCREEN][A110-CONT] start=0x8001A110 pc=0x8001A1A4 instr=0x00000000 sp=0x801FFF98 ra=0x8001A184 a0=0xFFFFFFFF s0=0x00000003 f=0
[BLACKSCREEN][A110-CONT] start=0x8001A110 pc=0x8001A1A8 instr=0x24620001 sp=0x801FFF98 ra=0x8001A184 a0=0xFFFFFFFF s0=0x00000003 f=0
[BLACKSCREEN][A110-CONT] start=0x8001A110 pc=0x8001A1AC instr=0x3C018004 sp=0x801FFF98 ra=0x8001A184 a0=0xFFFFFFFF s0=0x00000003 f=0
[BLACKSCREEN][A110-CALL] pc=0x8001A244 target=0x80015650 v0=0xFFFFFFFF v1=0x00000007 a0=0xFFFFFFFF a1=0x00008000 a2=0x00000000 a3=0x00000000 sp=0x801FFF98 ra=0x8001A24C f=0
[BLACKSCREEN][CALL] enter #23 addr=0x80015650 kseg0=0x80015650 ra=0x8001A24C sp=0x801FFF98 f=0
[BLACKSCREEN][CALL] stage=before_overlay #14 addr=0x80015650 ra=0x8001A24C f=0
[BLACKSCREEN][CALL] stage=before_inbinary #14 addr=0x80015650 ra=0x8001A24C f=0
[BLACKSCREEN][CALL] route=interp #14 addr=0x80015650 ra=0x8001A24C f=0
[BLACKSCREEN][INTERP] enter start=0x80015650 instr0=0x3C028003 a0=0xFFFFFFFF ra=0x8001A24C sp=0x801FFF98 f=0
[BLACKSCREEN][INTERP] start=0x80015650 end=0x80015658 steps=3 reason=jr_ra target=0x8001A24C ra=0x8001A24C sp=0x801FFF98 f=0
[BLACKSCREEN][A110-RET] call_pc=0x8001A244 target=0x80015650 v0_before=0xFFFFFFFF v1_before=0x00000007 v0_after=0x00000000 v1_after=0x00000007 c9278=0x1F801BD4 c927c=0x00000008 sp_before=0x801FFF98 sp_after=0x801FFF98 ra=0x8001A24C f=0
[BLACKSCREEN][A110-CALL] pc=0x8001A17C target=0x80015308 v0=0x00000000 v1=0x00000007 a0=0xFFFFFFFF a1=0x00008000 a2=0x00000000 a3=0x00000000 sp=0x801FFF98 ra=0x8001A184 f=0
[BLACKSCREEN][CALL] enter #24 addr=0x80015308 kseg0=0x80015308 ra=0x8001A184 sp=0x801FFF98 f=0
[BLACKSCREEN][CALL] route=compiled_early #10 addr=0x80015308 ra=0x8001A184 f=0
[BLACKSCREEN][A110-RET] call_pc=0x8001A17C target=0x80015308 v0_before=0x00000000 v1_before=0x00000007 v0_after=0x1F801814 v1_after=0x1F801110 c9278=0x1F801BD4 c927c=0x00000008 sp_before=0x801FFF98 sp_after=0x801FFF98 ra=0x8001A184 f=0
[BLACKSCREEN][A110-EXIT-COND] pc=0x8001A194 instr=0x1460000B v1=0x00000000 v0=0x1F801814 will_branch=0 next=0x8001A19C else=0x8001A1C4 c9278=0x1F801BD4 c927c=0x00000008 ra=0x8001A184 sp=0x801FFF98 f=0
[BLACKSCREEN][A110-CALL] pc=0x8001A244 target=0x80015650 v0=0xFFFFFFFF v1=0x00000008 a0=0xFFFFFFFF a1=0x00008000 a2=0x00000000 a3=0x00000000 sp=0x801FFF98 ra=0x8001A24C f=0
[BLACKSCREEN][CALL] enter #25 addr=0x80015650 kseg0=0x80015650 ra=0x8001A24C sp=0x801FFF98 f=0
[BLACKSCREEN][CALL] stage=before_overlay #15 addr=0x80015650 ra=0x8001A24C f=0
[BLACKSCREEN][CALL] stage=before_inbinary #15 addr=0x80015650 ra=0x8001A24C f=0
[BLACKSCREEN][CALL] route=interp #15 addr=0x80015650 ra=0x8001A24C f=0
[BLACKSCREEN][INTERP] enter start=0x80015650 instr0=0x3C028003 a0=0xFFFFFFFF ra=0x8001A24C sp=0x801FFF98 f=0
[BLACKSCREEN][INTERP] start=0x80015650 end=0x80015658 steps=3 reason=jr_ra target=0x8001A24C ra=0x8001A24C sp=0x801FFF98 f=0
[BLACKSCREEN][A110-RET] call_pc=0x8001A244 target=0x80015650 v0_before=0xFFFFFFFF v1_before=0x00000008 v0_after=0x00000000 v1_after=0x00000008 c9278=0x1F801BD4 c927c=0x00000009 sp_before=0x801FFF98 sp_after=0x801FFF98 ra=0x8001A24C f=0
[BLACKSCREEN][A110-CALL] pc=0x8001A17C target=0x80015308 v0=0x00000000 v1=0x00000008 a0=0xFFFFFFFF a1=0x00008000 a2=0x00000000 a3=0x00000000 sp=0x801FFF98 ra=0x8001A184 f=0
[BLACKSCREEN][CALL] enter #26 addr=0x80015308 kseg0=0x80015308 ra=0x8001A184 sp=0x801FFF98 f=0
[BLACKSCREEN][CALL] route=compiled_early #11 addr=0x80015308 ra=0x8001A184 f=0
[BLACKSCREEN][A110-RET] call_pc=0x8001A17C target=0x80015308 v0_before=0x00000000 v1_before=0x00000008 v0_after=0x1F801814 v1_after=0x1F801110 c9278=0x1F801BD4 c927c=0x00000009 sp_before=0x801FFF98 sp_after=0x801FFF98 ra=0x8001A184 f=0
[BLACKSCREEN][A110-EXIT-COND] pc=0x8001A194 instr=0x1460000B v1=0x00000000 v0=0x1F801814 will_branch=0 next=0x8001A19C else=0x8001A1C4 c9278=0x1F801BD4 c927c=0x00000009 ra=0x8001A184 sp=0x801FFF98 f=0
[BLACKSCREEN][A110-CALL] pc=0x8001A244 target=0x80015650 v0=0xFFFFFFFF v1=0x00000009 a0=0xFFFFFFFF a1=0x00008000 a2=0x00000000 a3=0x00000000 sp=0x801FFF98 ra=0x8001A24C f=0
[BLACKSCREEN][CALL] enter #27 addr=0x80015650 kseg0=0x80015650 ra=0x8001A24C sp=0x801FFF98 f=0
[BLACKSCREEN][CALL] stage=before_overlay #16 addr=0x80015650 ra=0x8001A24C f=0
[BLACKSCREEN][CALL] stage=before_inbinary #16 addr=0x80015650 ra=0x8001A24C f=0
[BLACKSCREEN][CALL] route=interp #16 addr=0x80015650 ra=0x8001A24C f=0
[BLACKSCREEN][INTERP] enter start=0x80015650 instr0=0x3C028003 a0=0xFFFFFFFF ra=0x8001A24C sp=0x801FFF98 f=0
[BLACKSCREEN][INTERP] start=0x80015650 end=0x80015658 steps=3 reason=jr_ra target=0x8001A24C ra=0x8001A24C sp=0x801FFF98 f=0
[BLACKSCREEN][A110-RET] call_pc=0x8001A244 target=0x80015650 v0_before=0xFFFFFFFF v1_before=0x00000009 v0_after=0x00000000 v1_after=0x00000009 c9278=0x1F801BD4 c927c=0x0000000A sp_before=0x801FFF98 sp_after=0x801FFF98 ra=0x8001A24C f=0
[BLACKSCREEN][A110-CALL] pc=0x8001A17C target=0x80015308 v0=0x00000000 v1=0x00000009 a0=0xFFFFFFFF a1=0x00008000 a2=0x00000000 a3=0x00000000 sp=0x801FFF98 ra=0x8001A184 f=0
[BLACKSCREEN][CALL] enter #28 addr=0x80015308 kseg0=0x80015308 ra=0x8001A184 sp=0x801FFF98 f=0
[BLACKSCREEN][CALL] route=compiled_early #12 addr=0x80015308 ra=0x8001A184 f=0
[BLACKSCREEN][A110-RET] call_pc=0x8001A17C target=0x80015308 v0_before=0x00000000 v1_before=0x00000009 v0_after=0x1F801814 v1_after=0x1F801110 c9278=0x1F801BD4 c927c=0x0000000A sp_before=0x801FFF98 sp_after=0x801FFF98 ra=0x8001A184 f=0
[BLACKSCREEN][A110-EXIT-COND] pc=0x8001A194 instr=0x1460000B v1=0x00000000 v0=0x1F801814 will_branch=0 next=0x8001A19C else=0x8001A1C4 c9278=0x1F801BD4 c927c=0x0000000A ra=0x8001A184 sp=0x801FFF98 f=0
[BLACKSCREEN][A110-CALL] pc=0x8001A244 target=0x80015650 v0=0xFFFFFFFF v1=0x0000000A a0=0xFFFFFFFF a1=0x00008000 a2=0x00000000 a3=0x00000000 sp=0x801FFF98 ra=0x8001A24C f=0
[BLACKSCREEN][CALL] enter #29 addr=0x80015650 kseg0=0x80015650 ra=0x8001A24C sp=0x801FFF98 f=0
[BLACKSCREEN][CALL] stage=before_overlay #17 addr=0x80015650 ra=0x8001A24C f=0
[BLACKSCREEN][CALL] stage=before_inbinary #17 addr=0x80015650 ra=0x8001A24C f=0
[BLACKSCREEN][CALL] route=interp #17 addr=0x80015650 ra=0x8001A24C f=0
[BLACKSCREEN][INTERP] enter start=0x80015650 instr0=0x3C028003 a0=0xFFFFFFFF ra=0x8001A24C sp=0x801FFF98 f=0
[BLACKSCREEN][INTERP] start=0x80015650 end=0x80015658 steps=3 reason=jr_ra target=0x8001A24C ra=0x8001A24C sp=0x801FFF98 f=0
[BLACKSCREEN][A110-RET] call_pc=0x8001A244 target=0x80015650 v0_before=0xFFFFFFFF v1_before=0x0000000A v0_after=0x00000000 v1_after=0x0000000A c9278=0x1F801BD4 c927c=0x0000000B sp_before=0x801FFF98 sp_after=0x801FFF98 ra=0x8001A24C f=0
[BLACKSCREEN][A110-CALL] pc=0x8001A17C target=0x80015308 v0=0x00000000 v1=0x0000000A a0=0xFFFFFFFF a1=0x00008000 a2=0x00000000 a3=0x00000000 sp=0x801FFF98 ra=0x8001A184 f=0
[BLACKSCREEN][CALL] enter #30 addr=0x80015308 kseg0=0x80015308 ra=0x8001A184 sp=0x801FFF98 f=0
[BLACKSCREEN][CALL] route=compiled_early #13 addr=0x80015308 ra=0x8001A184 f=0
[BLACKSCREEN][A110-RET] call_pc=0x8001A17C target=0x80015308 v0_before=0x00000000 v1_before=0x0000000A v0_after=0x1F801814 v1_after=0x1F801110 c9278=0x1F801BD4 c927c=0x0000000B sp_before=0x801FFF98 sp_after=0x801FFF98 ra=0x8001A184 f=0
[BLACKSCREEN][A110-EXIT-COND] pc=0x8001A194 instr=0x1460000B v1=0x00000000 v0=0x1F801814 will_branch=0 next=0x8001A19C else=0x8001A1C4 c9278=0x1F801BD4 c927c=0x0000000B ra=0x8001A184 sp=0x801FFF98 f=0
[BLACKSCREEN][A110-CALL] pc=0x8001A244 target=0x80015650 v0=0xFFFFFFFF v1=0x0000000B a0=0xFFFFFFFF a1=0x00008000 a2=0x00000000 a3=0x00000000 sp=0x801FFF98 ra=0x8001A24C f=0
[BLACKSCREEN][CALL] enter #31 addr=0x80015650 kseg0=0x80015650 ra=0x8001A24C sp=0x801FFF98 f=0
[BLACKSCREEN][CALL] stage=before_overlay #18 addr=0x80015650 ra=0x8001A24C f=0
[BLACKSCREEN][CALL] stage=before_inbinary #18 addr=0x80015650 ra=0x8001A24C f=0
[BLACKSCREEN][CALL] route=interp #18 addr=0x80015650 ra=0x8001A24C f=0
[BLACKSCREEN][INTERP] enter start=0x80015650 instr0=0x3C028003 a0=0xFFFFFFFF ra=0x8001A24C sp=0x801FFF98 f=0
[BLACKSCREEN][INTERP] start=0x80015650 end=0x80015658 steps=3 reason=jr_ra target=0x8001A24C ra=0x8001A24C sp=0x801FFF98 f=0
[BLACKSCREEN][A110-RET] call_pc=0x8001A244 target=0x80015650 v0_before=0xFFFFFFFF v1_before=0x0000000B v0_after=0x00000000 v1_after=0x0000000B c9278=0x1F801BD4 c927c=0x0000000C sp_before=0x801FFF98 sp_after=0x801FFF98 ra=0x8001A24C f=0
[BLACKSCREEN][A110-CALL] pc=0x8001A17C target=0x80015308 v0=0x00000000 v1=0x0000000B a0=0xFFFFFFFF a1=0x00008000 a2=0x00000000 a3=0x00000000 sp=0x801FFF98 ra=0x8001A184 f=0
[BLACKSCREEN][CALL] enter #32 addr=0x80015308 kseg0=0x80015308 ra=0x8001A184 sp=0x801FFF98 f=0
[BLACKSCREEN][CALL] route=compiled_early #14 addr=0x80015308 ra=0x8001A184 f=0
[BLACKSCREEN][A110-RET] call_pc=0x8001A17C target=0x80015308 v0_before=0x00000000 v1_before=0x0000000B v0_after=0x1F801814 v1_after=0x1F801110 c9278=0x1F801BD4 c927c=0x0000000C sp_before=0x801FFF98 sp_after=0x801FFF98 ra=0x8001A184 f=0
[BLACKSCREEN][A110-EXIT-COND] pc=0x8001A194 instr=0x1460000B v1=0x00000000 v0=0x1F801814 will_branch=0 next=0x8001A19C else=0x8001A1C4 c9278=0x1F801BD4 c927c=0x0000000C ra=0x8001A184 sp=0x801FFF98 f=0
[BLACKSCREEN][A110-CALL] pc=0x8001A244 target=0x80015650 v0=0xFFFFFFFF v1=0x0000000C a0=0xFFFFFFFF a1=0x00008000 a2=0x00000000 a3=0x00000000 sp=0x801FFF98 ra=0x8001A24C f=0
[BLACKSCREEN][CALL] enter #33 addr=0x80015650 kseg0=0x80015650 ra=0x8001A24C sp=0x801FFF98 f=0
[BLACKSCREEN][CALL] stage=before_overlay #19 addr=0x80015650 ra=0x8001A24C f=0
[BLACKSCREEN][CALL] stage=before_inbinary #19 addr=0x80015650 ra=0x8001A24C f=0
[BLACKSCREEN][CALL] route=interp #19 addr=0x80015650 ra=0x8001A24C f=0
[BLACKSCREEN][INTERP] enter start=0x80015650 instr0=0x3C028003 a0=0xFFFFFFFF ra=0x8001A24C sp=0x801FFF98 f=0
[BLACKSCREEN][INTERP] start=0x80015650 end=0x80015658 steps=3 reason=jr_ra target=0x8001A24C ra=0x8001A24C sp=0x801FFF98 f=0
[BLACKSCREEN][A110-RET] call_pc=0x8001A244 target=0x80015650 v0_before=0xFFFFFFFF v1_before=0x0000000C v0_after=0x00000000 v1_after=0x0000000C c9278=0x1F801BD4 c927c=0x0000000D sp_before=0x801FFF98 sp_after=0x801FFF98 ra=0x8001A24C f=0
[BLACKSCREEN][A110-CALL] pc=0x8001A17C target=0x80015308 v0=0x00000000 v1=0x0000000C a0=0xFFFFFFFF a1=0x00008000 a2=0x00000000 a3=0x00000000 sp=0x801FFF98 ra=0x8001A184 f=0
[BLACKSCREEN][CALL] enter #34 addr=0x80015308 kseg0=0x80015308 ra=0x8001A184 sp=0x801FFF98 f=0
[BLACKSCREEN][CALL] route=compiled_early #15 addr=0x80015308 ra=0x8001A184 f=0
[BLACKSCREEN][A110-RET] call_pc=0x8001A17C target=0x80015308 v0_before=0x00000000 v1_before=0x0000000C v0_after=0x1F801814 v1_after=0x1F801110 c9278=0x1F801BD4 c927c=0x0000000D sp_before=0x801FFF98 sp_after=0x801FFF98 ra=0x8001A184 f=0
[BLACKSCREEN][A110-EXIT-COND] pc=0x8001A194 instr=0x1460000B v1=0x00000000 v0=0x1F801814 will_branch=0 next=0x8001A19C else=0x8001A1C4 c9278=0x1F801BD4 c927c=0x0000000D ra=0x8001A184 sp=0x801FFF98 f=0
[BLACKSCREEN][A110-CALL] pc=0x8001A244 target=0x80015650 v0=0xFFFFFFFF v1=0x0000000D a0=0xFFFFFFFF a1=0x00008000 a2=0x00000000 a3=0x00000000 sp=0x801FFF98 ra=0x8001A24C f=0
[BLACKSCREEN][CALL] enter #35 addr=0x80015650 kseg0=0x80015650 ra=0x8001A24C sp=0x801FFF98 f=0
[BLACKSCREEN][CALL] stage=before_overlay #20 addr=0x80015650 ra=0x8001A24C f=0
[BLACKSCREEN][CALL] stage=before_inbinary #20 addr=0x80015650 ra=0x8001A24C f=0
[BLACKSCREEN][CALL] route=interp #20 addr=0x80015650 ra=0x8001A24C f=0
[BLACKSCREEN][INTERP] enter start=0x80015650 instr0=0x3C028003 a0=0xFFFFFFFF ra=0x8001A24C sp=0x801FFF98 f=0
[BLACKSCREEN][INTERP] start=0x80015650 end=0x80015658 steps=3 reason=jr_ra target=0x8001A24C ra=0x8001A24C sp=0x801FFF98 f=0
[BLACKSCREEN][A110-RET] call_pc=0x8001A244 target=0x80015650 v0_before=0xFFFFFFFF v1_before=0x0000000D v0_after=0x00000000 v1_after=0x0000000D c9278=0x1F801BD4 c927c=0x0000000E sp_before=0x801FFF98 sp_after=0x801FFF98 ra=0x8001A24C f=0
[BLACKSCREEN][A110-CALL] pc=0x8001A17C target=0x80015308 v0=0x00000000 v1=0x0000000D a0=0xFFFFFFFF a1=0x00008000 a2=0x00000000 a3=0x00000000 sp=0x801FFF98 ra=0x8001A184 f=0
[BLACKSCREEN][CALL] enter #36 addr=0x80015308 kseg0=0x80015308 ra=0x8001A184 sp=0x801FFF98 f=0
[BLACKSCREEN][CALL] route=compiled_early #16 addr=0x80015308 ra=0x8001A184 f=0
[BLACKSCREEN][A110-RET] call_pc=0x8001A17C target=0x80015308 v0_before=0x00000000 v1_before=0x0000000D v0_after=0x1F801814 v1_after=0x1F801110 c9278=0x1F801BD4 c927c=0x0000000E sp_before=0x801FFF98 sp_after=0x801FFF98 ra=0x8001A184 f=0
[BLACKSCREEN][A110-EXIT-COND] pc=0x8001A194 instr=0x1460000B v1=0x00000000 v0=0x1F801814 will_branch=0 next=0x8001A19C else=0x8001A1C4 c9278=0x1F801BD4 c927c=0x0000000E ra=0x8001A184 sp=0x801FFF98 f=0
[BLACKSCREEN][A110-CALL] pc=0x8001A244 target=0x80015650 v0=0xFFFFFFFF v1=0x0000000E a0=0xFFFFFFFF a1=0x00008000 a2=0x00000000 a3=0x00000000 sp=0x801FFF98 ra=0x8001A24C f=0
[BLACKSCREEN][CALL] enter #37 addr=0x80015650 kseg0=0x80015650 ra=0x8001A24C sp=0x801FFF98 f=0
[BLACKSCREEN][CALL] stage=before_overlay #21 addr=0x80015650 ra=0x8001A24C f=0
[BLACKSCREEN][CALL] stage=before_inbinary #21 addr=0x80015650 ra=0x8001A24C f=0
[BLACKSCREEN][CALL] route=interp #21 addr=0x80015650 ra=0x8001A24C f=0
[BLACKSCREEN][INTERP] enter start=0x80015650 instr0=0x3C028003 a0=0xFFFFFFFF ra=0x8001A24C sp=0x801FFF98 f=0
[BLACKSCREEN][INTERP] start=0x80015650 end=0x80015658 steps=3 reason=jr_ra target=0x8001A24C ra=0x8001A24C sp=0x801FFF98 f=0
[BLACKSCREEN][A110-RET] call_pc=0x8001A244 target=0x80015650 v0_before=0xFFFFFFFF v1_before=0x0000000E v0_after=0x00000000 v1_after=0x0000000E c9278=0x1F801BD4 c927c=0x0000000F sp_before=0x801FFF98 sp_after=0x801FFF98 ra=0x8001A24C f=0
[BLACKSCREEN][A110-CALL] pc=0x8001A17C target=0x80015308 v0=0x00000000 v1=0x0000000E a0=0xFFFFFFFF a1=0x00008000 a2=0x00000000 a3=0x00000000 sp=0x801FFF98 ra=0x8001A184 f=0
[BLACKSCREEN][CALL] enter #38 addr=0x80015308 kseg0=0x80015308 ra=0x8001A184 sp=0x801FFF98 f=0
[BLACKSCREEN][CALL] route=compiled_early #17 addr=0x80015308 ra=0x8001A184 f=0
[BLACKSCREEN][A110-RET] call_pc=0x8001A17C target=0x80015308 v0_before=0x00000000 v1_before=0x0000000E v0_after=0x1F801814 v1_after=0x1F801110 c9278=0x1F801BD4 c927c=0x0000000F sp_before=0x801FFF98 sp_after=0x801FFF98 ra=0x8001A184 f=0
[BLACKSCREEN][A110-EXIT-COND] pc=0x8001A194 instr=0x1460000B v1=0x00000000 v0=0x1F801814 will_branch=0 next=0x8001A19C else=0x8001A1C4 c9278=0x1F801BD4 c927c=0x0000000F ra=0x8001A184 sp=0x801FFF98 f=0
[BLACKSCREEN][A110-CALL] pc=0x8001A244 target=0x80015650 v0=0xFFFFFFFF v1=0x0000000F a0=0xFFFFFFFF a1=0x00008000 a2=0x00000000 a3=0x00000000 sp=0x801FFF98 ra=0x8001A24C f=0
[BLACKSCREEN][CALL] enter #39 addr=0x80015650 kseg0=0x80015650 ra=0x8001A24C sp=0x801FFF98 f=0
[BLACKSCREEN][CALL] stage=before_overlay #22 addr=0x80015650 ra=0x8001A24C f=0
[BLACKSCREEN][CALL] stage=before_inbinary #22 addr=0x80015650 ra=0x8001A24C f=0
[BLACKSCREEN][CALL] route=interp #22 addr=0x80015650 ra=0x8001A24C f=0
[BLACKSCREEN][INTERP] enter start=0x80015650 instr0=0x3C028003 a0=0xFFFFFFFF ra=0x8001A24C sp=0x801FFF98 f=0
[BLACKSCREEN][INTERP] start=0x80015650 end=0x80015658 steps=3 reason=jr_ra target=0x8001A24C ra=0x8001A24C sp=0x801FFF98 f=0
[BLACKSCREEN][A110-RET] call_pc=0x8001A244 target=0x80015650 v0_before=0xFFFFFFFF v1_before=0x0000000F v0_after=0x00000000 v1_after=0x0000000F c9278=0x1F801BD4 c927c=0x00000010 sp_before=0x801FFF98 sp_after=0x801FFF98 ra=0x8001A24C f=0
[BLACKSCREEN][A110-CALL] pc=0x8001A17C target=0x80015308 v0=0x00000000 v1=0x0000000F a0=0xFFFFFFFF a1=0x00008000 a2=0x00000000 a3=0x00000000 sp=0x801FFF98 ra=0x8001A184 f=0
[BLACKSCREEN][CALL] enter #40 addr=0x80015308 kseg0=0x80015308 ra=0x8001A184 sp=0x801FFF98 f=0
[BLACKSCREEN][CALL] route=compiled_early #18 addr=0x80015308 ra=0x8001A184 f=0
[BLACKSCREEN][A110-RET] call_pc=0x8001A17C target=0x80015308 v0_before=0x00000000 v1_before=0x0000000F v0_after=0x1F801814 v1_after=0x1F801110 c9278=0x1F801BD4 c927c=0x00000010 sp_before=0x801FFF98 sp_after=0x801FFF98 ra=0x8001A184 f=0
[BLACKSCREEN][A110-EXIT-COND] pc=0x8001A194 instr=0x1460000B v1=0x00000000 v0=0x1F801814 will_branch=0 next=0x8001A19C else=0x8001A1C4 c9278=0x1F801BD4 c927c=0x00000010 ra=0x8001A184 sp=0x801FFF98 f=0
[BLACKSCREEN][A110-CALL] pc=0x8001A244 target=0x80015650 v0=0xFFFFFFFF v1=0x00000010 a0=0xFFFFFFFF a1=0x00008000 a2=0x00000000 a3=0x00000000 sp=0x801FFF98 ra=0x8001A24C f=0
[BLACKSCREEN][CALL] enter #41 addr=0x80015650 kseg0=0x80015650 ra=0x8001A24C sp=0x801FFF98 f=0
[BLACKSCREEN][CALL] stage=before_overlay #23 addr=0x80015650 ra=0x8001A24C f=0
[BLACKSCREEN][CALL] stage=before_inbinary #23 addr=0x80015650 ra=0x8001A24C f=0
[BLACKSCREEN][CALL] route=interp #23 addr=0x80015650 ra=0x8001A24C f=0
[BLACKSCREEN][INTERP] enter start=0x80015650 instr0=0x3C028003 a0=0xFFFFFFFF ra=0x8001A24C sp=0x801FFF98 f=0
[BLACKSCREEN][INTERP] start=0x80015650 end=0x80015658 steps=3 reason=jr_ra target=0x8001A24C ra=0x8001A24C sp=0x801FFF98 f=0
[BLACKSCREEN][A110-RET] call_pc=0x8001A244 target=0x80015650 v0_before=0xFFFFFFFF v1_before=0x00000010 v0_after=0x00000000 v1_after=0x00000010 c9278=0x1F801BD4 c927c=0x00000011 sp_before=0x801FFF98 sp_after=0x801FFF98 ra=0x8001A24C f=0
[BLACKSCREEN][A110-CALL] pc=0x8001A17C target=0x80015308 v0=0x00000000 v1=0x00000010 a0=0xFFFFFFFF a1=0x00008000 a2=0x00000000 a3=0x00000000 sp=0x801FFF98 ra=0x8001A184 f=0
[BLACKSCREEN][CALL] enter #42 addr=0x80015308 kseg0=0x80015308 ra=0x8001A184 sp=0x801FFF98 f=0
[BLACKSCREEN][CALL] route=compiled_early #19 addr=0x80015308 ra=0x8001A184 f=0
[BLACKSCREEN][A110-RET] call_pc=0x8001A17C target=0x80015308 v0_before=0x00000000 v1_before=0x00000010 v0_after=0x1F801814 v1_after=0x1F801110 c9278=0x1F801BD4 c927c=0x00000011 sp_before=0x801FFF98 sp_after=0x801FFF98 ra=0x8001A184 f=0
[BLACKSCREEN][A110-EXIT-COND] pc=0x8001A194 instr=0x1460000B v1=0x00000000 v0=0x1F801814 will_branch=0 next=0x8001A19C else=0x8001A1C4 c9278=0x1F801BD4 c927c=0x00000011 ra=0x8001A184 sp=0x801FFF98 f=0
[BLACKSCREEN][A110-CALL] pc=0x8001A244 target=0x80015650 v0=0xFFFFFFFF v1=0x00000011 a0=0xFFFFFFFF a1=0x00008000 a2=0x00000000 a3=0x00000000 sp=0x801FFF98 ra=0x8001A24C f=0
[BLACKSCREEN][CALL] enter #43 addr=0x80015650 kseg0=0x80015650 ra=0x8001A24C sp=0x801FFF98 f=0
[BLACKSCREEN][CALL] stage=before_overlay #24 addr=0x80015650 ra=0x8001A24C f=0
[BLACKSCREEN][CALL] stage=before_inbinary #24 addr=0x80015650 ra=0x8001A24C f=0
[BLACKSCREEN][CALL] route=interp #24 addr=0x80015650 ra=0x8001A24C f=0
[BLACKSCREEN][INTERP] enter start=0x80015650 instr0=0x3C028003 a0=0xFFFFFFFF ra=0x8001A24C sp=0x801FFF98 f=0
[BLACKSCREEN][INTERP] start=0x80015650 end=0x80015658 steps=3 reason=jr_ra target=0x8001A24C ra=0x8001A24C sp=0x801FFF98 f=0
[BLACKSCREEN][A110-RET] call_pc=0x8001A244 target=0x80015650 v0_before=0xFFFFFFFF v1_before=0x00000011 v0_after=0x00000000 v1_after=0x00000011 c9278=0x1F801BD4 c927c=0x00000012 sp_before=0x801FFF98 sp_after=0x801FFF98 ra=0x8001A24C f=0
[BLACKSCREEN][A110-CALL] pc=0x8001A17C target=0x80015308 v0=0x00000000 v1=0x00000011 a0=0xFFFFFFFF a1=0x00008000 a2=0x00000000 a3=0x00000000 sp=0x801FFF98 ra=0x8001A184 f=0
[BLACKSCREEN][CALL] enter #44 addr=0x80015308 kseg0=0x80015308 ra=0x8001A184 sp=0x801FFF98 f=0
[BLACKSCREEN][CALL] route=compiled_early #20 addr=0x80015308 ra=0x8001A184 f=0
[BLACKSCREEN][A110-RET] call_pc=0x8001A17C target=0x80015308 v0_before=0x00000000 v1_before=0x00000011 v0_after=0x1F801814 v1_after=0x1F801110 c9278=0x1F801BD4 c927c=0x00000012 sp_before=0x801FFF98 sp_after=0x801FFF98 ra=0x8001A184 f=0
[BLACKSCREEN][A110-EXIT-COND] pc=0x8001A194 instr=0x1460000B v1=0x00000000 v0=0x1F801814 will_branch=0 next=0x8001A19C else=0x8001A1C4 c9278=0x1F801BD4 c927c=0x00000012 ra=0x8001A184 sp=0x801FFF98 f=0
[BLACKSCREEN][A110-CALL] pc=0x8001A244 target=0x80015650 v0=0xFFFFFFFF v1=0x00000012 a0=0xFFFFFFFF a1=0x00008000 a2=0x00000000 a3=0x00000000 sp=0x801FFF98 ra=0x8001A24C f=0
[BLACKSCREEN][CALL] enter #45 addr=0x80015650 kseg0=0x80015650 ra=0x8001A24C sp=0x801FFF98 f=0
[BLACKSCREEN][CALL] stage=before_overlay #25 addr=0x80015650 ra=0x8001A24C f=0
[BLACKSCREEN][CALL] stage=before_inbinary #25 addr=0x80015650 ra=0x8001A24C f=0
[BLACKSCREEN][CALL] route=interp #25 addr=0x80015650 ra=0x8001A24C f=0
[BLACKSCREEN][INTERP] enter start=0x80015650 instr0=0x3C028003 a0=0xFFFFFFFF ra=0x8001A24C sp=0x801FFF98 f=0
[BLACKSCREEN][INTERP] start=0x80015650 end=0x80015658 steps=3 reason=jr_ra target=0x8001A24C ra=0x8001A24C sp=0x801FFF98 f=0
[BLACKSCREEN][A110-RET] call_pc=0x8001A244 target=0x80015650 v0_before=0xFFFFFFFF v1_before=0x00000012 v0_after=0x00000000 v1_after=0x00000012 c9278=0x1F801BD4 c927c=0x00000013 sp_before=0x801FFF98 sp_after=0x801FFF98 ra=0x8001A24C f=0
[BLACKSCREEN][A110-CALL] pc=0x8001A17C target=0x80015308 v0=0x00000000 v1=0x00000012 a0=0xFFFFFFFF a1=0x00008000 a2=0x00000000 a3=0x00000000 sp=0x801FFF98 ra=0x8001A184 f=0
[BLACKSCREEN][CALL] enter #46 addr=0x80015308 kseg0=0x80015308 ra=0x8001A184 sp=0x801FFF98 f=0
[BLACKSCREEN][CALL] route=compiled_early #21 addr=0x80015308 ra=0x8001A184 f=0
[BLACKSCREEN][A110-RET] call_pc=0x8001A17C target=0x80015308 v0_before=0x00000000 v1_before=0x00000012 v0_after=0x1F801814 v1_after=0x1F801110 c9278=0x1F801BD4 c927c=0x00000013 sp_before=0x801FFF98 sp_after=0x801FFF98 ra=0x8001A184 f=0
[BLACKSCREEN][A110-EXIT-COND] pc=0x8001A194 instr=0x1460000B v1=0x00000000 v0=0x1F801814 will_branch=0 next=0x8001A19C else=0x8001A1C4 c9278=0x1F801BD4 c927c=0x00000013 ra=0x8001A184 sp=0x801FFF98 f=0
[BLACKSCREEN][A110-CALL] pc=0x8001A244 target=0x80015650 v0=0xFFFFFFFF v1=0x00000013 a0=0xFFFFFFFF a1=0x00008000 a2=0x00000000 a3=0x00000000 sp=0x801FFF98 ra=0x8001A24C f=0
[BLACKSCREEN][CALL] enter #47 addr=0x80015650 kseg0=0x80015650 ra=0x8001A24C sp=0x801FFF98 f=0
[BLACKSCREEN][CALL] stage=before_overlay #26 addr=0x80015650 ra=0x8001A24C f=0
[BLACKSCREEN][CALL] stage=before_inbinary #26 addr=0x80015650 ra=0x8001A24C f=0
[BLACKSCREEN][CALL] route=interp #26 addr=0x80015650 ra=0x8001A24C f=0
[BLACKSCREEN][INTERP] enter start=0x80015650 instr0=0x3C028003 a0=0xFFFFFFFF ra=0x8001A24C sp=0x801FFF98 f=0
[BLACKSCREEN][INTERP] start=0x80015650 end=0x80015658 steps=3 reason=jr_ra target=0x8001A24C ra=0x8001A24C sp=0x801FFF98 f=0
[BLACKSCREEN][A110-RET] call_pc=0x8001A244 target=0x80015650 v0_before=0xFFFFFFFF v1_before=0x00000013 v0_after=0x00000000 v1_after=0x00000013 c9278=0x1F801BD4 c927c=0x00000014 sp_before=0x801FFF98 sp_after=0x801FFF98 ra=0x8001A24C f=0
[BLACKSCREEN][A110-CALL] pc=0x8001A17C target=0x80015308 v0=0x00000000 v1=0x00000013 a0=0xFFFFFFFF a1=0x00008000 a2=0x00000000 a3=0x00000000 sp=0x801FFF98 ra=0x8001A184 f=0
[BLACKSCREEN][CALL] enter #48 addr=0x80015308 kseg0=0x80015308 ra=0x8001A184 sp=0x801FFF98 f=0
[BLACKSCREEN][CALL] route=compiled_early #22 addr=0x80015308 ra=0x8001A184 f=0
[BLACKSCREEN][A110-RET] call_pc=0x8001A17C target=0x80015308 v0_before=0x00000000 v1_before=0x00000013 v0_after=0x1F801814 v1_after=0x1F801110 c9278=0x1F801BD4 c927c=0x00000014 sp_before=0x801FFF98 sp_after=0x801FFF98 ra=0x8001A184 f=0
[BLACKSCREEN][A110-EXIT-COND] pc=0x8001A194 instr=0x1460000B v1=0x00000000 v0=0x1F801814 will_branch=0 next=0x8001A19C else=0x8001A1C4 c9278=0x1F801BD4 c927c=0x00000014 ra=0x8001A184 sp=0x801FFF98 f=0
[BLACKSCREEN][A110-CALL] pc=0x8001A244 target=0x80015650 v0=0xFFFFFFFF v1=0x00000014 a0=0xFFFFFFFF a1=0x00008000 a2=0x00000000 a3=0x00000000 sp=0x801FFF98 ra=0x8001A24C f=0
[BLACKSCREEN][CALL] enter #49 addr=0x80015650 kseg0=0x80015650 ra=0x8001A24C sp=0x801FFF98 f=0
[BLACKSCREEN][CALL] stage=before_overlay #27 addr=0x80015650 ra=0x8001A24C f=0
[BLACKSCREEN][CALL] stage=before_inbinary #27 addr=0x80015650 ra=0x8001A24C f=0
[BLACKSCREEN][CALL] route=interp #27 addr=0x80015650 ra=0x8001A24C f=0
[BLACKSCREEN][INTERP] enter start=0x80015650 instr0=0x3C028003 a0=0xFFFFFFFF ra=0x8001A24C sp=0x801FFF98 f=0
[BLACKSCREEN][INTERP] start=0x80015650 end=0x80015658 steps=3 reason=jr_ra target=0x8001A24C ra=0x8001A24C sp=0x801FFF98 f=0
[BLACKSCREEN][A110-RET] call_pc=0x8001A244 target=0x80015650 v0_before=0xFFFFFFFF v1_before=0x00000014 v0_after=0x00000000 v1_after=0x00000014 c9278=0x1F801BD4 c927c=0x00000015 sp_before=0x801FFF98 sp_after=0x801FFF98 ra=0x8001A24C f=0
[BLACKSCREEN][A110-CALL] pc=0x8001A17C target=0x80015308 v0=0x00000000 v1=0x00000014 a0=0xFFFFFFFF a1=0x00008000 a2=0x00000000 a3=0x00000000 sp=0x801FFF98 ra=0x8001A184 f=0
[BLACKSCREEN][CALL] enter #50 addr=0x80015308 kseg0=0x80015308 ra=0x8001A184 sp=0x801FFF98 f=0
[BLACKSCREEN][CALL] route=compiled_early #23 addr=0x80015308 ra=0x8001A184 f=0
[BLACKSCREEN][A110-RET] call_pc=0x8001A17C target=0x80015308 v0_before=0x00000000 v1_before=0x00000014 v0_after=0x1F801814 v1_after=0x1F801110 c9278=0x1F801BD4 c927c=0x00000015 sp_before=0x801FFF98 sp_after=0x801FFF98 ra=0x8001A184 f=0
[BLACKSCREEN][A110-EXIT-COND] pc=0x8001A194 instr=0x1460000B v1=0x00000000 v0=0x1F801814 will_branch=0 next=0x8001A19C else=0x8001A1C4 c9278=0x1F801BD4 c927c=0x00000015 ra=0x8001A184 sp=0x801FFF98 f=0
[BLACKSCREEN][A110-CALL] pc=0x8001A244 target=0x80015650 v0=0xFFFFFFFF v1=0x00000015 a0=0xFFFFFFFF a1=0x00008000 a2=0x00000000 a3=0x00000000 sp=0x801FFF98 ra=0x8001A24C f=0
[BLACKSCREEN][CALL] enter #51 addr=0x80015650 kseg0=0x80015650 ra=0x8001A24C sp=0x801FFF98 f=0
[BLACKSCREEN][CALL] stage=before_overlay #28 addr=0x80015650 ra=0x8001A24C f=0
[BLACKSCREEN][CALL] stage=before_inbinary #28 addr=0x80015650 ra=0x8001A24C f=0
[BLACKSCREEN][CALL] route=interp #28 addr=0x80015650 ra=0x8001A24C f=0
[BLACKSCREEN][INTERP] enter start=0x80015650 instr0=0x3C028003 a0=0xFFFFFFFF ra=0x8001A24C sp=0x801FFF98 f=0
[BLACKSCREEN][INTERP] start=0x80015650 end=0x80015658 steps=3 reason=jr_ra target=0x8001A24C ra=0x8001A24C sp=0x801FFF98 f=0
[BLACKSCREEN][A110-RET] call_pc=0x8001A244 target=0x80015650 v0_before=0xFFFFFFFF v1_before=0x00000015 v0_after=0x00000000 v1_after=0x00000015 c9278=0x1F801BD4 c927c=0x00000016 sp_before=0x801FFF98 sp_after=0x801FFF98 ra=0x8001A24C f=0
[BLACKSCREEN][A110-CALL] pc=0x8001A17C target=0x80015308 v0=0x00000000 v1=0x00000015 a0=0xFFFFFFFF a1=0x00008000 a2=0x00000000 a3=0x00000000 sp=0x801FFF98 ra=0x8001A184 f=0
[BLACKSCREEN][CALL] enter #52 addr=0x80015308 kseg0=0x80015308 ra=0x8001A184 sp=0x801FFF98 f=0
[BLACKSCREEN][CALL] route=compiled_early #24 addr=0x80015308 ra=0x8001A184 f=0
[BLACKSCREEN][A110-RET] call_pc=0x8001A17C target=0x80015308 v0_before=0x00000000 v1_before=0x00000015 v0_after=0x1F801814 v1_after=0x1F801110 c9278=0x1F801BD4 c927c=0x00000016 sp_before=0x801FFF98 sp_after=0x801FFF98 ra=0x8001A184 f=0
[BLACKSCREEN][A110-EXIT-COND] pc=0x8001A194 instr=0x1460000B v1=0x00000000 v0=0x1F801814 will_branch=0 next=0x8001A19C else=0x8001A1C4 c9278=0x1F801BD4 c927c=0x00000016 ra=0x8001A184 sp=0x801FFF98 f=0
[BLACKSCREEN][A110-CALL] pc=0x8001A244 target=0x80015650 v0=0xFFFFFFFF v1=0x00000016 a0=0xFFFFFFFF a1=0x00008000 a2=0x00000000 a3=0x00000000 sp=0x801FFF98 ra=0x8001A24C f=0
[BLACKSCREEN][CALL] enter #53 addr=0x80015650 kseg0=0x80015650 ra=0x8001A24C sp=0x801FFF98 f=0
[BLACKSCREEN][CALL] stage=before_overlay #29 addr=0x80015650 ra=0x8001A24C f=0
[BLACKSCREEN][CALL] stage=before_inbinary #29 addr=0x80015650 ra=0x8001A24C f=0
[BLACKSCREEN][CALL] route=interp #29 addr=0x80015650 ra=0x8001A24C f=0
[BLACKSCREEN][INTERP] enter start=0x80015650 instr0=0x3C028003 a0=0xFFFFFFFF ra=0x8001A24C sp=0x801FFF98 f=0
[BLACKSCREEN][INTERP] start=0x80015650 end=0x80015658 steps=3 reason=jr_ra target=0x8001A24C ra=0x8001A24C sp=0x801FFF98 f=0
[BLACKSCREEN][A110-RET] call_pc=0x8001A244 target=0x80015650 v0_before=0xFFFFFFFF v1_before=0x00000016 v0_after=0x00000000 v1_after=0x00000016 c9278=0x1F801BD4 c927c=0x00000017 sp_before=0x801FFF98 sp_after=0x801FFF98 ra=0x8001A24C f=0
[BLACKSCREEN][A110-CALL] pc=0x8001A17C target=0x80015308 v0=0x00000000 v1=0x00000016 a0=0xFFFFFFFF a1=0x00008000 a2=0x00000000 a3=0x00000000 sp=0x801FFF98 ra=0x8001A184 f=0
[BLACKSCREEN][CALL] enter #54 addr=0x80015308 kseg0=0x80015308 ra=0x8001A184 sp=0x801FFF98 f=0
[BLACKSCREEN][CALL] route=compiled_early #25 addr=0x80015308 ra=0x8001A184 f=0
[BLACKSCREEN][A110-RET] call_pc=0x8001A17C target=0x80015308 v0_before=0x00000000 v1_before=0x00000016 v0_after=0x1F801814 v1_after=0x1F801110 c9278=0x1F801BD4 c927c=0x00000017 sp_before=0x801FFF98 sp_after=0x801FFF98 ra=0x8001A184 f=0
[BLACKSCREEN][A110-EXIT-COND] pc=0x8001A194 instr=0x1460000B v1=0x00000000 v0=0x1F801814 will_branch=0 next=0x8001A19C else=0x8001A1C4 c9278=0x1F801BD4 c927c=0x00000017 ra=0x8001A184 sp=0x801FFF98 f=0
[BLACKSCREEN][A110-CALL] pc=0x8001A244 target=0x80015650 v0=0xFFFFFFFF v1=0x00000017 a0=0xFFFFFFFF a1=0x00008000 a2=0x00000000 a3=0x00000000 sp=0x801FFF98 ra=0x8001A24C f=0
[BLACKSCREEN][CALL] enter #55 addr=0x80015650 kseg0=0x80015650 ra=0x8001A24C sp=0x801FFF98 f=0
[BLACKSCREEN][CALL] stage=before_overlay #30 addr=0x80015650 ra=0x8001A24C f=0
[BLACKSCREEN][CALL] stage=before_inbinary #30 addr=0x80015650 ra=0x8001A24C f=0
[BLACKSCREEN][CALL] route=interp #30 addr=0x80015650 ra=0x8001A24C f=0
[BLACKSCREEN][INTERP] enter start=0x80015650 instr0=0x3C028003 a0=0xFFFFFFFF ra=0x8001A24C sp=0x801FFF98 f=0
[BLACKSCREEN][INTERP] start=0x80015650 end=0x80015658 steps=3 reason=jr_ra target=0x8001A24C ra=0x8001A24C sp=0x801FFF98 f=0
[BLACKSCREEN][A110-RET] call_pc=0x8001A244 target=0x80015650 v0_before=0xFFFFFFFF v1_before=0x00000017 v0_after=0x00000000 v1_after=0x00000017 c9278=0x1F801BD4 c927c=0x00000018 sp_before=0x801FFF98 sp_after=0x801FFF98 ra=0x8001A24C f=0
[BLACKSCREEN][A110-CALL] pc=0x8001A17C target=0x80015308 v0=0x00000000 v1=0x00000017 a0=0xFFFFFFFF a1=0x00008000 a2=0x00000000 a3=0x00000000 sp=0x801FFF98 ra=0x8001A184 f=0
[BLACKSCREEN][CALL] enter #56 addr=0x80015308 kseg0=0x80015308 ra=0x8001A184 sp=0x801FFF98 f=0
[BLACKSCREEN][CALL] route=compiled_early #26 addr=0x80015308 ra=0x8001A184 f=0
[BLACKSCREEN][A110-RET] call_pc=0x8001A17C target=0x80015308 v0_before=0x00000000 v1_before=0x00000017 v0_after=0x1F801814 v1_after=0x1F801110 c9278=0x1F801BD4 c927c=0x00000018 sp_before=0x801FFF98 sp_after=0x801FFF98 ra=0x8001A184 f=0
[BLACKSCREEN][A110-EXIT-COND] pc=0x8001A194 instr=0x1460000B v1=0x00000000 v0=0x1F801814 will_branch=0 next=0x8001A19C else=0x8001A1C4 c9278=0x1F801BD4 c927c=0x00000018 ra=0x8001A184 sp=0x801FFF98 f=0
[BLACKSCREEN][A110-CALL] pc=0x8001A244 target=0x80015650 v0=0xFFFFFFFF v1=0x00000018 a0=0xFFFFFFFF a1=0x00008000 a2=0x00000000 a3=0x00000000 sp=0x801FFF98 ra=0x8001A24C f=0
[BLACKSCREEN][CALL] enter #57 addr=0x80015650 kseg0=0x80015650 ra=0x8001A24C sp=0x801FFF98 f=0
[BLACKSCREEN][CALL] stage=before_overlay #31 addr=0x80015650 ra=0x8001A24C f=0
[BLACKSCREEN][CALL] stage=before_inbinary #31 addr=0x80015650 ra=0x8001A24C f=0
[BLACKSCREEN][CALL] route=interp #31 addr=0x80015650 ra=0x8001A24C f=0
[BLACKSCREEN][INTERP] enter start=0x80015650 instr0=0x3C028003 a0=0xFFFFFFFF ra=0x8001A24C sp=0x801FFF98 f=0
[BLACKSCREEN][INTERP] start=0x80015650 end=0x80015658 steps=3 reason=jr_ra target=0x8001A24C ra=0x8001A24C sp=0x801FFF98 f=0
[BLACKSCREEN][A110-RET] call_pc=0x8001A244 target=0x80015650 v0_before=0xFFFFFFFF v1_before=0x00000018 v0_after=0x00000000 v1_after=0x00000018 c9278=0x1F801BD4 c927c=0x00000019 sp_before=0x801FFF98 sp_after=0x801FFF98 ra=0x8001A24C f=0
[BLACKSCREEN][A110-CALL] pc=0x8001A17C target=0x80015308 v0=0x00000000 v1=0x00000018 a0=0xFFFFFFFF a1=0x00008000 a2=0x00000000 a3=0x00000000 sp=0x801FFF98 ra=0x8001A184 f=0
[BLACKSCREEN][CALL] enter #58 addr=0x80015308 kseg0=0x80015308 ra=0x8001A184 sp=0x801FFF98 f=0
[BLACKSCREEN][CALL] route=compiled_early #27 addr=0x80015308 ra=0x8001A184 f=0
[BLACKSCREEN][A110-RET] call_pc=0x8001A17C target=0x80015308 v0_before=0x00000000 v1_before=0x00000018 v0_after=0x1F801814 v1_after=0x1F801110 c9278=0x1F801BD4 c927c=0x00000019 sp_before=0x801FFF98 sp_after=0x801FFF98 ra=0x8001A184 f=0
[BLACKSCREEN][A110-EXIT-COND] pc=0x8001A194 instr=0x1460000B v1=0x00000000 v0=0x1F801814 will_branch=0 next=0x8001A19C else=0x8001A1C4 c9278=0x1F801BD4 c927c=0x00000019 ra=0x8001A184 sp=0x801FFF98 f=0
[BLACKSCREEN][A110-CALL] pc=0x8001A244 target=0x80015650 v0=0xFFFFFFFF v1=0x00000019 a0=0xFFFFFFFF a1=0x00008000 a2=0x00000000 a3=0x00000000 sp=0x801FFF98 ra=0x8001A24C f=0
[BLACKSCREEN][CALL] enter #59 addr=0x80015650 kseg0=0x80015650 ra=0x8001A24C sp=0x801FFF98 f=0
[BLACKSCREEN][CALL] stage=before_overlay #32 addr=0x80015650 ra=0x8001A24C f=0
[BLACKSCREEN][CALL] stage=before_inbinary #32 addr=0x80015650 ra=0x8001A24C f=0
[BLACKSCREEN][CALL] route=interp #32 addr=0x80015650 ra=0x8001A24C f=0
[BLACKSCREEN][INTERP] enter start=0x80015650 instr0=0x3C028003 a0=0xFFFFFFFF ra=0x8001A24C sp=0x801FFF98 f=0
[BLACKSCREEN][INTERP] start=0x80015650 end=0x80015658 steps=3 reason=jr_ra target=0x8001A24C ra=0x8001A24C sp=0x801FFF98 f=0
[BLACKSCREEN][A110-RET] call_pc=0x8001A244 target=0x80015650 v0_before=0xFFFFFFFF v1_before=0x00000019 v0_after=0x00000000 v1_after=0x00000019 c9278=0x1F801BD4 c927c=0x0000001A sp_before=0x801FFF98 sp_after=0x801FFF98 ra=0x8001A24C f=0
[BLACKSCREEN][A110-CALL] pc=0x8001A17C target=0x80015308 v0=0x00000000 v1=0x00000019 a0=0xFFFFFFFF a1=0x00008000 a2=0x00000000 a3=0x00000000 sp=0x801FFF98 ra=0x8001A184 f=0
[BLACKSCREEN][CALL] enter #60 addr=0x80015308 kseg0=0x80015308 ra=0x8001A184 sp=0x801FFF98 f=0
[BLACKSCREEN][CALL] route=compiled_early #28 addr=0x80015308 ra=0x8001A184 f=0
[BLACKSCREEN][A110-RET] call_pc=0x8001A17C target=0x80015308 v0_before=0x00000000 v1_before=0x00000019 v0_after=0x1F801814 v1_after=0x1F801110 c9278=0x1F801BD4 c927c=0x0000001A sp_before=0x801FFF98 sp_after=0x801FFF98 ra=0x8001A184 f=0
[BLACKSCREEN][A110-EXIT-COND] pc=0x8001A194 instr=0x1460000B v1=0x00000000 v0=0x1F801814 will_branch=0 next=0x8001A19C else=0x8001A1C4 c9278=0x1F801BD4 c927c=0x0000001A ra=0x8001A184 sp=0x801FFF98 f=0
[BLACKSCREEN][A110-CALL] pc=0x8001A244 target=0x80015650 v0=0xFFFFFFFF v1=0x0000001A a0=0xFFFFFFFF a1=0x00008000 a2=0x00000000 a3=0x00000000 sp=0x801FFF98 ra=0x8001A24C f=0
[BLACKSCREEN][CALL] enter #61 addr=0x80015650 kseg0=0x80015650 ra=0x8001A24C sp=0x801FFF98 f=0
[BLACKSCREEN][CALL] stage=before_overlay #33 addr=0x80015650 ra=0x8001A24C f=0
[BLACKSCREEN][CALL] stage=before_inbinary #33 addr=0x80015650 ra=0x8001A24C f=0
[BLACKSCREEN][CALL] route=interp #33 addr=0x80015650 ra=0x8001A24C f=0
[BLACKSCREEN][INTERP] enter start=0x80015650 instr0=0x3C028003 a0=0xFFFFFFFF ra=0x8001A24C sp=0x801FFF98 f=0
[BLACKSCREEN][INTERP] start=0x80015650 end=0x80015658 steps=3 reason=jr_ra target=0x8001A24C ra=0x8001A24C sp=0x801FFF98 f=0
[BLACKSCREEN][A110-RET] call_pc=0x8001A244 target=0x80015650 v0_before=0xFFFFFFFF v1_before=0x0000001A v0_after=0x00000000 v1_after=0x0000001A c9278=0x1F801BD4 c927c=0x0000001B sp_before=0x801FFF98 sp_after=0x801FFF98 ra=0x8001A24C f=0
[BLACKSCREEN][A110-CALL] pc=0x8001A17C target=0x80015308 v0=0x00000000 v1=0x0000001A a0=0xFFFFFFFF a1=0x00008000 a2=0x00000000 a3=0x00000000 sp=0x801FFF98 ra=0x8001A184 f=0
[BLACKSCREEN][CALL] enter #62 addr=0x80015308 kseg0=0x80015308 ra=0x8001A184 sp=0x801FFF98 f=0
[BLACKSCREEN][CALL] route=compiled_early #29 addr=0x80015308 ra=0x8001A184 f=0
[BLACKSCREEN][A110-RET] call_pc=0x8001A17C target=0x80015308 v0_before=0x00000000 v1_before=0x0000001A v0_after=0x1F801814 v1_after=0x1F801110 c9278=0x1F801BD4 c927c=0x0000001B sp_before=0x801FFF98 sp_after=0x801FFF98 ra=0x8001A184 f=0
[BLACKSCREEN][A110-EXIT-COND] pc=0x8001A194 instr=0x1460000B v1=0x00000000 v0=0x1F801814 will_branch=0 next=0x8001A19C else=0x8001A1C4 c9278=0x1F801BD4 c927c=0x0000001B ra=0x8001A184 sp=0x801FFF98 f=0
[BLACKSCREEN][A110-CALL] pc=0x8001A244 target=0x80015650 v0=0xFFFFFFFF v1=0x0000001B a0=0xFFFFFFFF a1=0x00008000 a2=0x00000000 a3=0x00000000 sp=0x801FFF98 ra=0x8001A24C f=0
[BLACKSCREEN][CALL] enter #63 addr=0x80015650 kseg0=0x80015650 ra=0x8001A24C sp=0x801FFF98 f=0
[BLACKSCREEN][CALL] stage=before_overlay #34 addr=0x80015650 ra=0x8001A24C f=0
[BLACKSCREEN][CALL] stage=before_inbinary #34 addr=0x80015650 ra=0x8001A24C f=0
[BLACKSCREEN][CALL] route=interp #34 addr=0x80015650 ra=0x8001A24C f=0
[BLACKSCREEN][INTERP] enter start=0x80015650 instr0=0x3C028003 a0=0xFFFFFFFF ra=0x8001A24C sp=0x801FFF98 f=0
[BLACKSCREEN][INTERP] start=0x80015650 end=0x80015658 steps=3 reason=jr_ra target=0x8001A24C ra=0x8001A24C sp=0x801FFF98 f=0
[BLACKSCREEN][A110-RET] call_pc=0x8001A244 target=0x80015650 v0_before=0xFFFFFFFF v1_before=0x0000001B v0_after=0x00000000 v1_after=0x0000001B c9278=0x1F801BD4 c927c=0x0000001C sp_before=0x801FFF98 sp_after=0x801FFF98 ra=0x8001A24C f=0
[BLACKSCREEN][A110-CALL] pc=0x8001A17C target=0x80015308 v0=0x00000000 v1=0x0000001B a0=0xFFFFFFFF a1=0x00008000 a2=0x00000000 a3=0x00000000 sp=0x801FFF98 ra=0x8001A184 f=0
[BLACKSCREEN][CALL] enter #64 addr=0x80015308 kseg0=0x80015308 ra=0x8001A184 sp=0x801FFF98 f=0
[BLACKSCREEN][CALL] route=compiled_early #30 addr=0x80015308 ra=0x8001A184 f=0
[BLACKSCREEN][A110-RET] call_pc=0x8001A17C target=0x80015308 v0_before=0x00000000 v1_before=0x0000001B v0_after=0x1F801814 v1_after=0x1F801110 c9278=0x1F801BD4 c927c=0x0000001C sp_before=0x801FFF98 sp_after=0x801FFF98 ra=0x8001A184 f=0
[BLACKSCREEN][A110-EXIT-COND] pc=0x8001A194 instr=0x1460000B v1=0x00000000 v0=0x1F801814 will_branch=0 next=0x8001A19C else=0x8001A1C4 c9278=0x1F801BD4 c927c=0x0000001C ra=0x8001A184 sp=0x801FFF98 f=0
[BLACKSCREEN][A110-CALL] pc=0x8001A244 target=0x80015650 v0=0xFFFFFFFF v1=0x0000001C a0=0xFFFFFFFF a1=0x00008000 a2=0x00000000 a3=0x00000000 sp=0x801FFF98 ra=0x8001A24C f=0
[BLACKSCREEN][CALL] enter #65 addr=0x80015650 kseg0=0x80015650 ra=0x8001A24C sp=0x801FFF98 f=0
[BLACKSCREEN][CALL] stage=before_overlay #35 addr=0x80015650 ra=0x8001A24C f=0
[BLACKSCREEN][CALL] stage=before_inbinary #35 addr=0x80015650 ra=0x8001A24C f=0
[BLACKSCREEN][CALL] route=interp #35 addr=0x80015650 ra=0x8001A24C f=0
[BLACKSCREEN][INTERP] enter start=0x80015650 instr0=0x3C028003 a0=0xFFFFFFFF ra=0x8001A24C sp=0x801FFF98 f=0
[BLACKSCREEN][INTERP] start=0x80015650 end=0x80015658 steps=3 reason=jr_ra target=0x8001A24C ra=0x8001A24C sp=0x801FFF98 f=0
[BLACKSCREEN][A110-RET] call_pc=0x8001A244 target=0x80015650 v0_before=0xFFFFFFFF v1_before=0x0000001C v0_after=0x00000000 v1_after=0x0000001C c9278=0x1F801BD4 c927c=0x0000001D sp_before=0x801FFF98 sp_after=0x801FFF98 ra=0x8001A24C f=0
[BLACKSCREEN][A110-CALL] pc=0x8001A17C target=0x80015308 v0=0x00000000 v1=0x0000001C a0=0xFFFFFFFF a1=0x00008000 a2=0x00000000 a3=0x00000000 sp=0x801FFF98 ra=0x8001A184 f=0
[BLACKSCREEN][CALL] enter #66 addr=0x80015308 kseg0=0x80015308 ra=0x8001A184 sp=0x801FFF98 f=0
[BLACKSCREEN][CALL] route=compiled_early #31 addr=0x80015308 ra=0x8001A184 f=0
[BLACKSCREEN][A110-RET] call_pc=0x8001A17C target=0x80015308 v0_before=0x00000000 v1_before=0x0000001C v0_after=0x1F801814 v1_after=0x1F801110 c9278=0x1F801BD4 c927c=0x0000001D sp_before=0x801FFF98 sp_after=0x801FFF98 ra=0x8001A184 f=0
[BLACKSCREEN][A110-EXIT-COND] pc=0x8001A194 instr=0x1460000B v1=0x00000000 v0=0x1F801814 will_branch=0 next=0x8001A19C else=0x8001A1C4 c9278=0x1F801BD4 c927c=0x0000001D ra=0x8001A184 sp=0x801FFF98 f=0
[BLACKSCREEN][A110-CALL] pc=0x8001A244 target=0x80015650 v0=0xFFFFFFFF v1=0x0000001D a0=0xFFFFFFFF a1=0x00008000 a2=0x00000000 a3=0x00000000 sp=0x801FFF98 ra=0x8001A24C f=0
[BLACKSCREEN][CALL] enter #67 addr=0x80015650 kseg0=0x80015650 ra=0x8001A24C sp=0x801FFF98 f=0
[BLACKSCREEN][CALL] stage=before_overlay #36 addr=0x80015650 ra=0x8001A24C f=0
[BLACKSCREEN][CALL] stage=before_inbinary #36 addr=0x80015650 ra=0x8001A24C f=0
[BLACKSCREEN][CALL] route=interp #36 addr=0x80015650 ra=0x8001A24C f=0
[BLACKSCREEN][INTERP] enter start=0x80015650 instr0=0x3C028003 a0=0xFFFFFFFF ra=0x8001A24C sp=0x801FFF98 f=0
[BLACKSCREEN][INTERP] start=0x80015650 end=0x80015658 steps=3 reason=jr_ra target=0x8001A24C ra=0x8001A24C sp=0x801FFF98 f=0
[BLACKSCREEN][A110-RET] call_pc=0x8001A244 target=0x80015650 v0_before=0xFFFFFFFF v1_before=0x0000001D v0_after=0x00000000 v1_after=0x0000001D c9278=0x1F801BD4 c927c=0x0000001E sp_before=0x801FFF98 sp_after=0x801FFF98 ra=0x8001A24C f=0
[BLACKSCREEN][A110-CALL] pc=0x8001A17C target=0x80015308 v0=0x00000000 v1=0x0000001D a0=0xFFFFFFFF a1=0x00008000 a2=0x00000000 a3=0x00000000 sp=0x801FFF98 ra=0x8001A184 f=0
[BLACKSCREEN][CALL] enter #68 addr=0x80015308 kseg0=0x80015308 ra=0x8001A184 sp=0x801FFF98 f=0
[BLACKSCREEN][CALL] route=compiled_early #32 addr=0x80015308 ra=0x8001A184 f=0
[BLACKSCREEN][A110-RET] call_pc=0x8001A17C target=0x80015308 v0_before=0x00000000 v1_before=0x0000001D v0_after=0x1F801814 v1_after=0x1F801110 c9278=0x1F801BD4 c927c=0x0000001E sp_before=0x801FFF98 sp_after=0x801FFF98 ra=0x8001A184 f=0
[BLACKSCREEN][A110-EXIT-COND] pc=0x8001A194 instr=0x1460000B v1=0x00000000 v0=0x1F801814 will_branch=0 next=0x8001A19C else=0x8001A1C4 c9278=0x1F801BD4 c927c=0x0000001E ra=0x8001A184 sp=0x801FFF98 f=0
[BLACKSCREEN][A110-CALL] pc=0x8001A244 target=0x80015650 v0=0xFFFFFFFF v1=0x0000001E a0=0xFFFFFFFF a1=0x00008000 a2=0x00000000 a3=0x00000000 sp=0x801FFF98 ra=0x8001A24C f=0
[BLACKSCREEN][CALL] enter #69 addr=0x80015650 kseg0=0x80015650 ra=0x8001A24C sp=0x801FFF98 f=0
[BLACKSCREEN][CALL] stage=before_overlay #37 addr=0x80015650 ra=0x8001A24C f=0
[BLACKSCREEN][CALL] stage=before_inbinary #37 addr=0x80015650 ra=0x8001A24C f=0
[BLACKSCREEN][CALL] route=interp #37 addr=0x80015650 ra=0x8001A24C f=0
[BLACKSCREEN][INTERP] enter start=0x80015650 instr0=0x3C028003 a0=0xFFFFFFFF ra=0x8001A24C sp=0x801FFF98 f=0
[BLACKSCREEN][INTERP] start=0x80015650 end=0x80015658 steps=3 reason=jr_ra target=0x8001A24C ra=0x8001A24C sp=0x801FFF98 f=0
[BLACKSCREEN][A110-RET] call_pc=0x8001A244 target=0x80015650 v0_before=0xFFFFFFFF v1_before=0x0000001E v0_after=0x00000000 v1_after=0x0000001E c9278=0x1F801BD4 c927c=0x0000001F sp_before=0x801FFF98 sp_after=0x801FFF98 ra=0x8001A24C f=0
[BLACKSCREEN][A110-CALL] pc=0x8001A17C target=0x80015308 v0=0x00000000 v1=0x0000001E a0=0xFFFFFFFF a1=0x00008000 a2=0x00000000 a3=0x00000000 sp=0x801FFF98 ra=0x8001A184 f=0
[BLACKSCREEN][CALL] enter #70 addr=0x80015308 kseg0=0x80015308 ra=0x8001A184 sp=0x801FFF98 f=0
[BLACKSCREEN][CALL] route=compiled_early #33 addr=0x80015308 ra=0x8001A184 f=0
[BLACKSCREEN][A110-RET] call_pc=0x8001A17C target=0x80015308 v0_before=0x00000000 v1_before=0x0000001E v0_after=0x1F801814 v1_after=0x1F801110 c9278=0x1F801BD4 c927c=0x0000001F sp_before=0x801FFF98 sp_after=0x801FFF98 ra=0x8001A184 f=0
[BLACKSCREEN][A110-EXIT-COND] pc=0x8001A194 instr=0x1460000B v1=0x00000000 v0=0x1F801814 will_branch=0 next=0x8001A19C else=0x8001A1C4 c9278=0x1F801BD4 c927c=0x0000001F ra=0x8001A184 sp=0x801FFF98 f=0
[BLACKSCREEN][A110-CALL] pc=0x8001A244 target=0x80015650 v0=0xFFFFFFFF v1=0x0000001F a0=0xFFFFFFFF a1=0x00008000 a2=0x00000000 a3=0x00000000 sp=0x801FFF98 ra=0x8001A24C f=0
[BLACKSCREEN][CALL] enter #71 addr=0x80015650 kseg0=0x80015650 ra=0x8001A24C sp=0x801FFF98 f=0
[BLACKSCREEN][CALL] stage=before_overlay #38 addr=0x80015650 ra=0x8001A24C f=0
[BLACKSCREEN][CALL] stage=before_inbinary #38 addr=0x80015650 ra=0x8001A24C f=0
[BLACKSCREEN][CALL] route=interp #38 addr=0x80015650 ra=0x8001A24C f=0
[BLACKSCREEN][INTERP] enter start=0x80015650 instr0=0x3C028003 a0=0xFFFFFFFF ra=0x8001A24C sp=0x801FFF98 f=0
[BLACKSCREEN][INTERP] start=0x80015650 end=0x80015658 steps=3 reason=jr_ra target=0x8001A24C ra=0x8001A24C sp=0x801FFF98 f=0
[BLACKSCREEN][A110-RET] call_pc=0x8001A244 target=0x80015650 v0_before=0xFFFFFFFF v1_before=0x0000001F v0_after=0x00000000 v1_after=0x0000001F c9278=0x1F801BD4 c927c=0x00000020 sp_before=0x801FFF98 sp_after=0x801FFF98 ra=0x8001A24C f=0
[BLACKSCREEN][A110-CALL] pc=0x8001A17C target=0x80015308 v0=0x00000000 v1=0x0000001F a0=0xFFFFFFFF a1=0x00008000 a2=0x00000000 a3=0x00000000 sp=0x801FFF98 ra=0x8001A184 f=0
[BLACKSCREEN][CALL] enter #72 addr=0x80015308 kseg0=0x80015308 ra=0x8001A184 sp=0x801FFF98 f=0
[BLACKSCREEN][CALL] route=compiled_early #34 addr=0x80015308 ra=0x8001A184 f=0
[BLACKSCREEN][A110-RET] call_pc=0x8001A17C target=0x80015308 v0_before=0x00000000 v1_before=0x0000001F v0_after=0x1F801814 v1_after=0x1F801110 c9278=0x1F801BD4 c927c=0x00000020 sp_before=0x801FFF98 sp_after=0x801FFF98 ra=0x8001A184 f=0
[BLACKSCREEN][A110-EXIT-COND] pc=0x8001A194 instr=0x1460000B v1=0x00000000 v0=0x1F801814 will_branch=0 next=0x8001A19C else=0x8001A1C4 c9278=0x1F801BD4 c927c=0x00000020 ra=0x8001A184 sp=0x801FFF98 f=0
[BLACKSCREEN][A110-CALL] pc=0x8001A244 target=0x80015650 v0=0xFFFFFFFF v1=0x00000020 a0=0xFFFFFFFF a1=0x00008000 a2=0x00000000 a3=0x00000000 sp=0x801FFF98 ra=0x8001A24C f=0
[BLACKSCREEN][CALL] enter #73 addr=0x80015650 kseg0=0x80015650 ra=0x8001A24C sp=0x801FFF98 f=0
[BLACKSCREEN][CALL] stage=before_overlay #39 addr=0x80015650 ra=0x8001A24C f=0
[BLACKSCREEN][CALL] stage=before_inbinary #39 addr=0x80015650 ra=0x8001A24C f=0
[BLACKSCREEN][CALL] route=interp #39 addr=0x80015650 ra=0x8001A24C f=0
[BLACKSCREEN][INTERP] enter start=0x80015650 instr0=0x3C028003 a0=0xFFFFFFFF ra=0x8001A24C sp=0x801FFF98 f=0
[BLACKSCREEN][INTERP] start=0x80015650 end=0x80015658 steps=3 reason=jr_ra target=0x8001A24C ra=0x8001A24C sp=0x801FFF98 f=0
[BLACKSCREEN][A110-RET] call_pc=0x8001A244 target=0x80015650 v0_before=0xFFFFFFFF v1_before=0x00000020 v0_after=0x00000000 v1_after=0x00000020 c9278=0x1F801BD4 c927c=0x00000021 sp_before=0x801FFF98 sp_after=0x801FFF98 ra=0x8001A24C f=0
[BLACKSCREEN][A110-CALL] pc=0x8001A17C target=0x80015308 v0=0x00000000 v1=0x00000020 a0=0xFFFFFFFF a1=0x00008000 a2=0x00000000 a3=0x00000000 sp=0x801FFF98 ra=0x8001A184 f=0
[BLACKSCREEN][CALL] enter #74 addr=0x80015308 kseg0=0x80015308 ra=0x8001A184 sp=0x801FFF98 f=0
[BLACKSCREEN][CALL] route=compiled_early #35 addr=0x80015308 ra=0x8001A184 f=0
[BLACKSCREEN][A110-RET] call_pc=0x8001A17C target=0x80015308 v0_before=0x00000000 v1_before=0x00000020 v0_after=0x1F801814 v1_after=0x1F801110 c9278=0x1F801BD4 c927c=0x00000021 sp_before=0x801FFF98 sp_after=0x801FFF98 ra=0x8001A184 f=0
[BLACKSCREEN][A110-EXIT-COND] pc=0x8001A194 instr=0x1460000B v1=0x00000000 v0=0x1F801814 will_branch=0 next=0x8001A19C else=0x8001A1C4 c9278=0x1F801BD4 c927c=0x00000021 ra=0x8001A184 sp=0x801FFF98 f=0
[BLACKSCREEN][A110-CALL] pc=0x8001A244 target=0x80015650 v0=0xFFFFFFFF v1=0x00000021 a0=0xFFFFFFFF a1=0x00008000 a2=0x00000000 a3=0x00000000 sp=0x801FFF98 ra=0x8001A24C f=0
[BLACKSCREEN][CALL] enter #75 addr=0x80015650 kseg0=0x80015650 ra=0x8001A24C sp=0x801FFF98 f=0
[BLACKSCREEN][CALL] stage=before_overlay #40 addr=0x80015650 ra=0x8001A24C f=0
[BLACKSCREEN][CALL] stage=before_inbinary #40 addr=0x80015650 ra=0x8001A24C f=0
[BLACKSCREEN][CALL] route=interp #40 addr=0x80015650 ra=0x8001A24C f=0
[BLACKSCREEN][INTERP] enter start=0x80015650 instr0=0x3C028003 a0=0xFFFFFFFF ra=0x8001A24C sp=0x801FFF98 f=0
[BLACKSCREEN][INTERP] start=0x80015650 end=0x80015658 steps=3 reason=jr_ra target=0x8001A24C ra=0x8001A24C sp=0x801FFF98 f=0
[BLACKSCREEN][A110-RET] call_pc=0x8001A244 target=0x80015650 v0_before=0xFFFFFFFF v1_before=0x00000021 v0_after=0x00000000 v1_after=0x00000021 c9278=0x1F801BD4 c927c=0x00000022 sp_before=0x801FFF98 sp_after=0x801FFF98 ra=0x8001A24C f=0
[BLACKSCREEN][A110-CALL] pc=0x8001A17C target=0x80015308 v0=0x00000000 v1=0x00000021 a0=0xFFFFFFFF a1=0x00008000 a2=0x00000000 a3=0x00000000 sp=0x801FFF98 ra=0x8001A184 f=0
[BLACKSCREEN][CALL] enter #76 addr=0x80015308 kseg0=0x80015308 ra=0x8001A184 sp=0x801FFF98 f=0
[BLACKSCREEN][CALL] route=compiled_early #36 addr=0x80015308 ra=0x8001A184 f=0
[BLACKSCREEN][A110-RET] call_pc=0x8001A17C target=0x80015308 v0_before=0x00000000 v1_before=0x00000021 v0_after=0x1F801814 v1_after=0x1F801110 c9278=0x1F801BD4 c927c=0x00000022 sp_before=0x801FFF98 sp_after=0x801FFF98 ra=0x8001A184 f=0
[BLACKSCREEN][A110-EXIT-COND] pc=0x8001A194 instr=0x1460000B v1=0x00000000 v0=0x1F801814 will_branch=0 next=0x8001A19C else=0x8001A1C4 c9278=0x1F801BD4 c927c=0x00000022 ra=0x8001A184 sp=0x801FFF98 f=0
[BLACKSCREEN][A110-CALL] pc=0x8001A244 target=0x80015650 v0=0xFFFFFFFF v1=0x00000022 a0=0xFFFFFFFF a1=0x00008000 a2=0x00000000 a3=0x00000000 sp=0x801FFF98 ra=0x8001A24C f=0
[BLACKSCREEN][CALL] enter #77 addr=0x80015650 kseg0=0x80015650 ra=0x8001A24C sp=0x801FFF98 f=0
[BLACKSCREEN][CALL] stage=before_overlay #41 addr=0x80015650 ra=0x8001A24C f=0
[BLACKSCREEN][CALL] stage=before_inbinary #41 addr=0x80015650 ra=0x8001A24C f=0
[BLACKSCREEN][CALL] route=interp #41 addr=0x80015650 ra=0x8001A24C f=0
[BLACKSCREEN][INTERP] enter start=0x80015650 instr0=0x3C028003 a0=0xFFFFFFFF ra=0x8001A24C sp=0x801FFF98 f=0
[BLACKSCREEN][INTERP] start=0x80015650 end=0x80015658 steps=3 reason=jr_ra target=0x8001A24C ra=0x8001A24C sp=0x801FFF98 f=0
[BLACKSCREEN][A110-RET] call_pc=0x8001A244 target=0x80015650 v0_before=0xFFFFFFFF v1_before=0x00000022 v0_after=0x00000000 v1_after=0x00000022 c9278=0x1F801BD4 c927c=0x00000023 sp_before=0x801FFF98 sp_after=0x801FFF98 ra=0x8001A24C f=0
[BLACKSCREEN][A110-CALL] pc=0x8001A17C target=0x80015308 v0=0x00000000 v1=0x00000022 a0=0xFFFFFFFF a1=0x00008000 a2=0x00000000 a3=0x00000000 sp=0x801FFF98 ra=0x8001A184 f=0
[BLACKSCREEN][CALL] enter #78 addr=0x80015308 kseg0=0x80015308 ra=0x8001A184 sp=0x801FFF98 f=0
[BLACKSCREEN][CALL] route=compiled_early #37 addr=0x80015308 ra=0x8001A184 f=0
[BLACKSCREEN][A110-RET] call_pc=0x8001A17C target=0x80015308 v0_before=0x00000000 v1_before=0x00000022 v0_after=0x1F801814 v1_after=0x1F801110 c9278=0x1F801BD4 c927c=0x00000023 sp_before=0x801FFF98 sp_after=0x801FFF98 ra=0x8001A184 f=0
[BLACKSCREEN][A110-EXIT-COND] pc=0x8001A194 instr=0x1460000B v1=0x00000000 v0=0x1F801814 will_branch=0 next=0x8001A19C else=0x8001A1C4 c9278=0x1F801BD4 c927c=0x00000023 ra=0x8001A184 sp=0x801FFF98 f=0
[BLACKSCREEN][A110-CALL] pc=0x8001A244 target=0x80015650 v0=0xFFFFFFFF v1=0x00000023 a0=0xFFFFFFFF a1=0x00008000 a2=0x00000000 a3=0x00000000 sp=0x801FFF98 ra=0x8001A24C f=0
[BLACKSCREEN][CALL] enter #79 addr=0x80015650 kseg0=0x80015650 ra=0x8001A24C sp=0x801FFF98 f=0
[BLACKSCREEN][CALL] stage=before_overlay #42 addr=0x80015650 ra=0x8001A24C f=0
[BLACKSCREEN][CALL] stage=before_inbinary #42 addr=0x80015650 ra=0x8001A24C f=0
[BLACKSCREEN][CALL] route=interp #42 addr=0x80015650 ra=0x8001A24C f=0
[BLACKSCREEN][INTERP] enter start=0x80015650 instr0=0x3C028003 a0=0xFFFFFFFF ra=0x8001A24C sp=0x801FFF98 f=0
[BLACKSCREEN][INTERP] start=0x80015650 end=0x80015658 steps=3 reason=jr_ra target=0x8001A24C ra=0x8001A24C sp=0x801FFF98 f=0
[BLACKSCREEN][A110-RET] call_pc=0x8001A244 target=0x80015650 v0_before=0xFFFFFFFF v1_before=0x00000023 v0_after=0x00000000 v1_after=0x00000023 c9278=0x1F801BD4 c927c=0x00000024 sp_before=0x801FFF98 sp_after=0x801FFF98 ra=0x8001A24C f=0
[BLACKSCREEN][A110-CALL] pc=0x8001A17C target=0x80015308 v0=0x00000000 v1=0x00000023 a0=0xFFFFFFFF a1=0x00008000 a2=0x00000000 a3=0x00000000 sp=0x801FFF98 ra=0x8001A184 f=0
[BLACKSCREEN][CALL] enter #80 addr=0x80015308 kseg0=0x80015308 ra=0x8001A184 sp=0x801FFF98 f=0
[BLACKSCREEN][CALL] route=compiled_early #38 addr=0x80015308 ra=0x8001A184 f=0
[BLACKSCREEN][A110-RET] call_pc=0x8001A17C target=0x80015308 v0_before=0x00000000 v1_before=0x00000023 v0_after=0x1F801814 v1_after=0x1F801110 c9278=0x1F801BD4 c927c=0x00000024 sp_before=0x801FFF98 sp_after=0x801FFF98 ra=0x8001A184 f=0
[BLACKSCREEN][A110-EXIT-COND] pc=0x8001A194 instr=0x1460000B v1=0x00000000 v0=0x1F801814 will_branch=0 next=0x8001A19C else=0x8001A1C4 c9278=0x1F801BD4 c927c=0x00000024 ra=0x8001A184 sp=0x801FFF98 f=0
[BLACKSCREEN][A110-CALL] pc=0x8001A244 target=0x80015650 v0=0xFFFFFFFF v1=0x00000024 a0=0xFFFFFFFF a1=0x00008000 a2=0x00000000 a3=0x00000000 sp=0x801FFF98 ra=0x8001A24C f=0
[BLACKSCREEN][CALL] stage=before_overlay #43 addr=0x80015650 ra=0x8001A24C f=0
[BLACKSCREEN][CALL] stage=before_inbinary #43 addr=0x80015650 ra=0x8001A24C f=0
[BLACKSCREEN][CALL] route=interp #43 addr=0x80015650 ra=0x8001A24C f=0
[BLACKSCREEN][INTERP] enter start=0x80015650 instr0=0x3C028003 a0=0xFFFFFFFF ra=0x8001A24C sp=0x801FFF98 f=0
[BLACKSCREEN][INTERP] start=0x80015650 end=0x80015658 steps=3 reason=jr_ra target=0x8001A24C ra=0x8001A24C sp=0x801FFF98 f=0
[BLACKSCREEN][A110-RET] call_pc=0x8001A244 target=0x80015650 v0_before=0xFFFFFFFF v1_before=0x00000024 v0_after=0x00000000 v1_after=0x00000024 c9278=0x1F801BD4 c927c=0x00000025 sp_before=0x801FFF98 sp_after=0x801FFF98 ra=0x8001A24C f=0
[BLACKSCREEN][A110-CALL] pc=0x8001A17C target=0x80015308 v0=0x00000000 v1=0x00000024 a0=0xFFFFFFFF a1=0x00008000 a2=0x00000000 a3=0x00000000 sp=0x801FFF98 ra=0x8001A184 f=0
[BLACKSCREEN][CALL] route=compiled_early #39 addr=0x80015308 ra=0x8001A184 f=0
[BLACKSCREEN][A110-RET] call_pc=0x8001A17C target=0x80015308 v0_before=0x00000000 v1_before=0x00000024 v0_after=0x1F801814 v1_after=0x1F801110 c9278=0x1F801BD4 c927c=0x00000025 sp_before=0x801FFF98 sp_after=0x801FFF98 ra=0x8001A184 f=0
[BLACKSCREEN][A110-EXIT-COND] pc=0x8001A194 instr=0x1460000B v1=0x00000000 v0=0x1F801814 will_branch=0 next=0x8001A19C else=0x8001A1C4 c9278=0x1F801BD4 c927c=0x00000025 ra=0x8001A184 sp=0x801FFF98 f=0
[BLACKSCREEN][A110-CALL] pc=0x8001A244 target=0x80015650 v0=0xFFFFFFFF v1=0x00000025 a0=0xFFFFFFFF a1=0x00008000 a2=0x00000000 a3=0x00000000 sp=0x801FFF98 ra=0x8001A24C f=0
[BLACKSCREEN][CALL] stage=before_overlay #44 addr=0x80015650 ra=0x8001A24C f=0
[BLACKSCREEN][CALL] stage=before_inbinary #44 addr=0x80015650 ra=0x8001A24C f=0
[BLACKSCREEN][CALL] route=interp #44 addr=0x80015650 ra=0x8001A24C f=0
[BLACKSCREEN][INTERP] enter start=0x80015650 instr0=0x3C028003 a0=0xFFFFFFFF ra=0x8001A24C sp=0x801FFF98 f=0
[BLACKSCREEN][INTERP] start=0x80015650 end=0x80015658 steps=3 reason=jr_ra target=0x8001A24C ra=0x8001A24C sp=0x801FFF98 f=0
[BLACKSCREEN][A110-RET] call_pc=0x8001A244 target=0x80015650 v0_before=0xFFFFFFFF v1_before=0x00000025 v0_after=0x00000000 v1_after=0x00000025 c9278=0x1F801BD4 c927c=0x00000026 sp_before=0x801FFF98 sp_after=0x801FFF98 ra=0x8001A24C f=0
[BLACKSCREEN][A110-CALL] pc=0x8001A17C target=0x80015308 v0=0x00000000 v1=0x00000025 a0=0xFFFFFFFF a1=0x00008000 a2=0x00000000 a3=0x00000000 sp=0x801FFF98 ra=0x8001A184 f=0
[BLACKSCREEN][CALL] route=compiled_early #40 addr=0x80015308 ra=0x8001A184 f=0
[BLACKSCREEN][A110-RET] call_pc=0x8001A17C target=0x80015308 v0_before=0x00000000 v1_before=0x00000025 v0_after=0x1F801814 v1_after=0x1F801110 c9278=0x1F801BD4 c927c=0x00000026 sp_before=0x801FFF98 sp_after=0x801FFF98 ra=0x8001A184 f=0
[BLACKSCREEN][A110-EXIT-COND] pc=0x8001A194 instr=0x1460000B v1=0x00000000 v0=0x1F801814 will_branch=0 next=0x8001A19C else=0x8001A1C4 c9278=0x1F801BD4 c927c=0x00000026 ra=0x8001A184 sp=0x801FFF98 f=0
[BLACKSCREEN][A110-CALL] pc=0x8001A244 target=0x80015650 v0=0xFFFFFFFF v1=0x00000026 a0=0xFFFFFFFF a1=0x00008000 a2=0x00000000 a3=0x00000000 sp=0x801FFF98 ra=0x8001A24C f=0
[BLACKSCREEN][CALL] stage=before_overlay #45 addr=0x80015650 ra=0x8001A24C f=0
[BLACKSCREEN][CALL] stage=before_inbinary #45 addr=0x80015650 ra=0x8001A24C f=0
[BLACKSCREEN][CALL] route=interp #45 addr=0x80015650 ra=0x8001A24C f=0
[BLACKSCREEN][INTERP] enter start=0x80015650 instr0=0x3C028003 a0=0xFFFFFFFF ra=0x8001A24C sp=0x801FFF98 f=0
[BLACKSCREEN][INTERP] start=0x80015650 end=0x80015658 steps=3 reason=jr_ra target=0x8001A24C ra=0x8001A24C sp=0x801FFF98 f=0
[BLACKSCREEN][A110-RET] call_pc=0x8001A244 target=0x80015650 v0_before=0xFFFFFFFF v1_before=0x00000026 v0_after=0x00000000 v1_after=0x00000026 c9278=0x1F801BD4 c927c=0x00000027 sp_before=0x801FFF98 sp_after=0x801FFF98 ra=0x8001A24C f=0
[BLACKSCREEN][A110-CALL] pc=0x8001A17C target=0x80015308 v0=0x00000000 v1=0x00000026 a0=0xFFFFFFFF a1=0x00008000 a2=0x00000000 a3=0x00000000 sp=0x801FFF98 ra=0x8001A184 f=0
[BLACKSCREEN][CALL] route=compiled_early #41 addr=0x80015308 ra=0x8001A184 f=0
[BLACKSCREEN][A110-RET] call_pc=0x8001A17C target=0x80015308 v0_before=0x00000000 v1_before=0x00000026 v0_after=0x1F801814 v1_after=0x1F801110 c9278=0x1F801BD4 c927c=0x00000027 sp_before=0x801FFF98 sp_after=0x801FFF98 ra=0x8001A184 f=0
[BLACKSCREEN][A110-EXIT-COND] pc=0x8001A194 instr=0x1460000B v1=0x00000000 v0=0x1F801814 will_branch=0 next=0x8001A19C else=0x8001A1C4 c9278=0x1F801BD4 c927c=0x00000027 ra=0x8001A184 sp=0x801FFF98 f=0
[BLACKSCREEN][A110-CALL] pc=0x8001A244 target=0x80015650 v0=0xFFFFFFFF v1=0x00000027 a0=0xFFFFFFFF a1=0x00008000 a2=0x00000000 a3=0x00000000 sp=0x801FFF98 ra=0x8001A24C f=0
[BLACKSCREEN][CALL] stage=before_overlay #46 addr=0x80015650 ra=0x8001A24C f=0
[BLACKSCREEN][CALL] stage=before_inbinary #46 addr=0x80015650 ra=0x8001A24C f=0
[BLACKSCREEN][CALL] route=interp #46 addr=0x80015650 ra=0x8001A24C f=0
[BLACKSCREEN][INTERP] enter start=0x80015650 instr0=0x3C028003 a0=0xFFFFFFFF ra=0x8001A24C sp=0x801FFF98 f=0
[BLACKSCREEN][INTERP] start=0x80015650 end=0x80015658 steps=3 reason=jr_ra target=0x8001A24C ra=0x8001A24C sp=0x801FFF98 f=0
[BLACKSCREEN][A110-RET] call_pc=0x8001A244 target=0x80015650 v0_before=0xFFFFFFFF v1_before=0x00000027 v0_after=0x00000000 v1_after=0x00000027 c9278=0x1F801BD4 c927c=0x00000028 sp_before=0x801FFF98 sp_after=0x801FFF98 ra=0x8001A24C f=0
[BLACKSCREEN][A110-CALL] pc=0x8001A17C target=0x80015308 v0=0x00000000 v1=0x00000027 a0=0xFFFFFFFF a1=0x00008000 a2=0x00000000 a3=0x00000000 sp=0x801FFF98 ra=0x8001A184 f=0
[BLACKSCREEN][CALL] route=compiled_early #42 addr=0x80015308 ra=0x8001A184 f=0
[BLACKSCREEN][A110-RET] call_pc=0x8001A17C target=0x80015308 v0_before=0x00000000 v1_before=0x00000027 v0_after=0x1F801814 v1_after=0x1F801110 c9278=0x1F801BD4 c927c=0x00000028 sp_before=0x801FFF98 sp_after=0x801FFF98 ra=0x8001A184 f=0
[BLACKSCREEN][A110-EXIT-COND] pc=0x8001A194 instr=0x1460000B v1=0x00000000 v0=0x1F801814 will_branch=0 next=0x8001A19C else=0x8001A1C4 c9278=0x1F801BD4 c927c=0x00000028 ra=0x8001A184 sp=0x801FFF98 f=0
[BLACKSCREEN][A110-CALL] pc=0x8001A244 target=0x80015650 v0=0xFFFFFFFF v1=0x00000028 a0=0xFFFFFFFF a1=0x00008000 a2=0x00000000 a3=0x00000000 sp=0x801FFF98 ra=0x8001A24C f=0
[BLACKSCREEN][CALL] stage=before_overlay #47 addr=0x80015650 ra=0x8001A24C f=0
[BLACKSCREEN][CALL] stage=before_inbinary #47 addr=0x80015650 ra=0x8001A24C f=0
[BLACKSCREEN][CALL] route=interp #47 addr=0x80015650 ra=0x8001A24C f=0
[BLACKSCREEN][INTERP] enter start=0x80015650 instr0=0x3C028003 a0=0xFFFFFFFF ra=0x8001A24C sp=0x801FFF98 f=0
[BLACKSCREEN][INTERP] start=0x80015650 end=0x80015658 steps=3 reason=jr_ra target=0x8001A24C ra=0x8001A24C sp=0x801FFF98 f=0
[BLACKSCREEN][A110-RET] call_pc=0x8001A244 target=0x80015650 v0_before=0xFFFFFFFF v1_before=0x00000028 v0_after=0x00000000 v1_after=0x00000028 c9278=0x1F801BD4 c927c=0x00000029 sp_before=0x801FFF98 sp_after=0x801FFF98 ra=0x8001A24C f=0
[BLACKSCREEN][A110-CALL] pc=0x8001A17C target=0x80015308 v0=0x00000000 v1=0x00000028 a0=0xFFFFFFFF a1=0x00008000 a2=0x00000000 a3=0x00000000 sp=0x801FFF98 ra=0x8001A184 f=0
[BLACKSCREEN][CALL] route=compiled_early #43 addr=0x80015308 ra=0x8001A184 f=0
[BLACKSCREEN][A110-RET] call_pc=0x8001A17C target=0x80015308 v0_before=0x00000000 v1_before=0x00000028 v0_after=0x1F801814 v1_after=0x1F801110 c9278=0x1F801BD4 c927c=0x00000029 sp_before=0x801FFF98 sp_after=0x801FFF98 ra=0x8001A184 f=0
[BLACKSCREEN][A110-EXIT-COND] pc=0x8001A194 instr=0x1460000B v1=0x00000000 v0=0x1F801814 will_branch=0 next=0x8001A19C else=0x8001A1C4 c9278=0x1F801BD4 c927c=0x00000029 ra=0x8001A184 sp=0x801FFF98 f=0
[BLACKSCREEN][A110-CALL] pc=0x8001A244 target=0x80015650 v0=0xFFFFFFFF v1=0x00000029 a0=0xFFFFFFFF a1=0x00008000 a2=0x00000000 a3=0x00000000 sp=0x801FFF98 ra=0x8001A24C f=0
[BLACKSCREEN][CALL] stage=before_overlay #48 addr=0x80015650 ra=0x8001A24C f=0
[BLACKSCREEN][CALL] stage=before_inbinary #48 addr=0x80015650 ra=0x8001A24C f=0
[BLACKSCREEN][CALL] route=interp #48 addr=0x80015650 ra=0x8001A24C f=0
[BLACKSCREEN][INTERP] enter start=0x80015650 instr0=0x3C028003 a0=0xFFFFFFFF ra=0x8001A24C sp=0x801FFF98 f=0
[BLACKSCREEN][INTERP] start=0x80015650 end=0x80015658 steps=3 reason=jr_ra target=0x8001A24C ra=0x8001A24C sp=0x801FFF98 f=0
[BLACKSCREEN][A110-RET] call_pc=0x8001A244 target=0x80015650 v0_before=0xFFFFFFFF v1_before=0x00000029 v0_after=0x00000000 v1_after=0x00000029 c9278=0x1F801BD4 c927c=0x0000002A sp_before=0x801FFF98 sp_after=0x801FFF98 ra=0x8001A24C f=0
[BLACKSCREEN][A110-CALL] pc=0x8001A17C target=0x80015308 v0=0x00000000 v1=0x00000029 a0=0xFFFFFFFF a1=0x00008000 a2=0x00000000 a3=0x00000000 sp=0x801FFF98 ra=0x8001A184 f=0
[BLACKSCREEN][CALL] route=compiled_early #44 addr=0x80015308 ra=0x8001A184 f=0
[BLACKSCREEN][A110-RET] call_pc=0x8001A17C target=0x80015308 v0_before=0x00000000 v1_before=0x00000029 v0_after=0x1F801814 v1_after=0x1F801110 c9278=0x1F801BD4 c927c=0x0000002A sp_before=0x801FFF98 sp_after=0x801FFF98 ra=0x8001A184 f=0
[BLACKSCREEN][A110-EXIT-COND] pc=0x8001A194 instr=0x1460000B v1=0x00000000 v0=0x1F801814 will_branch=0 next=0x8001A19C else=0x8001A1C4 c9278=0x1F801BD4 c927c=0x0000002A ra=0x8001A184 sp=0x801FFF98 f=0
[BLACKSCREEN][A110-CALL] pc=0x8001A244 target=0x80015650 v0=0xFFFFFFFF v1=0x0000002A a0=0xFFFFFFFF a1=0x00008000 a2=0x00000000 a3=0x00000000 sp=0x801FFF98 ra=0x8001A24C f=0
[BLACKSCREEN][CALL] stage=before_overlay #49 addr=0x80015650 ra=0x8001A24C f=0
[BLACKSCREEN][CALL] stage=before_inbinary #49 addr=0x80015650 ra=0x8001A24C f=0
[BLACKSCREEN][CALL] route=interp #49 addr=0x80015650 ra=0x8001A24C f=0
[BLACKSCREEN][INTERP] enter start=0x80015650 instr0=0x3C028003 a0=0xFFFFFFFF ra=0x8001A24C sp=0x801FFF98 f=0
[BLACKSCREEN][INTERP] start=0x80015650 end=0x80015658 steps=3 reason=jr_ra target=0x8001A24C ra=0x8001A24C sp=0x801FFF98 f=0
[BLACKSCREEN][A110-RET] call_pc=0x8001A244 target=0x80015650 v0_before=0xFFFFFFFF v1_before=0x0000002A v0_after=0x00000000 v1_after=0x0000002A c9278=0x1F801BD4 c927c=0x0000002B sp_before=0x801FFF98 sp_after=0x801FFF98 ra=0x8001A24C f=0
[BLACKSCREEN][A110-CALL] pc=0x8001A17C target=0x80015308 v0=0x00000000 v1=0x0000002A a0=0xFFFFFFFF a1=0x00008000 a2=0x00000000 a3=0x00000000 sp=0x801FFF98 ra=0x8001A184 f=0
[BLACKSCREEN][CALL] route=compiled_early #45 addr=0x80015308 ra=0x8001A184 f=0
[BLACKSCREEN][A110-RET] call_pc=0x8001A17C target=0x80015308 v0_before=0x00000000 v1_before=0x0000002A v0_after=0x1F801814 v1_after=0x1F801110 c9278=0x1F801BD4 c927c=0x0000002B sp_before=0x801FFF98 sp_after=0x801FFF98 ra=0x8001A184 f=0
[BLACKSCREEN][A110-EXIT-COND] pc=0x8001A194 instr=0x1460000B v1=0x00000000 v0=0x1F801814 will_branch=0 next=0x8001A19C else=0x8001A1C4 c9278=0x1F801BD4 c927c=0x0000002B ra=0x8001A184 sp=0x801FFF98 f=0
[BLACKSCREEN][A110-CALL] pc=0x8001A244 target=0x80015650 v0=0xFFFFFFFF v1=0x0000002B a0=0xFFFFFFFF a1=0x00008000 a2=0x00000000 a3=0x00000000 sp=0x801FFF98 ra=0x8001A24C f=0
[BLACKSCREEN][CALL] stage=before_overlay #50 addr=0x80015650 ra=0x8001A24C f=0
[BLACKSCREEN][CALL] stage=before_inbinary #50 addr=0x80015650 ra=0x8001A24C f=0
[BLACKSCREEN][CALL] route=interp #50 addr=0x80015650 ra=0x8001A24C f=0
[BLACKSCREEN][INTERP] enter start=0x80015650 instr0=0x3C028003 a0=0xFFFFFFFF ra=0x8001A24C sp=0x801FFF98 f=0
[BLACKSCREEN][INTERP] start=0x80015650 end=0x80015658 steps=3 reason=jr_ra target=0x8001A24C ra=0x8001A24C sp=0x801FFF98 f=0
[BLACKSCREEN][A110-RET] call_pc=0x8001A244 target=0x80015650 v0_before=0xFFFFFFFF v1_before=0x0000002B v0_after=0x00000000 v1_after=0x0000002B c9278=0x1F801BD4 c927c=0x0000002C sp_before=0x801FFF98 sp_after=0x801FFF98 ra=0x8001A24C f=0
[BLACKSCREEN][A110-CALL] pc=0x8001A17C target=0x80015308 v0=0x00000000 v1=0x0000002B a0=0xFFFFFFFF a1=0x00008000 a2=0x00000000 a3=0x00000000 sp=0x801FFF98 ra=0x8001A184 f=0
[BLACKSCREEN][CALL] route=compiled_early #46 addr=0x80015308 ra=0x8001A184 f=0
[BLACKSCREEN][A110-RET] call_pc=0x8001A17C target=0x80015308 v0_before=0x00000000 v1_before=0x0000002B v0_after=0x1F801814 v1_after=0x1F801110 c9278=0x1F801BD4 c927c=0x0000002C sp_before=0x801FFF98 sp_after=0x801FFF98 ra=0x8001A184 f=0
[BLACKSCREEN][A110-EXIT-COND] pc=0x8001A194 instr=0x1460000B v1=0x00000000 v0=0x1F801814 will_branch=0 next=0x8001A19C else=0x8001A1C4 c9278=0x1F801BD4 c927c=0x0000002C ra=0x8001A184 sp=0x801FFF98 f=0
[BLACKSCREEN][A110-CALL] pc=0x8001A244 target=0x80015650 v0=0xFFFFFFFF v1=0x0000002C a0=0xFFFFFFFF a1=0x00008000 a2=0x00000000 a3=0x00000000 sp=0x801FFF98 ra=0x8001A24C f=0
[BLACKSCREEN][CALL] stage=before_overlay #51 addr=0x80015650 ra=0x8001A24C f=0
[BLACKSCREEN][CALL] stage=before_inbinary #51 addr=0x80015650 ra=0x8001A24C f=0
[BLACKSCREEN][CALL] route=interp #51 addr=0x80015650 ra=0x8001A24C f=0
[BLACKSCREEN][INTERP] enter start=0x80015650 instr0=0x3C028003 a0=0xFFFFFFFF ra=0x8001A24C sp=0x801FFF98 f=0
[BLACKSCREEN][INTERP] start=0x80015650 end=0x80015658 steps=3 reason=jr_ra target=0x8001A24C ra=0x8001A24C sp=0x801FFF98 f=0
[BLACKSCREEN][A110-RET] call_pc=0x8001A244 target=0x80015650 v0_before=0xFFFFFFFF v1_before=0x0000002C v0_after=0x00000000 v1_after=0x0000002C c9278=0x1F801BD4 c927c=0x0000002D sp_before=0x801FFF98 sp_after=0x801FFF98 ra=0x8001A24C f=0
[BLACKSCREEN][A110-CALL] pc=0x8001A17C target=0x80015308 v0=0x00000000 v1=0x0000002C a0=0xFFFFFFFF a1=0x00008000 a2=0x00000000 a3=0x00000000 sp=0x801FFF98 ra=0x8001A184 f=0
[BLACKSCREEN][CALL] route=compiled_early #47 addr=0x80015308 ra=0x8001A184 f=0
[BLACKSCREEN][A110-RET] call_pc=0x8001A17C target=0x80015308 v0_before=0x00000000 v1_before=0x0000002C v0_after=0x1F801814 v1_after=0x1F801110 c9278=0x1F801BD4 c927c=0x0000002D sp_before=0x801FFF98 sp_after=0x801FFF98 ra=0x8001A184 f=0
[BLACKSCREEN][A110-EXIT-COND] pc=0x8001A194 instr=0x1460000B v1=0x00000000 v0=0x1F801814 will_branch=0 next=0x8001A19C else=0x8001A1C4 c9278=0x1F801BD4 c927c=0x0000002D ra=0x8001A184 sp=0x801FFF98 f=0
[BLACKSCREEN][A110-CALL] pc=0x8001A244 target=0x80015650 v0=0xFFFFFFFF v1=0x0000002D a0=0xFFFFFFFF a1=0x00008000 a2=0x00000000 a3=0x00000000 sp=0x801FFF98 ra=0x8001A24C f=0
[BLACKSCREEN][CALL] stage=before_overlay #52 addr=0x80015650 ra=0x8001A24C f=0
[BLACKSCREEN][CALL] stage=before_inbinary #52 addr=0x80015650 ra=0x8001A24C f=0
[BLACKSCREEN][CALL] route=interp #52 addr=0x80015650 ra=0x8001A24C f=0
[BLACKSCREEN][INTERP] enter start=0x80015650 instr0=0x3C028003 a0=0xFFFFFFFF ra=0x8001A24C sp=0x801FFF98 f=0
[BLACKSCREEN][INTERP] start=0x80015650 end=0x80015658 steps=3 reason=jr_ra target=0x8001A24C ra=0x8001A24C sp=0x801FFF98 f=0
[BLACKSCREEN][A110-RET] call_pc=0x8001A244 target=0x80015650 v0_before=0xFFFFFFFF v1_before=0x0000002D v0_after=0x00000000 v1_after=0x0000002D c9278=0x1F801BD4 c927c=0x0000002E sp_before=0x801FFF98 sp_after=0x801FFF98 ra=0x8001A24C f=0
[BLACKSCREEN][A110-CALL] pc=0x8001A17C target=0x80015308 v0=0x00000000 v1=0x0000002D a0=0xFFFFFFFF a1=0x00008000 a2=0x00000000 a3=0x00000000 sp=0x801FFF98 ra=0x8001A184 f=0
[BLACKSCREEN][CALL] route=compiled_early #48 addr=0x80015308 ra=0x8001A184 f=0
[BLACKSCREEN][A110-RET] call_pc=0x8001A17C target=0x80015308 v0_before=0x00000000 v1_before=0x0000002D v0_after=0x1F801814 v1_after=0x1F801110 c9278=0x1F801BD4 c927c=0x0000002E sp_before=0x801FFF98 sp_after=0x801FFF98 ra=0x8001A184 f=0
[BLACKSCREEN][A110-EXIT-COND] pc=0x8001A194 instr=0x1460000B v1=0x00000000 v0=0x1F801814 will_branch=0 next=0x8001A19C else=0x8001A1C4 c9278=0x1F801BD4 c927c=0x0000002E ra=0x8001A184 sp=0x801FFF98 f=0
[BLACKSCREEN][A110-CALL] pc=0x8001A244 target=0x80015650 v0=0xFFFFFFFF v1=0x0000002E a0=0xFFFFFFFF a1=0x00008000 a2=0x00000000 a3=0x00000000 sp=0x801FFF98 ra=0x8001A24C f=0
[BLACKSCREEN][CALL] stage=before_overlay #53 addr=0x80015650 ra=0x8001A24C f=0
[BLACKSCREEN][CALL] stage=before_inbinary #53 addr=0x80015650 ra=0x8001A24C f=0
[BLACKSCREEN][CALL] route=interp #53 addr=0x80015650 ra=0x8001A24C f=0
[BLACKSCREEN][INTERP] enter start=0x80015650 instr0=0x3C028003 a0=0xFFFFFFFF ra=0x8001A24C sp=0x801FFF98 f=0
[BLACKSCREEN][INTERP] start=0x80015650 end=0x80015658 steps=3 reason=jr_ra target=0x8001A24C ra=0x8001A24C sp=0x801FFF98 f=0
[BLACKSCREEN][A110-RET] call_pc=0x8001A244 target=0x80015650 v0_before=0xFFFFFFFF v1_before=0x0000002E v0_after=0x00000000 v1_after=0x0000002E c9278=0x1F801BD4 c927c=0x0000002F sp_before=0x801FFF98 sp_after=0x801FFF98 ra=0x8001A24C f=0
[BLACKSCREEN][A110-CALL] pc=0x8001A17C target=0x80015308 v0=0x00000000 v1=0x0000002E a0=0xFFFFFFFF a1=0x00008000 a2=0x00000000 a3=0x00000000 sp=0x801FFF98 ra=0x8001A184 f=0
[BLACKSCREEN][CALL] route=compiled_early #49 addr=0x80015308 ra=0x8001A184 f=0
[BLACKSCREEN][A110-RET] call_pc=0x8001A17C target=0x80015308 v0_before=0x00000000 v1_before=0x0000002E v0_after=0x1F801814 v1_after=0x1F801110 c9278=0x1F801BD4 c927c=0x0000002F sp_before=0x801FFF98 sp_after=0x801FFF98 ra=0x8001A184 f=0
[BLACKSCREEN][A110-EXIT-COND] pc=0x8001A194 instr=0x1460000B v1=0x00000000 v0=0x1F801814 will_branch=0 next=0x8001A19C else=0x8001A1C4 c9278=0x1F801BD4 c927c=0x0000002F ra=0x8001A184 sp=0x801FFF98 f=0
[BLACKSCREEN][A110-CALL] pc=0x8001A244 target=0x80015650 v0=0xFFFFFFFF v1=0x0000002F a0=0xFFFFFFFF a1=0x00008000 a2=0x00000000 a3=0x00000000 sp=0x801FFF98 ra=0x8001A24C f=0
[BLACKSCREEN][CALL] stage=before_overlay #54 addr=0x80015650 ra=0x8001A24C f=0
[BLACKSCREEN][CALL] stage=before_inbinary #54 addr=0x80015650 ra=0x8001A24C f=0
[BLACKSCREEN][CALL] route=interp #54 addr=0x80015650 ra=0x8001A24C f=0
[BLACKSCREEN][INTERP] enter start=0x80015650 instr0=0x3C028003 a0=0xFFFFFFFF ra=0x8001A24C sp=0x801FFF98 f=0
[BLACKSCREEN][INTERP] start=0x80015650 end=0x80015658 steps=3 reason=jr_ra target=0x8001A24C ra=0x8001A24C sp=0x801FFF98 f=0
[BLACKSCREEN][A110-RET] call_pc=0x8001A244 target=0x80015650 v0_before=0xFFFFFFFF v1_before=0x0000002F v0_after=0x00000000 v1_after=0x0000002F c9278=0x1F801BD4 c927c=0x00000030 sp_before=0x801FFF98 sp_after=0x801FFF98 ra=0x8001A24C f=0
[BLACKSCREEN][A110-CALL] pc=0x8001A17C target=0x80015308 v0=0x00000000 v1=0x0000002F a0=0xFFFFFFFF a1=0x00008000 a2=0x00000000 a3=0x00000000 sp=0x801FFF98 ra=0x8001A184 f=0
[BLACKSCREEN][CALL] route=compiled_early #50 addr=0x80015308 ra=0x8001A184 f=0
[BLACKSCREEN][A110-RET] call_pc=0x8001A17C target=0x80015308 v0_before=0x00000000 v1_before=0x0000002F v0_after=0x1F801814 v1_after=0x1F801110 c9278=0x1F801BD4 c927c=0x00000030 sp_before=0x801FFF98 sp_after=0x801FFF98 ra=0x8001A184 f=0
[BLACKSCREEN][A110-EXIT-COND] pc=0x8001A194 instr=0x1460000B v1=0x00000000 v0=0x1F801814 will_branch=0 next=0x8001A19C else=0x8001A1C4 c9278=0x1F801BD4 c927c=0x00000030 ra=0x8001A184 sp=0x801FFF98 f=0
[BLACKSCREEN][A110-CALL] pc=0x8001A244 target=0x80015650 v0=0xFFFFFFFF v1=0x00000030 a0=0xFFFFFFFF a1=0x00008000 a2=0x00000000 a3=0x00000000 sp=0x801FFF98 ra=0x8001A24C f=0
[BLACKSCREEN][CALL] stage=before_overlay #55 addr=0x80015650 ra=0x8001A24C f=0
[BLACKSCREEN][CALL] stage=before_inbinary #55 addr=0x80015650 ra=0x8001A24C f=0
[BLACKSCREEN][CALL] route=interp #55 addr=0x80015650 ra=0x8001A24C f=0
[BLACKSCREEN][INTERP] enter start=0x80015650 instr0=0x3C028003 a0=0xFFFFFFFF ra=0x8001A24C sp=0x801FFF98 f=0
[BLACKSCREEN][INTERP] start=0x80015650 end=0x80015658 steps=3 reason=jr_ra target=0x8001A24C ra=0x8001A24C sp=0x801FFF98 f=0
[BLACKSCREEN][A110-RET] call_pc=0x8001A244 target=0x80015650 v0_before=0xFFFFFFFF v1_before=0x00000030 v0_after=0x00000000 v1_after=0x00000030 c9278=0x1F801BD4 c927c=0x00000031 sp_before=0x801FFF98 sp_after=0x801FFF98 ra=0x8001A24C f=0
[BLACKSCREEN][A110-CALL] pc=0x8001A17C target=0x80015308 v0=0x00000000 v1=0x00000030 a0=0xFFFFFFFF a1=0x00008000 a2=0x00000000 a3=0x00000000 sp=0x801FFF98 ra=0x8001A184 f=0
[BLACKSCREEN][CALL] route=compiled_early #51 addr=0x80015308 ra=0x8001A184 f=0
[BLACKSCREEN][A110-RET] call_pc=0x8001A17C target=0x80015308 v0_before=0x00000000 v1_before=0x00000030 v0_after=0x1F801814 v1_after=0x1F801110 c9278=0x1F801BD4 c927c=0x00000031 sp_before=0x801FFF98 sp_after=0x801FFF98 ra=0x8001A184 f=0
[BLACKSCREEN][A110-EXIT-COND] pc=0x8001A194 instr=0x1460000B v1=0x00000000 v0=0x1F801814 will_branch=0 next=0x8001A19C else=0x8001A1C4 c9278=0x1F801BD4 c927c=0x00000031 ra=0x8001A184 sp=0x801FFF98 f=0
[BLACKSCREEN][A110-CALL] pc=0x8001A244 target=0x80015650 v0=0xFFFFFFFF v1=0x00000031 a0=0xFFFFFFFF a1=0x00008000 a2=0x00000000 a3=0x00000000 sp=0x801FFF98 ra=0x8001A24C f=0
[BLACKSCREEN][CALL] stage=before_overlay #56 addr=0x80015650 ra=0x8001A24C f=0
[BLACKSCREEN][CALL] stage=before_inbinary #56 addr=0x80015650 ra=0x8001A24C f=0
[BLACKSCREEN][CALL] route=interp #56 addr=0x80015650 ra=0x8001A24C f=0
[BLACKSCREEN][INTERP] enter start=0x80015650 instr0=0x3C028003 a0=0xFFFFFFFF ra=0x8001A24C sp=0x801FFF98 f=0
[BLACKSCREEN][INTERP] start=0x80015650 end=0x80015658 steps=3 reason=jr_ra target=0x8001A24C ra=0x8001A24C sp=0x801FFF98 f=0
[BLACKSCREEN][A110-RET] call_pc=0x8001A244 target=0x80015650 v0_before=0xFFFFFFFF v1_before=0x00000031 v0_after=0x00000000 v1_after=0x00000031 c9278=0x1F801BD4 c927c=0x00000032 sp_before=0x801FFF98 sp_after=0x801FFF98 ra=0x8001A24C f=0
[BLACKSCREEN][A110-CALL] pc=0x8001A17C target=0x80015308 v0=0x00000000 v1=0x00000031 a0=0xFFFFFFFF a1=0x00008000 a2=0x00000000 a3=0x00000000 sp=0x801FFF98 ra=0x8001A184 f=0
[BLACKSCREEN][CALL] route=compiled_early #52 addr=0x80015308 ra=0x8001A184 f=0
[BLACKSCREEN][A110-RET] call_pc=0x8001A17C target=0x80015308 v0_before=0x00000000 v1_before=0x00000031 v0_after=0x1F801814 v1_after=0x1F801110 c9278=0x1F801BD4 c927c=0x00000032 sp_before=0x801FFF98 sp_after=0x801FFF98 ra=0x8001A184 f=0
[BLACKSCREEN][A110-EXIT-COND] pc=0x8001A194 instr=0x1460000B v1=0x00000000 v0=0x1F801814 will_branch=0 next=0x8001A19C else=0x8001A1C4 c9278=0x1F801BD4 c927c=0x00000032 ra=0x8001A184 sp=0x801FFF98 f=0
[BLACKSCREEN][A110-CALL] pc=0x8001A244 target=0x80015650 v0=0xFFFFFFFF v1=0x00000032 a0=0xFFFFFFFF a1=0x00008000 a2=0x00000000 a3=0x00000000 sp=0x801FFF98 ra=0x8001A24C f=0
[BLACKSCREEN][CALL] stage=before_overlay #57 addr=0x80015650 ra=0x8001A24C f=0
[BLACKSCREEN][CALL] stage=before_inbinary #57 addr=0x80015650 ra=0x8001A24C f=0
[BLACKSCREEN][CALL] route=interp #57 addr=0x80015650 ra=0x8001A24C f=0
[BLACKSCREEN][INTERP] enter start=0x80015650 instr0=0x3C028003 a0=0xFFFFFFFF ra=0x8001A24C sp=0x801FFF98 f=0
[BLACKSCREEN][INTERP] start=0x80015650 end=0x80015658 steps=3 reason=jr_ra target=0x8001A24C ra=0x8001A24C sp=0x801FFF98 f=0
[BLACKSCREEN][A110-RET] call_pc=0x8001A244 target=0x80015650 v0_before=0xFFFFFFFF v1_before=0x00000032 v0_after=0x00000000 v1_after=0x00000032 c9278=0x1F801BD4 c927c=0x00000033 sp_before=0x801FFF98 sp_after=0x801FFF98 ra=0x8001A24C f=0
[BLACKSCREEN][A110-CALL] pc=0x8001A17C target=0x80015308 v0=0x00000000 v1=0x00000032 a0=0xFFFFFFFF a1=0x00008000 a2=0x00000000 a3=0x00000000 sp=0x801FFF98 ra=0x8001A184 f=0
[BLACKSCREEN][CALL] route=compiled_early #53 addr=0x80015308 ra=0x8001A184 f=0
[BLACKSCREEN][A110-RET] call_pc=0x8001A17C target=0x80015308 v0_before=0x00000000 v1_before=0x00000032 v0_after=0x1F801814 v1_after=0x1F801110 c9278=0x1F801BD4 c927c=0x00000033 sp_before=0x801FFF98 sp_after=0x801FFF98 ra=0x8001A184 f=0
[BLACKSCREEN][A110-EXIT-COND] pc=0x8001A194 instr=0x1460000B v1=0x00000000 v0=0x1F801814 will_branch=0 next=0x8001A19C else=0x8001A1C4 c9278=0x1F801BD4 c927c=0x00000033 ra=0x8001A184 sp=0x801FFF98 f=0
[BLACKSCREEN][A110-CALL] pc=0x8001A244 target=0x80015650 v0=0xFFFFFFFF v1=0x00000033 a0=0xFFFFFFFF a1=0x00008000 a2=0x00000000 a3=0x00000000 sp=0x801FFF98 ra=0x8001A24C f=0
[BLACKSCREEN][CALL] stage=before_overlay #58 addr=0x80015650 ra=0x8001A24C f=0
[BLACKSCREEN][CALL] stage=before_inbinary #58 addr=0x80015650 ra=0x8001A24C f=0
[BLACKSCREEN][CALL] route=interp #58 addr=0x80015650 ra=0x8001A24C f=0
[BLACKSCREEN][INTERP] enter start=0x80015650 instr0=0x3C028003 a0=0xFFFFFFFF ra=0x8001A24C sp=0x801FFF98 f=0
[BLACKSCREEN][INTERP] start=0x80015650 end=0x80015658 steps=3 reason=jr_ra target=0x8001A24C ra=0x8001A24C sp=0x801FFF98 f=0
[BLACKSCREEN][A110-RET] call_pc=0x8001A244 target=0x80015650 v0_before=0xFFFFFFFF v1_before=0x00000033 v0_after=0x00000000 v1_after=0x00000033 c9278=0x1F801BD4 c927c=0x00000034 sp_before=0x801FFF98 sp_after=0x801FFF98 ra=0x8001A24C f=0
[BLACKSCREEN][A110-CALL] pc=0x8001A17C target=0x80015308 v0=0x00000000 v1=0x00000033 a0=0xFFFFFFFF a1=0x00008000 a2=0x00000000 a3=0x00000000 sp=0x801FFF98 ra=0x8001A184 f=0
[BLACKSCREEN][CALL] route=compiled_early #54 addr=0x80015308 ra=0x8001A184 f=0
[BLACKSCREEN][A110-RET] call_pc=0x8001A17C target=0x80015308 v0_before=0x00000000 v1_before=0x00000033 v0_after=0x1F801814 v1_after=0x1F801110 c9278=0x1F801BD4 c927c=0x00000034 sp_before=0x801FFF98 sp_after=0x801FFF98 ra=0x8001A184 f=0
[BLACKSCREEN][A110-EXIT-COND] pc=0x8001A194 instr=0x1460000B v1=0x00000000 v0=0x1F801814 will_branch=0 next=0x8001A19C else=0x8001A1C4 c9278=0x1F801BD4 c927c=0x00000034 ra=0x8001A184 sp=0x801FFF98 f=0
[BLACKSCREEN][A110-CALL] pc=0x8001A244 target=0x80015650 v0=0xFFFFFFFF v1=0x00000034 a0=0xFFFFFFFF a1=0x00008000 a2=0x00000000 a3=0x00000000 sp=0x801FFF98 ra=0x8001A24C f=0
[BLACKSCREEN][CALL] stage=before_overlay #59 addr=0x80015650 ra=0x8001A24C f=0
[BLACKSCREEN][CALL] stage=before_inbinary #59 addr=0x80015650 ra=0x8001A24C f=0
[BLACKSCREEN][CALL] route=interp #59 addr=0x80015650 ra=0x8001A24C f=0
[BLACKSCREEN][INTERP] enter start=0x80015650 instr0=0x3C028003 a0=0xFFFFFFFF ra=0x8001A24C sp=0x801FFF98 f=0
[BLACKSCREEN][INTERP] start=0x80015650 end=0x80015658 steps=3 reason=jr_ra target=0x8001A24C ra=0x8001A24C sp=0x801FFF98 f=0
[BLACKSCREEN][A110-RET] call_pc=0x8001A244 target=0x80015650 v0_before=0xFFFFFFFF v1_before=0x00000034 v0_after=0x00000000 v1_after=0x00000034 c9278=0x1F801BD4 c927c=0x00000035 sp_before=0x801FFF98 sp_after=0x801FFF98 ra=0x8001A24C f=0
[BLACKSCREEN][A110-CALL] pc=0x8001A17C target=0x80015308 v0=0x00000000 v1=0x00000034 a0=0xFFFFFFFF a1=0x00008000 a2=0x00000000 a3=0x00000000 sp=0x801FFF98 ra=0x8001A184 f=0
[BLACKSCREEN][CALL] route=compiled_early #55 addr=0x80015308 ra=0x8001A184 f=0
[BLACKSCREEN][A110-RET] call_pc=0x8001A17C target=0x80015308 v0_before=0x00000000 v1_before=0x00000034 v0_after=0x1F801814 v1_after=0x1F801110 c9278=0x1F801BD4 c927c=0x00000035 sp_before=0x801FFF98 sp_after=0x801FFF98 ra=0x8001A184 f=0
[BLACKSCREEN][A110-EXIT-COND] pc=0x8001A194 instr=0x1460000B v1=0x00000000 v0=0x1F801814 will_branch=0 next=0x8001A19C else=0x8001A1C4 c9278=0x1F801BD4 c927c=0x00000035 ra=0x8001A184 sp=0x801FFF98 f=0
[BLACKSCREEN][A110-CALL] pc=0x8001A244 target=0x80015650 v0=0xFFFFFFFF v1=0x00000035 a0=0xFFFFFFFF a1=0x00008000 a2=0x00000000 a3=0x00000000 sp=0x801FFF98 ra=0x8001A24C f=0
[BLACKSCREEN][CALL] stage=before_overlay #60 addr=0x80015650 ra=0x8001A24C f=0
[BLACKSCREEN][CALL] stage=before_inbinary #60 addr=0x80015650 ra=0x8001A24C f=0
[BLACKSCREEN][CALL] route=interp #60 addr=0x80015650 ra=0x8001A24C f=0
[BLACKSCREEN][INTERP] enter start=0x80015650 instr0=0x3C028003 a0=0xFFFFFFFF ra=0x8001A24C sp=0x801FFF98 f=0
[BLACKSCREEN][INTERP] start=0x80015650 end=0x80015658 steps=3 reason=jr_ra target=0x8001A24C ra=0x8001A24C sp=0x801FFF98 f=0
[BLACKSCREEN][A110-RET] call_pc=0x8001A244 target=0x80015650 v0_before=0xFFFFFFFF v1_before=0x00000035 v0_after=0x00000000 v1_after=0x00000035 c9278=0x1F801BD4 c927c=0x00000036 sp_before=0x801FFF98 sp_after=0x801FFF98 ra=0x8001A24C f=0
[BLACKSCREEN][A110-CALL] pc=0x8001A17C target=0x80015308 v0=0x00000000 v1=0x00000035 a0=0xFFFFFFFF a1=0x00008000 a2=0x00000000 a3=0x00000000 sp=0x801FFF98 ra=0x8001A184 f=0
[BLACKSCREEN][CALL] route=compiled_early #56 addr=0x80015308 ra=0x8001A184 f=0
[BLACKSCREEN][A110-RET] call_pc=0x8001A17C target=0x80015308 v0_before=0x00000000 v1_before=0x00000035 v0_after=0x1F801814 v1_after=0x1F801110 c9278=0x1F801BD4 c927c=0x00000036 sp_before=0x801FFF98 sp_after=0x801FFF98 ra=0x8001A184 f=0
[BLACKSCREEN][A110-EXIT-COND] pc=0x8001A194 instr=0x1460000B v1=0x00000000 v0=0x1F801814 will_branch=0 next=0x8001A19C else=0x8001A1C4 c9278=0x1F801BD4 c927c=0x00000036 ra=0x8001A184 sp=0x801FFF98 f=0
[BLACKSCREEN][A110-CALL] pc=0x8001A244 target=0x80015650 v0=0xFFFFFFFF v1=0x00000036 a0=0xFFFFFFFF a1=0x00008000 a2=0x00000000 a3=0x00000000 sp=0x801FFF98 ra=0x8001A24C f=0
[BLACKSCREEN][CALL] stage=before_overlay #61 addr=0x80015650 ra=0x8001A24C f=0
[BLACKSCREEN][CALL] stage=before_inbinary #61 addr=0x80015650 ra=0x8001A24C f=0
[BLACKSCREEN][CALL] route=interp #61 addr=0x80015650 ra=0x8001A24C f=0
[BLACKSCREEN][INTERP] enter start=0x80015650 instr0=0x3C028003 a0=0xFFFFFFFF ra=0x8001A24C sp=0x801FFF98 f=0
[BLACKSCREEN][INTERP] start=0x80015650 end=0x80015658 steps=3 reason=jr_ra target=0x8001A24C ra=0x8001A24C sp=0x801FFF98 f=0
[BLACKSCREEN][A110-RET] call_pc=0x8001A244 target=0x80015650 v0_before=0xFFFFFFFF v1_before=0x00000036 v0_after=0x00000000 v1_after=0x00000036 c9278=0x1F801BD4 c927c=0x00000037 sp_before=0x801FFF98 sp_after=0x801FFF98 ra=0x8001A24C f=0
[BLACKSCREEN][A110-CALL] pc=0x8001A17C target=0x80015308 v0=0x00000000 v1=0x00000036 a0=0xFFFFFFFF a1=0x00008000 a2=0x00000000 a3=0x00000000 sp=0x801FFF98 ra=0x8001A184 f=0
[BLACKSCREEN][CALL] route=compiled_early #57 addr=0x80015308 ra=0x8001A184 f=0
[BLACKSCREEN][A110-RET] call_pc=0x8001A17C target=0x80015308 v0_before=0x00000000 v1_before=0x00000036 v0_after=0x1F801814 v1_after=0x1F801110 c9278=0x1F801BD4 c927c=0x00000037 sp_before=0x801FFF98 sp_after=0x801FFF98 ra=0x8001A184 f=0
[BLACKSCREEN][A110-EXIT-COND] pc=0x8001A194 instr=0x1460000B v1=0x00000000 v0=0x1F801814 will_branch=0 next=0x8001A19C else=0x8001A1C4 c9278=0x1F801BD4 c927c=0x00000037 ra=0x8001A184 sp=0x801FFF98 f=0
[BLACKSCREEN][A110-CALL] pc=0x8001A244 target=0x80015650 v0=0xFFFFFFFF v1=0x00000037 a0=0xFFFFFFFF a1=0x00008000 a2=0x00000000 a3=0x00000000 sp=0x801FFF98 ra=0x8001A24C f=0
[BLACKSCREEN][CALL] stage=before_overlay #62 addr=0x80015650 ra=0x8001A24C f=0
[BLACKSCREEN][CALL] stage=before_inbinary #62 addr=0x80015650 ra=0x8001A24C f=0
[BLACKSCREEN][CALL] route=interp #62 addr=0x80015650 ra=0x8001A24C f=0
[BLACKSCREEN][INTERP] enter start=0x80015650 instr0=0x3C028003 a0=0xFFFFFFFF ra=0x8001A24C sp=0x801FFF98 f=0
[BLACKSCREEN][INTERP] start=0x80015650 end=0x80015658 steps=3 reason=jr_ra target=0x8001A24C ra=0x8001A24C sp=0x801FFF98 f=0
[BLACKSCREEN][A110-RET] call_pc=0x8001A244 target=0x80015650 v0_before=0xFFFFFFFF v1_before=0x00000037 v0_after=0x00000000 v1_after=0x00000037 c9278=0x1F801BD4 c927c=0x00000038 sp_before=0x801FFF98 sp_after=0x801FFF98 ra=0x8001A24C f=0
[BLACKSCREEN][A110-CALL] pc=0x8001A17C target=0x80015308 v0=0x00000000 v1=0x00000037 a0=0xFFFFFFFF a1=0x00008000 a2=0x00000000 a3=0x00000000 sp=0x801FFF98 ra=0x8001A184 f=0
[BLACKSCREEN][CALL] route=compiled_early #58 addr=0x80015308 ra=0x8001A184 f=0
[BLACKSCREEN][A110-RET] call_pc=0x8001A17C target=0x80015308 v0_before=0x00000000 v1_before=0x00000037 v0_after=0x1F801814 v1_after=0x1F801110 c9278=0x1F801BD4 c927c=0x00000038 sp_before=0x801FFF98 sp_after=0x801FFF98 ra=0x8001A184 f=0
[BLACKSCREEN][A110-EXIT-COND] pc=0x8001A194 instr=0x1460000B v1=0x00000000 v0=0x1F801814 will_branch=0 next=0x8001A19C else=0x8001A1C4 c9278=0x1F801BD4 c927c=0x00000038 ra=0x8001A184 sp=0x801FFF98 f=0
[BLACKSCREEN][A110-CALL] pc=0x8001A244 target=0x80015650 v0=0xFFFFFFFF v1=0x00000038 a0=0xFFFFFFFF a1=0x00008000 a2=0x00000000 a3=0x00000000 sp=0x801FFF98 ra=0x8001A24C f=0
[BLACKSCREEN][CALL] stage=before_overlay #63 addr=0x80015650 ra=0x8001A24C f=0
[BLACKSCREEN][CALL] stage=before_inbinary #63 addr=0x80015650 ra=0x8001A24C f=0
[BLACKSCREEN][CALL] route=interp #63 addr=0x80015650 ra=0x8001A24C f=0
[BLACKSCREEN][INTERP] enter start=0x80015650 instr0=0x3C028003 a0=0xFFFFFFFF ra=0x8001A24C sp=0x801FFF98 f=0
[BLACKSCREEN][INTERP] start=0x80015650 end=0x80015658 steps=3 reason=jr_ra target=0x8001A24C ra=0x8001A24C sp=0x801FFF98 f=0
[BLACKSCREEN][A110-RET] call_pc=0x8001A244 target=0x80015650 v0_before=0xFFFFFFFF v1_before=0x00000038 v0_after=0x00000000 v1_after=0x00000038 c9278=0x1F801BD4 c927c=0x00000039 sp_before=0x801FFF98 sp_after=0x801FFF98 ra=0x8001A24C f=0
[BLACKSCREEN][A110-CALL] pc=0x8001A17C target=0x80015308 v0=0x00000000 v1=0x00000038 a0=0xFFFFFFFF a1=0x00008000 a2=0x00000000 a3=0x00000000 sp=0x801FFF98 ra=0x8001A184 f=0
[BLACKSCREEN][CALL] route=compiled_early #59 addr=0x80015308 ra=0x8001A184 f=0
[BLACKSCREEN][A110-RET] call_pc=0x8001A17C target=0x80015308 v0_before=0x00000000 v1_before=0x00000038 v0_after=0x1F801814 v1_after=0x1F801110 c9278=0x1F801BD4 c927c=0x00000039 sp_before=0x801FFF98 sp_after=0x801FFF98 ra=0x8001A184 f=0
[BLACKSCREEN][A110-EXIT-COND] pc=0x8001A194 instr=0x1460000B v1=0x00000000 v0=0x1F801814 will_branch=0 next=0x8001A19C else=0x8001A1C4 c9278=0x1F801BD4 c927c=0x00000039 ra=0x8001A184 sp=0x801FFF98 f=0
[BLACKSCREEN][A110-CALL] pc=0x8001A244 target=0x80015650 v0=0xFFFFFFFF v1=0x00000039 a0=0xFFFFFFFF a1=0x00008000 a2=0x00000000 a3=0x00000000 sp=0x801FFF98 ra=0x8001A24C f=0
[BLACKSCREEN][CALL] stage=before_overlay #64 addr=0x80015650 ra=0x8001A24C f=0
[BLACKSCREEN][CALL] stage=before_inbinary #64 addr=0x80015650 ra=0x8001A24C f=0
[BLACKSCREEN][CALL] route=interp #64 addr=0x80015650 ra=0x8001A24C f=0
[BLACKSCREEN][INTERP] enter start=0x80015650 instr0=0x3C028003 a0=0xFFFFFFFF ra=0x8001A24C sp=0x801FFF98 f=0
[BLACKSCREEN][INTERP] start=0x80015650 end=0x80015658 steps=3 reason=jr_ra target=0x8001A24C ra=0x8001A24C sp=0x801FFF98 f=0
[BLACKSCREEN][A110-RET] call_pc=0x8001A244 target=0x80015650 v0_before=0xFFFFFFFF v1_before=0x00000039 v0_after=0x00000000 v1_after=0x00000039 c9278=0x1F801BD4 c927c=0x0000003A sp_before=0x801FFF98 sp_after=0x801FFF98 ra=0x8001A24C f=0
[BLACKSCREEN][A110-CALL] pc=0x8001A17C target=0x80015308 v0=0x00000000 v1=0x00000039 a0=0xFFFFFFFF a1=0x00008000 a2=0x00000000 a3=0x00000000 sp=0x801FFF98 ra=0x8001A184 f=0
[BLACKSCREEN][CALL] route=compiled_early #60 addr=0x80015308 ra=0x8001A184 f=0
[BLACKSCREEN][A110-RET] call_pc=0x8001A17C target=0x80015308 v0_before=0x00000000 v1_before=0x00000039 v0_after=0x1F801814 v1_after=0x1F801110 c9278=0x1F801BD4 c927c=0x0000003A sp_before=0x801FFF98 sp_after=0x801FFF98 ra=0x8001A184 f=0
[BLACKSCREEN][A110-EXIT-COND] pc=0x8001A194 instr=0x1460000B v1=0x00000000 v0=0x1F801814 will_branch=0 next=0x8001A19C else=0x8001A1C4 c9278=0x1F801BD4 c927c=0x0000003A ra=0x8001A184 sp=0x801FFF98 f=0
[BLACKSCREEN][A110-CALL] pc=0x8001A244 target=0x80015650 v0=0xFFFFFFFF v1=0x0000003A a0=0xFFFFFFFF a1=0x00008000 a2=0x00000000 a3=0x00000000 sp=0x801FFF98 ra=0x8001A24C f=0
[BLACKSCREEN][CALL] stage=before_overlay #65 addr=0x80015650 ra=0x8001A24C f=0
[BLACKSCREEN][CALL] stage=before_inbinary #65 addr=0x80015650 ra=0x8001A24C f=0
[BLACKSCREEN][CALL] route=interp #65 addr=0x80015650 ra=0x8001A24C f=0
[BLACKSCREEN][INTERP] enter start=0x80015650 instr0=0x3C028003 a0=0xFFFFFFFF ra=0x8001A24C sp=0x801FFF98 f=0
[BLACKSCREEN][INTERP] start=0x80015650 end=0x80015658 steps=3 reason=jr_ra target=0x8001A24C ra=0x8001A24C sp=0x801FFF98 f=0
[BLACKSCREEN][A110-RET] call_pc=0x8001A244 target=0x80015650 v0_before=0xFFFFFFFF v1_before=0x0000003A v0_after=0x00000000 v1_after=0x0000003A c9278=0x1F801BD4 c927c=0x0000003B sp_before=0x801FFF98 sp_after=0x801FFF98 ra=0x8001A24C f=0
[BLACKSCREEN][A110-CALL] pc=0x8001A17C target=0x80015308 v0=0x00000000 v1=0x0000003A a0=0xFFFFFFFF a1=0x00008000 a2=0x00000000 a3=0x00000000 sp=0x801FFF98 ra=0x8001A184 f=0
[BLACKSCREEN][CALL] route=compiled_early #61 addr=0x80015308 ra=0x8001A184 f=0
[BLACKSCREEN][A110-RET] call_pc=0x8001A17C target=0x80015308 v0_before=0x00000000 v1_before=0x0000003A v0_after=0x1F801814 v1_after=0x1F801110 c9278=0x1F801BD4 c927c=0x0000003B sp_before=0x801FFF98 sp_after=0x801FFF98 ra=0x8001A184 f=0
[BLACKSCREEN][A110-EXIT-COND] pc=0x8001A194 instr=0x1460000B v1=0x00000000 v0=0x1F801814 will_branch=0 next=0x8001A19C else=0x8001A1C4 c9278=0x1F801BD4 c927c=0x0000003B ra=0x8001A184 sp=0x801FFF98 f=0
[BLACKSCREEN][CALL] stage=before_overlay #66 addr=0x80015650 ra=0x8001A24C f=0
[BLACKSCREEN][CALL] stage=before_inbinary #66 addr=0x80015650 ra=0x8001A24C f=0
[BLACKSCREEN][CALL] route=interp #66 addr=0x80015650 ra=0x8001A24C f=0
[BLACKSCREEN][INTERP] enter start=0x80015650 instr0=0x3C028003 a0=0xFFFFFFFF ra=0x8001A24C sp=0x801FFF98 f=0
[BLACKSCREEN][INTERP] start=0x80015650 end=0x80015658 steps=3 reason=jr_ra target=0x8001A24C ra=0x8001A24C sp=0x801FFF98 f=0
[BLACKSCREEN][CALL] route=compiled_early #62 addr=0x80015308 ra=0x8001A184 f=0
[BLACKSCREEN][A110-EXIT-COND] pc=0x8001A194 instr=0x1460000B v1=0x00000000 v0=0x1F801814 will_branch=0 next=0x8001A19C else=0x8001A1C4 c9278=0x1F801BD4 c927c=0x0000003C ra=0x8001A184 sp=0x801FFF98 f=0
[BLACKSCREEN][CALL] stage=before_overlay #67 addr=0x80015650 ra=0x8001A24C f=0
[BLACKSCREEN][CALL] stage=before_inbinary #67 addr=0x80015650 ra=0x8001A24C f=0
[BLACKSCREEN][CALL] route=interp #67 addr=0x80015650 ra=0x8001A24C f=0
[BLACKSCREEN][INTERP] enter start=0x80015650 instr0=0x3C028003 a0=0xFFFFFFFF ra=0x8001A24C sp=0x801FFF98 f=0
[BLACKSCREEN][INTERP] start=0x80015650 end=0x80015658 steps=3 reason=jr_ra target=0x8001A24C ra=0x8001A24C sp=0x801FFF98 f=0
[BLACKSCREEN][CALL] route=compiled_early #63 addr=0x80015308 ra=0x8001A184 f=0
[BLACKSCREEN][A110-EXIT-COND] pc=0x8001A194 instr=0x1460000B v1=0x00000000 v0=0x1F801814 will_branch=0 next=0x8001A19C else=0x8001A1C4 c9278=0x1F801BD4 c927c=0x0000003D ra=0x8001A184 sp=0x801FFF98 f=0
[BLACKSCREEN][CALL] stage=before_overlay #68 addr=0x80015650 ra=0x8001A24C f=0
[BLACKSCREEN][CALL] stage=before_inbinary #68 addr=0x80015650 ra=0x8001A24C f=0
[BLACKSCREEN][CALL] route=interp #68 addr=0x80015650 ra=0x8001A24C f=0
[BLACKSCREEN][INTERP] enter start=0x80015650 instr0=0x3C028003 a0=0xFFFFFFFF ra=0x8001A24C sp=0x801FFF98 f=0
[BLACKSCREEN][INTERP] start=0x80015650 end=0x80015658 steps=3 reason=jr_ra target=0x8001A24C ra=0x8001A24C sp=0x801FFF98 f=0
[BLACKSCREEN][CALL] route=compiled_early #64 addr=0x80015308 ra=0x8001A184 f=0
[BLACKSCREEN][A110-EXIT-COND] pc=0x8001A194 instr=0x1460000B v1=0x00000000 v0=0x1F801814 will_branch=0 next=0x8001A19C else=0x8001A1C4 c9278=0x1F801BD4 c927c=0x0000003E ra=0x8001A184 sp=0x801FFF98 f=0
[BLACKSCREEN][CALL] stage=before_overlay #69 addr=0x80015650 ra=0x8001A24C f=0
[BLACKSCREEN][CALL] stage=before_inbinary #69 addr=0x80015650 ra=0x8001A24C f=0
[BLACKSCREEN][CALL] route=interp #69 addr=0x80015650 ra=0x8001A24C f=0
[BLACKSCREEN][INTERP] enter start=0x80015650 instr0=0x3C028003 a0=0xFFFFFFFF ra=0x8001A24C sp=0x801FFF98 f=0
[BLACKSCREEN][INTERP] start=0x80015650 end=0x80015658 steps=3 reason=jr_ra target=0x8001A24C ra=0x8001A24C sp=0x801FFF98 f=0
[BLACKSCREEN][CALL] route=compiled_early #65 addr=0x80015308 ra=0x8001A184 f=0
[BLACKSCREEN][A110-EXIT-COND] pc=0x8001A194 instr=0x1460000B v1=0x00000000 v0=0x1F801814 will_branch=0 next=0x8001A19C else=0x8001A1C4 c9278=0x1F801BD4 c927c=0x0000003F ra=0x8001A184 sp=0x801FFF98 f=0
[BLACKSCREEN][CALL] stage=before_overlay #70 addr=0x80015650 ra=0x8001A24C f=0
[BLACKSCREEN][CALL] stage=before_inbinary #70 addr=0x80015650 ra=0x8001A24C f=0
[BLACKSCREEN][CALL] route=interp #70 addr=0x80015650 ra=0x8001A24C f=0
[BLACKSCREEN][INTERP] enter start=0x80015650 instr0=0x3C028003 a0=0xFFFFFFFF ra=0x8001A24C sp=0x801FFF98 f=0
[BLACKSCREEN][INTERP] start=0x80015650 end=0x80015658 steps=3 reason=jr_ra target=0x8001A24C ra=0x8001A24C sp=0x801FFF98 f=0
[BLACKSCREEN][CALL] route=compiled_early #66 addr=0x80015308 ra=0x8001A184 f=0
[BLACKSCREEN][A110-EXIT-COND] pc=0x8001A194 instr=0x1460000B v1=0x00000000 v0=0x1F801814 will_branch=0 next=0x8001A19C else=0x8001A1C4 c9278=0x1F801BD4 c927c=0x00000040 ra=0x8001A184 sp=0x801FFF98 f=0
[BLACKSCREEN][CALL] stage=before_overlay #71 addr=0x80015650 ra=0x8001A24C f=0
[BLACKSCREEN][CALL] stage=before_inbinary #71 addr=0x80015650 ra=0x8001A24C f=0
[BLACKSCREEN][CALL] route=interp #71 addr=0x80015650 ra=0x8001A24C f=0
[BLACKSCREEN][INTERP] enter start=0x80015650 instr0=0x3C028003 a0=0xFFFFFFFF ra=0x8001A24C sp=0x801FFF98 f=0
[BLACKSCREEN][INTERP] start=0x80015650 end=0x80015658 steps=3 reason=jr_ra target=0x8001A24C ra=0x8001A24C sp=0x801FFF98 f=0
[BLACKSCREEN][CALL] route=compiled_early #67 addr=0x80015308 ra=0x8001A184 f=0
[BLACKSCREEN][A110-EXIT-COND] pc=0x8001A194 instr=0x1460000B v1=0x00000000 v0=0x1F801814 will_branch=0 next=0x8001A19C else=0x8001A1C4 c9278=0x1F801BD4 c927c=0x00000041 ra=0x8001A184 sp=0x801FFF98 f=0
[BLACKSCREEN][CALL] stage=before_overlay #72 addr=0x80015650 ra=0x8001A24C f=0
[BLACKSCREEN][CALL] stage=before_inbinary #72 addr=0x80015650 ra=0x8001A24C f=0
[BLACKSCREEN][CALL] route=interp #72 addr=0x80015650 ra=0x8001A24C f=0
[BLACKSCREEN][INTERP] enter start=0x80015650 instr0=0x3C028003 a0=0xFFFFFFFF ra=0x8001A24C sp=0x801FFF98 f=0
[BLACKSCREEN][INTERP] start=0x80015650 end=0x80015658 steps=3 reason=jr_ra target=0x8001A24C ra=0x8001A24C sp=0x801FFF98 f=0
[BLACKSCREEN][CALL] route=compiled_early #68 addr=0x80015308 ra=0x8001A184 f=0
[BLACKSCREEN][A110-EXIT-COND] pc=0x8001A194 instr=0x1460000B v1=0x00000000 v0=0x1F801814 will_branch=0 next=0x8001A19C else=0x8001A1C4 c9278=0x1F801BD4 c927c=0x00000042 ra=0x8001A184 sp=0x801FFF98 f=0
[BLACKSCREEN][CALL] stage=before_overlay #73 addr=0x80015650 ra=0x8001A24C f=0
[BLACKSCREEN][CALL] stage=before_inbinary #73 addr=0x80015650 ra=0x8001A24C f=0
[BLACKSCREEN][CALL] route=interp #73 addr=0x80015650 ra=0x8001A24C f=0
[BLACKSCREEN][INTERP] enter start=0x80015650 instr0=0x3C028003 a0=0xFFFFFFFF ra=0x8001A24C sp=0x801FFF98 f=0
[BLACKSCREEN][INTERP] start=0x80015650 end=0x80015658 steps=3 reason=jr_ra target=0x8001A24C ra=0x8001A24C sp=0x801FFF98 f=0
[BLACKSCREEN][CALL] route=compiled_early #69 addr=0x80015308 ra=0x8001A184 f=0
[BLACKSCREEN][A110-EXIT-COND] pc=0x8001A194 instr=0x1460000B v1=0x00000000 v0=0x1F801814 will_branch=0 next=0x8001A19C else=0x8001A1C4 c9278=0x1F801BD4 c927c=0x00000043 ra=0x8001A184 sp=0x801FFF98 f=0
[BLACKSCREEN][CALL] stage=before_overlay #74 addr=0x80015650 ra=0x8001A24C f=0
[BLACKSCREEN][CALL] stage=before_inbinary #74 addr=0x80015650 ra=0x8001A24C f=0
[BLACKSCREEN][CALL] route=interp #74 addr=0x80015650 ra=0x8001A24C f=0
[BLACKSCREEN][INTERP] enter start=0x80015650 instr0=0x3C028003 a0=0xFFFFFFFF ra=0x8001A24C sp=0x801FFF98 f=0
[BLACKSCREEN][INTERP] start=0x80015650 end=0x80015658 steps=3 reason=jr_ra target=0x8001A24C ra=0x8001A24C sp=0x801FFF98 f=0
[BLACKSCREEN][CALL] route=compiled_early #70 addr=0x80015308 ra=0x8001A184 f=0
[BLACKSCREEN][A110-EXIT-COND] pc=0x8001A194 instr=0x1460000B v1=0x00000000 v0=0x1F801814 will_branch=0 next=0x8001A19C else=0x8001A1C4 c9278=0x1F801BD4 c927c=0x00000044 ra=0x8001A184 sp=0x801FFF98 f=0
[BLACKSCREEN][CALL] stage=before_overlay #75 addr=0x80015650 ra=0x8001A24C f=0
[BLACKSCREEN][CALL] stage=before_inbinary #75 addr=0x80015650 ra=0x8001A24C f=0
[BLACKSCREEN][CALL] route=interp #75 addr=0x80015650 ra=0x8001A24C f=0
[BLACKSCREEN][INTERP] enter start=0x80015650 instr0=0x3C028003 a0=0xFFFFFFFF ra=0x8001A24C sp=0x801FFF98 f=0
[BLACKSCREEN][INTERP] start=0x80015650 end=0x80015658 steps=3 reason=jr_ra target=0x8001A24C ra=0x8001A24C sp=0x801FFF98 f=0
[BLACKSCREEN][CALL] route=compiled_early #71 addr=0x80015308 ra=0x8001A184 f=0
[BLACKSCREEN][A110-EXIT-COND] pc=0x8001A194 instr=0x1460000B v1=0x00000000 v0=0x1F801814 will_branch=0 next=0x8001A19C else=0x8001A1C4 c9278=0x1F801BD4 c927c=0x00000045 ra=0x8001A184 sp=0x801FFF98 f=0
[BLACKSCREEN][CALL] stage=before_overlay #76 addr=0x80015650 ra=0x8001A24C f=0
[BLACKSCREEN][CALL] stage=before_inbinary #76 addr=0x80015650 ra=0x8001A24C f=0
[BLACKSCREEN][CALL] route=interp #76 addr=0x80015650 ra=0x8001A24C f=0
[BLACKSCREEN][INTERP] enter start=0x80015650 instr0=0x3C028003 a0=0xFFFFFFFF ra=0x8001A24C sp=0x801FFF98 f=0
[BLACKSCREEN][INTERP] start=0x80015650 end=0x80015658 steps=3 reason=jr_ra target=0x8001A24C ra=0x8001A24C sp=0x801FFF98 f=0
[BLACKSCREEN][CALL] route=compiled_early #72 addr=0x80015308 ra=0x8001A184 f=0
[BLACKSCREEN][A110-EXIT-COND] pc=0x8001A194 instr=0x1460000B v1=0x00000000 v0=0x1F801814 will_branch=0 next=0x8001A19C else=0x8001A1C4 c9278=0x1F801BD4 c927c=0x00000046 ra=0x8001A184 sp=0x801FFF98 f=0
[BLACKSCREEN][CALL] stage=before_overlay #77 addr=0x80015650 ra=0x8001A24C f=0
[BLACKSCREEN][CALL] stage=before_inbinary #77 addr=0x80015650 ra=0x8001A24C f=0
[BLACKSCREEN][CALL] route=interp #77 addr=0x80015650 ra=0x8001A24C f=0
[BLACKSCREEN][INTERP] enter start=0x80015650 instr0=0x3C028003 a0=0xFFFFFFFF ra=0x8001A24C sp=0x801FFF98 f=0
[BLACKSCREEN][INTERP] start=0x80015650 end=0x80015658 steps=3 reason=jr_ra target=0x8001A24C ra=0x8001A24C sp=0x801FFF98 f=0
[BLACKSCREEN][CALL] route=compiled_early #73 addr=0x80015308 ra=0x8001A184 f=0
[BLACKSCREEN][A110-EXIT-COND] pc=0x8001A194 instr=0x1460000B v1=0x00000000 v0=0x1F801814 will_branch=0 next=0x8001A19C else=0x8001A1C4 c9278=0x1F801BD4 c927c=0x00000047 ra=0x8001A184 sp=0x801FFF98 f=0
[BLACKSCREEN][CALL] stage=before_overlay #78 addr=0x80015650 ra=0x8001A24C f=0
[BLACKSCREEN][CALL] stage=before_inbinary #78 addr=0x80015650 ra=0x8001A24C f=0
[BLACKSCREEN][CALL] route=interp #78 addr=0x80015650 ra=0x8001A24C f=0
[BLACKSCREEN][INTERP] enter start=0x80015650 instr0=0x3C028003 a0=0xFFFFFFFF ra=0x8001A24C sp=0x801FFF98 f=0
[BLACKSCREEN][INTERP] start=0x80015650 end=0x80015658 steps=3 reason=jr_ra target=0x8001A24C ra=0x8001A24C sp=0x801FFF98 f=0
[BLACKSCREEN][CALL] route=compiled_early #74 addr=0x80015308 ra=0x8001A184 f=0
[BLACKSCREEN][A110-EXIT-COND] pc=0x8001A194 instr=0x1460000B v1=0x00000000 v0=0x1F801814 will_branch=0 next=0x8001A19C else=0x8001A1C4 c9278=0x1F801BD4 c927c=0x00000048 ra=0x8001A184 sp=0x801FFF98 f=0
[BLACKSCREEN][CALL] stage=before_overlay #79 addr=0x80015650 ra=0x8001A24C f=0
[BLACKSCREEN][CALL] stage=before_inbinary #79 addr=0x80015650 ra=0x8001A24C f=0
[BLACKSCREEN][CALL] route=interp #79 addr=0x80015650 ra=0x8001A24C f=0
[BLACKSCREEN][INTERP] enter start=0x80015650 instr0=0x3C028003 a0=0xFFFFFFFF ra=0x8001A24C sp=0x801FFF98 f=0
[BLACKSCREEN][INTERP] start=0x80015650 end=0x80015658 steps=3 reason=jr_ra target=0x8001A24C ra=0x8001A24C sp=0x801FFF98 f=0
[BLACKSCREEN][CALL] route=compiled_early #75 addr=0x80015308 ra=0x8001A184 f=0
[BLACKSCREEN][A110-EXIT-COND] pc=0x8001A194 instr=0x1460000B v1=0x00000000 v0=0x1F801814 will_branch=0 next=0x8001A19C else=0x8001A1C4 c9278=0x1F801BD4 c927c=0x00000049 ra=0x8001A184 sp=0x801FFF98 f=0
[BLACKSCREEN][CALL] stage=before_overlay #80 addr=0x80015650 ra=0x8001A24C f=0
[BLACKSCREEN][CALL] stage=before_inbinary #80 addr=0x80015650 ra=0x8001A24C f=0
[BLACKSCREEN][CALL] route=interp #80 addr=0x80015650 ra=0x8001A24C f=0
[BLACKSCREEN][INTERP] enter start=0x80015650 instr0=0x3C028003 a0=0xFFFFFFFF ra=0x8001A24C sp=0x801FFF98 f=0
[BLACKSCREEN][INTERP] start=0x80015650 end=0x80015658 steps=3 reason=jr_ra target=0x8001A24C ra=0x8001A24C sp=0x801FFF98 f=0
[BLACKSCREEN][CALL] route=compiled_early #76 addr=0x80015308 ra=0x8001A184 f=0
[BLACKSCREEN][A110-EXIT-COND] pc=0x8001A194 instr=0x1460000B v1=0x00000000 v0=0x1F801814 will_branch=0 next=0x8001A19C else=0x8001A1C4 c9278=0x1F801BD4 c927c=0x0000004A ra=0x8001A184 sp=0x801FFF98 f=0
[BLACKSCREEN][INTERP] enter start=0x80015650 instr0=0x3C028003 a0=0xFFFFFFFF ra=0x8001A24C sp=0x801FFF98 f=0
[BLACKSCREEN][INTERP] start=0x80015650 end=0x80015658 steps=3 reason=jr_ra target=0x8001A24C ra=0x8001A24C sp=0x801FFF98 f=0
[BLACKSCREEN][CALL] route=compiled_early #77 addr=0x80015308 ra=0x8001A184 f=0
[BLACKSCREEN][A110-EXIT-COND] pc=0x8001A194 instr=0x1460000B v1=0x00000000 v0=0x1F801814 will_branch=0 next=0x8001A19C else=0x8001A1C4 c9278=0x1F801BD4 c927c=0x0000004B ra=0x8001A184 sp=0x801FFF98 f=0
[BLACKSCREEN][INTERP] enter start=0x80015650 instr0=0x3C028003 a0=0xFFFFFFFF ra=0x8001A24C sp=0x801FFF98 f=0
[BLACKSCREEN][INTERP] start=0x80015650 end=0x80015658 steps=3 reason=jr_ra target=0x8001A24C ra=0x8001A24C sp=0x801FFF98 f=0
[BLACKSCREEN][CALL] route=compiled_early #78 addr=0x80015308 ra=0x8001A184 f=0
[BLACKSCREEN][A110-EXIT-COND] pc=0x8001A194 instr=0x1460000B v1=0x00000000 v0=0x1F801814 will_branch=0 next=0x8001A19C else=0x8001A1C4 c9278=0x1F801BD4 c927c=0x0000004C ra=0x8001A184 sp=0x801FFF98 f=0
[BLACKSCREEN][INTERP] enter start=0x80015650 instr0=0x3C028003 a0=0xFFFFFFFF ra=0x8001A24C sp=0x801FFF98 f=0
[BLACKSCREEN][INTERP] start=0x80015650 end=0x80015658 steps=3 reason=jr_ra target=0x8001A24C ra=0x8001A24C sp=0x801FFF98 f=0
[BLACKSCREEN][CALL] route=compiled_early #79 addr=0x80015308 ra=0x8001A184 f=0
[BLACKSCREEN][A110-EXIT-COND] pc=0x8001A194 instr=0x1460000B v1=0x00000000 v0=0x1F801814 will_branch=0 next=0x8001A19C else=0x8001A1C4 c9278=0x1F801BD4 c927c=0x0000004D ra=0x8001A184 sp=0x801FFF98 f=0
[BLACKSCREEN][INTERP] enter start=0x80015650 instr0=0x3C028003 a0=0xFFFFFFFF ra=0x8001A24C sp=0x801FFF98 f=0
[BLACKSCREEN][INTERP] start=0x80015650 end=0x80015658 steps=3 reason=jr_ra target=0x8001A24C ra=0x8001A24C sp=0x801FFF98 f=0
[BLACKSCREEN][CALL] route=compiled_early #80 addr=0x80015308 ra=0x8001A184 f=0
[BLACKSCREEN][A110-EXIT-COND] pc=0x8001A194 instr=0x1460000B v1=0x00000000 v0=0x1F801814 will_branch=0 next=0x8001A19C else=0x8001A1C4 c9278=0x1F801BD4 c927c=0x0000004E ra=0x8001A184 sp=0x801FFF98 f=0
[BLACKSCREEN][INTERP] enter start=0x80015650 instr0=0x3C028003 a0=0xFFFFFFFF ra=0x8001A24C sp=0x801FFF98 f=0
[BLACKSCREEN][INTERP] start=0x80015650 end=0x80015658 steps=3 reason=jr_ra target=0x8001A24C ra=0x8001A24C sp=0x801FFF98 f=0
[BLACKSCREEN][A110-EXIT-COND] pc=0x8001A194 instr=0x1460000B v1=0x00000000 v0=0x1F801814 will_branch=0 next=0x8001A19C else=0x8001A1C4 c9278=0x1F801BD4 c927c=0x0000004F ra=0x8001A184 sp=0x801FFF98 f=0
[BLACKSCREEN][INTERP] enter start=0x80015650 instr0=0x3C028003 a0=0xFFFFFFFF ra=0x8001A24C sp=0x801FFF98 f=0
[BLACKSCREEN][INTERP] start=0x80015650 end=0x80015658 steps=3 reason=jr_ra target=0x8001A24C ra=0x8001A24C sp=0x801FFF98 f=0
[BLACKSCREEN][A110-BR] pc=0x8001A194 v1=0x00000000 v0=0x1F801814 c9278=0x1F801BD4 c927c=0x00000050 a0=0xFFFFFFFF ra=0x8001A184 sp=0x801FFF98 f=0
[BLACKSCREEN][INTERP] enter start=0x80015650 instr0=0x3C028003 a0=0xFFFFFFFF ra=0x8001A24C sp=0x801FFF98 f=0
[BLACKSCREEN][INTERP] start=0x80015650 end=0x80015658 steps=3 reason=jr_ra target=0x8001A24C ra=0x8001A24C sp=0x801FFF98 f=0
[BLACKSCREEN][A110-BR] pc=0x8001A194 v1=0x00000000 v0=0x1F801814 c9278=0x1F801BD4 c927c=0x00000051 a0=0xFFFFFFFF ra=0x8001A184 sp=0x801FFF98 f=0
[BLACKSCREEN][INTERP] enter start=0x80015650 instr0=0x3C028003 a0=0xFFFFFFFF ra=0x8001A24C sp=0x801FFF98 f=0
[BLACKSCREEN][INTERP] start=0x80015650 end=0x80015658 steps=3 reason=jr_ra target=0x8001A24C ra=0x8001A24C sp=0x801FFF98 f=0
[BLACKSCREEN][A110-BR] pc=0x8001A194 v1=0x00000000 v0=0x1F801814 c9278=0x1F801BD4 c927c=0x00000052 a0=0xFFFFFFFF ra=0x8001A184 sp=0x801FFF98 f=0
[BLACKSCREEN][INTERP] enter start=0x80015650 instr0=0x3C028003 a0=0xFFFFFFFF ra=0x8001A24C sp=0x801FFF98 f=0
[BLACKSCREEN][INTERP] start=0x80015650 end=0x80015658 steps=3 reason=jr_ra target=0x8001A24C ra=0x8001A24C sp=0x801FFF98 f=0
[BLACKSCREEN][A110-BR] pc=0x8001A194 v1=0x00000000 v0=0x1F801814 c9278=0x1F801BD4 c927c=0x00000053 a0=0xFFFFFFFF ra=0x8001A184 sp=0x801FFF98 f=0
[BLACKSCREEN][INTERP] enter start=0x80015650 instr0=0x3C028003 a0=0xFFFFFFFF ra=0x8001A24C sp=0x801FFF98 f=0
[BLACKSCREEN][INTERP] start=0x80015650 end=0x80015658 steps=3 reason=jr_ra target=0x8001A24C ra=0x8001A24C sp=0x801FFF98 f=0
[BLACKSCREEN][A110-BR] pc=0x8001A194 v1=0x00000000 v0=0x1F801814 c9278=0x1F801BD4 c927c=0x00000054 a0=0xFFFFFFFF ra=0x8001A184 sp=0x801FFF98 f=0
[BLACKSCREEN][INTERP] enter start=0x80015650 instr0=0x3C028003 a0=0xFFFFFFFF ra=0x8001A24C sp=0x801FFF98 f=0
[BLACKSCREEN][INTERP] start=0x80015650 end=0x80015658 steps=3 reason=jr_ra target=0x8001A24C ra=0x8001A24C sp=0x801FFF98 f=0
[BLACKSCREEN][A110-BR] pc=0x8001A194 v1=0x00000000 v0=0x1F801814 c9278=0x1F801BD4 c927c=0x00000055 a0=0xFFFFFFFF ra=0x8001A184 sp=0x801FFF98 f=0
[BLACKSCREEN][INTERP] enter start=0x80015650 instr0=0x3C028003 a0=0xFFFFFFFF ra=0x8001A24C sp=0x801FFF98 f=0
[BLACKSCREEN][INTERP] start=0x80015650 end=0x80015658 steps=3 reason=jr_ra target=0x8001A24C ra=0x8001A24C sp=0x801FFF98 f=0
[BLACKSCREEN][A110-BR] pc=0x8001A194 v1=0x00000000 v0=0x1F801814 c9278=0x1F801BD4 c927c=0x00000056 a0=0xFFFFFFFF ra=0x8001A184 sp=0x801FFF98 f=0
[BLACKSCREEN][INTERP] enter start=0x80015650 instr0=0x3C028003 a0=0xFFFFFFFF ra=0x8001A24C sp=0x801FFF98 f=0
[BLACKSCREEN][INTERP] start=0x80015650 end=0x80015658 steps=3 reason=jr_ra target=0x8001A24C ra=0x8001A24C sp=0x801FFF98 f=0
[BLACKSCREEN][A110-BR] pc=0x8001A194 v1=0x00000000 v0=0x1F801814 c9278=0x1F801BD4 c927c=0x00000057 a0=0xFFFFFFFF ra=0x8001A184 sp=0x801FFF98 f=0
[BLACKSCREEN][INTERP] enter start=0x80015650 instr0=0x3C028003 a0=0xFFFFFFFF ra=0x8001A24C sp=0x801FFF98 f=0
[BLACKSCREEN][INTERP] start=0x80015650 end=0x80015658 steps=3 reason=jr_ra target=0x8001A24C ra=0x8001A24C sp=0x801FFF98 f=0
[BLACKSCREEN][A110-BR] pc=0x8001A194 v1=0x00000000 v0=0x1F801814 c9278=0x1F801BD4 c927c=0x00000058 a0=0xFFFFFFFF ra=0x8001A184 sp=0x801FFF98 f=0
[BLACKSCREEN][INTERP] enter start=0x80015650 instr0=0x3C028003 a0=0xFFFFFFFF ra=0x8001A24C sp=0x801FFF98 f=0
[BLACKSCREEN][INTERP] start=0x80015650 end=0x80015658 steps=3 reason=jr_ra target=0x8001A24C ra=0x8001A24C sp=0x801FFF98 f=0
[BLACKSCREEN][A110-BR] pc=0x8001A194 v1=0x00000000 v0=0x1F801814 c9278=0x1F801BD4 c927c=0x00000059 a0=0xFFFFFFFF ra=0x8001A184 sp=0x801FFF98 f=0
[BLACKSCREEN][INTERP] enter start=0x80015650 instr0=0x3C028003 a0=0xFFFFFFFF ra=0x8001A24C sp=0x801FFF98 f=0
[BLACKSCREEN][INTERP] start=0x80015650 end=0x80015658 steps=3 reason=jr_ra target=0x8001A24C ra=0x8001A24C sp=0x801FFF98 f=0
[BLACKSCREEN][A110-BR] pc=0x8001A194 v1=0x00000000 v0=0x1F801814 c9278=0x1F801BD4 c927c=0x0000005A a0=0xFFFFFFFF ra=0x8001A184 sp=0x801FFF98 f=0
[BLACKSCREEN][INTERP] enter start=0x80015650 instr0=0x3C028003 a0=0xFFFFFFFF ra=0x8001A24C sp=0x801FFF98 f=0
[BLACKSCREEN][INTERP] start=0x80015650 end=0x80015658 steps=3 reason=jr_ra target=0x8001A24C ra=0x8001A24C sp=0x801FFF98 f=0
[BLACKSCREEN][A110-BR] pc=0x8001A194 v1=0x00000000 v0=0x1F801814 c9278=0x1F801BD4 c927c=0x0000005B a0=0xFFFFFFFF ra=0x8001A184 sp=0x801FFF98 f=0
[BLACKSCREEN][INTERP] enter start=0x80015650 instr0=0x3C028003 a0=0xFFFFFFFF ra=0x8001A24C sp=0x801FFF98 f=0
[BLACKSCREEN][INTERP] start=0x80015650 end=0x80015658 steps=3 reason=jr_ra target=0x8001A24C ra=0x8001A24C sp=0x801FFF98 f=0
[BLACKSCREEN][A110-BR] pc=0x8001A194 v1=0x00000000 v0=0x1F801814 c9278=0x1F801BD4 c927c=0x0000005C a0=0xFFFFFFFF ra=0x8001A184 sp=0x801FFF98 f=0
[BLACKSCREEN][INTERP] enter start=0x80015650 instr0=0x3C028003 a0=0xFFFFFFFF ra=0x8001A24C sp=0x801FFF98 f=0
[BLACKSCREEN][INTERP] start=0x80015650 end=0x80015658 steps=3 reason=jr_ra target=0x8001A24C ra=0x8001A24C sp=0x801FFF98 f=0
[BLACKSCREEN][A110-BR] pc=0x8001A194 v1=0x00000000 v0=0x1F801814 c9278=0x1F801BD4 c927c=0x0000005D a0=0xFFFFFFFF ra=0x8001A184 sp=0x801FFF98 f=0
[BLACKSCREEN][INTERP] enter start=0x80015650 instr0=0x3C028003 a0=0xFFFFFFFF ra=0x8001A24C sp=0x801FFF98 f=0
[BLACKSCREEN][INTERP] start=0x80015650 end=0x80015658 steps=3 reason=jr_ra target=0x8001A24C ra=0x8001A24C sp=0x801FFF98 f=0
[BLACKSCREEN][A110-BR] pc=0x8001A194 v1=0x00000000 v0=0x1F801814 c9278=0x1F801BD4 c927c=0x0000005E a0=0xFFFFFFFF ra=0x8001A184 sp=0x801FFF98 f=0
[BLACKSCREEN][INTERP] enter start=0x80015650 instr0=0x3C028003 a0=0xFFFFFFFF ra=0x8001A24C sp=0x801FFF98 f=0
[BLACKSCREEN][INTERP] start=0x80015650 end=0x80015658 steps=3 reason=jr_ra target=0x8001A24C ra=0x8001A24C sp=0x801FFF98 f=0
[BLACKSCREEN][A110-BR] pc=0x8001A194 v1=0x00000000 v0=0x1F801814 c9278=0x1F801BD4 c927c=0x0000005F a0=0xFFFFFFFF ra=0x8001A184 sp=0x801FFF98 f=0
[BLACKSCREEN][INTERP] enter start=0x80015650 instr0=0x3C028003 a0=0xFFFFFFFF ra=0x8001A24C sp=0x801FFF98 f=0
[BLACKSCREEN][INTERP] start=0x80015650 end=0x80015658 steps=3 reason=jr_ra target=0x8001A24C ra=0x8001A24C sp=0x801FFF98 f=0
[BLACKSCREEN][A110-BR] pc=0x8001A194 v1=0x00000000 v0=0x1F801814 c9278=0x1F801BD4 c927c=0x00000060 a0=0xFFFFFFFF ra=0x8001A184 sp=0x801FFF98 f=0
[BLACKSCREEN][INTERP] enter start=0x80015650 instr0=0x3C028003 a0=0xFFFFFFFF ra=0x8001A24C sp=0x801FFF98 f=0
[BLACKSCREEN][INTERP] start=0x80015650 end=0x80015658 steps=3 reason=jr_ra target=0x8001A24C ra=0x8001A24C sp=0x801FFF98 f=0
[BLACKSCREEN][A110-BR] pc=0x8001A194 v1=0x00000000 v0=0x1F801814 c9278=0x1F801BD4 c927c=0x00000061 a0=0xFFFFFFFF ra=0x8001A184 sp=0x801FFF98 f=0
[BLACKSCREEN][INTERP] enter start=0x80015650 instr0=0x3C028003 a0=0xFFFFFFFF ra=0x8001A24C sp=0x801FFF98 f=0
[BLACKSCREEN][INTERP] start=0x80015650 end=0x80015658 steps=3 reason=jr_ra target=0x8001A24C ra=0x8001A24C sp=0x801FFF98 f=0
[BLACKSCREEN][A110-BR] pc=0x8001A194 v1=0x00000000 v0=0x1F801814 c9278=0x1F801BD4 c927c=0x00000062 a0=0xFFFFFFFF ra=0x8001A184 sp=0x801FFF98 f=0
[BLACKSCREEN][INTERP] enter start=0x80015650 instr0=0x3C028003 a0=0xFFFFFFFF ra=0x8001A24C sp=0x801FFF98 f=0
[BLACKSCREEN][INTERP] start=0x80015650 end=0x80015658 steps=3 reason=jr_ra target=0x8001A24C ra=0x8001A24C sp=0x801FFF98 f=0
[BLACKSCREEN][A110-BR] pc=0x8001A194 v1=0x00000000 v0=0x1F801814 c9278=0x1F801BD4 c927c=0x00000063 a0=0xFFFFFFFF ra=0x8001A184 sp=0x801FFF98 f=0
[BLACKSCREEN][INTERP] enter start=0x80015650 instr0=0x3C028003 a0=0xFFFFFFFF ra=0x8001A24C sp=0x801FFF98 f=0
[BLACKSCREEN][INTERP] start=0x80015650 end=0x80015658 steps=3 reason=jr_ra target=0x8001A24C ra=0x8001A24C sp=0x801FFF98 f=0
[BLACKSCREEN][A110-BR] pc=0x8001A194 v1=0x00000000 v0=0x1F801814 c9278=0x1F801BD4 c927c=0x00000064 a0=0xFFFFFFFF ra=0x8001A184 sp=0x801FFF98 f=0
[BLACKSCREEN][INTERP] enter start=0x80015650 instr0=0x3C028003 a0=0xFFFFFFFF ra=0x8001A24C sp=0x801FFF98 f=0
[BLACKSCREEN][INTERP] start=0x80015650 end=0x80015658 steps=3 reason=jr_ra target=0x8001A24C ra=0x8001A24C sp=0x801FFF98 f=0
[BLACKSCREEN][A110-BR] pc=0x8001A194 v1=0x00000000 v0=0x1F801814 c9278=0x1F801BD4 c927c=0x00000065 a0=0xFFFFFFFF ra=0x8001A184 sp=0x801FFF98 f=0
[BLACKSCREEN][INTERP] enter start=0x80015650 instr0=0x3C028003 a0=0xFFFFFFFF ra=0x8001A24C sp=0x801FFF98 f=0
[BLACKSCREEN][INTERP] start=0x80015650 end=0x80015658 steps=3 reason=jr_ra target=0x8001A24C ra=0x8001A24C sp=0x801FFF98 f=0
[BLACKSCREEN][A110-BR] pc=0x8001A194 v1=0x00000000 v0=0x1F801814 c9278=0x1F801BD4 c927c=0x00000066 a0=0xFFFFFFFF ra=0x8001A184 sp=0x801FFF98 f=0
[BLACKSCREEN][INTERP] enter start=0x80015650 instr0=0x3C028003 a0=0xFFFFFFFF ra=0x8001A24C sp=0x801FFF98 f=0
[BLACKSCREEN][INTERP] start=0x80015650 end=0x80015658 steps=3 reason=jr_ra target=0x8001A24C ra=0x8001A24C sp=0x801FFF98 f=0
[BLACKSCREEN][A110-BR] pc=0x8001A194 v1=0x00000000 v0=0x1F801814 c9278=0x1F801BD4 c927c=0x00000067 a0=0xFFFFFFFF ra=0x8001A184 sp=0x801FFF98 f=0
[BLACKSCREEN][INTERP] enter start=0x80015650 instr0=0x3C028003 a0=0xFFFFFFFF ra=0x8001A24C sp=0x801FFF98 f=0
[BLACKSCREEN][INTERP] start=0x80015650 end=0x80015658 steps=3 reason=jr_ra target=0x8001A24C ra=0x8001A24C sp=0x801FFF98 f=0
[BLACKSCREEN][A110-BR] pc=0x8001A194 v1=0x00000000 v0=0x1F801814 c9278=0x1F801BD4 c927c=0x00000068 a0=0xFFFFFFFF ra=0x8001A184 sp=0x801FFF98 f=0
[BLACKSCREEN][INTERP] enter start=0x80015650 instr0=0x3C028003 a0=0xFFFFFFFF ra=0x8001A24C sp=0x801FFF98 f=0
[BLACKSCREEN][INTERP] start=0x80015650 end=0x80015658 steps=3 reason=jr_ra target=0x8001A24C ra=0x8001A24C sp=0x801FFF98 f=0
[BLACKSCREEN][A110-BR] pc=0x8001A194 v1=0x00000000 v0=0x1F801814 c9278=0x1F801BD4 c927c=0x00000069 a0=0xFFFFFFFF ra=0x8001A184 sp=0x801FFF98 f=0
[BLACKSCREEN][INTERP] enter start=0x80015650 instr0=0x3C028003 a0=0xFFFFFFFF ra=0x8001A24C sp=0x801FFF98 f=0
[BLACKSCREEN][INTERP] start=0x80015650 end=0x80015658 steps=3 reason=jr_ra target=0x8001A24C ra=0x8001A24C sp=0x801FFF98 f=0
[BLACKSCREEN][A110-BR] pc=0x8001A194 v1=0x00000000 v0=0x1F801814 c9278=0x1F801BD4 c927c=0x0000006A a0=0xFFFFFFFF ra=0x8001A184 sp=0x801FFF98 f=0
[BLACKSCREEN][INTERP] enter start=0x80015650 instr0=0x3C028003 a0=0xFFFFFFFF ra=0x8001A24C sp=0x801FFF98 f=0
[BLACKSCREEN][INTERP] start=0x80015650 end=0x80015658 steps=3 reason=jr_ra target=0x8001A24C ra=0x8001A24C sp=0x801FFF98 f=0
[BLACKSCREEN][A110-BR] pc=0x8001A194 v1=0x00000000 v0=0x1F801814 c9278=0x1F801BD4 c927c=0x0000006B a0=0xFFFFFFFF ra=0x8001A184 sp=0x801FFF98 f=0
[BLACKSCREEN][INTERP] enter start=0x80015650 instr0=0x3C028003 a0=0xFFFFFFFF ra=0x8001A24C sp=0x801FFF98 f=0
[BLACKSCREEN][INTERP] start=0x80015650 end=0x80015658 steps=3 reason=jr_ra target=0x8001A24C ra=0x8001A24C sp=0x801FFF98 f=0
[BLACKSCREEN][A110-BR] pc=0x8001A194 v1=0x00000000 v0=0x1F801814 c9278=0x1F801BD4 c927c=0x0000006C a0=0xFFFFFFFF ra=0x8001A184 sp=0x801FFF98 f=0
[BLACKSCREEN][INTERP] enter start=0x80015650 instr0=0x3C028003 a0=0xFFFFFFFF ra=0x8001A24C sp=0x801FFF98 f=0
[BLACKSCREEN][INTERP] start=0x80015650 end=0x80015658 steps=3 reason=jr_ra target=0x8001A24C ra=0x8001A24C sp=0x801FFF98 f=0
[BLACKSCREEN][A110-BR] pc=0x8001A194 v1=0x00000000 v0=0x1F801814 c9278=0x1F801BD4 c927c=0x0000006D a0=0xFFFFFFFF ra=0x8001A184 sp=0x801FFF98 f=0
[BLACKSCREEN][INTERP] enter start=0x80015650 instr0=0x3C028003 a0=0xFFFFFFFF ra=0x8001A24C sp=0x801FFF98 f=0
[BLACKSCREEN][INTERP] start=0x80015650 end=0x80015658 steps=3 reason=jr_ra target=0x8001A24C ra=0x8001A24C sp=0x801FFF98 f=0
[BLACKSCREEN][A110-BR] pc=0x8001A194 v1=0x00000000 v0=0x1F801814 c9278=0x1F801BD4 c927c=0x0000006E a0=0xFFFFFFFF ra=0x8001A184 sp=0x801FFF98 f=0
[BLACKSCREEN][INTERP] enter start=0x80015650 instr0=0x3C028003 a0=0xFFFFFFFF ra=0x8001A24C sp=0x801FFF98 f=0
[BLACKSCREEN][INTERP] start=0x80015650 end=0x80015658 steps=3 reason=jr_ra target=0x8001A24C ra=0x8001A24C sp=0x801FFF98 f=0
[BLACKSCREEN][A110-BR] pc=0x8001A194 v1=0x00000000 v0=0x1F801814 c9278=0x1F801BD4 c927c=0x0000006F a0=0xFFFFFFFF ra=0x8001A184 sp=0x801FFF98 f=0
[BLACKSCREEN][INTERP] enter start=0x80015650 instr0=0x3C028003 a0=0xFFFFFFFF ra=0x8001A24C sp=0x801FFF98 f=0
[BLACKSCREEN][INTERP] start=0x80015650 end=0x80015658 steps=3 reason=jr_ra target=0x8001A24C ra=0x8001A24C sp=0x801FFF98 f=0
[BLACKSCREEN][A110-BR] pc=0x8001A194 v1=0x00000000 v0=0x1F801814 c9278=0x1F801BD4 c927c=0x00000070 a0=0xFFFFFFFF ra=0x8001A184 sp=0x801FFF98 f=0
[BLACKSCREEN][INTERP] enter start=0x80015650 instr0=0x3C028003 a0=0xFFFFFFFF ra=0x8001A24C sp=0x801FFF98 f=0
[BLACKSCREEN][INTERP] start=0x80015650 end=0x80015658 steps=3 reason=jr_ra target=0x8001A24C ra=0x8001A24C sp=0x801FFF98 f=0
[BLACKSCREEN][A110-BR] pc=0x8001A194 v1=0x00000000 v0=0x1F801814 c9278=0x1F801BD4 c927c=0x00000071 a0=0xFFFFFFFF ra=0x8001A184 sp=0x801FFF98 f=0
[BLACKSCREEN][INTERP] enter start=0x80015650 instr0=0x3C028003 a0=0xFFFFFFFF ra=0x8001A24C sp=0x801FFF98 f=0
[BLACKSCREEN][INTERP] start=0x80015650 end=0x80015658 steps=3 reason=jr_ra target=0x8001A24C ra=0x8001A24C sp=0x801FFF98 f=0
[BLACKSCREEN][A110-BR] pc=0x8001A194 v1=0x00000000 v0=0x1F801814 c9278=0x1F801BD4 c927c=0x00000072 a0=0xFFFFFFFF ra=0x8001A184 sp=0x801FFF98 f=0
[BLACKSCREEN][INTERP] start=0x80015650 end=0x80015658 steps=3 reason=jr_ra target=0x8001A24C ra=0x8001A24C sp=0x801FFF98 f=0
[BLACKSCREEN][A110-BR] pc=0x8001A194 v1=0x00000000 v0=0x1F801814 c9278=0x1F801BD4 c927c=0x00000073 a0=0xFFFFFFFF ra=0x8001A184 sp=0x801FFF98 f=0
[BLACKSCREEN][INTERP] start=0x80015650 end=0x80015658 steps=3 reason=jr_ra target=0x8001A24C ra=0x8001A24C sp=0x801FFF98 f=0
[BLACKSCREEN][A110-BR] pc=0x8001A194 v1=0x00000000 v0=0x1F801814 c9278=0x1F801BD4 c927c=0x00000074 a0=0xFFFFFFFF ra=0x8001A184 sp=0x801FFF98 f=0
[BLACKSCREEN][A110-BR] pc=0x8001A194 v1=0x00000000 v0=0x1F801814 c9278=0x1F801BD4 c927c=0x00000075 a0=0xFFFFFFFF ra=0x8001A184 sp=0x801FFF98 f=0
[BLACKSCREEN][A110-BR] pc=0x8001A194 v1=0x00000000 v0=0x1F801814 c9278=0x1F801BD4 c927c=0x00000076 a0=0xFFFFFFFF ra=0x8001A184 sp=0x801FFF98 f=0
[BLACKSCREEN][A110-BR] pc=0x8001A194 v1=0x00000000 v0=0x1F801814 c9278=0x1F801BD4 c927c=0x00000077 a0=0xFFFFFFFF ra=0x8001A184 sp=0x801FFF98 f=0
[BLACKSCREEN][A110-BR] pc=0x8001A194 v1=0x00000000 v0=0x1F801814 c9278=0x1F801BD4 c927c=0x00000078 a0=0xFFFFFFFF ra=0x8001A184 sp=0x801FFF98 f=0
[BLACKSCREEN][A110-BR] pc=0x8001A194 v1=0x00000000 v0=0x1F801814 c9278=0x1F801BD4 c927c=0x00000079 a0=0xFFFFFFFF ra=0x8001A184 sp=0x801FFF98 f=0
[BLACKSCREEN][A110-BR] pc=0x8001A194 v1=0x00000000 v0=0x1F801814 c9278=0x1F801BD4 c927c=0x0000007A a0=0xFFFFFFFF ra=0x8001A184 sp=0x801FFF98 f=0
[BLACKSCREEN][A110-BR] pc=0x8001A194 v1=0x00000000 v0=0x1F801814 c9278=0x1F801BD4 c927c=0x0000007B a0=0xFFFFFFFF ra=0x8001A184 sp=0x801FFF98 f=0
[BLACKSCREEN][A110-BR] pc=0x8001A194 v1=0x00000000 v0=0x1F801814 c9278=0x1F801BD4 c927c=0x0000007C a0=0xFFFFFFFF ra=0x8001A184 sp=0x801FFF98 f=0
[BLACKSCREEN][A110-BR] pc=0x8001A194 v1=0x00000000 v0=0x1F801814 c9278=0x1F801BD4 c927c=0x0000007D a0=0xFFFFFFFF ra=0x8001A184 sp=0x801FFF98 f=0
[BLACKSCREEN][A110-BR] pc=0x8001A194 v1=0x00000000 v0=0x1F801814 c9278=0x1F801BD4 c927c=0x0000007E a0=0xFFFFFFFF ra=0x8001A184 sp=0x801FFF98 f=0
[BLACKSCREEN][A110-BR] pc=0x8001A194 v1=0x00000000 v0=0x1F801814 c9278=0x1F801BD4 c927c=0x0000007F a0=0xFFFFFFFF ra=0x8001A184 sp=0x801FFF98 f=0
[BLACKSCREEN][A110-BR] pc=0x8001A194 v1=0x00000000 v0=0x1F801814 c9278=0x1F801BD4 c927c=0x00000080 a0=0xFFFFFFFF ra=0x8001A184 sp=0x801FFF98 f=0
[BLACKSCREEN][A110-BR] pc=0x8001A194 v1=0x00000000 v0=0x1F801814 c9278=0x1F801BD4 c927c=0x00000081 a0=0xFFFFFFFF ra=0x8001A184 sp=0x801FFF98 f=0
[BLACKSCREEN][A110-BR] pc=0x8001A194 v1=0x00000000 v0=0x1F801814 c9278=0x1F801BD4 c927c=0x00000082 a0=0xFFFFFFFF ra=0x8001A184 sp=0x801FFF98 f=0
[BLACKSCREEN][A110-BR] pc=0x8001A194 v1=0x00000000 v0=0x1F801814 c9278=0x1F801BD4 c927c=0x00000083 a0=0xFFFFFFFF ra=0x8001A184 sp=0x801FFF98 f=0
[BLACKSCREEN][A110-BR] pc=0x8001A194 v1=0x00000000 v0=0x1F801814 c9278=0x1F801BD4 c927c=0x00000084 a0=0xFFFFFFFF ra=0x8001A184 sp=0x801FFF98 f=0
[BLACKSCREEN][A110-BR] pc=0x8001A194 v1=0x00000000 v0=0x1F801814 c9278=0x1F801BD4 c927c=0x00000085 a0=0xFFFFFFFF ra=0x8001A184 sp=0x801FFF98 f=0
[BLACKSCREEN][A110-BR] pc=0x8001A194 v1=0x00000000 v0=0x1F801814 c9278=0x1F801BD4 c927c=0x00000086 a0=0xFFFFFFFF ra=0x8001A184 sp=0x801FFF98 f=0
[BLACKSCREEN][A110-BR] pc=0x8001A194 v1=0x00000000 v0=0x1F801814 c9278=0x1F801BD4 c927c=0x00000087 a0=0xFFFFFFFF ra=0x8001A184 sp=0x801FFF98 f=0
[BLACKSCREEN][A110-BR] pc=0x8001A194 v1=0x00000000 v0=0x1F801814 c9278=0x1F801BD4 c927c=0x00000088 a0=0xFFFFFFFF ra=0x8001A184 sp=0x801FFF98 f=0
[BLACKSCREEN][A110-BR] pc=0x8001A194 v1=0x00000000 v0=0x1F801814 c9278=0x1F801BD4 c927c=0x00000089 a0=0xFFFFFFFF ra=0x8001A184 sp=0x801FFF98 f=0
[BLACKSCREEN][A110-BR] pc=0x8001A194 v1=0x00000000 v0=0x1F801814 c9278=0x1F801BD4 c927c=0x0000008A a0=0xFFFFFFFF ra=0x8001A184 sp=0x801FFF98 f=0
[BLACKSCREEN][A110-BR] pc=0x8001A194 v1=0x00000000 v0=0x1F801814 c9278=0x1F801BD4 c927c=0x0000008B a0=0xFFFFFFFF ra=0x8001A184 sp=0x801FFF98 f=0
[BLACKSCREEN][A110-BR] pc=0x8001A194 v1=0x00000000 v0=0x1F801814 c9278=0x1F801BD4 c927c=0x0000008C a0=0xFFFFFFFF ra=0x8001A184 sp=0x801FFF98 f=0
[BLACKSCREEN][A110-BR] pc=0x8001A194 v1=0x00000000 v0=0x1F801814 c9278=0x1F801BD4 c927c=0x0000008D a0=0xFFFFFFFF ra=0x8001A184 sp=0x801FFF98 f=0
[BLACKSCREEN][A110-BR] pc=0x8001A194 v1=0x00000000 v0=0x1F801814 c9278=0x1F801BD4 c927c=0x0000008E a0=0xFFFFFFFF ra=0x8001A184 sp=0x801FFF98 f=0
[BLACKSCREEN][A110-BR] pc=0x8001A194 v1=0x00000000 v0=0x1F801814 c9278=0x1F801BD4 c927c=0x0000008F a0=0xFFFFFFFF ra=0x8001A184 sp=0x801FFF98 f=0
[BLACKSCREEN][A110-BR] pc=0x8001A194 v1=0x00000000 v0=0x1F801814 c9278=0x1F801BD4 c927c=0x00000090 a0=0xFFFFFFFF ra=0x8001A184 sp=0x801FFF98 f=0
[BLACKSCREEN][A110-BR] pc=0x8001A194 v1=0x00000000 v0=0x1F801814 c9278=0x1F801BD4 c927c=0x00000091 a0=0xFFFFFFFF ra=0x8001A184 sp=0x801FFF98 f=0
[BLACKSCREEN][A110-BR] pc=0x8001A194 v1=0x00000000 v0=0x1F801814 c9278=0x1F801BD4 c927c=0x00000092 a0=0xFFFFFFFF ra=0x8001A184 sp=0x801FFF98 f=0
[BLACKSCREEN][A110-BR] pc=0x8001A194 v1=0x00000000 v0=0x1F801814 c9278=0x1F801BD4 c927c=0x00000093 a0=0xFFFFFFFF ra=0x8001A184 sp=0x801FFF98 f=0
[BLACKSCREEN][A110-BR] pc=0x8001A194 v1=0x00000000 v0=0x1F801814 c9278=0x1F801BD4 c927c=0x00000094 a0=0xFFFFFFFF ra=0x8001A184 sp=0x801FFF98 f=0
[BLACKSCREEN][A110-BR] pc=0x8001A194 v1=0x00000000 v0=0x1F801814 c9278=0x1F801BD4 c927c=0x00000095 a0=0xFFFFFFFF ra=0x8001A184 sp=0x801FFF98 f=0
[BLACKSCREEN][A110-BR] pc=0x8001A194 v1=0x00000000 v0=0x1F801814 c9278=0x1F801BD4 c927c=0x00000096 a0=0xFFFFFFFF ra=0x8001A184 sp=0x801FFF98 f=0
[BLACKSCREEN][A110-BR] pc=0x8001A194 v1=0x00000000 v0=0x1F801814 c9278=0x1F801BD4 c927c=0x00000097 a0=0xFFFFFFFF ra=0x8001A184 sp=0x801FFF98 f=0
[BLACKSCREEN][A110-BR] pc=0x8001A194 v1=0x00000000 v0=0x1F801814 c9278=0x1F801BD4 c927c=0x00000098 a0=0xFFFFFFFF ra=0x8001A184 sp=0x801FFF98 f=0
[BLACKSCREEN][A110-BR] pc=0x8001A194 v1=0x00000000 v0=0x1F801814 c9278=0x1F801BD4 c927c=0x00000099 a0=0xFFFFFFFF ra=0x8001A184 sp=0x801FFF98 f=0
[BLACKSCREEN][A110-BR] pc=0x8001A194 v1=0x00000000 v0=0x1F801814 c9278=0x1F801BD4 c927c=0x0000009A a0=0xFFFFFFFF ra=0x8001A184 sp=0x801FFF98 f=0
[BLACKSCREEN][A110-BR] pc=0x8001A194 v1=0x00000000 v0=0x1F801814 c9278=0x1F801BD4 c927c=0x0000009B a0=0xFFFFFFFF ra=0x8001A184 sp=0x801FFF98 f=0
[BLACKSCREEN][A110-BR] pc=0x8001A194 v1=0x00000000 v0=0x1F801814 c9278=0x1F801BD4 c927c=0x0000009C a0=0xFFFFFFFF ra=0x8001A184 sp=0x801FFF98 f=0
[BLACKSCREEN][A110-BR] pc=0x8001A194 v1=0x00000000 v0=0x1F801814 c9278=0x1F801BD4 c927c=0x0000009D a0=0xFFFFFFFF ra=0x8001A184 sp=0x801FFF98 f=0
[BLACKSCREEN][A110-BR] pc=0x8001A194 v1=0x00000000 v0=0x1F801814 c9278=0x1F801BD4 c927c=0x0000009E a0=0xFFFFFFFF ra=0x8001A184 sp=0x801FFF98 f=0
[BLACKSCREEN][A110-BR] pc=0x8001A194 v1=0x00000000 v0=0x1F801814 c9278=0x1F801BD4 c927c=0x0000009F a0=0xFFFFFFFF ra=0x8001A184 sp=0x801FFF98 f=0
[BLACKSCREEN][A110-BR] pc=0x8001A194 v1=0x00000000 v0=0x1F801814 c9278=0x1F801BD4 c927c=0x000000A0 a0=0xFFFFFFFF ra=0x8001A184 sp=0x801FFF98 f=0
[BLACKSCREEN][A110-BR] pc=0x8001A194 v1=0x00000000 v0=0x1F801814 c9278=0x1F801BD4 c927c=0x000000A1 a0=0xFFFFFFFF ra=0x8001A184 sp=0x801FFF98 f=0
[BLACKSCREEN][A110-BR] pc=0x8001A194 v1=0x00000000 v0=0x1F801814 c9278=0x1F801BD4 c927c=0x000000A2 a0=0xFFFFFFFF ra=0x8001A184 sp=0x801FFF98 f=0
[BLACKSCREEN][A110-BR] pc=0x8001A194 v1=0x00000000 v0=0x1F801814 c9278=0x1F801BD4 c927c=0x000000A3 a0=0xFFFFFFFF ra=0x8001A184 sp=0x801FFF98 f=0
[BLACKSCREEN][A110-BR] pc=0x8001A194 v1=0x00000000 v0=0x1F801814 c9278=0x1F801BD4 c927c=0x000000A4 a0=0xFFFFFFFF ra=0x8001A184 sp=0x801FFF98 f=0
[BLACKSCREEN][A110-BR] pc=0x8001A194 v1=0x00000000 v0=0x1F801814 c9278=0x1F801BD4 c927c=0x000000A5 a0=0xFFFFFFFF ra=0x8001A184 sp=0x801FFF98 f=0
[BLACKSCREEN][A110-BR] pc=0x8001A194 v1=0x00000000 v0=0x1F801814 c9278=0x1F801BD4 c927c=0x000000A6 a0=0xFFFFFFFF ra=0x8001A184 sp=0x801FFF98 f=0
[BLACKSCREEN][A110-BR] pc=0x8001A194 v1=0x00000000 v0=0x1F801814 c9278=0x1F801BD4 c927c=0x000000A7 a0=0xFFFFFFFF ra=0x8001A184 sp=0x801FFF98 f=0
[BLACKSCREEN][A110-BR] pc=0x8001A194 v1=0x00000000 v0=0x1F801814 c9278=0x1F801BD4 c927c=0x000000A8 a0=0xFFFFFFFF ra=0x8001A184 sp=0x801FFF98 f=0
[BLACKSCREEN][A110-BR] pc=0x8001A194 v1=0x00000000 v0=0x1F801814 c9278=0x1F801BD4 c927c=0x000000A9 a0=0xFFFFFFFF ra=0x8001A184 sp=0x801FFF98 f=0
[BLACKSCREEN][A110-BR] pc=0x8001A194 v1=0x00000000 v0=0x1F801814 c9278=0x1F801BD4 c927c=0x000000AA a0=0xFFFFFFFF ra=0x8001A184 sp=0x801FFF98 f=0
[BLACKSCREEN][A110-BR] pc=0x8001A194 v1=0x00000000 v0=0x1F801814 c9278=0x1F801BD4 c927c=0x000000AB a0=0xFFFFFFFF ra=0x8001A184 sp=0x801FFF98 f=0
[BLACKSCREEN][A110-BR] pc=0x8001A194 v1=0x00000000 v0=0x1F801814 c9278=0x1F801BD4 c927c=0x000000AC a0=0xFFFFFFFF ra=0x8001A184 sp=0x801FFF98 f=0
[BLACKSCREEN][A110-BR] pc=0x8001A194 v1=0x00000000 v0=0x1F801814 c9278=0x1F801BD4 c927c=0x000000AD a0=0xFFFFFFFF ra=0x8001A184 sp=0x801FFF98 f=0
[BLACKSCREEN][A110-BR] pc=0x8001A194 v1=0x00000000 v0=0x1F801814 c9278=0x1F801BD4 c927c=0x000000AE a0=0xFFFFFFFF ra=0x8001A184 sp=0x801FFF98 f=0
[BLACKSCREEN][A110-BR] pc=0x8001A194 v1=0x00000000 v0=0x1F801814 c9278=0x1F801BD4 c927c=0x000000AF a0=0xFFFFFFFF ra=0x8001A184 sp=0x801FFF98 f=0
[BLACKSCREEN][A110-BR] pc=0x8001A194 v1=0x00000000 v0=0x1F801814 c9278=0x1F801BD4 c927c=0x000000B0 a0=0xFFFFFFFF ra=0x8001A184 sp=0x801FFF98 f=0
[BLACKSCREEN][A110-BR] pc=0x8001A194 v1=0x00000000 v0=0x1F801814 c9278=0x1F801BD4 c927c=0x000000B1 a0=0xFFFFFFFF ra=0x8001A184 sp=0x801FFF98 f=0
[BLACKSCREEN][A110-BR] pc=0x8001A194 v1=0x00000000 v0=0x1F801814 c9278=0x1F801BD4 c927c=0x000000B2 a0=0xFFFFFFFF ra=0x8001A184 sp=0x801FFF98 f=0
[BLACKSCREEN][A110-BR] pc=0x8001A194 v1=0x00000000 v0=0x1F801814 c9278=0x1F801BD4 c927c=0x000000B3 a0=0xFFFFFFFF ra=0x8001A184 sp=0x801FFF98 f=0
[BLACKSCREEN][A110-BR] pc=0x8001A194 v1=0x00000000 v0=0x1F801814 c9278=0x1F801BD4 c927c=0x000000B4 a0=0xFFFFFFFF ra=0x8001A184 sp=0x801FFF98 f=0
[BLACKSCREEN][A110-BR] pc=0x8001A194 v1=0x00000000 v0=0x1F801814 c9278=0x1F801BD4 c927c=0x000000B5 a0=0xFFFFFFFF ra=0x8001A184 sp=0x801FFF98 f=0
[BLACKSCREEN][A110-BR] pc=0x8001A194 v1=0x00000000 v0=0x1F801814 c9278=0x1F801BD4 c927c=0x000000B6 a0=0xFFFFFFFF ra=0x8001A184 sp=0x801FFF98 f=0
[BLACKSCREEN][A110-BR] pc=0x8001A194 v1=0x00000000 v0=0x1F801814 c9278=0x1F801BD4 c927c=0x000000B7 a0=0xFFFFFFFF ra=0x8001A184 sp=0x801FFF98 f=0
[BLACKSCREEN][A110-BR] pc=0x8001A194 v1=0x00000000 v0=0x1F801814 c9278=0x1F801BD4 c927c=0x000000B8 a0=0xFFFFFFFF ra=0x8001A184 sp=0x801FFF98 f=0
[BLACKSCREEN][A110-BR] pc=0x8001A194 v1=0x00000000 v0=0x1F801814 c9278=0x1F801BD4 c927c=0x000000B9 a0=0xFFFFFFFF ra=0x8001A184 sp=0x801FFF98 f=0
[BLACKSCREEN][A110-BR] pc=0x8001A194 v1=0x00000000 v0=0x1F801814 c9278=0x1F801BD4 c927c=0x000000BA a0=0xFFFFFFFF ra=0x8001A184 sp=0x801FFF98 f=0
[BLACKSCREEN][A110-BR] pc=0x8001A194 v1=0x00000000 v0=0x1F801814 c9278=0x1F801BD4 c927c=0x000000BB a0=0xFFFFFFFF ra=0x8001A184 sp=0x801FFF98 f=0
[BLACKSCREEN][A110-BR] pc=0x8001A194 v1=0x00000000 v0=0x1F801814 c9278=0x1F801BD4 c927c=0x000000BC a0=0xFFFFFFFF ra=0x8001A184 sp=0x801FFF98 f=0
[BLACKSCREEN][A110-BR] pc=0x8001A194 v1=0x00000000 v0=0x1F801814 c9278=0x1F801BD4 c927c=0x000000BD a0=0xFFFFFFFF ra=0x8001A184 sp=0x801FFF98 f=0
[BLACKSCREEN][A110-BR] pc=0x8001A194 v1=0x00000000 v0=0x1F801814 c9278=0x1F801BD4 c927c=0x000000BE a0=0xFFFFFFFF ra=0x8001A184 sp=0x801FFF98 f=0
[BLACKSCREEN][A110-BR] pc=0x8001A194 v1=0x00000000 v0=0x1F801814 c9278=0x1F801BD4 c927c=0x000000BF a0=0xFFFFFFFF ra=0x8001A184 sp=0x801FFF98 f=0
[BLACKSCREEN][A110-BR] pc=0x8001A194 v1=0x00000000 v0=0x1F801814 c9278=0x1F801BD4 c927c=0x000000C0 a0=0xFFFFFFFF ra=0x8001A184 sp=0x801FFF98 f=0
[BLACKSCREEN][A110-BR] pc=0x8001A194 v1=0x00000000 v0=0x1F801814 c9278=0x1F801BD4 c927c=0x000000C1 a0=0xFFFFFFFF ra=0x8001A184 sp=0x801FFF98 f=0
[BLACKSCREEN][A110-BR] pc=0x8001A194 v1=0x00000000 v0=0x1F801814 c9278=0x1F801BD4 c927c=0x000000C2 a0=0xFFFFFFFF ra=0x8001A184 sp=0x801FFF98 f=0
[BLACKSCREEN][A110-BR] pc=0x8001A194 v1=0x00000000 v0=0x1F801814 c9278=0x1F801BD4 c927c=0x000000C3 a0=0xFFFFFFFF ra=0x8001A184 sp=0x801FFF98 f=0
[BLACKSCREEN][A110-BR] pc=0x8001A194 v1=0x00000000 v0=0x1F801814 c9278=0x1F801BD4 c927c=0x000000C4 a0=0xFFFFFFFF ra=0x8001A184 sp=0x801FFF98 f=0
[BLACKSCREEN][A110-BR] pc=0x8001A194 v1=0x00000000 v0=0x1F801814 c9278=0x1F801BD4 c927c=0x000000C5 a0=0xFFFFFFFF ra=0x8001A184 sp=0x801FFF98 f=0
[BLACKSCREEN][A110-BR] pc=0x8001A194 v1=0x00000000 v0=0x1F801814 c9278=0x1F801BD4 c927c=0x000000C6 a0=0xFFFFFFFF ra=0x8001A184 sp=0x801FFF98 f=0
[BLACKSCREEN][A110-BR] pc=0x8001A194 v1=0x00000000 v0=0x1F801814 c9278=0x1F801BD4 c927c=0x000000C7 a0=0xFFFFFFFF ra=0x8001A184 sp=0x801FFF98 f=0
[BLACKSCREEN][A110-EXIT] reason=guard end=0x8001A190 target=0x00000000 steps=100000 v0=0x1F801814 v1=0x1F801BD4 c9278=0x1F801BD4 c927c=0x00000F05 ra=0x8001A184 sp=0x801FFF98 f=0
[BLACKSCREEN][A110-GUARD] end_pc=0x8001A190 v1=0x1F801BD4 v0=0x1F801814 c9278=0x1F801BD4 c927c=0x00000F05 ra=0x8001A184 sp=0x801FFF98 f=0
[BLACKSCREEN][INTERP] start=0x8001A110 end=0x8001A190 steps=100000 reason=guard target=0x00000000 ra=0x8001A184 sp=0x801FFF98 f=0
[CALLEE-FIX] #1 f0 call_by_address(0x8001A110) sp:801FFFD0->801FFF98 s0:00000003->00000003 s1:801E0000->801E0000 — restoring
[BLACKSCREEN][19844-TAIL] pc=0x8001994C instr=0x38420002 v0=0x1F801814 a0=0xFFFFFFFF a1=0x00008000 ra=0x8001A184 sp=0x801FFFD0 f=0
[BLACKSCREEN][19844-STATE] pc=0x8001994C v0=0x1F801814 v1=0x1F801BD4 a0=0xFFFFFFFF a1=0x00008000 a0m0=0x00000000 a0m1=0x00000000 a1m0=0x00000000 a1m1=0x00000000 s0=0x00000003 s1=0x801E0000 ra=0x8001A184 c2a8=0x1F801814 c2ac=0x1F801110 t0=0x1C080000 t1=0x00000002 f=0
[BLACKSCREEN][19844-TAIL] pc=0x80019950 instr=0x08006657 v0=0x1F801816 a0=0xFFFFFFFF a1=0x00008000 ra=0x8001A184 sp=0x801FFFD0 f=0
[BLACKSCREEN][19844-STATE] pc=0x80019950 v0=0x1F801816 v1=0x1F801BD4 a0=0xFFFFFFFF a1=0x00008000 a0m0=0x00000000 a0m1=0x00000000 a1m0=0x00000000 a1m1=0x00000000 s0=0x00000003 s1=0x801E0000 ra=0x8001A184 c2a8=0x1F801814 c2ac=0x1F801110 t0=0x1C080000 t1=0x00000003 f=0
[BLACKSCREEN][INTERP-LOCALJ] start=0x80019844 pc=0x80019950 target=0x8001995C sp=0x801FFFD0 ra=0x8001A184 f=0
[BLACKSCREEN][INTERP-RA] pre-restore pc=0x8001995C sp=0x801FFFD0 ra=0x8001A184 slot_now=0x80010EA4 f=0
[BLACKSCREEN][19844-TAIL] pc=0x80019960 instr=0x8FB60028 v0=0x00000000 a0=0xFFFFFFFF a1=0x00008000 ra=0x80010EA4 sp=0x801FFFD0 f=0
[BLACKSCREEN][19844-STATE] pc=0x80019960 v0=0x00000000 v1=0x1F801BD4 a0=0xFFFFFFFF a1=0x00008000 a0m0=0x00000000 a0m1=0x00000000 a1m0=0x00000000 a1m1=0x00000000 s0=0x00000003 s1=0x801E0000 ra=0x80010EA4 c2a8=0x1F801814 c2ac=0x1F801110 t0=0x1C080000 t1=0x00000004 f=0
[BLACKSCREEN][19844-TAIL] pc=0x80019964 instr=0x8FB50024 v0=0x00000000 a0=0xFFFFFFFF a1=0x00008000 ra=0x80010EA4 sp=0x801FFFD0 f=0
[BLACKSCREEN][19844-TAIL] pc=0x80019968 instr=0x8FB40020 v0=0x00000000 a0=0xFFFFFFFF a1=0x00008000 ra=0x80010EA4 sp=0x801FFFD0 f=0
[BLACKSCREEN][19844-TAIL] pc=0x8001996C instr=0x8FB3001C v0=0x00000000 a0=0xFFFFFFFF a1=0x00008000 ra=0x80010EA4 sp=0x801FFFD0 f=0
[BLACKSCREEN][19844-TAIL] pc=0x80019970 instr=0x8FB20018 v0=0x00000000 a0=0xFFFFFFFF a1=0x00008000 ra=0x80010EA4 sp=0x801FFFD0 f=0
[BLACKSCREEN][19844-TAIL] pc=0x80019974 instr=0x8FB10014 v0=0x00000000 a0=0xFFFFFFFF a1=0x00008000 ra=0x80010EA4 sp=0x801FFFD0 f=0
[BLACKSCREEN][19844-TAIL] pc=0x80019978 instr=0x8FB00010 v0=0x00000000 a0=0xFFFFFFFF a1=0x00008000 ra=0x80010EA4 sp=0x801FFFD0 f=0
[BLACKSCREEN][19844-TAIL] pc=0x8001997C instr=0x27BD0030 v0=0x00000000 a0=0xFFFFFFFF a1=0x00008000 ra=0x80010EA4 sp=0x801FFFD0 f=0
[BLACKSCREEN][19844-TAIL] pc=0x80019980 instr=0x03E00008 v0=0x00000000 a0=0xFFFFFFFF a1=0x00008000 ra=0x80010EA4 sp=0x80200000 f=0
[BLACKSCREEN][19844-STATE] pc=0x80019980 v0=0x00000000 v1=0x1F801BD4 a0=0xFFFFFFFF a1=0x00008000 a0m0=0x00000000 a0m1=0x00000000 a1m0=0x00000000 a1m1=0x00000000 s0=0x00000000 s1=0x00000000 ra=0x80010EA4 c2a8=0x1F801814 c2ac=0x1F801110 t0=0x1C080000 t1=0x00000005 f=0
[BLACKSCREEN][INTERP] start=0x80019844 end=0x80019980 steps=54 reason=jr_ra target=0x80010EA4 ra=0x80010EA4 sp=0x80200000 f=0
[BLACKSCREEN] Alternate display entry 0x80019844 returned
[BLACKSCREEN] Enabling display pump fallback at 0x80019844
[BLACKSCREEN][INTERP] enter start=0x80019844 instr0=0x27BDFFD0 a0=0xFFFFFFFF ra=0x80010EA4 sp=0x80200000 f=0
[BLACKSCREEN][INTERP-RA] pre-save pc=0x80019890 sp=0x801FFFD0 ra=0x80010EA4 slot_before=0x80010EA4 f=0
[BLACKSCREEN][A65C-OVR] #2 f=0 ra=0x800198F8 sp=0x801FFFD0 a0=0x00000002 v0=0x00000006 timer=0x00000006
[BLACKSCREEN][A65C-OVR] #3 f=0 ra=0x800198F8 sp=0x801FFFD0 a0=0x00000002 v0=0x00000007 timer=0x00000007
[BLACKSCREEN][A65C-OVR] #4 f=0 ra=0x800198F8 sp=0x801FFFD0 a0=0x00000002 v0=0x00000008 timer=0x00000008
[BLACKSCREEN][A65C-OVR] #5 f=0 ra=0x800198F8 sp=0x801FFFD0 a0=0x00000002 v0=0x00000009 timer=0x00000009
[BLACKSCREEN][19844-TAIL] pc=0x80019958 instr=0x00001021 v0=0xFFFFFFFF a0=0x00000000 a1=0x00008000 ra=0x800198F8 sp=0x801FFFD0 f=0
[BLACKSCREEN][19844-STATE] pc=0x80019958 v0=0xFFFFFFFF v1=0x80032A24 a0=0x00000000 a1=0x00008000 a0m0=0x00000000 a0m1=0x00000000 a1m0=0x00000000 a1m1=0x00000000 s0=0xFFFFFFFF s1=0x00008000 ra=0x800198F8 c2a8=0x1F801814 c2ac=0x1F801110 t0=0x1C080000 t1=0x0000000A f=0
[BLACKSCREEN][INTERP-RA] pre-restore pc=0x8001995C sp=0x801FFFD0 ra=0x800198F8 slot_now=0x80010EA4 f=0
[BLACKSCREEN][19844-TAIL] pc=0x80019960 instr=0x8FB60028 v0=0x00000000 a0=0x00000000 a1=0x00008000 ra=0x80010EA4 sp=0x801FFFD0 f=0
[BLACKSCREEN][19844-STATE] pc=0x80019960 v0=0x00000000 v1=0x80032A24 a0=0x00000000 a1=0x00008000 a0m0=0x00000000 a0m1=0x00000000 a1m0=0x00000000 a1m1=0x00000000 s0=0xFFFFFFFF s1=0x00008000 ra=0x80010EA4 c2a8=0x1F801814 c2ac=0x1F801110 t0=0x1C080000 t1=0x0000000B f=0
[BLACKSCREEN][19844-TAIL] pc=0x80019964 instr=0x8FB50024 v0=0x00000000 a0=0x00000000 a1=0x00008000 ra=0x80010EA4 sp=0x801FFFD0 f=0
[BLACKSCREEN][19844-TAIL] pc=0x80019968 instr=0x8FB40020 v0=0x00000000 a0=0x00000000 a1=0x00008000 ra=0x80010EA4 sp=0x801FFFD0 f=0
[BLACKSCREEN][19844-TAIL] pc=0x8001996C instr=0x8FB3001C v0=0x00000000 a0=0x00000000 a1=0x00008000 ra=0x80010EA4 sp=0x801FFFD0 f=0
[BLACKSCREEN][19844-TAIL] pc=0x80019970 instr=0x8FB20018 v0=0x00000000 a0=0x00000000 a1=0x00008000 ra=0x80010EA4 sp=0x801FFFD0 f=0
[BLACKSCREEN][19844-TAIL] pc=0x80019974 instr=0x8FB10014 v0=0x00000000 a0=0x00000000 a1=0x00008000 ra=0x80010EA4 sp=0x801FFFD0 f=0
[BLACKSCREEN][19844-TAIL] pc=0x80019978 instr=0x8FB00010 v0=0x00000000 a0=0x00000000 a1=0x00008000 ra=0x80010EA4 sp=0x801FFFD0 f=0
[BLACKSCREEN][19844-TAIL] pc=0x8001997C instr=0x27BD0030 v0=0x00000000 a0=0x00000000 a1=0x00008000 ra=0x80010EA4 sp=0x801FFFD0 f=0
[BLACKSCREEN][19844-TAIL] pc=0x80019980 instr=0x03E00008 v0=0x00000000 a0=0x00000000 a1=0x00008000 ra=0x80010EA4 sp=0x80200000 f=0
[BLACKSCREEN][19844-STATE] pc=0x80019980 v0=0x00000000 v1=0x80032A24 a0=0x00000000 a1=0x00008000 a0m0=0x00000000 a0m1=0x00000000 a1m0=0x00000000 a1m1=0x00000000 s0=0x00000000 s1=0x00000000 ra=0x80010EA4 c2a8=0x1F801814 c2ac=0x1F801110 t0=0x1C080000 t1=0x0000000C f=0
[BLACKSCREEN][INTERP] start=0x80019844 end=0x80019980 steps=114 reason=jr_ra target=0x80010EA4 ra=0x80010EA4 sp=0x80200000 f=0
[BLACKSCREEN][NO-GPU-EVENT] #1 tag=main_present f=1 ra=0x80010EA4 sp=0x80200000
[BLACKSCREEN][NO-GPU-EVENT] chain 0x8001A65C 0x8001A65C 0x8001A65C 0x8001A65C 0x8001A65C 0x8001A65C 0x8001A65C 0x8001A65C 0x80019844 0x80015308 0x80015308 0x80015650
[BLACKSCREEN][RendererPresent] present=1 f=1 disp=(0,0 320x240) vis=320x240 uv=(0.000,0.000)-(1.000,1.000)
[frame 1]
[BLACKSCREEN][DISCOVER] callee=0x80019844 ra=0x80010EA4 f=1
[BLACKSCREEN][INTERP] enter start=0x80019844 instr0=0x27BDFFD0 a0=0x00000000 ra=0x80010EA4 sp=0x80200000 f=1
[BLACKSCREEN][INTERP-RA] pre-save pc=0x80019890 sp=0x801FFFD0 ra=0x80010EA4 slot_before=0x80010EA4 f=1
[BLACKSCREEN][A65C-CALLER] unique=1 ra=0x8001991C f=1
[BLACKSCREEN][DISCOVER] callee=0x8001A65C ra=0x8001991C f=1
[BLACKSCREEN][A65C-OVR] #6 f=1 ra=0x8001991C sp=0x801FFFD0 a0=0x00000000 v0=0x0000000D timer=0x0000000D
[BLACKSCREEN][A65C-OVR] #7 f=1 ra=0x8001991C sp=0x801FFFD0 a0=0x00000000 v0=0x0000000E timer=0x0000000E
[BLACKSCREEN][A65C-OVR] #8 f=1 ra=0x8001991C sp=0x801FFFD0 a0=0x00000000 v0=0x0000000F timer=0x0000000F
[BLACKSCREEN][A65C-OVR] #9 f=1 ra=0x8001991C sp=0x801FFFD0 a0=0x00000000 v0=0x00000010 timer=0x00000010
[BLACKSCREEN][19844-TAIL] pc=0x80019958 instr=0x00001021 v0=0xFFFFFFFF a0=0x00000000 a1=0x00008000 ra=0x8001991C sp=0x801FFFD0 f=1
[BLACKSCREEN][19844-STATE] pc=0x80019958 v0=0xFFFFFFFF v1=0x80032A24 a0=0x00000000 a1=0x00008000 a0m0=0x00000000 a0m1=0x00000000 a1m0=0x00000000 a1m1=0x00000000 s0=0xFFFFFFFF s1=0x00008000 ra=0x8001991C c2a8=0x1F801814 c2ac=0x1F801110 t0=0x1C080000 t1=0x00000011 f=1
[BLACKSCREEN][INTERP-RA] pre-restore pc=0x8001995C sp=0x801FFFD0 ra=0x8001991C slot_now=0x80010EA4 f=1
[BLACKSCREEN][19844-TAIL] pc=0x80019960 instr=0x8FB60028 v0=0x00000000 a0=0x00000000 a1=0x00008000 ra=0x80010EA4 sp=0x801FFFD0 f=1
[BLACKSCREEN][19844-STATE] pc=0x80019960 v0=0x00000000 v1=0x80032A24 a0=0x00000000 a1=0x00008000 a0m0=0x00000000 a0m1=0x00000000 a1m0=0x00000000 a1m1=0x00000000 s0=0xFFFFFFFF s1=0x00008000 ra=0x80010EA4 c2a8=0x1F801814 c2ac=0x1F801110 t0=0x1C080000 t1=0x00000012 f=1
[BLACKSCREEN][19844-TAIL] pc=0x80019964 instr=0x8FB50024 v0=0x00000000 a0=0x00000000 a1=0x00008000 ra=0x80010EA4 sp=0x801FFFD0 f=1
[BLACKSCREEN][19844-TAIL] pc=0x80019968 instr=0x8FB40020 v0=0x00000000 a0=0x00000000 a1=0x00008000 ra=0x80010EA4 sp=0x801FFFD0 f=1
[BLACKSCREEN][19844-TAIL] pc=0x8001996C instr=0x8FB3001C v0=0x00000000 a0=0x00000000 a1=0x00008000 ra=0x80010EA4 sp=0x801FFFD0 f=1
[BLACKSCREEN][19844-TAIL] pc=0x80019970 instr=0x8FB20018 v0=0x00000000 a0=0x00000000 a1=0x00008000 ra=0x80010EA4 sp=0x801FFFD0 f=1
[BLACKSCREEN][19844-TAIL] pc=0x80019974 instr=0x8FB10014 v0=0x00000000 a0=0x00000000 a1=0x00008000 ra=0x80010EA4 sp=0x801FFFD0 f=1
[BLACKSCREEN][19844-TAIL] pc=0x80019978 instr=0x8FB00010 v0=0x00000000 a0=0x00000000 a1=0x00008000 ra=0x80010EA4 sp=0x801FFFD0 f=1
[BLACKSCREEN][19844-TAIL] pc=0x8001997C instr=0x27BD0030 v0=0x00000000 a0=0x00000000 a1=0x00008000 ra=0x80010EA4 sp=0x801FFFD0 f=1
[BLACKSCREEN][19844-TAIL] pc=0x80019980 instr=0x03E00008 v0=0x00000000 a0=0x00000000 a1=0x00008000 ra=0x80010EA4 sp=0x80200000 f=1
[BLACKSCREEN][19844-STATE] pc=0x80019980 v0=0x00000000 v1=0x80032A24 a0=0x00000000 a1=0x00008000 a0m0=0x00000000 a0m1=0x00000000 a1m0=0x00000000 a1m1=0x00000000 s0=0x00000000 s1=0x00000000 ra=0x80010EA4 c2a8=0x1F801814 c2ac=0x1F801110 t0=0x1C080000 t1=0x00000013 f=1
[BLACKSCREEN][INTERP] start=0x80019844 end=0x80019980 steps=126 reason=jr_ra target=0x80010EA4 ra=0x80010EA4 sp=0x80200000 f=1
[BLACKSCREEN][NO-GPU-EVENT] #2 tag=main_present f=2 ra=0x80010EA4 sp=0x80200000
[BLACKSCREEN][NO-GPU-EVENT] chain 0x8001A65C 0x8001A65C 0x8001A65C 0x8001A65C 0x8001A65C 0x8001A65C 0x8001A65C 0x8001A65C 0x80019844 0x8001A65C 0x8001A65C 0x8001A65C
[BLACKSCREEN][RendererPresent] present=2 f=2 disp=(0,0 320x240) vis=320x240 uv=(0.000,0.000)-(1.000,1.000)
[frame 2]
[BLACKSCREEN][INTERP] enter start=0x80019844 instr0=0x27BDFFD0 a0=0x00000000 ra=0x80010EA4 sp=0x80200000 f=2
[BLACKSCREEN][INTERP-RA] pre-save pc=0x80019890 sp=0x801FFFD0 ra=0x80010EA4 slot_before=0x80010EA4 f=2
[BLACKSCREEN][A65C-OVR] #10 f=2 ra=0x8001991C sp=0x801FFFD0 a0=0x00000000 v0=0x00000014 timer=0x00000014
[BLACKSCREEN][A65C-OVR] #11 f=2 ra=0x8001991C sp=0x801FFFD0 a0=0x00000000 v0=0x00000015 timer=0x00000015
[BLACKSCREEN][A65C-OVR] #12 f=2 ra=0x8001991C sp=0x801FFFD0 a0=0x00000000 v0=0x00000016 timer=0x00000016
[BLACKSCREEN][A65C-OVR] #13 f=2 ra=0x8001991C sp=0x801FFFD0 a0=0x00000000 v0=0x00000017 timer=0x00000017
[BLACKSCREEN][19844-TAIL] pc=0x80019958 instr=0x00001021 v0=0xFFFFFFFF a0=0x00000000 a1=0x00008000 ra=0x8001991C sp=0x801FFFD0 f=2
[BLACKSCREEN][19844-STATE] pc=0x80019958 v0=0xFFFFFFFF v1=0x80032A24 a0=0x00000000 a1=0x00008000 a0m0=0x00000000 a0m1=0x00000000 a1m0=0x00000000 a1m1=0x00000000 s0=0xFFFFFFFF s1=0x00008000 ra=0x8001991C c2a8=0x1F801814 c2ac=0x1F801110 t0=0x1C080000 t1=0x00000018 f=2
[BLACKSCREEN][INTERP-RA] pre-restore pc=0x8001995C sp=0x801FFFD0 ra=0x8001991C slot_now=0x80010EA4 f=2
[BLACKSCREEN][19844-TAIL] pc=0x80019960 instr=0x8FB60028 v0=0x00000000 a0=0x00000000 a1=0x00008000 ra=0x80010EA4 sp=0x801FFFD0 f=2
[BLACKSCREEN][19844-STATE] pc=0x80019960 v0=0x00000000 v1=0x80032A24 a0=0x00000000 a1=0x00008000 a0m0=0x00000000 a0m1=0x00000000 a1m0=0x00000000 a1m1=0x00000000 s0=0xFFFFFFFF s1=0x00008000 ra=0x80010EA4 c2a8=0x1F801814 c2ac=0x1F801110 t0=0x1C080000 t1=0x00000019 f=2
[BLACKSCREEN][19844-TAIL] pc=0x80019964 instr=0x8FB50024 v0=0x00000000 a0=0x00000000 a1=0x00008000 ra=0x80010EA4 sp=0x801FFFD0 f=2
[BLACKSCREEN][19844-TAIL] pc=0x80019968 instr=0x8FB40020 v0=0x00000000 a0=0x00000000 a1=0x00008000 ra=0x80010EA4 sp=0x801FFFD0 f=2
[BLACKSCREEN][19844-TAIL] pc=0x8001996C instr=0x8FB3001C v0=0x00000000 a0=0x00000000 a1=0x00008000 ra=0x80010EA4 sp=0x801FFFD0 f=2
[BLACKSCREEN][19844-TAIL] pc=0x80019970 instr=0x8FB20018 v0=0x00000000 a0=0x00000000 a1=0x00008000 ra=0x80010EA4 sp=0x801FFFD0 f=2
[BLACKSCREEN][19844-TAIL] pc=0x80019974 instr=0x8FB10014 v0=0x00000000 a0=0x00000000 a1=0x00008000 ra=0x80010EA4 sp=0x801FFFD0 f=2
[BLACKSCREEN][19844-TAIL] pc=0x80019978 instr=0x8FB00010 v0=0x00000000 a0=0x00000000 a1=0x00008000 ra=0x80010EA4 sp=0x801FFFD0 f=2
[BLACKSCREEN][19844-TAIL] pc=0x8001997C instr=0x27BD0030 v0=0x00000000 a0=0x00000000 a1=0x00008000 ra=0x80010EA4 sp=0x801FFFD0 f=2
[BLACKSCREEN][19844-TAIL] pc=0x80019980 instr=0x03E00008 v0=0x00000000 a0=0x00000000 a1=0x00008000 ra=0x80010EA4 sp=0x80200000 f=2
[BLACKSCREEN][19844-STATE] pc=0x80019980 v0=0x00000000 v1=0x80032A24 a0=0x00000000 a1=0x00008000 a0m0=0x00000000 a0m1=0x00000000 a1m0=0x00000000 a1m1=0x00000000 s0=0x00000000 s1=0x00000000 ra=0x80010EA4 c2a8=0x1F801814 c2ac=0x1F801110 t0=0x1C080000 t1=0x0000001A f=2
[BLACKSCREEN][INTERP] start=0x80019844 end=0x80019980 steps=126 reason=jr_ra target=0x80010EA4 ra=0x80010EA4 sp=0x80200000 f=2
[BLACKSCREEN][NO-GPU-EVENT] #3 tag=main_present f=3 ra=0x80010EA4 sp=0x80200000
[BLACKSCREEN][NO-GPU-EVENT] chain 0x8001A65C 0x8001A65C 0x8001A65C 0x8001A65C 0x8001A65C 0x8001A65C 0x8001A65C 0x8001A65C 0x80019844 0x8001A65C 0x8001A65C 0x8001A65C
[BLACKSCREEN][RendererPresent] present=3 f=3 disp=(0,0 320x240) vis=320x240 uv=(0.000,0.000)-(1.000,1.000)
[frame 3]
[BLACKSCREEN][INTERP] enter start=0x80019844 instr0=0x27BDFFD0 a0=0x00000000 ra=0x80010EA4 sp=0x80200000 f=3
[BLACKSCREEN][INTERP-RA] pre-save pc=0x80019890 sp=0x801FFFD0 ra=0x80010EA4 slot_before=0x80010EA4 f=3
[BLACKSCREEN][A65C-OVR] #14 f=3 ra=0x8001991C sp=0x801FFFD0 a0=0x00000000 v0=0x0000001B timer=0x0000001B
[BLACKSCREEN][A65C-OVR] #15 f=3 ra=0x8001991C sp=0x801FFFD0 a0=0x00000000 v0=0x0000001C timer=0x0000001C
[BLACKSCREEN][A65C-OVR] #16 f=3 ra=0x8001991C sp=0x801FFFD0 a0=0x00000000 v0=0x0000001D timer=0x0000001D
[BLACKSCREEN][A65C-OVR] #17 f=3 ra=0x8001991C sp=0x801FFFD0 a0=0x00000000 v0=0x0000001E timer=0x0000001E
[BLACKSCREEN][19844-TAIL] pc=0x80019958 instr=0x00001021 v0=0xFFFFFFFF a0=0x00000000 a1=0x00008000 ra=0x8001991C sp=0x801FFFD0 f=3
[BLACKSCREEN][19844-STATE] pc=0x80019958 v0=0xFFFFFFFF v1=0x80032A24 a0=0x00000000 a1=0x00008000 a0m0=0x00000000 a0m1=0x00000000 a1m0=0x00000000 a1m1=0x00000000 s0=0xFFFFFFFF s1=0x00008000 ra=0x8001991C c2a8=0x1F801814 c2ac=0x1F801110 t0=0x1C080000 t1=0x0000001F f=3
[BLACKSCREEN][INTERP-RA] pre-restore pc=0x8001995C sp=0x801FFFD0 ra=0x8001991C slot_now=0x80010EA4 f=3
[BLACKSCREEN][19844-TAIL] pc=0x80019960 instr=0x8FB60028 v0=0x00000000 a0=0x00000000 a1=0x00008000 ra=0x80010EA4 sp=0x801FFFD0 f=3
[BLACKSCREEN][19844-STATE] pc=0x80019960 v0=0x00000000 v1=0x80032A24 a0=0x00000000 a1=0x00008000 a0m0=0x00000000 a0m1=0x00000000 a1m0=0x00000000 a1m1=0x00000000 s0=0xFFFFFFFF s1=0x00008000 ra=0x80010EA4 c2a8=0x1F801814 c2ac=0x1F801110 t0=0x1C080000 t1=0x00000020 f=3
[BLACKSCREEN][19844-TAIL] pc=0x80019964 instr=0x8FB50024 v0=0x00000000 a0=0x00000000 a1=0x00008000 ra=0x80010EA4 sp=0x801FFFD0 f=3
[BLACKSCREEN][19844-TAIL] pc=0x80019968 instr=0x8FB40020 v0=0x00000000 a0=0x00000000 a1=0x00008000 ra=0x80010EA4 sp=0x801FFFD0 f=3
[BLACKSCREEN][19844-TAIL] pc=0x8001996C instr=0x8FB3001C v0=0x00000000 a0=0x00000000 a1=0x00008000 ra=0x80010EA4 sp=0x801FFFD0 f=3
[BLACKSCREEN][19844-TAIL] pc=0x80019970 instr=0x8FB20018 v0=0x00000000 a0=0x00000000 a1=0x00008000 ra=0x80010EA4 sp=0x801FFFD0 f=3
[BLACKSCREEN][19844-TAIL] pc=0x80019974 instr=0x8FB10014 v0=0x00000000 a0=0x00000000 a1=0x00008000 ra=0x80010EA4 sp=0x801FFFD0 f=3
[BLACKSCREEN][19844-TAIL] pc=0x80019978 instr=0x8FB00010 v0=0x00000000 a0=0x00000000 a1=0x00008000 ra=0x80010EA4 sp=0x801FFFD0 f=3
[BLACKSCREEN][19844-TAIL] pc=0x8001997C instr=0x27BD0030 v0=0x00000000 a0=0x00000000 a1=0x00008000 ra=0x80010EA4 sp=0x801FFFD0 f=3
[BLACKSCREEN][19844-TAIL] pc=0x80019980 instr=0x03E00008 v0=0x00000000 a0=0x00000000 a1=0x00008000 ra=0x80010EA4 sp=0x80200000 f=3
[BLACKSCREEN][19844-STATE] pc=0x80019980 v0=0x00000000 v1=0x80032A24 a0=0x00000000 a1=0x00008000 a0m0=0x00000000 a0m1=0x00000000 a1m0=0x00000000 a1m1=0x00000000 s0=0x00000000 s1=0x00000000 ra=0x80010EA4 c2a8=0x1F801814 c2ac=0x1F801110 t0=0x1C080000 t1=0x00000021 f=3
[BLACKSCREEN][INTERP] start=0x80019844 end=0x80019980 steps=126 reason=jr_ra target=0x80010EA4 ra=0x80010EA4 sp=0x80200000 f=3
[BLACKSCREEN][NO-GPU-EVENT] #4 tag=main_present f=4 ra=0x80010EA4 sp=0x80200000
[BLACKSCREEN][NO-GPU-EVENT] chain 0x8001A65C 0x8001A65C 0x8001A65C 0x8001A65C 0x8001A65C 0x8001A65C 0x8001A65C 0x8001A65C 0x80019844 0x8001A65C 0x8001A65C 0x8001A65C
[BLACKSCREEN][RendererPresent] present=4 f=4 disp=(0,0 320x240) vis=320x240 uv=(0.000,0.000)-(1.000,1.000)
[frame 4]
[BLACKSCREEN][INTERP] enter start=0x80019844 instr0=0x27BDFFD0 a0=0x00000000 ra=0x80010EA4 sp=0x80200000 f=4
[BLACKSCREEN][INTERP-RA] pre-save pc=0x80019890 sp=0x801FFFD0 ra=0x80010EA4 slot_before=0x80010EA4 f=4
[BLACKSCREEN][A65C-OVR] #18 f=4 ra=0x8001991C sp=0x801FFFD0 a0=0x00000000 v0=0x00000022 timer=0x00000022
[BLACKSCREEN][A65C-OVR] #19 f=4 ra=0x8001991C sp=0x801FFFD0 a0=0x00000000 v0=0x00000023 timer=0x00000023
[BLACKSCREEN][A65C-OVR] #20 f=4 ra=0x8001991C sp=0x801FFFD0 a0=0x00000000 v0=0x00000024 timer=0x00000024
[BLACKSCREEN][A65C-OVR] #21 f=4 ra=0x8001991C sp=0x801FFFD0 a0=0x00000000 v0=0x00000025 timer=0x00000025
[BLACKSCREEN][19844-TAIL] pc=0x80019958 instr=0x00001021 v0=0xFFFFFFFF a0=0x00000000 a1=0x00008000 ra=0x8001991C sp=0x801FFFD0 f=4
[BLACKSCREEN][19844-STATE] pc=0x80019958 v0=0xFFFFFFFF v1=0x80032A24 a0=0x00000000 a1=0x00008000 a0m0=0x00000000 a0m1=0x00000000 a1m0=0x00000000 a1m1=0x00000000 s0=0xFFFFFFFF s1=0x00008000 ra=0x8001991C c2a8=0x1F801814 c2ac=0x1F801110 t0=0x1C080000 t1=0x00000026 f=4
[BLACKSCREEN][INTERP-RA] pre-restore pc=0x8001995C sp=0x801FFFD0 ra=0x8001991C slot_now=0x80010EA4 f=4
[BLACKSCREEN][19844-TAIL] pc=0x80019960 instr=0x8FB60028 v0=0x00000000 a0=0x00000000 a1=0x00008000 ra=0x80010EA4 sp=0x801FFFD0 f=4
[BLACKSCREEN][19844-STATE] pc=0x80019960 v0=0x00000000 v1=0x80032A24 a0=0x00000000 a1=0x00008000 a0m0=0x00000000 a0m1=0x00000000 a1m0=0x00000000 a1m1=0x00000000 s0=0xFFFFFFFF s1=0x00008000 ra=0x80010EA4 c2a8=0x1F801814 c2ac=0x1F801110 t0=0x1C080000 t1=0x00000027 f=4
[BLACKSCREEN][19844-TAIL] pc=0x80019964 instr=0x8FB50024 v0=0x00000000 a0=0x00000000 a1=0x00008000 ra=0x80010EA4 sp=0x801FFFD0 f=4
[BLACKSCREEN][19844-TAIL] pc=0x80019968 instr=0x8FB40020 v0=0x00000000 a0=0x00000000 a1=0x00008000 ra=0x80010EA4 sp=0x801FFFD0 f=4
[BLACKSCREEN][19844-TAIL] pc=0x8001996C instr=0x8FB3001C v0=0x00000000 a0=0x00000000 a1=0x00008000 ra=0x80010EA4 sp=0x801FFFD0 f=4
[BLACKSCREEN][19844-TAIL] pc=0x80019970 instr=0x8FB20018 v0=0x00000000 a0=0x00000000 a1=0x00008000 ra=0x80010EA4 sp=0x801FFFD0 f=4
[BLACKSCREEN][19844-TAIL] pc=0x80019974 instr=0x8FB10014 v0=0x00000000 a0=0x00000000 a1=0x00008000 ra=0x80010EA4 sp=0x801FFFD0 f=4
[BLACKSCREEN][19844-TAIL] pc=0x80019978 instr=0x8FB00010 v0=0x00000000 a0=0x00000000 a1=0x00008000 ra=0x80010EA4 sp=0x801FFFD0 f=4
[BLACKSCREEN][19844-TAIL] pc=0x8001997C instr=0x27BD0030 v0=0x00000000 a0=0x00000000 a1=0x00008000 ra=0x80010EA4 sp=0x801FFFD0 f=4
[BLACKSCREEN][19844-TAIL] pc=0x80019980 instr=0x03E00008 v0=0x00000000 a0=0x00000000 a1=0x00008000 ra=0x80010EA4 sp=0x80200000 f=4
[BLACKSCREEN][19844-STATE] pc=0x80019980 v0=0x00000000 v1=0x80032A24 a0=0x00000000 a1=0x00008000 a0m0=0x00000000 a0m1=0x00000000 a1m0=0x00000000 a1m1=0x00000000 s0=0x00000000 s1=0x00000000 ra=0x80010EA4 c2a8=0x1F801814 c2ac=0x1F801110 t0=0x1C080000 t1=0x00000028 f=4
[BLACKSCREEN][INTERP] start=0x80019844 end=0x80019980 steps=126 reason=jr_ra target=0x80010EA4 ra=0x80010EA4 sp=0x80200000 f=4
[BLACKSCREEN][NO-GPU-EVENT] #5 tag=main_present f=5 ra=0x80010EA4 sp=0x80200000
[BLACKSCREEN][NO-GPU-EVENT] chain 0x8001A65C 0x8001A65C 0x8001A65C 0x8001A65C 0x8001A65C 0x8001A65C 0x8001A65C 0x8001A65C 0x80019844 0x8001A65C 0x8001A65C 0x8001A65C
[BLACKSCREEN][RendererPresent] present=5 f=5 disp=(0,0 320x240) vis=320x240 uv=(0.000,0.000)-(1.000,1.000)
[frame 5]
[BLACKSCREEN][INTERP] enter start=0x80019844 instr0=0x27BDFFD0 a0=0x00000000 ra=0x80010EA4 sp=0x80200000 f=5
[BLACKSCREEN][INTERP-RA] pre-save pc=0x80019890 sp=0x801FFFD0 ra=0x80010EA4 slot_before=0x80010EA4 f=5
[BLACKSCREEN][A65C-OVR] #22 f=5 ra=0x8001991C sp=0x801FFFD0 a0=0x00000000 v0=0x00000029 timer=0x00000029
[BLACKSCREEN][A65C-OVR] #23 f=5 ra=0x8001991C sp=0x801FFFD0 a0=0x00000000 v0=0x0000002A timer=0x0000002A
[BLACKSCREEN][A65C-OVR] #24 f=5 ra=0x8001991C sp=0x801FFFD0 a0=0x00000000 v0=0x0000002B timer=0x0000002B
[BLACKSCREEN][A65C-OVR] #25 f=5 ra=0x8001991C sp=0x801FFFD0 a0=0x00000000 v0=0x0000002C timer=0x0000002C
[BLACKSCREEN][19844-TAIL] pc=0x80019958 instr=0x00001021 v0=0xFFFFFFFF a0=0x00000000 a1=0x00008000 ra=0x8001991C sp=0x801FFFD0 f=5
[BLACKSCREEN][19844-STATE] pc=0x80019958 v0=0xFFFFFFFF v1=0x80032A24 a0=0x00000000 a1=0x00008000 a0m0=0x00000000 a0m1=0x00000000 a1m0=0x00000000 a1m1=0x00000000 s0=0xFFFFFFFF s1=0x00008000 ra=0x8001991C c2a8=0x1F801814 c2ac=0x1F801110 t0=0x1C080000 t1=0x0000002D f=5
[BLACKSCREEN][INTERP-RA] pre-restore pc=0x8001995C sp=0x801FFFD0 ra=0x8001991C slot_now=0x80010EA4 f=5
[BLACKSCREEN][19844-TAIL] pc=0x80019960 instr=0x8FB60028 v0=0x00000000 a0=0x00000000 a1=0x00008000 ra=0x80010EA4 sp=0x801FFFD0 f=5
[BLACKSCREEN][19844-STATE] pc=0x80019960 v0=0x00000000 v1=0x80032A24 a0=0x00000000 a1=0x00008000 a0m0=0x00000000 a0m1=0x00000000 a1m0=0x00000000 a1m1=0x00000000 s0=0xFFFFFFFF s1=0x00008000 ra=0x80010EA4 c2a8=0x1F801814 c2ac=0x1F801110 t0=0x1C080000 t1=0x0000002E f=5
[BLACKSCREEN][19844-STATE] pc=0x80019980 v0=0x00000000 v1=0x80032A24 a0=0x00000000 a1=0x00008000 a0m0=0x00000000 a0m1=0x00000000 a1m0=0x00000000 a1m1=0x00000000 s0=0x00000000 s1=0x00000000 ra=0x80010EA4 c2a8=0x1F801814 c2ac=0x1F801110 t0=0x1C080000 t1=0x0000002F f=5
[BLACKSCREEN][INTERP] start=0x80019844 end=0x80019980 steps=126 reason=jr_ra target=0x80010EA4 ra=0x80010EA4 sp=0x80200000 f=5
[BLACKSCREEN][NO-GPU-EVENT] #6 tag=main_present f=6 ra=0x80010EA4 sp=0x80200000
[BLACKSCREEN][NO-GPU-EVENT] chain 0x8001A65C 0x8001A65C 0x8001A65C 0x8001A65C 0x8001A65C 0x8001A65C 0x8001A65C 0x8001A65C 0x80019844 0x8001A65C 0x8001A65C 0x8001A65C
[BLACKSCREEN][RendererPresent] present=6 f=6 disp=(0,0 320x240) vis=320x240 uv=(0.000,0.000)-(1.000,1.000)
[BLACKSCREEN][INTERP] enter start=0x80019844 instr0=0x27BDFFD0 a0=0x00000000 ra=0x80010EA4 sp=0x80200000 f=6
[BLACKSCREEN][INTERP-RA] pre-save pc=0x80019890 sp=0x801FFFD0 ra=0x80010EA4 slot_before=0x80010EA4 f=6
[BLACKSCREEN][A65C-OVR] #26 f=6 ra=0x8001991C sp=0x801FFFD0 a0=0x00000000 v0=0x00000030 timer=0x00000030
[BLACKSCREEN][A65C-OVR] #27 f=6 ra=0x8001991C sp=0x801FFFD0 a0=0x00000000 v0=0x00000031 timer=0x00000031
[BLACKSCREEN][A65C-OVR] #28 f=6 ra=0x8001991C sp=0x801FFFD0 a0=0x00000000 v0=0x00000032 timer=0x00000032
[BLACKSCREEN][A65C-OVR] #29 f=6 ra=0x8001991C sp=0x801FFFD0 a0=0x00000000 v0=0x00000033 timer=0x00000033
[BLACKSCREEN][19844-STATE] pc=0x80019958 v0=0xFFFFFFFF v1=0x80032A24 a0=0x00000000 a1=0x00008000 a0m0=0x00000000 a0m1=0x00000000 a1m0=0x00000000 a1m1=0x00000000 s0=0xFFFFFFFF s1=0x00008000 ra=0x8001991C c2a8=0x1F801814 c2ac=0x1F801110 t0=0x1C080000 t1=0x00000034 f=6
[BLACKSCREEN][INTERP-RA] pre-restore pc=0x8001995C sp=0x801FFFD0 ra=0x8001991C slot_now=0x80010EA4 f=6
[BLACKSCREEN][19844-STATE] pc=0x80019960 v0=0x00000000 v1=0x80032A24 a0=0x00000000 a1=0x00008000 a0m0=0x00000000 a0m1=0x00000000 a1m0=0x00000000 a1m1=0x00000000 s0=0xFFFFFFFF s1=0x00008000 ra=0x80010EA4 c2a8=0x1F801814 c2ac=0x1F801110 t0=0x1C080000 t1=0x00000035 f=6
[BLACKSCREEN][19844-STATE] pc=0x80019980 v0=0x00000000 v1=0x80032A24 a0=0x00000000 a1=0x00008000 a0m0=0x00000000 a0m1=0x00000000 a1m0=0x00000000 a1m1=0x00000000 s0=0x00000000 s1=0x00000000 ra=0x80010EA4 c2a8=0x1F801814 c2ac=0x1F801110 t0=0x1C080000 t1=0x00000036 f=6
[BLACKSCREEN][INTERP] start=0x80019844 end=0x80019980 steps=126 reason=jr_ra target=0x80010EA4 ra=0x80010EA4 sp=0x80200000 f=6
[BLACKSCREEN][NO-GPU-EVENT] #7 tag=main_present f=7 ra=0x80010EA4 sp=0x80200000
[BLACKSCREEN][NO-GPU-EVENT] chain 0x8001A65C 0x8001A65C 0x8001A65C 0x8001A65C 0x8001A65C 0x8001A65C 0x8001A65C 0x8001A65C 0x80019844 0x8001A65C 0x8001A65C 0x8001A65C
[BLACKSCREEN][RendererPresent] present=7 f=7 disp=(0,0 320x240) vis=320x240 uv=(0.000,0.000)-(1.000,1.000)
[BLACKSCREEN][INTERP] enter start=0x80019844 instr0=0x27BDFFD0 a0=0x00000000 ra=0x80010EA4 sp=0x80200000 f=7
[BLACKSCREEN][INTERP-RA] pre-save pc=0x80019890 sp=0x801FFFD0 ra=0x80010EA4 slot_before=0x80010EA4 f=7
[BLACKSCREEN][A65C-OVR] #30 f=7 ra=0x8001991C sp=0x801FFFD0 a0=0x00000000 v0=0x00000037 timer=0x00000037
[BLACKSCREEN][A65C-OVR] #31 f=7 ra=0x8001991C sp=0x801FFFD0 a0=0x00000000 v0=0x00000038 timer=0x00000038
[BLACKSCREEN][A65C-OVR] #32 f=7 ra=0x8001991C sp=0x801FFFD0 a0=0x00000000 v0=0x00000039 timer=0x00000039
[BLACKSCREEN][A65C-OVR] #33 f=7 ra=0x8001991C sp=0x801FFFD0 a0=0x00000000 v0=0x0000003A timer=0x0000003A
[BLACKSCREEN][19844-STATE] pc=0x80019958 v0=0xFFFFFFFF v1=0x80032A24 a0=0x00000000 a1=0x00008000 a0m0=0x00000000 a0m1=0x00000000 a1m0=0x00000000 a1m1=0x00000000 s0=0xFFFFFFFF s1=0x00008000 ra=0x8001991C c2a8=0x1F801814 c2ac=0x1F801110 t0=0x1C080000 t1=0x0000003B f=7
[BLACKSCREEN][INTERP-RA] pre-restore pc=0x8001995C sp=0x801FFFD0 ra=0x8001991C slot_now=0x80010EA4 f=7
[BLACKSCREEN][19844-STATE] pc=0x80019960 v0=0x00000000 v1=0x80032A24 a0=0x00000000 a1=0x00008000 a0m0=0x00000000 a0m1=0x00000000 a1m0=0x00000000 a1m1=0x00000000 s0=0xFFFFFFFF s1=0x00008000 ra=0x80010EA4 c2a8=0x1F801814 c2ac=0x1F801110 t0=0x1C080000 t1=0x0000003C f=7
[BLACKSCREEN][19844-STATE] pc=0x80019980 v0=0x00000000 v1=0x80032A24 a0=0x00000000 a1=0x00008000 a0m0=0x00000000 a0m1=0x00000000 a1m0=0x00000000 a1m1=0x00000000 s0=0x00000000 s1=0x00000000 ra=0x80010EA4 c2a8=0x1F801814 c2ac=0x1F801110 t0=0x1C080000 t1=0x0000003D f=7
[BLACKSCREEN][INTERP] start=0x80019844 end=0x80019980 steps=126 reason=jr_ra target=0x80010EA4 ra=0x80010EA4 sp=0x80200000 f=7
[BLACKSCREEN][NO-GPU-EVENT] #8 tag=main_present f=8 ra=0x80010EA4 sp=0x80200000
[BLACKSCREEN][NO-GPU-EVENT] chain 0x8001A65C 0x8001A65C 0x8001A65C 0x8001A65C 0x8001A65C 0x8001A65C 0x8001A65C 0x8001A65C 0x80019844 0x8001A65C 0x8001A65C 0x8001A65C
[BLACKSCREEN][RendererPresent] present=8 f=8 disp=(0,0 320x240) vis=320x240 uv=(0.000,0.000)-(1.000,1.000)
[BLACKSCREEN][INTERP] enter start=0x80019844 instr0=0x27BDFFD0 a0=0x00000000 ra=0x80010EA4 sp=0x80200000 f=8
[BLACKSCREEN][INTERP-RA] pre-save pc=0x80019890 sp=0x801FFFD0 ra=0x80010EA4 slot_before=0x80010EA4 f=8
[BLACKSCREEN][A65C-OVR] #34 f=8 ra=0x8001991C sp=0x801FFFD0 a0=0x00000000 v0=0x0000003E timer=0x0000003E
[BLACKSCREEN][A65C-OVR] #35 f=8 ra=0x8001991C sp=0x801FFFD0 a0=0x00000000 v0=0x0000003F timer=0x0000003F
[BLACKSCREEN][A65C-OVR] #36 f=8 ra=0x8001991C sp=0x801FFFD0 a0=0x00000000 v0=0x00000040 timer=0x00000040
[BLACKSCREEN][A65C-OVR] #37 f=8 ra=0x8001991C sp=0x801FFFD0 a0=0x00000000 v0=0x00000041 timer=0x00000041
[BLACKSCREEN][19844-STATE] pc=0x80019958 v0=0xFFFFFFFF v1=0x80032A24 a0=0x00000000 a1=0x00008000 a0m0=0x00000000 a0m1=0x00000000 a1m0=0x00000000 a1m1=0x00000000 s0=0xFFFFFFFF s1=0x00008000 ra=0x8001991C c2a8=0x1F801814 c2ac=0x1F801110 t0=0x1C080000 t1=0x00000042 f=8
[BLACKSCREEN][INTERP-RA] pre-restore pc=0x8001995C sp=0x801FFFD0 ra=0x8001991C slot_now=0x80010EA4 f=8
[BLACKSCREEN][19844-STATE] pc=0x80019960 v0=0x00000000 v1=0x80032A24 a0=0x00000000 a1=0x00008000 a0m0=0x00000000 a0m1=0x00000000 a1m0=0x00000000 a1m1=0x00000000 s0=0xFFFFFFFF s1=0x00008000 ra=0x80010EA4 c2a8=0x1F801814 c2ac=0x1F801110 t0=0x1C080000 t1=0x00000043 f=8
[BLACKSCREEN][19844-STATE] pc=0x80019980 v0=0x00000000 v1=0x80032A24 a0=0x00000000 a1=0x00008000 a0m0=0x00000000 a0m1=0x00000000 a1m0=0x00000000 a1m1=0x00000000 s0=0x00000000 s1=0x00000000 ra=0x80010EA4 c2a8=0x1F801814 c2ac=0x1F801110 t0=0x1C080000 t1=0x00000044 f=8
[BLACKSCREEN][INTERP] start=0x80019844 end=0x80019980 steps=126 reason=jr_ra target=0x80010EA4 ra=0x80010EA4 sp=0x80200000 f=8
[BLACKSCREEN][NO-GPU-EVENT] #9 tag=main_present f=9 ra=0x80010EA4 sp=0x80200000
[BLACKSCREEN][NO-GPU-EVENT] chain 0x8001A65C 0x8001A65C 0x8001A65C 0x8001A65C 0x8001A65C 0x8001A65C 0x8001A65C 0x8001A65C 0x80019844 0x8001A65C 0x8001A65C 0x8001A65C
[BLACKSCREEN][RendererPresent] present=9 f=9 disp=(0,0 320x240) vis=320x240 uv=(0.000,0.000)-(1.000,1.000)
[BLACKSCREEN][INTERP] enter start=0x80019844 instr0=0x27BDFFD0 a0=0x00000000 ra=0x80010EA4 sp=0x80200000 f=9
[BLACKSCREEN][INTERP-RA] pre-save pc=0x80019890 sp=0x801FFFD0 ra=0x80010EA4 slot_before=0x80010EA4 f=9
[BLACKSCREEN][A65C-OVR] #38 f=9 ra=0x8001991C sp=0x801FFFD0 a0=0x00000000 v0=0x00000045 timer=0x00000045
[BLACKSCREEN][A65C-OVR] #39 f=9 ra=0x8001991C sp=0x801FFFD0 a0=0x00000000 v0=0x00000046 timer=0x00000046
[BLACKSCREEN][A65C-OVR] #40 f=9 ra=0x8001991C sp=0x801FFFD0 a0=0x00000000 v0=0x00000047 timer=0x00000047
[BLACKSCREEN][19844-STATE] pc=0x80019958 v0=0xFFFFFFFF v1=0x80032A24 a0=0x00000000 a1=0x00008000 a0m0=0x00000000 a0m1=0x00000000 a1m0=0x00000000 a1m1=0x00000000 s0=0xFFFFFFFF s1=0x00008000 ra=0x8001991C c2a8=0x1F801814 c2ac=0x1F801110 t0=0x1C080000 t1=0x00000049 f=9
[BLACKSCREEN][INTERP-RA] pre-restore pc=0x8001995C sp=0x801FFFD0 ra=0x8001991C slot_now=0x80010EA4 f=9
[BLACKSCREEN][19844-STATE] pc=0x80019960 v0=0x00000000 v1=0x80032A24 a0=0x00000000 a1=0x00008000 a0m0=0x00000000 a0m1=0x00000000 a1m0=0x00000000 a1m1=0x00000000 s0=0xFFFFFFFF s1=0x00008000 ra=0x80010EA4 c2a8=0x1F801814 c2ac=0x1F801110 t0=0x1C080000 t1=0x0000004A f=9
[BLACKSCREEN][19844-STATE] pc=0x80019980 v0=0x00000000 v1=0x80032A24 a0=0x00000000 a1=0x00008000 a0m0=0x00000000 a0m1=0x00000000 a1m0=0x00000000 a1m1=0x00000000 s0=0x00000000 s1=0x00000000 ra=0x80010EA4 c2a8=0x1F801814 c2ac=0x1F801110 t0=0x1C080000 t1=0x0000004B f=9
[BLACKSCREEN][INTERP] start=0x80019844 end=0x80019980 steps=126 reason=jr_ra target=0x80010EA4 ra=0x80010EA4 sp=0x80200000 f=9
[BLACKSCREEN][NO-GPU-EVENT] #10 tag=main_present f=10 ra=0x80010EA4 sp=0x80200000
[BLACKSCREEN][NO-GPU-EVENT] chain 0x8001A65C 0x8001A65C 0x8001A65C 0x8001A65C 0x8001A65C 0x8001A65C 0x8001A65C 0x8001A65C 0x80019844 0x8001A65C 0x8001A65C 0x8001A65C
[BLACKSCREEN][RendererPresent] present=10 f=10 disp=(0,0 320x240) vis=320x240 uv=(0.000,0.000)-(1.000,1.000)
[BLACKSCREEN][INTERP] enter start=0x80019844 instr0=0x27BDFFD0 a0=0x00000000 ra=0x80010EA4 sp=0x80200000 f=10
[BLACKSCREEN][INTERP-RA] pre-save pc=0x80019890 sp=0x801FFFD0 ra=0x80010EA4 slot_before=0x80010EA4 f=10
[BLACKSCREEN][19844-STATE] pc=0x80019958 v0=0xFFFFFFFF v1=0x80032A24 a0=0x00000000 a1=0x00008000 a0m0=0x00000000 a0m1=0x00000000 a1m0=0x00000000 a1m1=0x00000000 s0=0xFFFFFFFF s1=0x00008000 ra=0x8001991C c2a8=0x1F801814 c2ac=0x1F801110 t0=0x1C080000 t1=0x00000050 f=10
[BLACKSCREEN][INTERP-RA] pre-restore pc=0x8001995C sp=0x801FFFD0 ra=0x8001991C slot_now=0x80010EA4 f=10
[BLACKSCREEN][19844-STATE] pc=0x80019960 v0=0x00000000 v1=0x80032A24 a0=0x00000000 a1=0x00008000 a0m0=0x00000000 a0m1=0x00000000 a1m0=0x00000000 a1m1=0x00000000 s0=0xFFFFFFFF s1=0x00008000 ra=0x80010EA4 c2a8=0x1F801814 c2ac=0x1F801110 t0=0x1C080000 t1=0x00000051 f=10
[BLACKSCREEN][19844-STATE] pc=0x80019980 v0=0x00000000 v1=0x80032A24 a0=0x00000000 a1=0x00008000 a0m0=0x00000000 a0m1=0x00000000 a1m0=0x00000000 a1m1=0x00000000 s0=0x00000000 s1=0x00000000 ra=0x80010EA4 c2a8=0x1F801814 c2ac=0x1F801110 t0=0x1C080000 t1=0x00000052 f=10
[BLACKSCREEN][INTERP] start=0x80019844 end=0x80019980 steps=126 reason=jr_ra target=0x80010EA4 ra=0x80010EA4 sp=0x80200000 f=10
[BLACKSCREEN][NO-GPU-EVENT] #11 tag=main_present f=11 ra=0x80010EA4 sp=0x80200000
[BLACKSCREEN][NO-GPU-EVENT] chain 0x8001A65C 0x8001A65C 0x8001A65C 0x8001A65C 0x8001A65C 0x8001A65C 0x8001A65C 0x8001A65C 0x80019844 0x8001A65C 0x8001A65C 0x8001A65C
[BLACKSCREEN][RendererPresent] present=11 f=11 disp=(0,0 320x240) vis=320x240 uv=(0.000,0.000)-(1.000,1.000)
[BLACKSCREEN][INTERP] enter start=0x80019844 instr0=0x27BDFFD0 a0=0x00000000 ra=0x80010EA4 sp=0x80200000 f=11
[BLACKSCREEN][INTERP-RA] pre-save pc=0x80019890 sp=0x801FFFD0 ra=0x80010EA4 slot_before=0x80010EA4 f=11
[BLACKSCREEN][19844-STATE] pc=0x80019958 v0=0xFFFFFFFF v1=0x80032A24 a0=0x00000000 a1=0x00008000 a0m0=0x00000000 a0m1=0x00000000 a1m0=0x00000000 a1m1=0x00000000 s0=0xFFFFFFFF s1=0x00008000 ra=0x8001991C c2a8=0x1F801814 c2ac=0x1F801110 t0=0x1C080000 t1=0x00000057 f=11
[BLACKSCREEN][INTERP-RA] pre-restore pc=0x8001995C sp=0x801FFFD0 ra=0x8001991C slot_now=0x80010EA4 f=11
[BLACKSCREEN][19844-STATE] pc=0x80019960 v0=0x00000000 v1=0x80032A24 a0=0x00000000 a1=0x00008000 a0m0=0x00000000 a0m1=0x00000000 a1m0=0x00000000 a1m1=0x00000000 s0=0xFFFFFFFF s1=0x00008000 ra=0x80010EA4 c2a8=0x1F801814 c2ac=0x1F801110 t0=0x1C080000 t1=0x00000058 f=11
[BLACKSCREEN][19844-STATE] pc=0x80019980 v0=0x00000000 v1=0x80032A24 a0=0x00000000 a1=0x00008000 a0m0=0x00000000 a0m1=0x00000000 a1m0=0x00000000 a1m1=0x00000000 s0=0x00000000 s1=0x00000000 ra=0x80010EA4 c2a8=0x1F801814 c2ac=0x1F801110 t0=0x1C080000 t1=0x00000059 f=11
[BLACKSCREEN][INTERP] start=0x80019844 end=0x80019980 steps=126 reason=jr_ra target=0x80010EA4 ra=0x80010EA4 sp=0x80200000 f=11
[BLACKSCREEN][NO-GPU-EVENT] #12 tag=main_present f=12 ra=0x80010EA4 sp=0x80200000
[BLACKSCREEN][NO-GPU-EVENT] chain 0x8001A65C 0x8001A65C 0x8001A65C 0x8001A65C 0x8001A65C 0x8001A65C 0x8001A65C 0x8001A65C 0x80019844 0x8001A65C 0x8001A65C 0x8001A65C
[BLACKSCREEN][RendererPresent] present=12 f=12 disp=(0,0 320x240) vis=320x240 uv=(0.000,0.000)-(1.000,1.000)
[BLACKSCREEN][INTERP] enter start=0x80019844 instr0=0x27BDFFD0 a0=0x00000000 ra=0x80010EA4 sp=0x80200000 f=12
[BLACKSCREEN][INTERP-RA] pre-save pc=0x80019890 sp=0x801FFFD0 ra=0x80010EA4 slot_before=0x80010EA4 f=12
[BLACKSCREEN][19844-STATE] pc=0x80019958 v0=0xFFFFFFFF v1=0x80032A24 a0=0x00000000 a1=0x00008000 a0m0=0x00000000 a0m1=0x00000000 a1m0=0x00000000 a1m1=0x00000000 s0=0xFFFFFFFF s1=0x00008000 ra=0x8001991C c2a8=0x1F801814 c2ac=0x1F801110 t0=0x1C080000 t1=0x0000005E f=12
[BLACKSCREEN][INTERP-RA] pre-restore pc=0x8001995C sp=0x801FFFD0 ra=0x8001991C slot_now=0x80010EA4 f=12
[BLACKSCREEN][19844-STATE] pc=0x80019960 v0=0x00000000 v1=0x80032A24 a0=0x00000000 a1=0x00008000 a0m0=0x00000000 a0m1=0x00000000 a1m0=0x00000000 a1m1=0x00000000 s0=0xFFFFFFFF s1=0x00008000 ra=0x80010EA4 c2a8=0x1F801814 c2ac=0x1F801110 t0=0x1C080000 t1=0x0000005F f=12
[BLACKSCREEN][19844-STATE] pc=0x80019980 v0=0x00000000 v1=0x80032A24 a0=0x00000000 a1=0x00008000 a0m0=0x00000000 a0m1=0x00000000 a1m0=0x00000000 a1m1=0x00000000 s0=0x00000000 s1=0x00000000 ra=0x80010EA4 c2a8=0x1F801814 c2ac=0x1F801110 t0=0x1C080000 t1=0x00000060 f=12
[BLACKSCREEN][INTERP] start=0x80019844 end=0x80019980 steps=126 reason=jr_ra target=0x80010EA4 ra=0x80010EA4 sp=0x80200000 f=12
[BLACKSCREEN][NO-GPU-EVENT] #13 tag=main_present f=13 ra=0x80010EA4 sp=0x80200000
[BLACKSCREEN][NO-GPU-EVENT] chain 0x8001A65C 0x8001A65C 0x8001A65C 0x8001A65C 0x8001A65C 0x8001A65C 0x8001A65C 0x8001A65C 0x80019844 0x8001A65C 0x8001A65C 0x8001A65C
[BLACKSCREEN][RendererPresent] present=13 f=13 disp=(0,0 320x240) vis=320x240 uv=(0.000,0.000)-(1.000,1.000)
[BLACKSCREEN][INTERP] enter start=0x80019844 instr0=0x27BDFFD0 a0=0x00000000 ra=0x80010EA4 sp=0x80200000 f=13
[BLACKSCREEN][INTERP-RA] pre-save pc=0x80019890 sp=0x801FFFD0 ra=0x80010EA4 slot_before=0x80010EA4 f=13
[BLACKSCREEN][19844-STATE] pc=0x80019958 v0=0xFFFFFFFF v1=0x80032A24 a0=0x00000000 a1=0x00008000 a0m0=0x00000000 a0m1=0x00000000 a1m0=0x00000000 a1m1=0x00000000 s0=0xFFFFFFFF s1=0x00008000 ra=0x8001991C c2a8=0x1F801814 c2ac=0x1F801110 t0=0x1C080000 t1=0x00000065 f=13
[BLACKSCREEN][INTERP-RA] pre-restore pc=0x8001995C sp=0x801FFFD0 ra=0x8001991C slot_now=0x80010EA4 f=13
[BLACKSCREEN][19844-STATE] pc=0x80019960 v0=0x00000000 v1=0x80032A24 a0=0x00000000 a1=0x00008000 a0m0=0x00000000 a0m1=0x00000000 a1m0=0x00000000 a1m1=0x00000000 s0=0xFFFFFFFF s1=0x00008000 ra=0x80010EA4 c2a8=0x1F801814 c2ac=0x1F801110 t0=0x1C080000 t1=0x00000066 f=13
[BLACKSCREEN][19844-STATE] pc=0x80019980 v0=0x00000000 v1=0x80032A24 a0=0x00000000 a1=0x00008000 a0m0=0x00000000 a0m1=0x00000000 a1m0=0x00000000 a1m1=0x00000000 s0=0x00000000 s1=0x00000000 ra=0x80010EA4 c2a8=0x1F801814 c2ac=0x1F801110 t0=0x1C080000 t1=0x00000067 f=13
[BLACKSCREEN][INTERP] start=0x80019844 end=0x80019980 steps=126 reason=jr_ra target=0x80010EA4 ra=0x80010EA4 sp=0x80200000 f=13
[BLACKSCREEN][NO-GPU-EVENT] #14 tag=main_present f=14 ra=0x80010EA4 sp=0x80200000
[BLACKSCREEN][NO-GPU-EVENT] chain 0x8001A65C 0x8001A65C 0x8001A65C 0x8001A65C 0x8001A65C 0x8001A65C 0x8001A65C 0x8001A65C 0x80019844 0x8001A65C 0x8001A65C 0x8001A65C
[BLACKSCREEN][RendererPresent] present=14 f=14 disp=(0,0 320x240) vis=320x240 uv=(0.000,0.000)-(1.000,1.000)
[BLACKSCREEN][INTERP] enter start=0x80019844 instr0=0x27BDFFD0 a0=0x00000000 ra=0x80010EA4 sp=0x80200000 f=14
[BLACKSCREEN][INTERP-RA] pre-save pc=0x80019890 sp=0x801FFFD0 ra=0x80010EA4 slot_before=0x80010EA4 f=14
[BLACKSCREEN][A65C-OVR] #60 f=14 ra=0x8001991C sp=0x801FFFD0 a0=0x00000000 v0=0x0000006A timer=0x0000006A
[BLACKSCREEN][19844-STATE] pc=0x80019958 v0=0xFFFFFFFF v1=0x80032A24 a0=0x00000000 a1=0x00008000 a0m0=0x00000000 a0m1=0x00000000 a1m0=0x00000000 a1m1=0x00000000 s0=0xFFFFFFFF s1=0x00008000 ra=0x8001991C c2a8=0x1F801814 c2ac=0x1F801110 t0=0x1C080000 t1=0x0000006C f=14
[BLACKSCREEN][INTERP-RA] pre-restore pc=0x8001995C sp=0x801FFFD0 ra=0x8001991C slot_now=0x80010EA4 f=14
[BLACKSCREEN][19844-STATE] pc=0x80019960 v0=0x00000000 v1=0x80032A24 a0=0x00000000 a1=0x00008000 a0m0=0x00000000 a0m1=0x00000000 a1m0=0x00000000 a1m1=0x00000000 s0=0xFFFFFFFF s1=0x00008000 ra=0x80010EA4 c2a8=0x1F801814 c2ac=0x1F801110 t0=0x1C080000 t1=0x0000006D f=14
[BLACKSCREEN][19844-STATE] pc=0x80019980 v0=0x00000000 v1=0x80032A24 a0=0x00000000 a1=0x00008000 a0m0=0x00000000 a0m1=0x00000000 a1m0=0x00000000 a1m1=0x00000000 s0=0x00000000 s1=0x00000000 ra=0x80010EA4 c2a8=0x1F801814 c2ac=0x1F801110 t0=0x1C080000 t1=0x0000006E f=14
[BLACKSCREEN][INTERP] start=0x80019844 end=0x80019980 steps=126 reason=jr_ra target=0x80010EA4 ra=0x80010EA4 sp=0x80200000 f=14
[BLACKSCREEN][NO-GPU-EVENT] #15 tag=main_present f=15 ra=0x80010EA4 sp=0x80200000
[BLACKSCREEN][NO-GPU-EVENT] chain 0x8001A65C 0x8001A65C 0x8001A65C 0x8001A65C 0x8001A65C 0x8001A65C 0x8001A65C 0x8001A65C 0x80019844 0x8001A65C 0x8001A65C 0x8001A65C
[BLACKSCREEN][RendererPresent] present=15 f=15 disp=(0,0 320x240) vis=320x240 uv=(0.000,0.000)-(1.000,1.000)
[BLACKSCREEN][INTERP] enter start=0x80019844 instr0=0x27BDFFD0 a0=0x00000000 ra=0x80010EA4 sp=0x80200000 f=15
[BLACKSCREEN][INTERP-RA] pre-save pc=0x80019890 sp=0x801FFFD0 ra=0x80010EA4 slot_before=0x80010EA4 f=15
[BLACKSCREEN][19844-STATE] pc=0x80019958 v0=0xFFFFFFFF v1=0x80032A24 a0=0x00000000 a1=0x00008000 a0m0=0x00000000 a0m1=0x00000000 a1m0=0x00000000 a1m1=0x00000000 s0=0xFFFFFFFF s1=0x00008000 ra=0x8001991C c2a8=0x1F801814 c2ac=0x1F801110 t0=0x1C080000 t1=0x00000073 f=15
[BLACKSCREEN][INTERP-RA] pre-restore pc=0x8001995C sp=0x801FFFD0 ra=0x8001991C slot_now=0x80010EA4 f=15
[BLACKSCREEN][19844-STATE] pc=0x80019960 v0=0x00000000 v1=0x80032A24 a0=0x00000000 a1=0x00008000 a0m0=0x00000000 a0m1=0x00000000 a1m0=0x00000000 a1m1=0x00000000 s0=0xFFFFFFFF s1=0x00008000 ra=0x80010EA4 c2a8=0x1F801814 c2ac=0x1F801110 t0=0x1C080000 t1=0x00000074 f=15
[BLACKSCREEN][19844-STATE] pc=0x80019980 v0=0x00000000 v1=0x80032A24 a0=0x00000000 a1=0x00008000 a0m0=0x00000000 a0m1=0x00000000 a1m0=0x00000000 a1m1=0x00000000 s0=0x00000000 s1=0x00000000 ra=0x80010EA4 c2a8=0x1F801814 c2ac=0x1F801110 t0=0x1C080000 t1=0x00000075 f=15
[BLACKSCREEN][INTERP] start=0x80019844 end=0x80019980 steps=126 reason=jr_ra target=0x80010EA4 ra=0x80010EA4 sp=0x80200000 f=15
[BLACKSCREEN][NO-GPU-EVENT] #16 tag=main_present f=16 ra=0x80010EA4 sp=0x80200000
[BLACKSCREEN][NO-GPU-EVENT] chain 0x8001A65C 0x8001A65C 0x8001A65C 0x8001A65C 0x8001A65C 0x8001A65C 0x8001A65C 0x8001A65C 0x80019844 0x8001A65C 0x8001A65C 0x8001A65C
[BLACKSCREEN][RendererPresent] present=16 f=16 disp=(0,0 320x240) vis=320x240 uv=(0.000,0.000)-(1.000,1.000)
[BLACKSCREEN][INTERP] enter start=0x80019844 instr0=0x27BDFFD0 a0=0x00000000 ra=0x80010EA4 sp=0x80200000 f=16
[BLACKSCREEN][INTERP-RA] pre-save pc=0x80019890 sp=0x801FFFD0 ra=0x80010EA4 slot_before=0x80010EA4 f=16
[BLACKSCREEN][19844-STATE] pc=0x80019958 v0=0xFFFFFFFF v1=0x80032A24 a0=0x00000000 a1=0x00008000 a0m0=0x00000000 a0m1=0x00000000 a1m0=0x00000000 a1m1=0x00000000 s0=0xFFFFFFFF s1=0x00008000 ra=0x8001991C c2a8=0x1F801814 c2ac=0x1F801110 t0=0x1C080000 t1=0x0000007A f=16
[BLACKSCREEN][INTERP-RA] pre-restore pc=0x8001995C sp=0x801FFFD0 ra=0x8001991C slot_now=0x80010EA4 f=16
[BLACKSCREEN][19844-STATE] pc=0x80019960 v0=0x00000000 v1=0x80032A24 a0=0x00000000 a1=0x00008000 a0m0=0x00000000 a0m1=0x00000000 a1m0=0x00000000 a1m1=0x00000000 s0=0xFFFFFFFF s1=0x00008000 ra=0x80010EA4 c2a8=0x1F801814 c2ac=0x1F801110 t0=0x1C080000 t1=0x0000007B f=16
[BLACKSCREEN][19844-STATE] pc=0x80019980 v0=0x00000000 v1=0x80032A24 a0=0x00000000 a1=0x00008000 a0m0=0x00000000 a0m1=0x00000000 a1m0=0x00000000 a1m1=0x00000000 s0=0x00000000 s1=0x00000000 ra=0x80010EA4 c2a8=0x1F801814 c2ac=0x1F801110 t0=0x1C080000 t1=0x0000007C f=16
[BLACKSCREEN][INTERP] start=0x80019844 end=0x80019980 steps=126 reason=jr_ra target=0x80010EA4 ra=0x80010EA4 sp=0x80200000 f=16
[BLACKSCREEN][NO-GPU-EVENT] #17 tag=main_present f=17 ra=0x80010EA4 sp=0x80200000
[BLACKSCREEN][NO-GPU-EVENT] chain 0x8001A65C 0x8001A65C 0x8001A65C 0x8001A65C 0x8001A65C 0x8001A65C 0x8001A65C 0x8001A65C 0x80019844 0x8001A65C 0x8001A65C 0x8001A65C
[BLACKSCREEN][RendererPresent] present=17 f=17 disp=(0,0 320x240) vis=320x240 uv=(0.000,0.000)-(1.000,1.000)
[BLACKSCREEN][INTERP] enter start=0x80019844 instr0=0x27BDFFD0 a0=0x00000000 ra=0x80010EA4 sp=0x80200000 f=17
[BLACKSCREEN][INTERP-RA] pre-save pc=0x80019890 sp=0x801FFFD0 ra=0x80010EA4 slot_before=0x80010EA4 f=17
[BLACKSCREEN][19844-STATE] pc=0x80019958 v0=0xFFFFFFFF v1=0x80032A24 a0=0x00000000 a1=0x00008000 a0m0=0x00000000 a0m1=0x00000000 a1m0=0x00000000 a1m1=0x00000000 s0=0xFFFFFFFF s1=0x00008000 ra=0x8001991C c2a8=0x1F801814 c2ac=0x1F801110 t0=0x1C080000 t1=0x00000081 f=17
[BLACKSCREEN][INTERP-RA] pre-restore pc=0x8001995C sp=0x801FFFD0 ra=0x8001991C slot_now=0x80010EA4 f=17
[BLACKSCREEN][19844-STATE] pc=0x80019960 v0=0x00000000 v1=0x80032A24 a0=0x00000000 a1=0x00008000 a0m0=0x00000000 a0m1=0x00000000 a1m0=0x00000000 a1m1=0x00000000 s0=0xFFFFFFFF s1=0x00008000 ra=0x80010EA4 c2a8=0x1F801814 c2ac=0x1F801110 t0=0x1C080000 t1=0x00000082 f=17
[BLACKSCREEN][19844-STATE] pc=0x80019980 v0=0x00000000 v1=0x80032A24 a0=0x00000000 a1=0x00008000 a0m0=0x00000000 a0m1=0x00000000 a1m0=0x00000000 a1m1=0x00000000 s0=0x00000000 s1=0x00000000 ra=0x80010EA4 c2a8=0x1F801814 c2ac=0x1F801110 t0=0x1C080000 t1=0x00000083 f=17
[BLACKSCREEN][INTERP] start=0x80019844 end=0x80019980 steps=126 reason=jr_ra target=0x80010EA4 ra=0x80010EA4 sp=0x80200000 f=17
[BLACKSCREEN][NO-GPU-EVENT] #18 tag=main_present f=18 ra=0x80010EA4 sp=0x80200000
[BLACKSCREEN][NO-GPU-EVENT] chain 0x8001A65C 0x8001A65C 0x8001A65C 0x8001A65C 0x8001A65C 0x8001A65C 0x8001A65C 0x8001A65C 0x80019844 0x8001A65C 0x8001A65C 0x8001A65C
[BLACKSCREEN][RendererPresent] present=18 f=18 disp=(0,0 320x240) vis=320x240 uv=(0.000,0.000)-(1.000,1.000)
[BLACKSCREEN][INTERP] enter start=0x80019844 instr0=0x27BDFFD0 a0=0x00000000 ra=0x80010EA4 sp=0x80200000 f=18
[BLACKSCREEN][INTERP-RA] pre-save pc=0x80019890 sp=0x801FFFD0 ra=0x80010EA4 slot_before=0x80010EA4 f=18
[BLACKSCREEN][19844-STATE] pc=0x80019958 v0=0xFFFFFFFF v1=0x80032A24 a0=0x00000000 a1=0x00008000 a0m0=0x00000000 a0m1=0x00000000 a1m0=0x00000000 a1m1=0x00000000 s0=0xFFFFFFFF s1=0x00008000 ra=0x8001991C c2a8=0x1F801814 c2ac=0x1F801110 t0=0x1C080000 t1=0x00000088 f=18
[BLACKSCREEN][INTERP-RA] pre-restore pc=0x8001995C sp=0x801FFFD0 ra=0x8001991C slot_now=0x80010EA4 f=18
[BLACKSCREEN][19844-STATE] pc=0x80019960 v0=0x00000000 v1=0x80032A24 a0=0x00000000 a1=0x00008000 a0m0=0x00000000 a0m1=0x00000000 a1m0=0x00000000 a1m1=0x00000000 s0=0xFFFFFFFF s1=0x00008000 ra=0x80010EA4 c2a8=0x1F801814 c2ac=0x1F801110 t0=0x1C080000 t1=0x00000089 f=18
[BLACKSCREEN][19844-STATE] pc=0x80019980 v0=0x00000000 v1=0x80032A24 a0=0x00000000 a1=0x00008000 a0m0=0x00000000 a0m1=0x00000000 a1m0=0x00000000 a1m1=0x00000000 s0=0x00000000 s1=0x00000000 ra=0x80010EA4 c2a8=0x1F801814 c2ac=0x1F801110 t0=0x1C080000 t1=0x0000008A f=18
[BLACKSCREEN][INTERP] start=0x80019844 end=0x80019980 steps=126 reason=jr_ra target=0x80010EA4 ra=0x80010EA4 sp=0x80200000 f=18
[BLACKSCREEN][NO-GPU-EVENT] #19 tag=main_present f=19 ra=0x80010EA4 sp=0x80200000
[BLACKSCREEN][NO-GPU-EVENT] chain 0x8001A65C 0x8001A65C 0x8001A65C 0x8001A65C 0x8001A65C 0x8001A65C 0x8001A65C 0x8001A65C 0x80019844 0x8001A65C 0x8001A65C 0x8001A65C
[BLACKSCREEN][RendererPresent] present=19 f=19 disp=(0,0 320x240) vis=320x240 uv=(0.000,0.000)-(1.000,1.000)
[BLACKSCREEN][INTERP] enter start=0x80019844 instr0=0x27BDFFD0 a0=0x00000000 ra=0x80010EA4 sp=0x80200000 f=19
[BLACKSCREEN][INTERP-RA] pre-save pc=0x80019890 sp=0x801FFFD0 ra=0x80010EA4 slot_before=0x80010EA4 f=19
[BLACKSCREEN][A65C-OVR] #80 f=19 ra=0x8001991C sp=0x801FFFD0 a0=0x00000000 v0=0x0000008D timer=0x0000008D
[BLACKSCREEN][19844-STATE] pc=0x80019958 v0=0xFFFFFFFF v1=0x80032A24 a0=0x00000000 a1=0x00008000 a0m0=0x00000000 a0m1=0x00000000 a1m0=0x00000000 a1m1=0x00000000 s0=0xFFFFFFFF s1=0x00008000 ra=0x8001991C c2a8=0x1F801814 c2ac=0x1F801110 t0=0x1C080000 t1=0x0000008F f=19
[BLACKSCREEN][INTERP-RA] pre-restore pc=0x8001995C sp=0x801FFFD0 ra=0x8001991C slot_now=0x80010EA4 f=19
[BLACKSCREEN][19844-STATE] pc=0x80019960 v0=0x00000000 v1=0x80032A24 a0=0x00000000 a1=0x00008000 a0m0=0x00000000 a0m1=0x00000000 a1m0=0x00000000 a1m1=0x00000000 s0=0xFFFFFFFF s1=0x00008000 ra=0x80010EA4 c2a8=0x1F801814 c2ac=0x1F801110 t0=0x1C080000 t1=0x00000090 f=19
[BLACKSCREEN][19844-STATE] pc=0x80019980 v0=0x00000000 v1=0x80032A24 a0=0x00000000 a1=0x00008000 a0m0=0x00000000 a0m1=0x00000000 a1m0=0x00000000 a1m1=0x00000000 s0=0x00000000 s1=0x00000000 ra=0x80010EA4 c2a8=0x1F801814 c2ac=0x1F801110 t0=0x1C080000 t1=0x00000091 f=19
[BLACKSCREEN][INTERP] start=0x80019844 end=0x80019980 steps=126 reason=jr_ra target=0x80010EA4 ra=0x80010EA4 sp=0x80200000 f=19
[BLACKSCREEN][NO-GPU-EVENT] #20 tag=main_present f=20 ra=0x80010EA4 sp=0x80200000
[BLACKSCREEN][NO-GPU-EVENT] chain 0x8001A65C 0x8001A65C 0x8001A65C 0x8001A65C 0x8001A65C 0x8001A65C 0x8001A65C 0x8001A65C 0x80019844 0x8001A65C 0x8001A65C 0x8001A65C
[BLACKSCREEN][RendererPresent] present=20 f=20 disp=(0,0 320x240) vis=320x240 uv=(0.000,0.000)-(1.000,1.000)
[BLACKSCREEN][INTERP] enter start=0x80019844 instr0=0x27BDFFD0 a0=0x00000000 ra=0x80010EA4 sp=0x80200000 f=20
[BLACKSCREEN][INTERP-RA] pre-save pc=0x80019890 sp=0x801FFFD0 ra=0x80010EA4 slot_before=0x80010EA4 f=20
[BLACKSCREEN][19844-STATE] pc=0x80019958 v0=0xFFFFFFFF v1=0x80032A24 a0=0x00000000 a1=0x00008000 a0m0=0x00000000 a0m1=0x00000000 a1m0=0x00000000 a1m1=0x00000000 s0=0xFFFFFFFF s1=0x00008000 ra=0x8001991C c2a8=0x1F801814 c2ac=0x1F801110 t0=0x1C080000 t1=0x00000096 f=20
[BLACKSCREEN][INTERP-RA] pre-restore pc=0x8001995C sp=0x801FFFD0 ra=0x8001991C slot_now=0x80010EA4 f=20
[BLACKSCREEN][19844-STATE] pc=0x80019960 v0=0x00000000 v1=0x80032A24 a0=0x00000000 a1=0x00008000 a0m0=0x00000000 a0m1=0x00000000 a1m0=0x00000000 a1m1=0x00000000 s0=0xFFFFFFFF s1=0x00008000 ra=0x80010EA4 c2a8=0x1F801814 c2ac=0x1F801110 t0=0x1C080000 t1=0x00000097 f=20
[BLACKSCREEN][19844-STATE] pc=0x80019980 v0=0x00000000 v1=0x80032A24 a0=0x00000000 a1=0x00008000 a0m0=0x00000000 a0m1=0x00000000 a1m0=0x00000000 a1m1=0x00000000 s0=0x00000000 s1=0x00000000 ra=0x80010EA4 c2a8=0x1F801814 c2ac=0x1F801110 t0=0x1C080000 t1=0x00000098 f=20
[BLACKSCREEN][INTERP] start=0x80019844 end=0x80019980 steps=126 reason=jr_ra target=0x80010EA4 ra=0x80010EA4 sp=0x80200000 f=20
[BLACKSCREEN][NO-GPU-EVENT] #21 tag=main_present f=21 ra=0x80010EA4 sp=0x80200000
[BLACKSCREEN][NO-GPU-EVENT] chain 0x8001A65C 0x8001A65C 0x8001A65C 0x8001A65C 0x8001A65C 0x8001A65C 0x8001A65C 0x8001A65C 0x80019844 0x8001A65C 0x8001A65C 0x8001A65C
[BLACKSCREEN][INTERP] enter start=0x80019844 instr0=0x27BDFFD0 a0=0x00000000 ra=0x80010EA4 sp=0x80200000 f=21
[BLACKSCREEN][INTERP-RA] pre-save pc=0x80019890 sp=0x801FFFD0 ra=0x80010EA4 slot_before=0x80010EA4 f=21
[BLACKSCREEN][19844-STATE] pc=0x80019958 v0=0xFFFFFFFF v1=0x80032A24 a0=0x00000000 a1=0x00008000 a0m0=0x00000000 a0m1=0x00000000 a1m0=0x00000000 a1m1=0x00000000 s0=0xFFFFFFFF s1=0x00008000 ra=0x8001991C c2a8=0x1F801814 c2ac=0x1F801110 t0=0x1C080000 t1=0x0000009D f=21
[BLACKSCREEN][INTERP-RA] pre-restore pc=0x8001995C sp=0x801FFFD0 ra=0x8001991C slot_now=0x80010EA4 f=21
[BLACKSCREEN][19844-STATE] pc=0x80019960 v0=0x00000000 v1=0x80032A24 a0=0x00000000 a1=0x00008000 a0m0=0x00000000 a0m1=0x00000000 a1m0=0x00000000 a1m1=0x00000000 s0=0xFFFFFFFF s1=0x00008000 ra=0x80010EA4 c2a8=0x1F801814 c2ac=0x1F801110 t0=0x1C080000 t1=0x0000009E f=21
[BLACKSCREEN][19844-STATE] pc=0x80019980 v0=0x00000000 v1=0x80032A24 a0=0x00000000 a1=0x00008000 a0m0=0x00000000 a0m1=0x00000000 a1m0=0x00000000 a1m1=0x00000000 s0=0x00000000 s1=0x00000000 ra=0x80010EA4 c2a8=0x1F801814 c2ac=0x1F801110 t0=0x1C080000 t1=0x0000009F f=21
[BLACKSCREEN][INTERP] start=0x80019844 end=0x80019980 steps=126 reason=jr_ra target=0x80010EA4 ra=0x80010EA4 sp=0x80200000 f=21
[BLACKSCREEN][NO-GPU-EVENT] #22 tag=main_present f=22 ra=0x80010EA4 sp=0x80200000
[BLACKSCREEN][NO-GPU-EVENT] chain 0x8001A65C 0x8001A65C 0x8001A65C 0x8001A65C 0x8001A65C 0x8001A65C 0x8001A65C 0x8001A65C 0x80019844 0x8001A65C 0x8001A65C 0x8001A65C
[BLACKSCREEN][INTERP] enter start=0x80019844 instr0=0x27BDFFD0 a0=0x00000000 ra=0x80010EA4 sp=0x80200000 f=22
[BLACKSCREEN][INTERP-RA] pre-save pc=0x80019890 sp=0x801FFFD0 ra=0x80010EA4 slot_before=0x80010EA4 f=22
[BLACKSCREEN][19844-STATE] pc=0x80019958 v0=0xFFFFFFFF v1=0x80032A24 a0=0x00000000 a1=0x00008000 a0m0=0x00000000 a0m1=0x00000000 a1m0=0x00000000 a1m1=0x00000000 s0=0xFFFFFFFF s1=0x00008000 ra=0x8001991C c2a8=0x1F801814 c2ac=0x1F801110 t0=0x1C080000 t1=0x000000A4 f=22
[BLACKSCREEN][INTERP-RA] pre-restore pc=0x8001995C sp=0x801FFFD0 ra=0x8001991C slot_now=0x80010EA4 f=22
[BLACKSCREEN][19844-STATE] pc=0x80019960 v0=0x00000000 v1=0x80032A24 a0=0x00000000 a1=0x00008000 a0m0=0x00000000 a0m1=0x00000000 a1m0=0x00000000 a1m1=0x00000000 s0=0xFFFFFFFF s1=0x00008000 ra=0x80010EA4 c2a8=0x1F801814 c2ac=0x1F801110 t0=0x1C080000 t1=0x000000A5 f=22
[BLACKSCREEN][19844-STATE] pc=0x80019980 v0=0x00000000 v1=0x80032A24 a0=0x00000000 a1=0x00008000 a0m0=0x00000000 a0m1=0x00000000 a1m0=0x00000000 a1m1=0x00000000 s0=0x00000000 s1=0x00000000 ra=0x80010EA4 c2a8=0x1F801814 c2ac=0x1F801110 t0=0x1C080000 t1=0x000000A6 f=22
[BLACKSCREEN][INTERP] start=0x80019844 end=0x80019980 steps=126 reason=jr_ra target=0x80010EA4 ra=0x80010EA4 sp=0x80200000 f=22
[BLACKSCREEN][NO-GPU-EVENT] #23 tag=main_present f=23 ra=0x80010EA4 sp=0x80200000
[BLACKSCREEN][NO-GPU-EVENT] chain 0x8001A65C 0x8001A65C 0x8001A65C 0x8001A65C 0x8001A65C 0x8001A65C 0x8001A65C 0x8001A65C 0x80019844 0x8001A65C 0x8001A65C 0x8001A65C
[BLACKSCREEN][INTERP] enter start=0x80019844 instr0=0x27BDFFD0 a0=0x00000000 ra=0x80010EA4 sp=0x80200000 f=23
[BLACKSCREEN][INTERP-RA] pre-save pc=0x80019890 sp=0x801FFFD0 ra=0x80010EA4 slot_before=0x80010EA4 f=23
[BLACKSCREEN][19844-STATE] pc=0x80019958 v0=0xFFFFFFFF v1=0x80032A24 a0=0x00000000 a1=0x00008000 a0m0=0x00000000 a0m1=0x00000000 a1m0=0x00000000 a1m1=0x00000000 s0=0xFFFFFFFF s1=0x00008000 ra=0x8001991C c2a8=0x1F801814 c2ac=0x1F801110 t0=0x1C080000 t1=0x000000AB f=23
[BLACKSCREEN][INTERP-RA] pre-restore pc=0x8001995C sp=0x801FFFD0 ra=0x8001991C slot_now=0x80010EA4 f=23
[BLACKSCREEN][19844-STATE] pc=0x80019960 v0=0x00000000 v1=0x80032A24 a0=0x00000000 a1=0x00008000 a0m0=0x00000000 a0m1=0x00000000 a1m0=0x00000000 a1m1=0x00000000 s0=0xFFFFFFFF s1=0x00008000 ra=0x80010EA4 c2a8=0x1F801814 c2ac=0x1F801110 t0=0x1C080000 t1=0x000000AC f=23
[BLACKSCREEN][19844-STATE] pc=0x80019980 v0=0x00000000 v1=0x80032A24 a0=0x00000000 a1=0x00008000 a0m0=0x00000000 a0m1=0x00000000 a1m0=0x00000000 a1m1=0x00000000 s0=0x00000000 s1=0x00000000 ra=0x80010EA4 c2a8=0x1F801814 c2ac=0x1F801110 t0=0x1C080000 t1=0x000000AD f=23
[BLACKSCREEN][INTERP] start=0x80019844 end=0x80019980 steps=126 reason=jr_ra target=0x80010EA4 ra=0x80010EA4 sp=0x80200000 f=23
[BLACKSCREEN][NO-GPU-EVENT] #24 tag=main_present f=24 ra=0x80010EA4 sp=0x80200000
[BLACKSCREEN][NO-GPU-EVENT] chain 0x8001A65C 0x8001A65C 0x8001A65C 0x8001A65C 0x8001A65C 0x8001A65C 0x8001A65C 0x8001A65C 0x80019844 0x8001A65C 0x8001A65C 0x8001A65C
[BLACKSCREEN][INTERP] enter start=0x80019844 instr0=0x27BDFFD0 a0=0x00000000 ra=0x80010EA4 sp=0x80200000 f=24
[BLACKSCREEN][INTERP-RA] pre-save pc=0x80019890 sp=0x801FFFD0 ra=0x80010EA4 slot_before=0x80010EA4 f=24
[BLACKSCREEN][A65C-OVR] #100 f=24 ra=0x8001991C sp=0x801FFFD0 a0=0x00000000 v0=0x000000B0 timer=0x000000B0
[BLACKSCREEN][19844-STATE] pc=0x80019958 v0=0xFFFFFFFF v1=0x80032A24 a0=0x00000000 a1=0x00008000 a0m0=0x00000000 a0m1=0x00000000 a1m0=0x00000000 a1m1=0x00000000 s0=0xFFFFFFFF s1=0x00008000 ra=0x8001991C c2a8=0x1F801814 c2ac=0x1F801110 t0=0x1C080000 t1=0x000000B2 f=24
[BLACKSCREEN][INTERP-RA] pre-restore pc=0x8001995C sp=0x801FFFD0 ra=0x8001991C slot_now=0x80010EA4 f=24
[BLACKSCREEN][19844-STATE] pc=0x80019960 v0=0x00000000 v1=0x80032A24 a0=0x00000000 a1=0x00008000 a0m0=0x00000000 a0m1=0x00000000 a1m0=0x00000000 a1m1=0x00000000 s0=0xFFFFFFFF s1=0x00008000 ra=0x80010EA4 c2a8=0x1F801814 c2ac=0x1F801110 t0=0x1C080000 t1=0x000000B3 f=24
[BLACKSCREEN][19844-STATE] pc=0x80019980 v0=0x00000000 v1=0x80032A24 a0=0x00000000 a1=0x00008000 a0m0=0x00000000 a0m1=0x00000000 a1m0=0x00000000 a1m1=0x00000000 s0=0x00000000 s1=0x00000000 ra=0x80010EA4 c2a8=0x1F801814 c2ac=0x1F801110 t0=0x1C080000 t1=0x000000B4 f=24
[BLACKSCREEN][INTERP] start=0x80019844 end=0x80019980 steps=126 reason=jr_ra target=0x80010EA4 ra=0x80010EA4 sp=0x80200000 f=24
[BLACKSCREEN][NO-GPU-EVENT] #25 tag=main_present f=25 ra=0x80010EA4 sp=0x80200000
[BLACKSCREEN][NO-GPU-EVENT] chain 0x8001A65C 0x8001A65C 0x8001A65C 0x8001A65C 0x8001A65C 0x8001A65C 0x8001A65C 0x8001A65C 0x80019844 0x8001A65C 0x8001A65C 0x8001A65C
[BLACKSCREEN][INTERP] enter start=0x80019844 instr0=0x27BDFFD0 a0=0x00000000 ra=0x80010EA4 sp=0x80200000 f=25
[BLACKSCREEN][INTERP-RA] pre-save pc=0x80019890 sp=0x801FFFD0 ra=0x80010EA4 slot_before=0x80010EA4 f=25
[BLACKSCREEN][19844-STATE] pc=0x80019958 v0=0xFFFFFFFF v1=0x80032A24 a0=0x00000000 a1=0x00008000 a0m0=0x00000000 a0m1=0x00000000 a1m0=0x00000000 a1m1=0x00000000 s0=0xFFFFFFFF s1=0x00008000 ra=0x8001991C c2a8=0x1F801814 c2ac=0x1F801110 t0=0x1C080000 t1=0x000000B9 f=25
[BLACKSCREEN][INTERP-RA] pre-restore pc=0x8001995C sp=0x801FFFD0 ra=0x8001991C slot_now=0x80010EA4 f=25
[BLACKSCREEN][19844-STATE] pc=0x80019960 v0=0x00000000 v1=0x80032A24 a0=0x00000000 a1=0x00008000 a0m0=0x00000000 a0m1=0x00000000 a1m0=0x00000000 a1m1=0x00000000 s0=0xFFFFFFFF s1=0x00008000 ra=0x80010EA4 c2a8=0x1F801814 c2ac=0x1F801110 t0=0x1C080000 t1=0x000000BA f=25
[BLACKSCREEN][19844-STATE] pc=0x80019980 v0=0x00000000 v1=0x80032A24 a0=0x00000000 a1=0x00008000 a0m0=0x00000000 a0m1=0x00000000 a1m0=0x00000000 a1m1=0x00000000 s0=0x00000000 s1=0x00000000 ra=0x80010EA4 c2a8=0x1F801814 c2ac=0x1F801110 t0=0x1C080000 t1=0x000000BB f=25
[BLACKSCREEN][INTERP] start=0x80019844 end=0x80019980 steps=126 reason=jr_ra target=0x80010EA4 ra=0x80010EA4 sp=0x80200000 f=25
[BLACKSCREEN][NO-GPU-EVENT] #26 tag=main_present f=26 ra=0x80010EA4 sp=0x80200000
[BLACKSCREEN][NO-GPU-EVENT] chain 0x8001A65C 0x8001A65C 0x8001A65C 0x8001A65C 0x8001A65C 0x8001A65C 0x8001A65C 0x8001A65C 0x80019844 0x8001A65C 0x8001A65C 0x8001A65C
[BLACKSCREEN][INTERP] enter start=0x80019844 instr0=0x27BDFFD0 a0=0