[Launcher] Disc: C:\Users\Leona\Documents\GitHub\psxrecomp\CastlevaniaRecomp\isos\Castlevania - Symphony of the Night (USA).cue
=== PSXRecomp v2 ===
EXE: C:\Users\Leona\Documents\GitHub\psxrecomp\CastlevaniaRecomp\isos\SLUS_000.67
CUE: C:\Users\Leona\Documents\GitHub\psxrecomp\CastlevaniaRecomp\isos\Castlevania - Symphony of the Night (USA).cue

[KeyConfig] Loading from C:/Users/Leona/Documents/GitHub/psxrecomp/CastlevaniaRecomp/build/keyconfig.ini
[XA] Volume set to 50%
[KeyConfig] UP=265 DOWN=264 CROSS=83 START=257
[XA] Opened C:\Users\Leona\Documents\GitHub\psxrecomp\CastlevaniaRecomp\isos\Castlevania - Symphony of the Night (USA) (Track 1).bin
[XA] WAV capture: C:/temp/xa_capture.wav (up to 30s)
[XA] Audio ready (decode 37800 Hz → waveOut 44100 Hz)
[FMV] Opened C:\Users\Leona\Documents\GitHub\psxrecomp\CastlevaniaRecomp\isos\Castlevania - Symphony of the Night (USA) (Track 1).bin
[SPU] Initialised — 24 voices, 44100 Hz stereo
Detected PS-X header, skipping 2048 bytes
Loaded 561152 bytes
Loaded into PS1 RAM at 0x80010000
[OpenGLRenderer] Initialize() called
[OpenGLRenderer] InitializeWindow() - Creating GLFW window...
[OpenGLRenderer] GLFW window created successfully (960x720)
[OpenGLRenderer] InitializeOpenGL() - Loading OpenGL functions...
[OpenGLRenderer] OpenGL initialized successfully!
[OpenGLRenderer]   Version:  3.3.0 - Build 31.0.101.5522
[OpenGLRenderer]   Renderer: Intel(R) Iris(R) Xe Graphics
[OpenGLRenderer]   Vendor:   Intel
[OpenGLRenderer] OpenGL 3.3 Core Profile ready
[OpenGLRenderer] InitializeShaders() - Compiling shaders...
[OpenGLRenderer]   - Primitive shader compiled (program ID: 3)
[OpenGLRenderer]   - Textured shader compiled (program ID: 4)
[OpenGLRenderer]   - Fill shader compiled (program ID: 5)
[OpenGLRenderer]   - Copy shader compiled (program ID: 6)
[OpenGLRenderer] All 4 shaders compiled successfully!
[OpenGLRenderer] InitializeBuffers() - Creating VAO and VBO...
[OpenGLRenderer] VAO and VBO created (max 4096 vertices per batch)
[OpenGLRenderer] InitializeVRAM() - Creating VRAM texture and FBO...
[OpenGLRenderer] VRAM texture created (1024x512, RGB5A1, 1024 KB)
[OpenGLRenderer] VRAM FBO created and verified (complete)
[OpenGLRenderer] Initialization complete!
Renderer ready

Calling entry point 0x80010DF4...
[BLACKSCREEN][PROBE] dynamic probe enabled for 'Castlevania Recomp'
[BLACKSCREEN][CALL] enter #1 addr=0x80010DF4 kseg0=0x80010DF4 ra=0x00000000 sp=0x801FFF00 f=0
[OVERRIDE] runtime overrides: tomba=0 castlevania=1 for 'Castlevania Recomp'
[OVERRIDE] castlevania timer helper override=0 (env PSX_CASTLE_TIMER_OVERRIDE) 15308_override=1 (env PSX_CASTLE_15308_OVERRIDE)
[OVERRIDE] castlevania boot unblock override=0 (env PSX_CASTLE_BOOT_UNBLOCK)
[BLACKSCREEN][INIT] timer ptrs mode=default c2a8=0x1F801814 c2ac=0x1F801110
[BLACKSCREEN][CALL] stage=before_overlay #1 addr=0x80010DF4 ra=0x00000000 f=0
[BLACKSCREEN][CALL] stage=before_inbinary #1 addr=0x80010DF4 ra=0x00000000 f=0
[BLACKSCREEN][CALL] route=interp #1 addr=0x80010DF4 ra=0x00000000 f=0
[BLACKSCREEN][INTERP] enter start=0x80010DF4 instr0=0x03E00008 a0=0x00000000 ra=0x00000000 sp=0x801FFF00 f=0
[BLACKSCREEN][INTERP] start=0x80010DF4 end=0x80010DF4 steps=1 reason=invalid_target target=0x00000000 a0=0x00000000 ra=0x00000000 sp=0x801FFF00 f=0
Entry point returned.
[BLACKSCREEN] Entry 0x80010DF4 returned immediately; trying bootstrap entry 0x80010DFC
[BLACKSCREEN][CALL] enter #2 addr=0x80010DFC kseg0=0x80010DFC ra=0x00000000 sp=0x801FFF00 f=0
[BLACKSCREEN][CALL] stage=before_overlay #2 addr=0x80010DFC ra=0x00000000 f=0
[BLACKSCREEN][CALL] stage=before_inbinary #2 addr=0x80010DFC ra=0x00000000 f=0
[BLACKSCREEN][CALL] route=interp #2 addr=0x80010DFC ra=0x00000000 f=0
[BLACKSCREEN][INTERP] enter start=0x80010DFC instr0=0x3C028003 a0=0x00000000 ra=0x00000000 sp=0x801FFF00 f=0
[BLACKSCREEN][CALL] enter #3 addr=0x80010DF4 kseg0=0x80010DF4 ra=0x80010EC8 sp=0x801FFFE8 f=0
[BLACKSCREEN][CALL] stage=before_overlay #3 addr=0x80010DF4 ra=0x80010EC8 f=0
[BLACKSCREEN][CALL] stage=before_inbinary #3 addr=0x80010DF4 ra=0x80010EC8 f=0
[BLACKSCREEN][CALL] route=interp #3 addr=0x80010DF4 ra=0x80010EC8 f=0
[BLACKSCREEN][INTERP] enter start=0x80010DF4 instr0=0x03E00008 a0=0x00000000 ra=0x80010EC8 sp=0x801FFFE8 f=0
[BLACKSCREEN][INTERP] start=0x80010DF4 end=0x80010DF4 steps=1 reason=jr_ra target=0x80010EC8 ra=0x80010EC8 sp=0x801FFFE8 f=0
[BLACKSCREEN][INTERP-LOCALJ] start=0x80010DFC pc=0x80010FCC target=0x80011104 sp=0x801FFFE8 ra=0x80010FCC f=0
[BLACKSCREEN][INTERP] start=0x80010DFC end=0x80011124 steps=413467 reason=jr_ra target=0x80010EA4 ra=0x80010EA4 sp=0x80200000 f=0
[BLACKSCREEN] Bootstrap entry 0x80010DFC returned
[BLACKSCREEN] Entry returned before first PS1 frame; trying display entry 0x800191E0
[BLACKSCREEN][CALL] enter #4 addr=0x800191E0 kseg0=0x800191E0 ra=0x80010EA4 sp=0x80200000 f=0
[BLACKSCREEN][CALL] stage=before_overlay #4 addr=0x800191E0 ra=0x80010EA4 f=0
[BLACKSCREEN][CALL] stage=before_inbinary #4 addr=0x800191E0 ra=0x80010EA4 f=0
[BLACKSCREEN][CALL] route=interp #4 addr=0x800191E0 ra=0x80010EA4 f=0
[BLACKSCREEN][INTERP] enter start=0x800191E0 instr0=0x00000000 a0=0x00000002 ra=0x80010EA4 sp=0x80200000 f=0
[BLACKSCREEN][INTERP] start=0x800191E0 end=0x80019224 steps=14 reason=jr_ra target=0x80010EA4 ra=0x80010EA4 sp=0x80200000 f=0
[BLACKSCREEN] Display entry returned
[BLACKSCREEN] Display entry 0x800191E0 returned; trying alternate display entry 0x80019844
[BLACKSCREEN][CALL] enter #5 addr=0x80019844 kseg0=0x80019844 ra=0x80010EA4 sp=0x80200000 f=0
[BLACKSCREEN][CALL] stage=before_overlay #5 addr=0x80019844 ra=0x80010EA4 f=0
[BLACKSCREEN][CALL] stage=before_inbinary #5 addr=0x80019844 ra=0x80010EA4 f=0
[BLACKSCREEN][CALL] route=interp #5 addr=0x80019844 ra=0x80010EA4 f=0
[BLACKSCREEN][INTERP] enter start=0x80019844 instr0=0x27BDFFD0 a0=0x00000000 ra=0x80010EA4 sp=0x80200000 f=0
[BLACKSCREEN][INTERP-RA] pre-save pc=0x80019890 sp=0x801FFFD0 ra=0x80010EA4 slot_before=0x80010EA4 f=0
[BLACKSCREEN][19844-TAIL] pc=0x80019944 instr=0x0C006844 v0=0x00000000 a0=0x00000000 a1=0x801E0000 ra=0x8001991C sp=0x801FFFD0 f=0
[BLACKSCREEN][19844-STATE] pc=0x80019944 v0=0x00000000 v1=0x80032A24 a0=0x00000000 a1=0x801E0000 a0m0=0x00000000 a0m1=0x00000000 a1m0=0x00000000 a1m1=0x00000000 s0=0x00000003 s1=0x801E0000 ra=0x8001991C c2a8=0x1F801814 c2ac=0x1F801110 t0=0x1C080000 t1=0x00000000 f=0
[BLACKSCREEN][CALL] enter #6 addr=0x8001A110 kseg0=0x8001A110 ra=0x8001994C sp=0x801FFFD0 f=0
[BLACKSCREEN][CALL] stage=before_overlay #6 addr=0x8001A110 ra=0x8001994C f=0
[BLACKSCREEN][CALL] stage=before_inbinary #6 addr=0x8001A110 ra=0x8001994C f=0
[BLACKSCREEN][CALL] route=interp #6 addr=0x8001A110 ra=0x8001994C f=0
[BLACKSCREEN][INTERP] enter start=0x8001A110 instr0=0x27BDFFC8 a0=0x00000000 ra=0x8001994C sp=0x801FFFD0 f=0
[BLACKSCREEN][A110-CALL] pc=0x8001A13C target=0x80015308 v0=0x00000000 v1=0x80032A24 a0=0xFFFFFFFF a1=0x00008000 a2=0x00008000 a3=0x00000000 sp=0x801FFF98 ra=0x8001A144 f=0
[BLACKSCREEN][CALL] enter #7 addr=0x80015308 kseg0=0x80015308 ra=0x8001A144 sp=0x801FFF98 f=0
[BLACKSCREEN][A110-RET] call_pc=0x8001A13C target=0x80015308 v0_before=0x00000000 v1_before=0x80032A24 v0_after=0x00000001 v1_after=0x00000000 c9278=0x00000000 c927c=0x00000000 sp_before=0x801FFF98 sp_after=0x801FFF98 ra=0x8001A144 f=0
[BLACKSCREEN][A110-CONT] start=0x8001A110 pc=0x8001A150 instr=0x26522D80 sp=0x801FFF98 ra=0x8001A144 a0=0xFFFFFFFF s0=0x00000003 f=0
[BLACKSCREEN][A110-CONT] start=0x8001A110 pc=0x8001A154 instr=0x26540001 sp=0x801FFF98 ra=0x8001A144 a0=0xFFFFFFFF s0=0x00000003 f=0
[BLACKSCREEN][A110-CONT] start=0x8001A110 pc=0x8001A158 instr=0x244203C0 sp=0x801FFF98 ra=0x8001A144 a0=0xFFFFFFFF s0=0x00000003 f=0
[BLACKSCREEN][A110-CONT] start=0x8001A110 pc=0x8001A15C instr=0x3C018004 sp=0x801FFF98 ra=0x8001A144 a0=0xFFFFFFFF s0=0x00000003 f=0
[BLACKSCREEN][A110-CONT] start=0x8001A110 pc=0x8001A160 instr=0xAC229278 sp=0x801FFF98 ra=0x8001A144 a0=0xFFFFFFFF s0=0x00000003 f=0
[BLACKSCREEN][A110-INIT] pc=0x8001A160 v0=0x000003C1 v1=0x00000000 c9278=0x00000000 c927c=0x00000000 a0=0xFFFFFFFF sp=0x801FFF98 f=0
[BLACKSCREEN][A110-CONT] start=0x8001A110 pc=0x8001A164 instr=0x3C028001 sp=0x801FFF98 ra=0x8001A144 a0=0xFFFFFFFF s0=0x00000003 f=0
[BLACKSCREEN][A110-CONT] start=0x8001A110 pc=0x8001A168 instr=0x2442072C sp=0x801FFF98 ra=0x8001A144 a0=0xFFFFFFFF s0=0x00000003 f=0
[BLACKSCREEN][A110-CONT] start=0x8001A110 pc=0x8001A16C instr=0x3C018004 sp=0x801FFF98 ra=0x8001A144 a0=0xFFFFFFFF s0=0x00000003 f=0
[BLACKSCREEN][A110-CONT] start=0x8001A110 pc=0x8001A170 instr=0xAC20927C sp=0x801FFF98 ra=0x8001A144 a0=0xFFFFFFFF s0=0x00000003 f=0
[BLACKSCREEN][A110-INIT] pc=0x8001A170 v0=0x8001072C v1=0x00000000 c9278=0x000003C1 c927c=0x00000000 a0=0xFFFFFFFF sp=0x801FFF98 f=0
[BLACKSCREEN][A110-CONT] start=0x8001A110 pc=0x8001A174 instr=0x3C018004 sp=0x801FFF98 ra=0x8001A144 a0=0xFFFFFFFF s0=0x00000003 f=0
[BLACKSCREEN][A110-CONT] start=0x8001A110 pc=0x8001A178 instr=0xAC229280 sp=0x801FFF98 ra=0x8001A144 a0=0xFFFFFFFF s0=0x00000003 f=0
[BLACKSCREEN][A110-CONT] start=0x8001A110 pc=0x8001A17C instr=0x0C0054C2 sp=0x801FFF98 ra=0x8001A144 a0=0xFFFFFFFF s0=0x00000003 f=0
[BLACKSCREEN][A110-CALL] pc=0x8001A17C target=0x80015308 v0=0x8001072C v1=0x00000000 a0=0xFFFFFFFF a1=0x00008000 a2=0x00008000 a3=0x00000000 sp=0x801FFF98 ra=0x8001A184 f=0
[BLACKSCREEN][CALL] enter #8 addr=0x80015308 kseg0=0x80015308 ra=0x8001A184 sp=0x801FFF98 f=0
[BLACKSCREEN][A110-RET] call_pc=0x8001A17C target=0x80015308 v0_before=0x8001072C v1_before=0x00000000 v0_after=0x00000002 v1_after=0x00000000 c9278=0x000003C1 c927c=0x00000000 sp_before=0x801FFF98 sp_after=0x801FFF98 ra=0x8001A184 f=0
[BLACKSCREEN][A110-CONT] start=0x8001A110 pc=0x8001A184 instr=0x3C038004 sp=0x801FFF98 ra=0x8001A184 a0=0xFFFFFFFF s0=0x00000003 f=0
[BLACKSCREEN][A110-CONT] start=0x8001A110 pc=0x8001A188 instr=0x8C639278 sp=0x801FFF98 ra=0x8001A184 a0=0xFFFFFFFF s0=0x00000003 f=0
[BLACKSCREEN][A110-CONT] start=0x8001A110 pc=0x8001A18C instr=0x00000000 sp=0x801FFF98 ra=0x8001A184 a0=0xFFFFFFFF s0=0x00000003 f=0
[BLACKSCREEN][A110-CONT] start=0x8001A110 pc=0x8001A190 instr=0x0062182A sp=0x801FFF98 ra=0x8001A184 a0=0xFFFFFFFF s0=0x00000003 f=0
[BLACKSCREEN][A110-CONT] start=0x8001A110 pc=0x8001A194 instr=0x1460000B sp=0x801FFF98 ra=0x8001A184 a0=0xFFFFFFFF s0=0x00000003 f=0
[BLACKSCREEN][A110-EXIT-COND] pc=0x8001A194 instr=0x1460000B v1=0x00000000 v0=0x00000002 will_branch=0 next=0x8001A19C else=0x8001A1C4 c9278=0x000003C1 c927c=0x00000000 ra=0x8001A184 sp=0x801FFF98 f=0
[BLACKSCREEN][A110-CONT] start=0x8001A110 pc=0x8001A19C instr=0x3C038004 sp=0x801FFF98 ra=0x8001A184 a0=0xFFFFFFFF s0=0x00000003 f=0
[BLACKSCREEN][A110-CONT] start=0x8001A110 pc=0x8001A1A0 instr=0x8C63927C sp=0x801FFF98 ra=0x8001A184 a0=0xFFFFFFFF s0=0x00000003 f=0
[BLACKSCREEN][A110-CONT] start=0x8001A110 pc=0x8001A1A4 instr=0x00000000 sp=0x801FFF98 ra=0x8001A184 a0=0xFFFFFFFF s0=0x00000003 f=0
[BLACKSCREEN][A110-CONT] start=0x8001A110 pc=0x8001A1A8 instr=0x24620001 sp=0x801FFF98 ra=0x8001A184 a0=0xFFFFFFFF s0=0x00000003 f=0
[BLACKSCREEN][A110-CONT] start=0x8001A110 pc=0x8001A1AC instr=0x3C018004 sp=0x801FFF98 ra=0x8001A184 a0=0xFFFFFFFF s0=0x00000003 f=0
[BLACKSCREEN][A110-CONT] start=0x8001A110 pc=0x8001A1B0 instr=0xAC22927C sp=0x801FFF98 ra=0x8001A184 a0=0xFFFFFFFF s0=0x00000003 f=0
[BLACKSCREEN][A110-CONT] start=0x8001A110 pc=0x8001A1B4 instr=0x3C02003C sp=0x801FFF98 ra=0x8001A184 a0=0xFFFFFFFF s0=0x00000003 f=0
[BLACKSCREEN][A110-CONT] start=0x8001A110 pc=0x8001A1B8 instr=0x0043102A sp=0x801FFF98 ra=0x8001A184 a0=0xFFFFFFFF s0=0x00000003 f=0
[BLACKSCREEN][A110-CALL] pc=0x8001A244 target=0x80015650 v0=0xFFFFFFFF v1=0x00000000 a0=0xFFFFFFFF a1=0x00008000 a2=0x00008000 a3=0x00000000 sp=0x801FFF98 ra=0x8001A24C f=0
[BLACKSCREEN][CALL] enter #9 addr=0x80015650 kseg0=0x80015650 ra=0x8001A24C sp=0x801FFF98 f=0
[BLACKSCREEN][CALL] stage=before_overlay #7 addr=0x80015650 ra=0x8001A24C f=0
[BLACKSCREEN][CALL] stage=before_inbinary #7 addr=0x80015650 ra=0x8001A24C f=0
[BLACKSCREEN][CALL] route=interp #7 addr=0x80015650 ra=0x8001A24C f=0
[BLACKSCREEN][INTERP] enter start=0x80015650 instr0=0x3C028003 a0=0xFFFFFFFF ra=0x8001A24C sp=0x801FFF98 f=0
[BLACKSCREEN][INTERP] start=0x80015650 end=0x80015658 steps=3 reason=jr_ra target=0x8001A24C ra=0x8001A24C sp=0x801FFF98 f=0
[BLACKSCREEN][A110-RET] call_pc=0x8001A244 target=0x80015650 v0_before=0xFFFFFFFF v1_before=0x00000000 v0_after=0x00000000 v1_after=0x00000000 c9278=0x000003C1 c927c=0x00000001 sp_before=0x801FFF98 sp_after=0x801FFF98 ra=0x8001A24C f=0
[BLACKSCREEN][A110-CONT] start=0x8001A110 pc=0x8001A17C instr=0x0C0054C2 sp=0x801FFF98 ra=0x8001A24C a0=0xFFFFFFFF s0=0x00000003 f=0
[BLACKSCREEN][A110-CALL] pc=0x8001A17C target=0x80015308 v0=0x00000000 v1=0x00000000 a0=0xFFFFFFFF a1=0x00008000 a2=0x00000000 a3=0x00000000 sp=0x801FFF98 ra=0x8001A184 f=0
[BLACKSCREEN][CALL] enter #10 addr=0x80015308 kseg0=0x80015308 ra=0x8001A184 sp=0x801FFF98 f=0
[BLACKSCREEN][A110-RET] call_pc=0x8001A17C target=0x80015308 v0_before=0x00000000 v1_before=0x00000000 v0_after=0x00000003 v1_after=0x00000000 c9278=0x000003C1 c927c=0x00000001 sp_before=0x801FFF98 sp_after=0x801FFF98 ra=0x8001A184 f=0
[BLACKSCREEN][A110-CONT] start=0x8001A110 pc=0x8001A184 instr=0x3C038004 sp=0x801FFF98 ra=0x8001A184 a0=0xFFFFFFFF s0=0x00000003 f=0
[BLACKSCREEN][A110-CONT] start=0x8001A110 pc=0x8001A188 instr=0x8C639278 sp=0x801FFF98 ra=0x8001A184 a0=0xFFFFFFFF s0=0x00000003 f=0
[BLACKSCREEN][A110-CONT] start=0x8001A110 pc=0x8001A18C instr=0x00000000 sp=0x801FFF98 ra=0x8001A184 a0=0xFFFFFFFF s0=0x00000003 f=0
[BLACKSCREEN][A110-CONT] start=0x8001A110 pc=0x8001A190 instr=0x0062182A sp=0x801FFF98 ra=0x8001A184 a0=0xFFFFFFFF s0=0x00000003 f=0
[BLACKSCREEN][A110-CONT] start=0x8001A110 pc=0x8001A194 instr=0x1460000B sp=0x801FFF98 ra=0x8001A184 a0=0xFFFFFFFF s0=0x00000003 f=0
[BLACKSCREEN][A110-EXIT-COND] pc=0x8001A194 instr=0x1460000B v1=0x00000000 v0=0x00000003 will_branch=0 next=0x8001A19C else=0x8001A1C4 c9278=0x000003C1 c927c=0x00000001 ra=0x8001A184 sp=0x801FFF98 f=0
[BLACKSCREEN][A110-CONT] start=0x8001A110 pc=0x8001A19C instr=0x3C038004 sp=0x801FFF98 ra=0x8001A184 a0=0xFFFFFFFF s0=0x00000003 f=0
[BLACKSCREEN][A110-CONT] start=0x8001A110 pc=0x8001A1A0 instr=0x8C63927C sp=0x801FFF98 ra=0x8001A184 a0=0xFFFFFFFF s0=0x00000003 f=0
[BLACKSCREEN][A110-CONT] start=0x8001A110 pc=0x8001A1A4 instr=0x00000000 sp=0x801FFF98 ra=0x8001A184 a0=0xFFFFFFFF s0=0x00000003 f=0
[BLACKSCREEN][A110-CONT] start=0x8001A110 pc=0x8001A1A8 instr=0x24620001 sp=0x801FFF98 ra=0x8001A184 a0=0xFFFFFFFF s0=0x00000003 f=0
[BLACKSCREEN][A110-CONT] start=0x8001A110 pc=0x8001A1AC instr=0x3C018004 sp=0x801FFF98 ra=0x8001A184 a0=0xFFFFFFFF s0=0x00000003 f=0
[BLACKSCREEN][A110-CONT] start=0x8001A110 pc=0x8001A1B0 instr=0xAC22927C sp=0x801FFF98 ra=0x8001A184 a0=0xFFFFFFFF s0=0x00000003 f=0
[BLACKSCREEN][A110-CONT] start=0x8001A110 pc=0x8001A1B4 instr=0x3C02003C sp=0x801FFF98 ra=0x8001A184 a0=0xFFFFFFFF s0=0x00000003 f=0
[BLACKSCREEN][A110-CONT] start=0x8001A110 pc=0x8001A1B8 instr=0x0043102A sp=0x801FFF98 ra=0x8001A184 a0=0xFFFFFFFF s0=0x00000003 f=0
[BLACKSCREEN][A110-CALL] pc=0x8001A244 target=0x80015650 v0=0xFFFFFFFF v1=0x00000001 a0=0xFFFFFFFF a1=0x00008000 a2=0x00000000 a3=0x00000000 sp=0x801FFF98 ra=0x8001A24C f=0
[BLACKSCREEN][CALL] enter #11 addr=0x80015650 kseg0=0x80015650 ra=0x8001A24C sp=0x801FFF98 f=0
[BLACKSCREEN][CALL] stage=before_overlay #8 addr=0x80015650 ra=0x8001A24C f=0
[BLACKSCREEN][CALL] stage=before_inbinary #8 addr=0x80015650 ra=0x8001A24C f=0
[BLACKSCREEN][CALL] route=interp #8 addr=0x80015650 ra=0x8001A24C f=0
[BLACKSCREEN][INTERP] enter start=0x80015650 instr0=0x3C028003 a0=0xFFFFFFFF ra=0x8001A24C sp=0x801FFF98 f=0
[BLACKSCREEN][INTERP] start=0x80015650 end=0x80015658 steps=3 reason=jr_ra target=0x8001A24C ra=0x8001A24C sp=0x801FFF98 f=0
[BLACKSCREEN][A110-RET] call_pc=0x8001A244 target=0x80015650 v0_before=0xFFFFFFFF v1_before=0x00000001 v0_after=0x00000000 v1_after=0x00000001 c9278=0x000003C1 c927c=0x00000002 sp_before=0x801FFF98 sp_after=0x801FFF98 ra=0x8001A24C f=0
[BLACKSCREEN][A110-CONT] start=0x8001A110 pc=0x8001A17C instr=0x0C0054C2 sp=0x801FFF98 ra=0x8001A24C a0=0xFFFFFFFF s0=0x00000003 f=0
[BLACKSCREEN][A110-CALL] pc=0x8001A17C target=0x80015308 v0=0x00000000 v1=0x00000001 a0=0xFFFFFFFF a1=0x00008000 a2=0x00000000 a3=0x00000000 sp=0x801FFF98 ra=0x8001A184 f=0
[BLACKSCREEN][CALL] enter #12 addr=0x80015308 kseg0=0x80015308 ra=0x8001A184 sp=0x801FFF98 f=0
[BLACKSCREEN][A110-RET] call_pc=0x8001A17C target=0x80015308 v0_before=0x00000000 v1_before=0x00000001 v0_after=0x00000004 v1_after=0x00000000 c9278=0x000003C1 c927c=0x00000002 sp_before=0x801FFF98 sp_after=0x801FFF98 ra=0x8001A184 f=0
[BLACKSCREEN][A110-CONT] start=0x8001A110 pc=0x8001A184 instr=0x3C038004 sp=0x801FFF98 ra=0x8001A184 a0=0xFFFFFFFF s0=0x00000003 f=0
[BLACKSCREEN][A110-CONT] start=0x8001A110 pc=0x8001A188 instr=0x8C639278 sp=0x801FFF98 ra=0x8001A184 a0=0xFFFFFFFF s0=0x00000003 f=0
[BLACKSCREEN][A110-CONT] start=0x8001A110 pc=0x8001A18C instr=0x00000000 sp=0x801FFF98 ra=0x8001A184 a0=0xFFFFFFFF s0=0x00000003 f=0
[BLACKSCREEN][A110-CONT] start=0x8001A110 pc=0x8001A190 instr=0x0062182A sp=0x801FFF98 ra=0x8001A184 a0=0xFFFFFFFF s0=0x00000003 f=0
[BLACKSCREEN][A110-CONT] start=0x8001A110 pc=0x8001A194 instr=0x1460000B sp=0x801FFF98 ra=0x8001A184 a0=0xFFFFFFFF s0=0x00000003 f=0
[BLACKSCREEN][A110-EXIT-COND] pc=0x8001A194 instr=0x1460000B v1=0x00000000 v0=0x00000004 will_branch=0 next=0x8001A19C else=0x8001A1C4 c9278=0x000003C1 c927c=0x00000002 ra=0x8001A184 sp=0x801FFF98 f=0
[BLACKSCREEN][A110-CONT] start=0x8001A110 pc=0x8001A19C instr=0x3C038004 sp=0x801FFF98 ra=0x8001A184 a0=0xFFFFFFFF s0=0x00000003 f=0
[BLACKSCREEN][A110-CONT] start=0x8001A110 pc=0x8001A1A0 instr=0x8C63927C sp=0x801FFF98 ra=0x8001A184 a0=0xFFFFFFFF s0=0x00000003 f=0
[BLACKSCREEN][A110-CONT] start=0x8001A110 pc=0x8001A1A4 instr=0x00000000 sp=0x801FFF98 ra=0x8001A184 a0=0xFFFFFFFF s0=0x00000003 f=0
[BLACKSCREEN][A110-CONT] start=0x8001A110 pc=0x8001A1A8 instr=0x24620001 sp=0x801FFF98 ra=0x8001A184 a0=0xFFFFFFFF s0=0x00000003 f=0
[BLACKSCREEN][A110-CONT] start=0x8001A110 pc=0x8001A1AC instr=0x3C018004 sp=0x801FFF98 ra=0x8001A184 a0=0xFFFFFFFF s0=0x00000003 f=0
[BLACKSCREEN][A110-CONT] start=0x8001A110 pc=0x8001A1B0 instr=0xAC22927C sp=0x801FFF98 ra=0x8001A184 a0=0xFFFFFFFF s0=0x00000003 f=0
[BLACKSCREEN][A110-CONT] start=0x8001A110 pc=0x8001A1B4 instr=0x3C02003C sp=0x801FFF98 ra=0x8001A184 a0=0xFFFFFFFF s0=0x00000003 f=0
[BLACKSCREEN][A110-CONT] start=0x8001A110 pc=0x8001A1B8 instr=0x0043102A sp=0x801FFF98 ra=0x8001A184 a0=0xFFFFFFFF s0=0x00000003 f=0
[BLACKSCREEN][A110-CALL] pc=0x8001A244 target=0x80015650 v0=0xFFFFFFFF v1=0x00000002 a0=0xFFFFFFFF a1=0x00008000 a2=0x00000000 a3=0x00000000 sp=0x801FFF98 ra=0x8001A24C f=0
[BLACKSCREEN][CALL] enter #13 addr=0x80015650 kseg0=0x80015650 ra=0x8001A24C sp=0x801FFF98 f=0
[BLACKSCREEN][CALL] stage=before_overlay #9 addr=0x80015650 ra=0x8001A24C f=0
[BLACKSCREEN][CALL] stage=before_inbinary #9 addr=0x80015650 ra=0x8001A24C f=0
[BLACKSCREEN][CALL] route=interp #9 addr=0x80015650 ra=0x8001A24C f=0
[BLACKSCREEN][INTERP] enter start=0x80015650 instr0=0x3C028003 a0=0xFFFFFFFF ra=0x8001A24C sp=0x801FFF98 f=0
[BLACKSCREEN][INTERP] start=0x80015650 end=0x80015658 steps=3 reason=jr_ra target=0x8001A24C ra=0x8001A24C sp=0x801FFF98 f=0
[BLACKSCREEN][A110-RET] call_pc=0x8001A244 target=0x80015650 v0_before=0xFFFFFFFF v1_before=0x00000002 v0_after=0x00000000 v1_after=0x00000002 c9278=0x000003C1 c927c=0x00000003 sp_before=0x801FFF98 sp_after=0x801FFF98 ra=0x8001A24C f=0
[BLACKSCREEN][A110-CONT] start=0x8001A110 pc=0x8001A17C instr=0x0C0054C2 sp=0x801FFF98 ra=0x8001A24C a0=0xFFFFFFFF s0=0x00000003 f=0
[BLACKSCREEN][A110-CALL] pc=0x8001A17C target=0x80015308 v0=0x00000000 v1=0x00000002 a0=0xFFFFFFFF a1=0x00008000 a2=0x00000000 a3=0x00000000 sp=0x801FFF98 ra=0x8001A184 f=0
[BLACKSCREEN][CALL] enter #14 addr=0x80015308 kseg0=0x80015308 ra=0x8001A184 sp=0x801FFF98 f=0
[BLACKSCREEN][A110-RET] call_pc=0x8001A17C target=0x80015308 v0_before=0x00000000 v1_before=0x00000002 v0_after=0x00000005 v1_after=0x00000000 c9278=0x000003C1 c927c=0x00000003 sp_before=0x801FFF98 sp_after=0x801FFF98 ra=0x8001A184 f=0
[BLACKSCREEN][A110-CONT] start=0x8001A110 pc=0x8001A184 instr=0x3C038004 sp=0x801FFF98 ra=0x8001A184 a0=0xFFFFFFFF s0=0x00000003 f=0
[BLACKSCREEN][A110-CONT] start=0x8001A110 pc=0x8001A188 instr=0x8C639278 sp=0x801FFF98 ra=0x8001A184 a0=0xFFFFFFFF s0=0x00000003 f=0
[BLACKSCREEN][A110-CONT] start=0x8001A110 pc=0x8001A18C instr=0x00000000 sp=0x801FFF98 ra=0x8001A184 a0=0xFFFFFFFF s0=0x00000003 f=0
[BLACKSCREEN][A110-CONT] start=0x8001A110 pc=0x8001A190 instr=0x0062182A sp=0x801FFF98 ra=0x8001A184 a0=0xFFFFFFFF s0=0x00000003 f=0
[BLACKSCREEN][A110-CONT] start=0x8001A110 pc=0x8001A194 instr=0x1460000B sp=0x801FFF98 ra=0x8001A184 a0=0xFFFFFFFF s0=0x00000003 f=0
[BLACKSCREEN][A110-EXIT-COND] pc=0x8001A194 instr=0x1460000B v1=0x00000000 v0=0x00000005 will_branch=0 next=0x8001A19C else=0x8001A1C4 c9278=0x000003C1 c927c=0x00000003 ra=0x8001A184 sp=0x801FFF98 f=0
[BLACKSCREEN][A110-CONT] start=0x8001A110 pc=0x8001A19C instr=0x3C038004 sp=0x801FFF98 ra=0x8001A184 a0=0xFFFFFFFF s0=0x00000003 f=0
[BLACKSCREEN][A110-CONT] start=0x8001A110 pc=0x8001A1A0 instr=0x8C63927C sp=0x801FFF98 ra=0x8001A184 a0=0xFFFFFFFF s0=0x00000003 f=0
[BLACKSCREEN][A110-CONT] start=0x8001A110 pc=0x8001A1A4 instr=0x00000000 sp=0x801FFF98 ra=0x8001A184 a0=0xFFFFFFFF s0=0x00000003 f=0
[BLACKSCREEN][A110-CONT] start=0x8001A110 pc=0x8001A1A8 instr=0x24620001 sp=0x801FFF98 ra=0x8001A184 a0=0xFFFFFFFF s0=0x00000003 f=0
[BLACKSCREEN][A110-CONT] start=0x8001A110 pc=0x8001A1AC instr=0x3C018004 sp=0x801FFF98 ra=0x8001A184 a0=0xFFFFFFFF s0=0x00000003 f=0
[BLACKSCREEN][A110-CONT] start=0x8001A110 pc=0x8001A1B0 instr=0xAC22927C sp=0x801FFF98 ra=0x8001A184 a0=0xFFFFFFFF s0=0x00000003 f=0
[BLACKSCREEN][A110-CONT] start=0x8001A110 pc=0x8001A1B4 instr=0x3C02003C sp=0x801FFF98 ra=0x8001A184 a0=0xFFFFFFFF s0=0x00000003 f=0
[BLACKSCREEN][A110-CONT] start=0x8001A110 pc=0x8001A1B8 instr=0x0043102A sp=0x801FFF98 ra=0x8001A184 a0=0xFFFFFFFF s0=0x00000003 f=0
[BLACKSCREEN][A110-CALL] pc=0x8001A244 target=0x80015650 v0=0xFFFFFFFF v1=0x00000003 a0=0xFFFFFFFF a1=0x00008000 a2=0x00000000 a3=0x00000000 sp=0x801FFF98 ra=0x8001A24C f=0
[BLACKSCREEN][CALL] enter #15 addr=0x80015650 kseg0=0x80015650 ra=0x8001A24C sp=0x801FFF98 f=0
[BLACKSCREEN][CALL] stage=before_overlay #10 addr=0x80015650 ra=0x8001A24C f=0
[BLACKSCREEN][CALL] stage=before_inbinary #10 addr=0x80015650 ra=0x8001A24C f=0
[BLACKSCREEN][CALL] route=interp #10 addr=0x80015650 ra=0x8001A24C f=0
[BLACKSCREEN][INTERP] enter start=0x80015650 instr0=0x3C028003 a0=0xFFFFFFFF ra=0x8001A24C sp=0x801FFF98 f=0
[BLACKSCREEN][INTERP] start=0x80015650 end=0x80015658 steps=3 reason=jr_ra target=0x8001A24C ra=0x8001A24C sp=0x801FFF98 f=0
[BLACKSCREEN][A110-RET] call_pc=0x8001A244 target=0x80015650 v0_before=0xFFFFFFFF v1_before=0x00000003 v0_after=0x00000000 v1_after=0x00000003 c9278=0x000003C1 c927c=0x00000004 sp_before=0x801FFF98 sp_after=0x801FFF98 ra=0x8001A24C f=0
[BLACKSCREEN][A110-CONT] start=0x8001A110 pc=0x8001A17C instr=0x0C0054C2 sp=0x801FFF98 ra=0x8001A24C a0=0xFFFFFFFF s0=0x00000003 f=0
[BLACKSCREEN][A110-CALL] pc=0x8001A17C target=0x80015308 v0=0x00000000 v1=0x00000003 a0=0xFFFFFFFF a1=0x00008000 a2=0x00000000 a3=0x00000000 sp=0x801FFF98 ra=0x8001A184 f=0
[BLACKSCREEN][CALL] enter #16 addr=0x80015308 kseg0=0x80015308 ra=0x8001A184 sp=0x801FFF98 f=0
[BLACKSCREEN][A110-RET] call_pc=0x8001A17C target=0x80015308 v0_before=0x00000000 v1_before=0x00000003 v0_after=0x00000006 v1_after=0x00000000 c9278=0x000003C1 c927c=0x00000004 sp_before=0x801FFF98 sp_after=0x801FFF98 ra=0x8001A184 f=0
[BLACKSCREEN][A110-CONT] start=0x8001A110 pc=0x8001A184 instr=0x3C038004 sp=0x801FFF98 ra=0x8001A184 a0=0xFFFFFFFF s0=0x00000003 f=0
[BLACKSCREEN][A110-CONT] start=0x8001A110 pc=0x8001A188 instr=0x8C639278 sp=0x801FFF98 ra=0x8001A184 a0=0xFFFFFFFF s0=0x00000003 f=0
[BLACKSCREEN][A110-CONT] start=0x8001A110 pc=0x8001A18C instr=0x00000000 sp=0x801FFF98 ra=0x8001A184 a0=0xFFFFFFFF s0=0x00000003 f=0
[BLACKSCREEN][A110-CONT] start=0x8001A110 pc=0x8001A190 instr=0x0062182A sp=0x801FFF98 ra=0x8001A184 a0=0xFFFFFFFF s0=0x00000003 f=0
[BLACKSCREEN][A110-CONT] start=0x8001A110 pc=0x8001A194 instr=0x1460000B sp=0x801FFF98 ra=0x8001A184 a0=0xFFFFFFFF s0=0x00000003 f=0
[BLACKSCREEN][A110-EXIT-COND] pc=0x8001A194 instr=0x1460000B v1=0x00000000 v0=0x00000006 will_branch=0 next=0x8001A19C else=0x8001A1C4 c9278=0x000003C1 c927c=0x00000004 ra=0x8001A184 sp=0x801FFF98 f=0
[BLACKSCREEN][A110-CONT] start=0x8001A110 pc=0x8001A19C instr=0x3C038004 sp=0x801FFF98 ra=0x8001A184 a0=0xFFFFFFFF s0=0x00000003 f=0
[BLACKSCREEN][A110-CONT] start=0x8001A110 pc=0x8001A1A0 instr=0x8C63927C sp=0x801FFF98 ra=0x8001A184 a0=0xFFFFFFFF s0=0x00000003 f=0
[BLACKSCREEN][A110-CONT] start=0x8001A110 pc=0x8001A1A4 instr=0x00000000 sp=0x801FFF98 ra=0x8001A184 a0=0xFFFFFFFF s0=0x00000003 f=0
[BLACKSCREEN][A110-CONT] start=0x8001A110 pc=0x8001A1A8 instr=0x24620001 sp=0x801FFF98 ra=0x8001A184 a0=0xFFFFFFFF s0=0x00000003 f=0
[BLACKSCREEN][A110-CONT] start=0x8001A110 pc=0x8001A1AC instr=0x3C018004 sp=0x801FFF98 ra=0x8001A184 a0=0xFFFFFFFF s0=0x00000003 f=0
[BLACKSCREEN][A110-CONT] start=0x8001A110 pc=0x8001A1B0 instr=0xAC22927C sp=0x801FFF98 ra=0x8001A184 a0=0xFFFFFFFF s0=0x00000003 f=0
[BLACKSCREEN][A110-CONT] start=0x8001A110 pc=0x8001A1B4 instr=0x3C02003C sp=0x801FFF98 ra=0x8001A184 a0=0xFFFFFFFF s0=0x00000003 f=0
[BLACKSCREEN][A110-CONT] start=0x8001A110 pc=0x8001A1B8 instr=0x0043102A sp=0x801FFF98 ra=0x8001A184 a0=0xFFFFFFFF s0=0x00000003 f=0
[BLACKSCREEN][A110-CALL] pc=0x8001A244 target=0x80015650 v0=0xFFFFFFFF v1=0x00000004 a0=0xFFFFFFFF a1=0x00008000 a2=0x00000000 a3=0x00000000 sp=0x801FFF98 ra=0x8001A24C f=0
[BLACKSCREEN][CALL] enter #17 addr=0x80015650 kseg0=0x80015650 ra=0x8001A24C sp=0x801FFF98 f=0
[BLACKSCREEN][CALL] stage=before_overlay #11 addr=0x80015650 ra=0x8001A24C f=0
[BLACKSCREEN][CALL] stage=before_inbinary #11 addr=0x80015650 ra=0x8001A24C f=0
[BLACKSCREEN][CALL] route=interp #11 addr=0x80015650 ra=0x8001A24C f=0
[BLACKSCREEN][INTERP] enter start=0x80015650 instr0=0x3C028003 a0=0xFFFFFFFF ra=0x8001A24C sp=0x801FFF98 f=0
[BLACKSCREEN][INTERP] start=0x80015650 end=0x80015658 steps=3 reason=jr_ra target=0x8001A24C ra=0x8001A24C sp=0x801FFF98 f=0
[BLACKSCREEN][A110-RET] call_pc=0x8001A244 target=0x80015650 v0_before=0xFFFFFFFF v1_before=0x00000004 v0_after=0x00000000 v1_after=0x00000004 c9278=0x000003C1 c927c=0x00000005 sp_before=0x801FFF98 sp_after=0x801FFF98 ra=0x8001A24C f=0
[BLACKSCREEN][A110-CONT] start=0x8001A110 pc=0x8001A17C instr=0x0C0054C2 sp=0x801FFF98 ra=0x8001A24C a0=0xFFFFFFFF s0=0x00000003 f=0
[BLACKSCREEN][A110-CALL] pc=0x8001A17C target=0x80015308 v0=0x00000000 v1=0x00000004 a0=0xFFFFFFFF a1=0x00008000 a2=0x00000000 a3=0x00000000 sp=0x801FFF98 ra=0x8001A184 f=0
[BLACKSCREEN][CALL] enter #18 addr=0x80015308 kseg0=0x80015308 ra=0x8001A184 sp=0x801FFF98 f=0
[BLACKSCREEN][A110-RET] call_pc=0x8001A17C target=0x80015308 v0_before=0x00000000 v1_before=0x00000004 v0_after=0x00000007 v1_after=0x00000000 c9278=0x000003C1 c927c=0x00000005 sp_before=0x801FFF98 sp_after=0x801FFF98 ra=0x8001A184 f=0
[BLACKSCREEN][A110-CONT] start=0x8001A110 pc=0x8001A184 instr=0x3C038004 sp=0x801FFF98 ra=0x8001A184 a0=0xFFFFFFFF s0=0x00000003 f=0
[BLACKSCREEN][A110-CONT] start=0x8001A110 pc=0x8001A188 instr=0x8C639278 sp=0x801FFF98 ra=0x8001A184 a0=0xFFFFFFFF s0=0x00000003 f=0
[BLACKSCREEN][A110-CONT] start=0x8001A110 pc=0x8001A18C instr=0x00000000 sp=0x801FFF98 ra=0x8001A184 a0=0xFFFFFFFF s0=0x00000003 f=0
[BLACKSCREEN][A110-CONT] start=0x8001A110 pc=0x8001A190 instr=0x0062182A sp=0x801FFF98 ra=0x8001A184 a0=0xFFFFFFFF s0=0x00000003 f=0
[BLACKSCREEN][A110-CONT] start=0x8001A110 pc=0x8001A194 instr=0x1460000B sp=0x801FFF98 ra=0x8001A184 a0=0xFFFFFFFF s0=0x00000003 f=0
[BLACKSCREEN][A110-EXIT-COND] pc=0x8001A194 instr=0x1460000B v1=0x00000000 v0=0x00000007 will_branch=0 next=0x8001A19C else=0x8001A1C4 c9278=0x000003C1 c927c=0x00000005 ra=0x8001A184 sp=0x801FFF98 f=0
[BLACKSCREEN][A110-CONT] start=0x8001A110 pc=0x8001A19C instr=0x3C038004 sp=0x801FFF98 ra=0x8001A184 a0=0xFFFFFFFF s0=0x00000003 f=0
[BLACKSCREEN][A110-CONT] start=0x8001A110 pc=0x8001A1A0 instr=0x8C63927C sp=0x801FFF98 ra=0x8001A184 a0=0xFFFFFFFF s0=0x00000003 f=0
[BLACKSCREEN][A110-CONT] start=0x8001A110 pc=0x8001A1A4 instr=0x00000000 sp=0x801FFF98 ra=0x8001A184 a0=0xFFFFFFFF s0=0x00000003 f=0
[BLACKSCREEN][A110-CONT] start=0x8001A110 pc=0x8001A1A8 instr=0x24620001 sp=0x801FFF98 ra=0x8001A184 a0=0xFFFFFFFF s0=0x00000003 f=0
[BLACKSCREEN][A110-CONT] start=0x8001A110 pc=0x8001A1AC instr=0x3C018004 sp=0x801FFF98 ra=0x8001A184 a0=0xFFFFFFFF s0=0x00000003 f=0
[BLACKSCREEN][A110-CONT] start=0x8001A110 pc=0x8001A1B0 instr=0xAC22927C sp=0x801FFF98 ra=0x8001A184 a0=0xFFFFFFFF s0=0x00000003 f=0
[BLACKSCREEN][A110-CONT] start=0x8001A110 pc=0x8001A1B4 instr=0x3C02003C sp=0x801FFF98 ra=0x8001A184 a0=0xFFFFFFFF s0=0x00000003 f=0
[BLACKSCREEN][A110-CONT] start=0x8001A110 pc=0x8001A1B8 instr=0x0043102A sp=0x801FFF98 ra=0x8001A184 a0=0xFFFFFFFF s0=0x00000003 f=0
[BLACKSCREEN][A110-CALL] pc=0x8001A244 target=0x80015650 v0=0xFFFFFFFF v1=0x00000005 a0=0xFFFFFFFF a1=0x00008000 a2=0x00000000 a3=0x00000000 sp=0x801FFF98 ra=0x8001A24C f=0
[BLACKSCREEN][CALL] enter #19 addr=0x80015650 kseg0=0x80015650 ra=0x8001A24C sp=0x801FFF98 f=0
[BLACKSCREEN][CALL] stage=before_overlay #12 addr=0x80015650 ra=0x8001A24C f=0
[BLACKSCREEN][CALL] stage=before_inbinary #12 addr=0x80015650 ra=0x8001A24C f=0
[BLACKSCREEN][CALL] route=interp #12 addr=0x80015650 ra=0x8001A24C f=0
[BLACKSCREEN][INTERP] enter start=0x80015650 instr0=0x3C028003 a0=0xFFFFFFFF ra=0x8001A24C sp=0x801FFF98 f=0
[BLACKSCREEN][INTERP] start=0x80015650 end=0x80015658 steps=3 reason=jr_ra target=0x8001A24C ra=0x8001A24C sp=0x801FFF98 f=0
[BLACKSCREEN][A110-RET] call_pc=0x8001A244 target=0x80015650 v0_before=0xFFFFFFFF v1_before=0x00000005 v0_after=0x00000000 v1_after=0x00000005 c9278=0x000003C1 c927c=0x00000006 sp_before=0x801FFF98 sp_after=0x801FFF98 ra=0x8001A24C f=0
[BLACKSCREEN][A110-CONT] start=0x8001A110 pc=0x8001A17C instr=0x0C0054C2 sp=0x801FFF98 ra=0x8001A24C a0=0xFFFFFFFF s0=0x00000003 f=0
[BLACKSCREEN][A110-CALL] pc=0x8001A17C target=0x80015308 v0=0x00000000 v1=0x00000005 a0=0xFFFFFFFF a1=0x00008000 a2=0x00000000 a3=0x00000000 sp=0x801FFF98 ra=0x8001A184 f=0
[BLACKSCREEN][CALL] enter #20 addr=0x80015308 kseg0=0x80015308 ra=0x8001A184 sp=0x801FFF98 f=0
[BLACKSCREEN][A110-RET] call_pc=0x8001A17C target=0x80015308 v0_before=0x00000000 v1_before=0x00000005 v0_after=0x00000008 v1_after=0x00000000 c9278=0x000003C1 c927c=0x00000006 sp_before=0x801FFF98 sp_after=0x801FFF98 ra=0x8001A184 f=0
[BLACKSCREEN][A110-CONT] start=0x8001A110 pc=0x8001A184 instr=0x3C038004 sp=0x801FFF98 ra=0x8001A184 a0=0xFFFFFFFF s0=0x00000003 f=0
[BLACKSCREEN][A110-CONT] start=0x8001A110 pc=0x8001A188 instr=0x8C639278 sp=0x801FFF98 ra=0x8001A184 a0=0xFFFFFFFF s0=0x00000003 f=0
[BLACKSCREEN][A110-CONT] start=0x8001A110 pc=0x8001A18C instr=0x00000000 sp=0x801FFF98 ra=0x8001A184 a0=0xFFFFFFFF s0=0x00000003 f=0
[BLACKSCREEN][A110-CONT] start=0x8001A110 pc=0x8001A190 instr=0x0062182A sp=0x801FFF98 ra=0x8001A184 a0=0xFFFFFFFF s0=0x00000003 f=0
[BLACKSCREEN][A110-CONT] start=0x8001A110 pc=0x8001A194 instr=0x1460000B sp=0x801FFF98 ra=0x8001A184 a0=0xFFFFFFFF s0=0x00000003 f=0
[BLACKSCREEN][A110-EXIT-COND] pc=0x8001A194 instr=0x1460000B v1=0x00000000 v0=0x00000008 will_branch=0 next=0x8001A19C else=0x8001A1C4 c9278=0x000003C1 c927c=0x00000006 ra=0x8001A184 sp=0x801FFF98 f=0
[BLACKSCREEN][A110-CONT] start=0x8001A110 pc=0x8001A19C instr=0x3C038004 sp=0x801FFF98 ra=0x8001A184 a0=0xFFFFFFFF s0=0x00000003 f=0
[BLACKSCREEN][A110-CONT] start=0x8001A110 pc=0x8001A1A0 instr=0x8C63927C sp=0x801FFF98 ra=0x8001A184 a0=0xFFFFFFFF s0=0x00000003 f=0
[BLACKSCREEN][A110-CONT] start=0x8001A110 pc=0x8001A1A4 instr=0x00000000 sp=0x801FFF98 ra=0x8001A184 a0=0xFFFFFFFF s0=0x00000003 f=0
[BLACKSCREEN][A110-CONT] start=0x8001A110 pc=0x8001A1A8 instr=0x24620001 sp=0x801FFF98 ra=0x8001A184 a0=0xFFFFFFFF s0=0x00000003 f=0
[BLACKSCREEN][A110-CONT] start=0x8001A110 pc=0x8001A1AC instr=0x3C018004 sp=0x801FFF98 ra=0x8001A184 a0=0xFFFFFFFF s0=0x00000003 f=0
[BLACKSCREEN][A110-CONT] start=0x8001A110 pc=0x8001A1B0 instr=0xAC22927C sp=0x801FFF98 ra=0x8001A184 a0=0xFFFFFFFF s0=0x00000003 f=0
[BLACKSCREEN][A110-CONT] start=0x8001A110 pc=0x8001A1B4 instr=0x3C02003C sp=0x801FFF98 ra=0x8001A184 a0=0xFFFFFFFF s0=0x00000003 f=0
[BLACKSCREEN][A110-CONT] start=0x8001A110 pc=0x8001A1B8 instr=0x0043102A sp=0x801FFF98 ra=0x8001A184 a0=0xFFFFFFFF s0=0x00000003 f=0
[BLACKSCREEN][A110-CALL] pc=0x8001A244 target=0x80015650 v0=0xFFFFFFFF v1=0x00000006 a0=0xFFFFFFFF a1=0x00008000 a2=0x00000000 a3=0x00000000 sp=0x801FFF98 ra=0x8001A24C f=0
[BLACKSCREEN][CALL] enter #21 addr=0x80015650 kseg0=0x80015650 ra=0x8001A24C sp=0x801FFF98 f=0
[BLACKSCREEN][CALL] stage=before_overlay #13 addr=0x80015650 ra=0x8001A24C f=0
[BLACKSCREEN][CALL] stage=before_inbinary #13 addr=0x80015650 ra=0x8001A24C f=0
[BLACKSCREEN][CALL] route=interp #13 addr=0x80015650 ra=0x8001A24C f=0
[BLACKSCREEN][INTERP] enter start=0x80015650 instr0=0x3C028003 a0=0xFFFFFFFF ra=0x8001A24C sp=0x801FFF98 f=0
[BLACKSCREEN][INTERP] start=0x80015650 end=0x80015658 steps=3 reason=jr_ra target=0x8001A24C ra=0x8001A24C sp=0x801FFF98 f=0
[BLACKSCREEN][A110-RET] call_pc=0x8001A244 target=0x80015650 v0_before=0xFFFFFFFF v1_before=0x00000006 v0_after=0x00000000 v1_after=0x00000006 c9278=0x000003C1 c927c=0x00000007 sp_before=0x801FFF98 sp_after=0x801FFF98 ra=0x8001A24C f=0
[BLACKSCREEN][A110-CONT] start=0x8001A110 pc=0x8001A17C instr=0x0C0054C2 sp=0x801FFF98 ra=0x8001A24C a0=0xFFFFFFFF s0=0x00000003 f=0
[BLACKSCREEN][A110-CALL] pc=0x8001A17C target=0x80015308 v0=0x00000000 v1=0x00000006 a0=0xFFFFFFFF a1=0x00008000 a2=0x00000000 a3=0x00000000 sp=0x801FFF98 ra=0x8001A184 f=0
[BLACKSCREEN][CALL] enter #22 addr=0x80015308 kseg0=0x80015308 ra=0x8001A184 sp=0x801FFF98 f=0
[BLACKSCREEN][A110-RET] call_pc=0x8001A17C target=0x80015308 v0_before=0x00000000 v1_before=0x00000006 v0_after=0x00000009 v1_after=0x00000000 c9278=0x000003C1 c927c=0x00000007 sp_before=0x801FFF98 sp_after=0x801FFF98 ra=0x8001A184 f=0
[BLACKSCREEN][A110-CONT] start=0x8001A110 pc=0x8001A184 instr=0x3C038004 sp=0x801FFF98 ra=0x8001A184 a0=0xFFFFFFFF s0=0x00000003 f=0
[BLACKSCREEN][A110-CONT] start=0x8001A110 pc=0x8001A188 instr=0x8C639278 sp=0x801FFF98 ra=0x8001A184 a0=0xFFFFFFFF s0=0x00000003 f=0
[BLACKSCREEN][A110-CONT] start=0x8001A110 pc=0x8001A18C instr=0x00000000 sp=0x801FFF98 ra=0x8001A184 a0=0xFFFFFFFF s0=0x00000003 f=0
[BLACKSCREEN][A110-CONT] start=0x8001A110 pc=0x8001A190 instr=0x0062182A sp=0x801FFF98 ra=0x8001A184 a0=0xFFFFFFFF s0=0x00000003 f=0
[BLACKSCREEN][A110-CONT] start=0x8001A110 pc=0x8001A194 instr=0x1460000B sp=0x801FFF98 ra=0x8001A184 a0=0xFFFFFFFF s0=0x00000003 f=0
[BLACKSCREEN][A110-EXIT-COND] pc=0x8001A194 instr=0x1460000B v1=0x00000000 v0=0x00000009 will_branch=0 next=0x8001A19C else=0x8001A1C4 c9278=0x000003C1 c927c=0x00000007 ra=0x8001A184 sp=0x801FFF98 f=0
[BLACKSCREEN][A110-CONT] start=0x8001A110 pc=0x8001A19C instr=0x3C038004 sp=0x801FFF98 ra=0x8001A184 a0=0xFFFFFFFF s0=0x00000003 f=0
[BLACKSCREEN][A110-CONT] start=0x8001A110 pc=0x8001A1A0 instr=0x8C63927C sp=0x801FFF98 ra=0x8001A184 a0=0xFFFFFFFF s0=0x00000003 f=0
[BLACKSCREEN][A110-CONT] start=0x8001A110 pc=0x8001A1A4 instr=0x00000000 sp=0x801FFF98 ra=0x8001A184 a0=0xFFFFFFFF s0=0x00000003 f=0
[BLACKSCREEN][A110-CONT] start=0x8001A110 pc=0x8001A1A8 instr=0x24620001 sp=0x801FFF98 ra=0x8001A184 a0=0xFFFFFFFF s0=0x00000003 f=0
[BLACKSCREEN][A110-CONT] start=0x8001A110 pc=0x8001A1AC instr=0x3C018004 sp=0x801FFF98 ra=0x8001A184 a0=0xFFFFFFFF s0=0x00000003 f=0
[BLACKSCREEN][A110-CALL] pc=0x8001A244 target=0x80015650 v0=0xFFFFFFFF v1=0x00000007 a0=0xFFFFFFFF a1=0x00008000 a2=0x00000000 a3=0x00000000 sp=0x801FFF98 ra=0x8001A24C f=0
[BLACKSCREEN][CALL] enter #23 addr=0x80015650 kseg0=0x80015650 ra=0x8001A24C sp=0x801FFF98 f=0
[BLACKSCREEN][CALL] stage=before_overlay #14 addr=0x80015650 ra=0x8001A24C f=0
[BLACKSCREEN][CALL] stage=before_inbinary #14 addr=0x80015650 ra=0x8001A24C f=0
[BLACKSCREEN][CALL] route=interp #14 addr=0x80015650 ra=0x8001A24C f=0
[BLACKSCREEN][INTERP] enter start=0x80015650 instr0=0x3C028003 a0=0xFFFFFFFF ra=0x8001A24C sp=0x801FFF98 f=0
[BLACKSCREEN][INTERP] start=0x80015650 end=0x80015658 steps=3 reason=jr_ra target=0x8001A24C ra=0x8001A24C sp=0x801FFF98 f=0
[BLACKSCREEN][A110-RET] call_pc=0x8001A244 target=0x80015650 v0_before=0xFFFFFFFF v1_before=0x00000007 v0_after=0x00000000 v1_after=0x00000007 c9278=0x000003C1 c927c=0x00000008 sp_before=0x801FFF98 sp_after=0x801FFF98 ra=0x8001A24C f=0
[BLACKSCREEN][A110-CALL] pc=0x8001A17C target=0x80015308 v0=0x00000000 v1=0x00000007 a0=0xFFFFFFFF a1=0x00008000 a2=0x00000000 a3=0x00000000 sp=0x801FFF98 ra=0x8001A184 f=0
[BLACKSCREEN][CALL] enter #24 addr=0x80015308 kseg0=0x80015308 ra=0x8001A184 sp=0x801FFF98 f=0
[BLACKSCREEN][A110-RET] call_pc=0x8001A17C target=0x80015308 v0_before=0x00000000 v1_before=0x00000007 v0_after=0x0000000A v1_after=0x00000000 c9278=0x000003C1 c927c=0x00000008 sp_before=0x801FFF98 sp_after=0x801FFF98 ra=0x8001A184 f=0
[BLACKSCREEN][A110-EXIT-COND] pc=0x8001A194 instr=0x1460000B v1=0x00000000 v0=0x0000000A will_branch=0 next=0x8001A19C else=0x8001A1C4 c9278=0x000003C1 c927c=0x00000008 ra=0x8001A184 sp=0x801FFF98 f=0
[BLACKSCREEN][A110-CALL] pc=0x8001A244 target=0x80015650 v0=0xFFFFFFFF v1=0x00000008 a0=0xFFFFFFFF a1=0x00008000 a2=0x00000000 a3=0x00000000 sp=0x801FFF98 ra=0x8001A24C f=0
[BLACKSCREEN][CALL] enter #25 addr=0x80015650 kseg0=0x80015650 ra=0x8001A24C sp=0x801FFF98 f=0
[BLACKSCREEN][CALL] stage=before_overlay #15 addr=0x80015650 ra=0x8001A24C f=0
[BLACKSCREEN][CALL] stage=before_inbinary #15 addr=0x80015650 ra=0x8001A24C f=0
[BLACKSCREEN][CALL] route=interp #15 addr=0x80015650 ra=0x8001A24C f=0
[BLACKSCREEN][INTERP] enter start=0x80015650 instr0=0x3C028003 a0=0xFFFFFFFF ra=0x8001A24C sp=0x801FFF98 f=0
[BLACKSCREEN][INTERP] start=0x80015650 end=0x80015658 steps=3 reason=jr_ra target=0x8001A24C ra=0x8001A24C sp=0x801FFF98 f=0
[BLACKSCREEN][A110-RET] call_pc=0x8001A244 target=0x80015650 v0_before=0xFFFFFFFF v1_before=0x00000008 v0_after=0x00000000 v1_after=0x00000008 c9278=0x000003C1 c927c=0x00000009 sp_before=0x801FFF98 sp_after=0x801FFF98 ra=0x8001A24C f=0
[BLACKSCREEN][A110-CALL] pc=0x8001A17C target=0x80015308 v0=0x00000000 v1=0x00000008 a0=0xFFFFFFFF a1=0x00008000 a2=0x00000000 a3=0x00000000 sp=0x801FFF98 ra=0x8001A184 f=0
[BLACKSCREEN][CALL] enter #26 addr=0x80015308 kseg0=0x80015308 ra=0x8001A184 sp=0x801FFF98 f=0
[BLACKSCREEN][A110-RET] call_pc=0x8001A17C target=0x80015308 v0_before=0x00000000 v1_before=0x00000008 v0_after=0x0000000B v1_after=0x00000000 c9278=0x000003C1 c927c=0x00000009 sp_before=0x801FFF98 sp_after=0x801FFF98 ra=0x8001A184 f=0
[BLACKSCREEN][A110-EXIT-COND] pc=0x8001A194 instr=0x1460000B v1=0x00000000 v0=0x0000000B will_branch=0 next=0x8001A19C else=0x8001A1C4 c9278=0x000003C1 c927c=0x00000009 ra=0x8001A184 sp=0x801FFF98 f=0
[BLACKSCREEN][A110-CALL] pc=0x8001A244 target=0x80015650 v0=0xFFFFFFFF v1=0x00000009 a0=0xFFFFFFFF a1=0x00008000 a2=0x00000000 a3=0x00000000 sp=0x801FFF98 ra=0x8001A24C f=0
[BLACKSCREEN][CALL] enter #27 addr=0x80015650 kseg0=0x80015650 ra=0x8001A24C sp=0x801FFF98 f=0
[BLACKSCREEN][CALL] stage=before_overlay #16 addr=0x80015650 ra=0x8001A24C f=0
[BLACKSCREEN][CALL] stage=before_inbinary #16 addr=0x80015650 ra=0x8001A24C f=0
[BLACKSCREEN][CALL] route=interp #16 addr=0x80015650 ra=0x8001A24C f=0
[BLACKSCREEN][INTERP] enter start=0x80015650 instr0=0x3C028003 a0=0xFFFFFFFF ra=0x8001A24C sp=0x801FFF98 f=0
[BLACKSCREEN][INTERP] start=0x80015650 end=0x80015658 steps=3 reason=jr_ra target=0x8001A24C ra=0x8001A24C sp=0x801FFF98 f=0
[BLACKSCREEN][A110-RET] call_pc=0x8001A244 target=0x80015650 v0_before=0xFFFFFFFF v1_before=0x00000009 v0_after=0x00000000 v1_after=0x00000009 c9278=0x000003C1 c927c=0x0000000A sp_before=0x801FFF98 sp_after=0x801FFF98 ra=0x8001A24C f=0
[BLACKSCREEN][A110-CALL] pc=0x8001A17C target=0x80015308 v0=0x00000000 v1=0x00000009 a0=0xFFFFFFFF a1=0x00008000 a2=0x00000000 a3=0x00000000 sp=0x801FFF98 ra=0x8001A184 f=0
[BLACKSCREEN][CALL] enter #28 addr=0x80015308 kseg0=0x80015308 ra=0x8001A184 sp=0x801FFF98 f=0
[BLACKSCREEN][A110-RET] call_pc=0x8001A17C target=0x80015308 v0_before=0x00000000 v1_before=0x00000009 v0_after=0x0000000C v1_after=0x00000000 c9278=0x000003C1 c927c=0x0000000A sp_before=0x801FFF98 sp_after=0x801FFF98 ra=0x8001A184 f=0
[BLACKSCREEN][A110-EXIT-COND] pc=0x8001A194 instr=0x1460000B v1=0x00000000 v0=0x0000000C will_branch=0 next=0x8001A19C else=0x8001A1C4 c9278=0x000003C1 c927c=0x0000000A ra=0x8001A184 sp=0x801FFF98 f=0
[BLACKSCREEN][A110-CALL] pc=0x8001A244 target=0x80015650 v0=0xFFFFFFFF v1=0x0000000A a0=0xFFFFFFFF a1=0x00008000 a2=0x00000000 a3=0x00000000 sp=0x801FFF98 ra=0x8001A24C f=0
[BLACKSCREEN][CALL] enter #29 addr=0x80015650 kseg0=0x80015650 ra=0x8001A24C sp=0x801FFF98 f=0
[BLACKSCREEN][CALL] stage=before_overlay #17 addr=0x80015650 ra=0x8001A24C f=0
[BLACKSCREEN][CALL] stage=before_inbinary #17 addr=0x80015650 ra=0x8001A24C f=0
[BLACKSCREEN][CALL] route=interp #17 addr=0x80015650 ra=0x8001A24C f=0
[BLACKSCREEN][INTERP] enter start=0x80015650 instr0=0x3C028003 a0=0xFFFFFFFF ra=0x8001A24C sp=0x801FFF98 f=0
[BLACKSCREEN][INTERP] start=0x80015650 end=0x80015658 steps=3 reason=jr_ra target=0x8001A24C ra=0x8001A24C sp=0x801FFF98 f=0
[BLACKSCREEN][A110-RET] call_pc=0x8001A244 target=0x80015650 v0_before=0xFFFFFFFF v1_before=0x0000000A v0_after=0x00000000 v1_after=0x0000000A c9278=0x000003C1 c927c=0x0000000B sp_before=0x801FFF98 sp_after=0x801FFF98 ra=0x8001A24C f=0
[BLACKSCREEN][A110-CALL] pc=0x8001A17C target=0x80015308 v0=0x00000000 v1=0x0000000A a0=0xFFFFFFFF a1=0x00008000 a2=0x00000000 a3=0x00000000 sp=0x801FFF98 ra=0x8001A184 f=0
[BLACKSCREEN][CALL] enter #30 addr=0x80015308 kseg0=0x80015308 ra=0x8001A184 sp=0x801FFF98 f=0
[BLACKSCREEN][A110-RET] call_pc=0x8001A17C target=0x80015308 v0_before=0x00000000 v1_before=0x0000000A v0_after=0x0000000D v1_after=0x00000000 c9278=0x000003C1 c927c=0x0000000B sp_before=0x801FFF98 sp_after=0x801FFF98 ra=0x8001A184 f=0
[BLACKSCREEN][A110-EXIT-COND] pc=0x8001A194 instr=0x1460000B v1=0x00000000 v0=0x0000000D will_branch=0 next=0x8001A19C else=0x8001A1C4 c9278=0x000003C1 c927c=0x0000000B ra=0x8001A184 sp=0x801FFF98 f=0
[BLACKSCREEN][A110-CALL] pc=0x8001A244 target=0x80015650 v0=0xFFFFFFFF v1=0x0000000B a0=0xFFFFFFFF a1=0x00008000 a2=0x00000000 a3=0x00000000 sp=0x801FFF98 ra=0x8001A24C f=0
[BLACKSCREEN][CALL] enter #31 addr=0x80015650 kseg0=0x80015650 ra=0x8001A24C sp=0x801FFF98 f=0
[BLACKSCREEN][CALL] stage=before_overlay #18 addr=0x80015650 ra=0x8001A24C f=0
[BLACKSCREEN][CALL] stage=before_inbinary #18 addr=0x80015650 ra=0x8001A24C f=0
[BLACKSCREEN][CALL] route=interp #18 addr=0x80015650 ra=0x8001A24C f=0
[BLACKSCREEN][INTERP] enter start=0x80015650 instr0=0x3C028003 a0=0xFFFFFFFF ra=0x8001A24C sp=0x801FFF98 f=0
[BLACKSCREEN][INTERP] start=0x80015650 end=0x80015658 steps=3 reason=jr_ra target=0x8001A24C ra=0x8001A24C sp=0x801FFF98 f=0
[BLACKSCREEN][A110-RET] call_pc=0x8001A244 target=0x80015650 v0_before=0xFFFFFFFF v1_before=0x0000000B v0_after=0x00000000 v1_after=0x0000000B c9278=0x000003C1 c927c=0x0000000C sp_before=0x801FFF98 sp_after=0x801FFF98 ra=0x8001A24C f=0
[BLACKSCREEN][A110-CALL] pc=0x8001A17C target=0x80015308 v0=0x00000000 v1=0x0000000B a0=0xFFFFFFFF a1=0x00008000 a2=0x00000000 a3=0x00000000 sp=0x801FFF98 ra=0x8001A184 f=0
[BLACKSCREEN][CALL] enter #32 addr=0x80015308 kseg0=0x80015308 ra=0x8001A184 sp=0x801FFF98 f=0
[BLACKSCREEN][A110-RET] call_pc=0x8001A17C target=0x80015308 v0_before=0x00000000 v1_before=0x0000000B v0_after=0x0000000E v1_after=0x00000000 c9278=0x000003C1 c927c=0x0000000C sp_before=0x801FFF98 sp_after=0x801FFF98 ra=0x8001A184 f=0
[BLACKSCREEN][A110-EXIT-COND] pc=0x8001A194 instr=0x1460000B v1=0x00000000 v0=0x0000000E will_branch=0 next=0x8001A19C else=0x8001A1C4 c9278=0x000003C1 c927c=0x0000000C ra=0x8001A184 sp=0x801FFF98 f=0
[BLACKSCREEN][A110-CALL] pc=0x8001A244 target=0x80015650 v0=0xFFFFFFFF v1=0x0000000C a0=0xFFFFFFFF a1=0x00008000 a2=0x00000000 a3=0x00000000 sp=0x801FFF98 ra=0x8001A24C f=0
[BLACKSCREEN][CALL] enter #33 addr=0x80015650 kseg0=0x80015650 ra=0x8001A24C sp=0x801FFF98 f=0
[BLACKSCREEN][CALL] stage=before_overlay #19 addr=0x80015650 ra=0x8001A24C f=0
[BLACKSCREEN][CALL] stage=before_inbinary #19 addr=0x80015650 ra=0x8001A24C f=0
[BLACKSCREEN][CALL] route=interp #19 addr=0x80015650 ra=0x8001A24C f=0
[BLACKSCREEN][INTERP] enter start=0x80015650 instr0=0x3C028003 a0=0xFFFFFFFF ra=0x8001A24C sp=0x801FFF98 f=0
[BLACKSCREEN][INTERP] start=0x80015650 end=0x80015658 steps=3 reason=jr_ra target=0x8001A24C ra=0x8001A24C sp=0x801FFF98 f=0
[BLACKSCREEN][A110-RET] call_pc=0x8001A244 target=0x80015650 v0_before=0xFFFFFFFF v1_before=0x0000000C v0_after=0x00000000 v1_after=0x0000000C c9278=0x000003C1 c927c=0x0000000D sp_before=0x801FFF98 sp_after=0x801FFF98 ra=0x8001A24C f=0
[BLACKSCREEN][A110-CALL] pc=0x8001A17C target=0x80015308 v0=0x00000000 v1=0x0000000C a0=0xFFFFFFFF a1=0x00008000 a2=0x00000000 a3=0x00000000 sp=0x801FFF98 ra=0x8001A184 f=0
[BLACKSCREEN][CALL] enter #34 addr=0x80015308 kseg0=0x80015308 ra=0x8001A184 sp=0x801FFF98 f=0
[BLACKSCREEN][A110-RET] call_pc=0x8001A17C target=0x80015308 v0_before=0x00000000 v1_before=0x0000000C v0_after=0x0000000F v1_after=0x00000000 c9278=0x000003C1 c927c=0x0000000D sp_before=0x801FFF98 sp_after=0x801FFF98 ra=0x8001A184 f=0
[BLACKSCREEN][A110-EXIT-COND] pc=0x8001A194 instr=0x1460000B v1=0x00000000 v0=0x0000000F will_branch=0 next=0x8001A19C else=0x8001A1C4 c9278=0x000003C1 c927c=0x0000000D ra=0x8001A184 sp=0x801FFF98 f=0
[BLACKSCREEN][A110-CALL] pc=0x8001A244 target=0x80015650 v0=0xFFFFFFFF v1=0x0000000D a0=0xFFFFFFFF a1=0x00008000 a2=0x00000000 a3=0x00000000 sp=0x801FFF98 ra=0x8001A24C f=0
[BLACKSCREEN][CALL] enter #35 addr=0x80015650 kseg0=0x80015650 ra=0x8001A24C sp=0x801FFF98 f=0
[BLACKSCREEN][CALL] stage=before_overlay #20 addr=0x80015650 ra=0x8001A24C f=0
[BLACKSCREEN][CALL] stage=before_inbinary #20 addr=0x80015650 ra=0x8001A24C f=0
[BLACKSCREEN][CALL] route=interp #20 addr=0x80015650 ra=0x8001A24C f=0
[BLACKSCREEN][INTERP] enter start=0x80015650 instr0=0x3C028003 a0=0xFFFFFFFF ra=0x8001A24C sp=0x801FFF98 f=0
[BLACKSCREEN][INTERP] start=0x80015650 end=0x80015658 steps=3 reason=jr_ra target=0x8001A24C ra=0x8001A24C sp=0x801FFF98 f=0
[BLACKSCREEN][A110-RET] call_pc=0x8001A244 target=0x80015650 v0_before=0xFFFFFFFF v1_before=0x0000000D v0_after=0x00000000 v1_after=0x0000000D c9278=0x000003C1 c927c=0x0000000E sp_before=0x801FFF98 sp_after=0x801FFF98 ra=0x8001A24C f=0
[BLACKSCREEN][A110-CALL] pc=0x8001A17C target=0x80015308 v0=0x00000000 v1=0x0000000D a0=0xFFFFFFFF a1=0x00008000 a2=0x00000000 a3=0x00000000 sp=0x801FFF98 ra=0x8001A184 f=0
[BLACKSCREEN][CALL] enter #36 addr=0x80015308 kseg0=0x80015308 ra=0x8001A184 sp=0x801FFF98 f=0
[BLACKSCREEN][A110-RET] call_pc=0x8001A17C target=0x80015308 v0_before=0x00000000 v1_before=0x0000000D v0_after=0x00000010 v1_after=0x00000000 c9278=0x000003C1 c927c=0x0000000E sp_before=0x801FFF98 sp_after=0x801FFF98 ra=0x8001A184 f=0
[BLACKSCREEN][A110-EXIT-COND] pc=0x8001A194 instr=0x1460000B v1=0x00000000 v0=0x00000010 will_branch=0 next=0x8001A19C else=0x8001A1C4 c9278=0x000003C1 c927c=0x0000000E ra=0x8001A184 sp=0x801FFF98 f=0
[BLACKSCREEN][A110-CALL] pc=0x8001A244 target=0x80015650 v0=0xFFFFFFFF v1=0x0000000E a0=0xFFFFFFFF a1=0x00008000 a2=0x00000000 a3=0x00000000 sp=0x801FFF98 ra=0x8001A24C f=0
[BLACKSCREEN][CALL] enter #37 addr=0x80015650 kseg0=0x80015650 ra=0x8001A24C sp=0x801FFF98 f=0
[BLACKSCREEN][CALL] stage=before_overlay #21 addr=0x80015650 ra=0x8001A24C f=0
[BLACKSCREEN][CALL] stage=before_inbinary #21 addr=0x80015650 ra=0x8001A24C f=0
[BLACKSCREEN][CALL] route=interp #21 addr=0x80015650 ra=0x8001A24C f=0
[BLACKSCREEN][INTERP] enter start=0x80015650 instr0=0x3C028003 a0=0xFFFFFFFF ra=0x8001A24C sp=0x801FFF98 f=0
[BLACKSCREEN][INTERP] start=0x80015650 end=0x80015658 steps=3 reason=jr_ra target=0x8001A24C ra=0x8001A24C sp=0x801FFF98 f=0
[BLACKSCREEN][A110-RET] call_pc=0x8001A244 target=0x80015650 v0_before=0xFFFFFFFF v1_before=0x0000000E v0_after=0x00000000 v1_after=0x0000000E c9278=0x000003C1 c927c=0x0000000F sp_before=0x801FFF98 sp_after=0x801FFF98 ra=0x8001A24C f=0
[BLACKSCREEN][A110-CALL] pc=0x8001A17C target=0x80015308 v0=0x00000000 v1=0x0000000E a0=0xFFFFFFFF a1=0x00008000 a2=0x00000000 a3=0x00000000 sp=0x801FFF98 ra=0x8001A184 f=0
[BLACKSCREEN][CALL] enter #38 addr=0x80015308 kseg0=0x80015308 ra=0x8001A184 sp=0x801FFF98 f=0
[BLACKSCREEN][A110-RET] call_pc=0x8001A17C target=0x80015308 v0_before=0x00000000 v1_before=0x0000000E v0_after=0x00000011 v1_after=0x00000000 c9278=0x000003C1 c927c=0x0000000F sp_before=0x801FFF98 sp_after=0x801FFF98 ra=0x8001A184 f=0
[BLACKSCREEN][A110-EXIT-COND] pc=0x8001A194 instr=0x1460000B v1=0x00000000 v0=0x00000011 will_branch=0 next=0x8001A19C else=0x8001A1C4 c9278=0x000003C1 c927c=0x0000000F ra=0x8001A184 sp=0x801FFF98 f=0
[BLACKSCREEN][A110-CALL] pc=0x8001A244 target=0x80015650 v0=0xFFFFFFFF v1=0x0000000F a0=0xFFFFFFFF a1=0x00008000 a2=0x00000000 a3=0x00000000 sp=0x801FFF98 ra=0x8001A24C f=0
[BLACKSCREEN][CALL] enter #39 addr=0x80015650 kseg0=0x80015650 ra=0x8001A24C sp=0x801FFF98 f=0
[BLACKSCREEN][CALL] stage=before_overlay #22 addr=0x80015650 ra=0x8001A24C f=0
[BLACKSCREEN][CALL] stage=before_inbinary #22 addr=0x80015650 ra=0x8001A24C f=0
[BLACKSCREEN][CALL] route=interp #22 addr=0x80015650 ra=0x8001A24C f=0
[BLACKSCREEN][INTERP] enter start=0x80015650 instr0=0x3C028003 a0=0xFFFFFFFF ra=0x8001A24C sp=0x801FFF98 f=0
[BLACKSCREEN][INTERP] start=0x80015650 end=0x80015658 steps=3 reason=jr_ra target=0x8001A24C ra=0x8001A24C sp=0x801FFF98 f=0
[BLACKSCREEN][A110-RET] call_pc=0x8001A244 target=0x80015650 v0_before=0xFFFFFFFF v1_before=0x0000000F v0_after=0x00000000 v1_after=0x0000000F c9278=0x000003C1 c927c=0x00000010 sp_before=0x801FFF98 sp_after=0x801FFF98 ra=0x8001A24C f=0
[BLACKSCREEN][A110-CALL] pc=0x8001A17C target=0x80015308 v0=0x00000000 v1=0x0000000F a0=0xFFFFFFFF a1=0x00008000 a2=0x00000000 a3=0x00000000 sp=0x801FFF98 ra=0x8001A184 f=0
[BLACKSCREEN][CALL] enter #40 addr=0x80015308 kseg0=0x80015308 ra=0x8001A184 sp=0x801FFF98 f=0
[BLACKSCREEN][A110-RET] call_pc=0x8001A17C target=0x80015308 v0_before=0x00000000 v1_before=0x0000000F v0_after=0x00000012 v1_after=0x00000000 c9278=0x000003C1 c927c=0x00000010 sp_before=0x801FFF98 sp_after=0x801FFF98 ra=0x8001A184 f=0
[BLACKSCREEN][A110-EXIT-COND] pc=0x8001A194 instr=0x1460000B v1=0x00000000 v0=0x00000012 will_branch=0 next=0x8001A19C else=0x8001A1C4 c9278=0x000003C1 c927c=0x00000010 ra=0x8001A184 sp=0x801FFF98 f=0
[BLACKSCREEN][A110-CALL] pc=0x8001A244 target=0x80015650 v0=0xFFFFFFFF v1=0x00000010 a0=0xFFFFFFFF a1=0x00008000 a2=0x00000000 a3=0x00000000 sp=0x801FFF98 ra=0x8001A24C f=0
[BLACKSCREEN][CALL] enter #41 addr=0x80015650 kseg0=0x80015650 ra=0x8001A24C sp=0x801FFF98 f=0
[BLACKSCREEN][CALL] stage=before_overlay #23 addr=0x80015650 ra=0x8001A24C f=0
[BLACKSCREEN][CALL] stage=before_inbinary #23 addr=0x80015650 ra=0x8001A24C f=0
[BLACKSCREEN][CALL] route=interp #23 addr=0x80015650 ra=0x8001A24C f=0
[BLACKSCREEN][INTERP] enter start=0x80015650 instr0=0x3C028003 a0=0xFFFFFFFF ra=0x8001A24C sp=0x801FFF98 f=0
[BLACKSCREEN][INTERP] start=0x80015650 end=0x80015658 steps=3 reason=jr_ra target=0x8001A24C ra=0x8001A24C sp=0x801FFF98 f=0
[BLACKSCREEN][A110-RET] call_pc=0x8001A244 target=0x80015650 v0_before=0xFFFFFFFF v1_before=0x00000010 v0_after=0x00000000 v1_after=0x00000010 c9278=0x000003C1 c927c=0x00000011 sp_before=0x801FFF98 sp_after=0x801FFF98 ra=0x8001A24C f=0
[BLACKSCREEN][A110-CALL] pc=0x8001A17C target=0x80015308 v0=0x00000000 v1=0x00000010 a0=0xFFFFFFFF a1=0x00008000 a2=0x00000000 a3=0x00000000 sp=0x801FFF98 ra=0x8001A184 f=0
[BLACKSCREEN][CALL] enter #42 addr=0x80015308 kseg0=0x80015308 ra=0x8001A184 sp=0x801FFF98 f=0
[BLACKSCREEN][A110-RET] call_pc=0x8001A17C target=0x80015308 v0_before=0x00000000 v1_before=0x00000010 v0_after=0x00000013 v1_after=0x00000000 c9278=0x000003C1 c927c=0x00000011 sp_before=0x801FFF98 sp_after=0x801FFF98 ra=0x8001A184 f=0
[BLACKSCREEN][A110-EXIT-COND] pc=0x8001A194 instr=0x1460000B v1=0x00000000 v0=0x00000013 will_branch=0 next=0x8001A19C else=0x8001A1C4 c9278=0x000003C1 c927c=0x00000011 ra=0x8001A184 sp=0x801FFF98 f=0
[BLACKSCREEN][A110-CALL] pc=0x8001A244 target=0x80015650 v0=0xFFFFFFFF v1=0x00000011 a0=0xFFFFFFFF a1=0x00008000 a2=0x00000000 a3=0x00000000 sp=0x801FFF98 ra=0x8001A24C f=0
[BLACKSCREEN][CALL] enter #43 addr=0x80015650 kseg0=0x80015650 ra=0x8001A24C sp=0x801FFF98 f=0
[BLACKSCREEN][CALL] stage=before_overlay #24 addr=0x80015650 ra=0x8001A24C f=0
[BLACKSCREEN][CALL] stage=before_inbinary #24 addr=0x80015650 ra=0x8001A24C f=0
[BLACKSCREEN][CALL] route=interp #24 addr=0x80015650 ra=0x8001A24C f=0
[BLACKSCREEN][INTERP] enter start=0x80015650 instr0=0x3C028003 a0=0xFFFFFFFF ra=0x8001A24C sp=0x801FFF98 f=0
[BLACKSCREEN][INTERP] start=0x80015650 end=0x80015658 steps=3 reason=jr_ra target=0x8001A24C ra=0x8001A24C sp=0x801FFF98 f=0
[BLACKSCREEN][A110-RET] call_pc=0x8001A244 target=0x80015650 v0_before=0xFFFFFFFF v1_before=0x00000011 v0_after=0x00000000 v1_after=0x00000011 c9278=0x000003C1 c927c=0x00000012 sp_before=0x801FFF98 sp_after=0x801FFF98 ra=0x8001A24C f=0
[BLACKSCREEN][A110-CALL] pc=0x8001A17C target=0x80015308 v0=0x00000000 v1=0x00000011 a0=0xFFFFFFFF a1=0x00008000 a2=0x00000000 a3=0x00000000 sp=0x801FFF98 ra=0x8001A184 f=0
[BLACKSCREEN][CALL] enter #44 addr=0x80015308 kseg0=0x80015308 ra=0x8001A184 sp=0x801FFF98 f=0
[BLACKSCREEN][A110-RET] call_pc=0x8001A17C target=0x80015308 v0_before=0x00000000 v1_before=0x00000011 v0_after=0x00000014 v1_after=0x00000000 c9278=0x000003C1 c927c=0x00000012 sp_before=0x801FFF98 sp_after=0x801FFF98 ra=0x8001A184 f=0
[BLACKSCREEN][A110-EXIT-COND] pc=0x8001A194 instr=0x1460000B v1=0x00000000 v0=0x00000014 will_branch=0 next=0x8001A19C else=0x8001A1C4 c9278=0x000003C1 c927c=0x00000012 ra=0x8001A184 sp=0x801FFF98 f=0
[BLACKSCREEN][A110-CALL] pc=0x8001A244 target=0x80015650 v0=0xFFFFFFFF v1=0x00000012 a0=0xFFFFFFFF a1=0x00008000 a2=0x00000000 a3=0x00000000 sp=0x801FFF98 ra=0x8001A24C f=0
[BLACKSCREEN][CALL] enter #45 addr=0x80015650 kseg0=0x80015650 ra=0x8001A24C sp=0x801FFF98 f=0
[BLACKSCREEN][CALL] stage=before_overlay #25 addr=0x80015650 ra=0x8001A24C f=0
[BLACKSCREEN][CALL] stage=before_inbinary #25 addr=0x80015650 ra=0x8001A24C f=0
[BLACKSCREEN][CALL] route=interp #25 addr=0x80015650 ra=0x8001A24C f=0
[BLACKSCREEN][INTERP] enter start=0x80015650 instr0=0x3C028003 a0=0xFFFFFFFF ra=0x8001A24C sp=0x801FFF98 f=0
[BLACKSCREEN][INTERP] start=0x80015650 end=0x80015658 steps=3 reason=jr_ra target=0x8001A24C ra=0x8001A24C sp=0x801FFF98 f=0
[BLACKSCREEN][A110-RET] call_pc=0x8001A244 target=0x80015650 v0_before=0xFFFFFFFF v1_before=0x00000012 v0_after=0x00000000 v1_after=0x00000012 c9278=0x000003C1 c927c=0x00000013 sp_before=0x801FFF98 sp_after=0x801FFF98 ra=0x8001A24C f=0
[BLACKSCREEN][A110-CALL] pc=0x8001A17C target=0x80015308 v0=0x00000000 v1=0x00000012 a0=0xFFFFFFFF a1=0x00008000 a2=0x00000000 a3=0x00000000 sp=0x801FFF98 ra=0x8001A184 f=0
[BLACKSCREEN][CALL] enter #46 addr=0x80015308 kseg0=0x80015308 ra=0x8001A184 sp=0x801FFF98 f=0
[BLACKSCREEN][A110-RET] call_pc=0x8001A17C target=0x80015308 v0_before=0x00000000 v1_before=0x00000012 v0_after=0x00000015 v1_after=0x00000000 c9278=0x000003C1 c927c=0x00000013 sp_before=0x801FFF98 sp_after=0x801FFF98 ra=0x8001A184 f=0
[BLACKSCREEN][A110-EXIT-COND] pc=0x8001A194 instr=0x1460000B v1=0x00000000 v0=0x00000015 will_branch=0 next=0x8001A19C else=0x8001A1C4 c9278=0x000003C1 c927c=0x00000013 ra=0x8001A184 sp=0x801FFF98 f=0
[BLACKSCREEN][A110-CALL] pc=0x8001A244 target=0x80015650 v0=0xFFFFFFFF v1=0x00000013 a0=0xFFFFFFFF a1=0x00008000 a2=0x00000000 a3=0x00000000 sp=0x801FFF98 ra=0x8001A24C f=0
[BLACKSCREEN][CALL] enter #47 addr=0x80015650 kseg0=0x80015650 ra=0x8001A24C sp=0x801FFF98 f=0
[BLACKSCREEN][CALL] stage=before_overlay #26 addr=0x80015650 ra=0x8001A24C f=0
[BLACKSCREEN][CALL] stage=before_inbinary #26 addr=0x80015650 ra=0x8001A24C f=0
[BLACKSCREEN][CALL] route=interp #26 addr=0x80015650 ra=0x8001A24C f=0
[BLACKSCREEN][INTERP] enter start=0x80015650 instr0=0x3C028003 a0=0xFFFFFFFF ra=0x8001A24C sp=0x801FFF98 f=0
[BLACKSCREEN][INTERP] start=0x80015650 end=0x80015658 steps=3 reason=jr_ra target=0x8001A24C ra=0x8001A24C sp=0x801FFF98 f=0
[BLACKSCREEN][A110-RET] call_pc=0x8001A244 target=0x80015650 v0_before=0xFFFFFFFF v1_before=0x00000013 v0_after=0x00000000 v1_after=0x00000013 c9278=0x000003C1 c927c=0x00000014 sp_before=0x801FFF98 sp_after=0x801FFF98 ra=0x8001A24C f=0
[BLACKSCREEN][A110-CALL] pc=0x8001A17C target=0x80015308 v0=0x00000000 v1=0x00000013 a0=0xFFFFFFFF a1=0x00008000 a2=0x00000000 a3=0x00000000 sp=0x801FFF98 ra=0x8001A184 f=0
[BLACKSCREEN][CALL] enter #48 addr=0x80015308 kseg0=0x80015308 ra=0x8001A184 sp=0x801FFF98 f=0
[BLACKSCREEN][A110-RET] call_pc=0x8001A17C target=0x80015308 v0_before=0x00000000 v1_before=0x00000013 v0_after=0x00000016 v1_after=0x00000000 c9278=0x000003C1 c927c=0x00000014 sp_before=0x801FFF98 sp_after=0x801FFF98 ra=0x8001A184 f=0
[BLACKSCREEN][A110-EXIT-COND] pc=0x8001A194 instr=0x1460000B v1=0x00000000 v0=0x00000016 will_branch=0 next=0x8001A19C else=0x8001A1C4 c9278=0x000003C1 c927c=0x00000014 ra=0x8001A184 sp=0x801FFF98 f=0
[BLACKSCREEN][A110-CALL] pc=0x8001A244 target=0x80015650 v0=0xFFFFFFFF v1=0x00000014 a0=0xFFFFFFFF a1=0x00008000 a2=0x00000000 a3=0x00000000 sp=0x801FFF98 ra=0x8001A24C f=0
[BLACKSCREEN][CALL] enter #49 addr=0x80015650 kseg0=0x80015650 ra=0x8001A24C sp=0x801FFF98 f=0
[BLACKSCREEN][CALL] stage=before_overlay #27 addr=0x80015650 ra=0x8001A24C f=0
[BLACKSCREEN][CALL] stage=before_inbinary #27 addr=0x80015650 ra=0x8001A24C f=0
[BLACKSCREEN][CALL] route=interp #27 addr=0x80015650 ra=0x8001A24C f=0
[BLACKSCREEN][INTERP] enter start=0x80015650 instr0=0x3C028003 a0=0xFFFFFFFF ra=0x8001A24C sp=0x801FFF98 f=0
[BLACKSCREEN][INTERP] start=0x80015650 end=0x80015658 steps=3 reason=jr_ra target=0x8001A24C ra=0x8001A24C sp=0x801FFF98 f=0
[BLACKSCREEN][A110-RET] call_pc=0x8001A244 target=0x80015650 v0_before=0xFFFFFFFF v1_before=0x00000014 v0_after=0x00000000 v1_after=0x00000014 c9278=0x000003C1 c927c=0x00000015 sp_before=0x801FFF98 sp_after=0x801FFF98 ra=0x8001A24C f=0
[BLACKSCREEN][A110-CALL] pc=0x8001A17C target=0x80015308 v0=0x00000000 v1=0x00000014 a0=0xFFFFFFFF a1=0x00008000 a2=0x00000000 a3=0x00000000 sp=0x801FFF98 ra=0x8001A184 f=0
[BLACKSCREEN][CALL] enter #50 addr=0x80015308 kseg0=0x80015308 ra=0x8001A184 sp=0x801FFF98 f=0
[BLACKSCREEN][A110-RET] call_pc=0x8001A17C target=0x80015308 v0_before=0x00000000 v1_before=0x00000014 v0_after=0x00000017 v1_after=0x00000000 c9278=0x000003C1 c927c=0x00000015 sp_before=0x801FFF98 sp_after=0x801FFF98 ra=0x8001A184 f=0
[BLACKSCREEN][A110-EXIT-COND] pc=0x8001A194 instr=0x1460000B v1=0x00000000 v0=0x00000017 will_branch=0 next=0x8001A19C else=0x8001A1C4 c9278=0x000003C1 c927c=0x00000015 ra=0x8001A184 sp=0x801FFF98 f=0
[BLACKSCREEN][A110-CALL] pc=0x8001A244 target=0x80015650 v0=0xFFFFFFFF v1=0x00000015 a0=0xFFFFFFFF a1=0x00008000 a2=0x00000000 a3=0x00000000 sp=0x801FFF98 ra=0x8001A24C f=0
[BLACKSCREEN][CALL] enter #51 addr=0x80015650 kseg0=0x80015650 ra=0x8001A24C sp=0x801FFF98 f=0
[BLACKSCREEN][CALL] stage=before_overlay #28 addr=0x80015650 ra=0x8001A24C f=0
[BLACKSCREEN][CALL] stage=before_inbinary #28 addr=0x80015650 ra=0x8001A24C f=0
[BLACKSCREEN][CALL] route=interp #28 addr=0x80015650 ra=0x8001A24C f=0
[BLACKSCREEN][INTERP] enter start=0x80015650 instr0=0x3C028003 a0=0xFFFFFFFF ra=0x8001A24C sp=0x801FFF98 f=0
[BLACKSCREEN][INTERP] start=0x80015650 end=0x80015658 steps=3 reason=jr_ra target=0x8001A24C ra=0x8001A24C sp=0x801FFF98 f=0
[BLACKSCREEN][A110-RET] call_pc=0x8001A244 target=0x80015650 v0_before=0xFFFFFFFF v1_before=0x00000015 v0_after=0x00000000 v1_after=0x00000015 c9278=0x000003C1 c927c=0x00000016 sp_before=0x801FFF98 sp_after=0x801FFF98 ra=0x8001A24C f=0
[BLACKSCREEN][A110-CALL] pc=0x8001A17C target=0x80015308 v0=0x00000000 v1=0x00000015 a0=0xFFFFFFFF a1=0x00008000 a2=0x00000000 a3=0x00000000 sp=0x801FFF98 ra=0x8001A184 f=0
[BLACKSCREEN][CALL] enter #52 addr=0x80015308 kseg0=0x80015308 ra=0x8001A184 sp=0x801FFF98 f=0
[BLACKSCREEN][A110-RET] call_pc=0x8001A17C target=0x80015308 v0_before=0x00000000 v1_before=0x00000015 v0_after=0x00000018 v1_after=0x00000000 c9278=0x000003C1 c927c=0x00000016 sp_before=0x801FFF98 sp_after=0x801FFF98 ra=0x8001A184 f=0
[BLACKSCREEN][A110-EXIT-COND] pc=0x8001A194 instr=0x1460000B v1=0x00000000 v0=0x00000018 will_branch=0 next=0x8001A19C else=0x8001A1C4 c9278=0x000003C1 c927c=0x00000016 ra=0x8001A184 sp=0x801FFF98 f=0
[BLACKSCREEN][A110-CALL] pc=0x8001A244 target=0x80015650 v0=0xFFFFFFFF v1=0x00000016 a0=0xFFFFFFFF a1=0x00008000 a2=0x00000000 a3=0x00000000 sp=0x801FFF98 ra=0x8001A24C f=0
[BLACKSCREEN][CALL] enter #53 addr=0x80015650 kseg0=0x80015650 ra=0x8001A24C sp=0x801FFF98 f=0
[BLACKSCREEN][CALL] stage=before_overlay #29 addr=0x80015650 ra=0x8001A24C f=0
[BLACKSCREEN][CALL] stage=before_inbinary #29 addr=0x80015650 ra=0x8001A24C f=0
[BLACKSCREEN][CALL] route=interp #29 addr=0x80015650 ra=0x8001A24C f=0
[BLACKSCREEN][INTERP] enter start=0x80015650 instr0=0x3C028003 a0=0xFFFFFFFF ra=0x8001A24C sp=0x801FFF98 f=0
[BLACKSCREEN][INTERP] start=0x80015650 end=0x80015658 steps=3 reason=jr_ra target=0x8001A24C ra=0x8001A24C sp=0x801FFF98 f=0
[BLACKSCREEN][A110-RET] call_pc=0x8001A244 target=0x80015650 v0_before=0xFFFFFFFF v1_before=0x00000016 v0_after=0x00000000 v1_after=0x00000016 c9278=0x000003C1 c927c=0x00000017 sp_before=0x801FFF98 sp_after=0x801FFF98 ra=0x8001A24C f=0
[BLACKSCREEN][A110-CALL] pc=0x8001A17C target=0x80015308 v0=0x00000000 v1=0x00000016 a0=0xFFFFFFFF a1=0x00008000 a2=0x00000000 a3=0x00000000 sp=0x801FFF98 ra=0x8001A184 f=0
[BLACKSCREEN][CALL] enter #54 addr=0x80015308 kseg0=0x80015308 ra=0x8001A184 sp=0x801FFF98 f=0
[BLACKSCREEN][A110-RET] call_pc=0x8001A17C target=0x80015308 v0_before=0x00000000 v1_before=0x00000016 v0_after=0x00000019 v1_after=0x00000000 c9278=0x000003C1 c927c=0x00000017 sp_before=0x801FFF98 sp_after=0x801FFF98 ra=0x8001A184 f=0
[BLACKSCREEN][A110-EXIT-COND] pc=0x8001A194 instr=0x1460000B v1=0x00000000 v0=0x00000019 will_branch=0 next=0x8001A19C else=0x8001A1C4 c9278=0x000003C1 c927c=0x00000017 ra=0x8001A184 sp=0x801FFF98 f=0
[BLACKSCREEN][A110-CALL] pc=0x8001A244 target=0x80015650 v0=0xFFFFFFFF v1=0x00000017 a0=0xFFFFFFFF a1=0x00008000 a2=0x00000000 a3=0x00000000 sp=0x801FFF98 ra=0x8001A24C f=0
[BLACKSCREEN][CALL] enter #55 addr=0x80015650 kseg0=0x80015650 ra=0x8001A24C sp=0x801FFF98 f=0
[BLACKSCREEN][CALL] stage=before_overlay #30 addr=0x80015650 ra=0x8001A24C f=0
[BLACKSCREEN][CALL] stage=before_inbinary #30 addr=0x80015650 ra=0x8001A24C f=0
[BLACKSCREEN][CALL] route=interp #30 addr=0x80015650 ra=0x8001A24C f=0
[BLACKSCREEN][INTERP] enter start=0x80015650 instr0=0x3C028003 a0=0xFFFFFFFF ra=0x8001A24C sp=0x801FFF98 f=0
[BLACKSCREEN][INTERP] start=0x80015650 end=0x80015658 steps=3 reason=jr_ra target=0x8001A24C ra=0x8001A24C sp=0x801FFF98 f=0
[BLACKSCREEN][A110-RET] call_pc=0x8001A244 target=0x80015650 v0_before=0xFFFFFFFF v1_before=0x00000017 v0_after=0x00000000 v1_after=0x00000017 c9278=0x000003C1 c927c=0x00000018 sp_before=0x801FFF98 sp_after=0x801FFF98 ra=0x8001A24C f=0
[BLACKSCREEN][A110-CALL] pc=0x8001A17C target=0x80015308 v0=0x00000000 v1=0x00000017 a0=0xFFFFFFFF a1=0x00008000 a2=0x00000000 a3=0x00000000 sp=0x801FFF98 ra=0x8001A184 f=0
[BLACKSCREEN][CALL] enter #56 addr=0x80015308 kseg0=0x80015308 ra=0x8001A184 sp=0x801FFF98 f=0
[BLACKSCREEN][A110-RET] call_pc=0x8001A17C target=0x80015308 v0_before=0x00000000 v1_before=0x00000017 v0_after=0x0000001A v1_after=0x00000000 c9278=0x000003C1 c927c=0x00000018 sp_before=0x801FFF98 sp_after=0x801FFF98 ra=0x8001A184 f=0
[BLACKSCREEN][A110-EXIT-COND] pc=0x8001A194 instr=0x1460000B v1=0x00000000 v0=0x0000001A will_branch=0 next=0x8001A19C else=0x8001A1C4 c9278=0x000003C1 c927c=0x00000018 ra=0x8001A184 sp=0x801FFF98 f=0
[BLACKSCREEN][A110-CALL] pc=0x8001A244 target=0x80015650 v0=0xFFFFFFFF v1=0x00000018 a0=0xFFFFFFFF a1=0x00008000 a2=0x00000000 a3=0x00000000 sp=0x801FFF98 ra=0x8001A24C f=0
[BLACKSCREEN][CALL] enter #57 addr=0x80015650 kseg0=0x80015650 ra=0x8001A24C sp=0x801FFF98 f=0
[BLACKSCREEN][CALL] stage=before_overlay #31 addr=0x80015650 ra=0x8001A24C f=0
[BLACKSCREEN][CALL] stage=before_inbinary #31 addr=0x80015650 ra=0x8001A24C f=0
[BLACKSCREEN][CALL] route=interp #31 addr=0x80015650 ra=0x8001A24C f=0
[BLACKSCREEN][INTERP] enter start=0x80015650 instr0=0x3C028003 a0=0xFFFFFFFF ra=0x8001A24C sp=0x801FFF98 f=0
[BLACKSCREEN][INTERP] start=0x80015650 end=0x80015658 steps=3 reason=jr_ra target=0x8001A24C ra=0x8001A24C sp=0x801FFF98 f=0
[BLACKSCREEN][A110-RET] call_pc=0x8001A244 target=0x80015650 v0_before=0xFFFFFFFF v1_before=0x00000018 v0_after=0x00000000 v1_after=0x00000018 c9278=0x000003C1 c927c=0x00000019 sp_before=0x801FFF98 sp_after=0x801FFF98 ra=0x8001A24C f=0
[BLACKSCREEN][A110-CALL] pc=0x8001A17C target=0x80015308 v0=0x00000000 v1=0x00000018 a0=0xFFFFFFFF a1=0x00008000 a2=0x00000000 a3=0x00000000 sp=0x801FFF98 ra=0x8001A184 f=0
[BLACKSCREEN][CALL] enter #58 addr=0x80015308 kseg0=0x80015308 ra=0x8001A184 sp=0x801FFF98 f=0
[BLACKSCREEN][A110-RET] call_pc=0x8001A17C target=0x80015308 v0_before=0x00000000 v1_before=0x00000018 v0_after=0x0000001B v1_after=0x00000000 c9278=0x000003C1 c927c=0x00000019 sp_before=0x801FFF98 sp_after=0x801FFF98 ra=0x8001A184 f=0
[BLACKSCREEN][A110-EXIT-COND] pc=0x8001A194 instr=0x1460000B v1=0x00000000 v0=0x0000001B will_branch=0 next=0x8001A19C else=0x8001A1C4 c9278=0x000003C1 c927c=0x00000019 ra=0x8001A184 sp=0x801FFF98 f=0
[BLACKSCREEN][A110-CALL] pc=0x8001A244 target=0x80015650 v0=0xFFFFFFFF v1=0x00000019 a0=0xFFFFFFFF a1=0x00008000 a2=0x00000000 a3=0x00000000 sp=0x801FFF98 ra=0x8001A24C f=0
[BLACKSCREEN][CALL] enter #59 addr=0x80015650 kseg0=0x80015650 ra=0x8001A24C sp=0x801FFF98 f=0
[BLACKSCREEN][CALL] stage=before_overlay #32 addr=0x80015650 ra=0x8001A24C f=0
[BLACKSCREEN][CALL] stage=before_inbinary #32 addr=0x80015650 ra=0x8001A24C f=0
[BLACKSCREEN][CALL] route=interp #32 addr=0x80015650 ra=0x8001A24C f=0
[BLACKSCREEN][INTERP] enter start=0x80015650 instr0=0x3C028003 a0=0xFFFFFFFF ra=0x8001A24C sp=0x801FFF98 f=0
[BLACKSCREEN][INTERP] start=0x80015650 end=0x80015658 steps=3 reason=jr_ra target=0x8001A24C ra=0x8001A24C sp=0x801FFF98 f=0
[BLACKSCREEN][A110-RET] call_pc=0x8001A244 target=0x80015650 v0_before=0xFFFFFFFF v1_before=0x00000019 v0_after=0x00000000 v1_after=0x00000019 c9278=0x000003C1 c927c=0x0000001A sp_before=0x801FFF98 sp_after=0x801FFF98 ra=0x8001A24C f=0
[BLACKSCREEN][A110-CALL] pc=0x8001A17C target=0x80015308 v0=0x00000000 v1=0x00000019 a0=0xFFFFFFFF a1=0x00008000 a2=0x00000000 a3=0x00000000 sp=0x801FFF98 ra=0x8001A184 f=0
[BLACKSCREEN][CALL] enter #60 addr=0x80015308 kseg0=0x80015308 ra=0x8001A184 sp=0x801FFF98 f=0
[BLACKSCREEN][A110-RET] call_pc=0x8001A17C target=0x80015308 v0_before=0x00000000 v1_before=0x00000019 v0_after=0x0000001C v1_after=0x00000000 c9278=0x000003C1 c927c=0x0000001A sp_before=0x801FFF98 sp_after=0x801FFF98 ra=0x8001A184 f=0
[BLACKSCREEN][A110-EXIT-COND] pc=0x8001A194 instr=0x1460000B v1=0x00000000 v0=0x0000001C will_branch=0 next=0x8001A19C else=0x8001A1C4 c9278=0x000003C1 c927c=0x0000001A ra=0x8001A184 sp=0x801FFF98 f=0
[BLACKSCREEN][A110-CALL] pc=0x8001A244 target=0x80015650 v0=0xFFFFFFFF v1=0x0000001A a0=0xFFFFFFFF a1=0x00008000 a2=0x00000000 a3=0x00000000 sp=0x801FFF98 ra=0x8001A24C f=0
[BLACKSCREEN][CALL] enter #61 addr=0x80015650 kseg0=0x80015650 ra=0x8001A24C sp=0x801FFF98 f=0
[BLACKSCREEN][CALL] stage=before_overlay #33 addr=0x80015650 ra=0x8001A24C f=0
[BLACKSCREEN][CALL] stage=before_inbinary #33 addr=0x80015650 ra=0x8001A24C f=0
[BLACKSCREEN][CALL] route=interp #33 addr=0x80015650 ra=0x8001A24C f=0
[BLACKSCREEN][INTERP] enter start=0x80015650 instr0=0x3C028003 a0=0xFFFFFFFF ra=0x8001A24C sp=0x801FFF98 f=0
[BLACKSCREEN][INTERP] start=0x80015650 end=0x80015658 steps=3 reason=jr_ra target=0x8001A24C ra=0x8001A24C sp=0x801FFF98 f=0
[BLACKSCREEN][A110-RET] call_pc=0x8001A244 target=0x80015650 v0_before=0xFFFFFFFF v1_before=0x0000001A v0_after=0x00000000 v1_after=0x0000001A c9278=0x000003C1 c927c=0x0000001B sp_before=0x801FFF98 sp_after=0x801FFF98 ra=0x8001A24C f=0
[BLACKSCREEN][A110-CALL] pc=0x8001A17C target=0x80015308 v0=0x00000000 v1=0x0000001A a0=0xFFFFFFFF a1=0x00008000 a2=0x00000000 a3=0x00000000 sp=0x801FFF98 ra=0x8001A184 f=0
[BLACKSCREEN][CALL] enter #62 addr=0x80015308 kseg0=0x80015308 ra=0x8001A184 sp=0x801FFF98 f=0
[BLACKSCREEN][A110-RET] call_pc=0x8001A17C target=0x80015308 v0_before=0x00000000 v1_before=0x0000001A v0_after=0x0000001D v1_after=0x00000000 c9278=0x000003C1 c927c=0x0000001B sp_before=0x801FFF98 sp_after=0x801FFF98 ra=0x8001A184 f=0
[BLACKSCREEN][A110-EXIT-COND] pc=0x8001A194 instr=0x1460000B v1=0x00000000 v0=0x0000001D will_branch=0 next=0x8001A19C else=0x8001A1C4 c9278=0x000003C1 c927c=0x0000001B ra=0x8001A184 sp=0x801FFF98 f=0
[BLACKSCREEN][A110-CALL] pc=0x8001A244 target=0x80015650 v0=0xFFFFFFFF v1=0x0000001B a0=0xFFFFFFFF a1=0x00008000 a2=0x00000000 a3=0x00000000 sp=0x801FFF98 ra=0x8001A24C f=0
[BLACKSCREEN][CALL] enter #63 addr=0x80015650 kseg0=0x80015650 ra=0x8001A24C sp=0x801FFF98 f=0
[BLACKSCREEN][CALL] stage=before_overlay #34 addr=0x80015650 ra=0x8001A24C f=0
[BLACKSCREEN][CALL] stage=before_inbinary #34 addr=0x80015650 ra=0x8001A24C f=0
[BLACKSCREEN][CALL] route=interp #34 addr=0x80015650 ra=0x8001A24C f=0
[BLACKSCREEN][INTERP] enter start=0x80015650 instr0=0x3C028003 a0=0xFFFFFFFF ra=0x8001A24C sp=0x801FFF98 f=0
[BLACKSCREEN][INTERP] start=0x80015650 end=0x80015658 steps=3 reason=jr_ra target=0x8001A24C ra=0x8001A24C sp=0x801FFF98 f=0
[BLACKSCREEN][A110-RET] call_pc=0x8001A244 target=0x80015650 v0_before=0xFFFFFFFF v1_before=0x0000001B v0_after=0x00000000 v1_after=0x0000001B c9278=0x000003C1 c927c=0x0000001C sp_before=0x801FFF98 sp_after=0x801FFF98 ra=0x8001A24C f=0
[BLACKSCREEN][A110-CALL] pc=0x8001A17C target=0x80015308 v0=0x00000000 v1=0x0000001B a0=0xFFFFFFFF a1=0x00008000 a2=0x00000000 a3=0x00000000 sp=0x801FFF98 ra=0x8001A184 f=0
[BLACKSCREEN][CALL] enter #64 addr=0x80015308 kseg0=0x80015308 ra=0x8001A184 sp=0x801FFF98 f=0
[BLACKSCREEN][A110-RET] call_pc=0x8001A17C target=0x80015308 v0_before=0x00000000 v1_before=0x0000001B v0_after=0x0000001E v1_after=0x00000000 c9278=0x000003C1 c927c=0x0000001C sp_before=0x801FFF98 sp_after=0x801FFF98 ra=0x8001A184 f=0
[BLACKSCREEN][A110-EXIT-COND] pc=0x8001A194 instr=0x1460000B v1=0x00000000 v0=0x0000001E will_branch=0 next=0x8001A19C else=0x8001A1C4 c9278=0x000003C1 c927c=0x0000001C ra=0x8001A184 sp=0x801FFF98 f=0
[BLACKSCREEN][A110-CALL] pc=0x8001A244 target=0x80015650 v0=0xFFFFFFFF v1=0x0000001C a0=0xFFFFFFFF a1=0x00008000 a2=0x00000000 a3=0x00000000 sp=0x801FFF98 ra=0x8001A24C f=0
[BLACKSCREEN][CALL] enter #65 addr=0x80015650 kseg0=0x80015650 ra=0x8001A24C sp=0x801FFF98 f=0
[BLACKSCREEN][CALL] stage=before_overlay #35 addr=0x80015650 ra=0x8001A24C f=0
[BLACKSCREEN][CALL] stage=before_inbinary #35 addr=0x80015650 ra=0x8001A24C f=0
[BLACKSCREEN][CALL] route=interp #35 addr=0x80015650 ra=0x8001A24C f=0
[BLACKSCREEN][INTERP] enter start=0x80015650 instr0=0x3C028003 a0=0xFFFFFFFF ra=0x8001A24C sp=0x801FFF98 f=0
[BLACKSCREEN][INTERP] start=0x80015650 end=0x80015658 steps=3 reason=jr_ra target=0x8001A24C ra=0x8001A24C sp=0x801FFF98 f=0
[BLACKSCREEN][A110-RET] call_pc=0x8001A244 target=0x80015650 v0_before=0xFFFFFFFF v1_before=0x0000001C v0_after=0x00000000 v1_after=0x0000001C c9278=0x000003C1 c927c=0x0000001D sp_before=0x801FFF98 sp_after=0x801FFF98 ra=0x8001A24C f=0
[BLACKSCREEN][A110-CALL] pc=0x8001A17C target=0x80015308 v0=0x00000000 v1=0x0000001C a0=0xFFFFFFFF a1=0x00008000 a2=0x00000000 a3=0x00000000 sp=0x801FFF98 ra=0x8001A184 f=0
[BLACKSCREEN][CALL] enter #66 addr=0x80015308 kseg0=0x80015308 ra=0x8001A184 sp=0x801FFF98 f=0
[BLACKSCREEN][A110-RET] call_pc=0x8001A17C target=0x80015308 v0_before=0x00000000 v1_before=0x0000001C v0_after=0x0000001F v1_after=0x00000000 c9278=0x000003C1 c927c=0x0000001D sp_before=0x801FFF98 sp_after=0x801FFF98 ra=0x8001A184 f=0
[BLACKSCREEN][A110-EXIT-COND] pc=0x8001A194 instr=0x1460000B v1=0x00000000 v0=0x0000001F will_branch=0 next=0x8001A19C else=0x8001A1C4 c9278=0x000003C1 c927c=0x0000001D ra=0x8001A184 sp=0x801FFF98 f=0
[BLACKSCREEN][A110-CALL] pc=0x8001A244 target=0x80015650 v0=0xFFFFFFFF v1=0x0000001D a0=0xFFFFFFFF a1=0x00008000 a2=0x00000000 a3=0x00000000 sp=0x801FFF98 ra=0x8001A24C f=0
[BLACKSCREEN][CALL] enter #67 addr=0x80015650 kseg0=0x80015650 ra=0x8001A24C sp=0x801FFF98 f=0
[BLACKSCREEN][CALL] stage=before_overlay #36 addr=0x80015650 ra=0x8001A24C f=0
[BLACKSCREEN][CALL] stage=before_inbinary #36 addr=0x80015650 ra=0x8001A24C f=0
[BLACKSCREEN][CALL] route=interp #36 addr=0x80015650 ra=0x8001A24C f=0
[BLACKSCREEN][INTERP] enter start=0x80015650 instr0=0x3C028003 a0=0xFFFFFFFF ra=0x8001A24C sp=0x801FFF98 f=0
[BLACKSCREEN][INTERP] start=0x80015650 end=0x80015658 steps=3 reason=jr_ra target=0x8001A24C ra=0x8001A24C sp=0x801FFF98 f=0
[BLACKSCREEN][A110-RET] call_pc=0x8001A244 target=0x80015650 v0_before=0xFFFFFFFF v1_before=0x0000001D v0_after=0x00000000 v1_after=0x0000001D c9278=0x000003C1 c927c=0x0000001E sp_before=0x801FFF98 sp_after=0x801FFF98 ra=0x8001A24C f=0
[BLACKSCREEN][A110-CALL] pc=0x8001A17C target=0x80015308 v0=0x00000000 v1=0x0000001D a0=0xFFFFFFFF a1=0x00008000 a2=0x00000000 a3=0x00000000 sp=0x801FFF98 ra=0x8001A184 f=0
[BLACKSCREEN][CALL] enter #68 addr=0x80015308 kseg0=0x80015308 ra=0x8001A184 sp=0x801FFF98 f=0
[BLACKSCREEN][A110-RET] call_pc=0x8001A17C target=0x80015308 v0_before=0x00000000 v1_before=0x0000001D v0_after=0x00000020 v1_after=0x00000000 c9278=0x000003C1 c927c=0x0000001E sp_before=0x801FFF98 sp_after=0x801FFF98 ra=0x8001A184 f=0
[BLACKSCREEN][A110-EXIT-COND] pc=0x8001A194 instr=0x1460000B v1=0x00000000 v0=0x00000020 will_branch=0 next=0x8001A19C else=0x8001A1C4 c9278=0x000003C1 c927c=0x0000001E ra=0x8001A184 sp=0x801FFF98 f=0
[BLACKSCREEN][A110-CALL] pc=0x8001A244 target=0x80015650 v0=0xFFFFFFFF v1=0x0000001E a0=0xFFFFFFFF a1=0x00008000 a2=0x00000000 a3=0x00000000 sp=0x801FFF98 ra=0x8001A24C f=0
[BLACKSCREEN][CALL] enter #69 addr=0x80015650 kseg0=0x80015650 ra=0x8001A24C sp=0x801FFF98 f=0
[BLACKSCREEN][CALL] stage=before_overlay #37 addr=0x80015650 ra=0x8001A24C f=0
[BLACKSCREEN][CALL] stage=before_inbinary #37 addr=0x80015650 ra=0x8001A24C f=0
[BLACKSCREEN][CALL] route=interp #37 addr=0x80015650 ra=0x8001A24C f=0
[BLACKSCREEN][INTERP] enter start=0x80015650 instr0=0x3C028003 a0=0xFFFFFFFF ra=0x8001A24C sp=0x801FFF98 f=0
[BLACKSCREEN][INTERP] start=0x80015650 end=0x80015658 steps=3 reason=jr_ra target=0x8001A24C ra=0x8001A24C sp=0x801FFF98 f=0
[BLACKSCREEN][A110-RET] call_pc=0x8001A244 target=0x80015650 v0_before=0xFFFFFFFF v1_before=0x0000001E v0_after=0x00000000 v1_after=0x0000001E c9278=0x000003C1 c927c=0x0000001F sp_before=0x801FFF98 sp_after=0x801FFF98 ra=0x8001A24C f=0
[BLACKSCREEN][A110-CALL] pc=0x8001A17C target=0x80015308 v0=0x00000000 v1=0x0000001E a0=0xFFFFFFFF a1=0x00008000 a2=0x00000000 a3=0x00000000 sp=0x801FFF98 ra=0x8001A184 f=0
[BLACKSCREEN][CALL] enter #70 addr=0x80015308 kseg0=0x80015308 ra=0x8001A184 sp=0x801FFF98 f=0
[BLACKSCREEN][A110-RET] call_pc=0x8001A17C target=0x80015308 v0_before=0x00000000 v1_before=0x0000001E v0_after=0x00000021 v1_after=0x00000000 c9278=0x000003C1 c927c=0x0000001F sp_before=0x801FFF98 sp_after=0x801FFF98 ra=0x8001A184 f=0
[BLACKSCREEN][A110-EXIT-COND] pc=0x8001A194 instr=0x1460000B v1=0x00000000 v0=0x00000021 will_branch=0 next=0x8001A19C else=0x8001A1C4 c9278=0x000003C1 c927c=0x0000001F ra=0x8001A184 sp=0x801FFF98 f=0
[BLACKSCREEN][A110-CALL] pc=0x8001A244 target=0x80015650 v0=0xFFFFFFFF v1=0x0000001F a0=0xFFFFFFFF a1=0x00008000 a2=0x00000000 a3=0x00000000 sp=0x801FFF98 ra=0x8001A24C f=0
[BLACKSCREEN][CALL] enter #71 addr=0x80015650 kseg0=0x80015650 ra=0x8001A24C sp=0x801FFF98 f=0
[BLACKSCREEN][CALL] stage=before_overlay #38 addr=0x80015650 ra=0x8001A24C f=0
[BLACKSCREEN][CALL] stage=before_inbinary #38 addr=0x80015650 ra=0x8001A24C f=0
[BLACKSCREEN][CALL] route=interp #38 addr=0x80015650 ra=0x8001A24C f=0
[BLACKSCREEN][INTERP] enter start=0x80015650 instr0=0x3C028003 a0=0xFFFFFFFF ra=0x8001A24C sp=0x801FFF98 f=0
[BLACKSCREEN][INTERP] start=0x80015650 end=0x80015658 steps=3 reason=jr_ra target=0x8001A24C ra=0x8001A24C sp=0x801FFF98 f=0
[BLACKSCREEN][A110-RET] call_pc=0x8001A244 target=0x80015650 v0_before=0xFFFFFFFF v1_before=0x0000001F v0_after=0x00000000 v1_after=0x0000001F c9278=0x000003C1 c927c=0x00000020 sp_before=0x801FFF98 sp_after=0x801FFF98 ra=0x8001A24C f=0
[BLACKSCREEN][A110-CALL] pc=0x8001A17C target=0x80015308 v0=0x00000000 v1=0x0000001F a0=0xFFFFFFFF a1=0x00008000 a2=0x00000000 a3=0x00000000 sp=0x801FFF98 ra=0x8001A184 f=0
[BLACKSCREEN][CALL] enter #72 addr=0x80015308 kseg0=0x80015308 ra=0x8001A184 sp=0x801FFF98 f=0
[BLACKSCREEN][A110-RET] call_pc=0x8001A17C target=0x80015308 v0_before=0x00000000 v1_before=0x0000001F v0_after=0x00000022 v1_after=0x00000000 c9278=0x000003C1 c927c=0x00000020 sp_before=0x801FFF98 sp_after=0x801FFF98 ra=0x8001A184 f=0
[BLACKSCREEN][A110-EXIT-COND] pc=0x8001A194 instr=0x1460000B v1=0x00000000 v0=0x00000022 will_branch=0 next=0x8001A19C else=0x8001A1C4 c9278=0x000003C1 c927c=0x00000020 ra=0x8001A184 sp=0x801FFF98 f=0
[BLACKSCREEN][A110-CALL] pc=0x8001A244 target=0x80015650 v0=0xFFFFFFFF v1=0x00000020 a0=0xFFFFFFFF a1=0x00008000 a2=0x00000000 a3=0x00000000 sp=0x801FFF98 ra=0x8001A24C f=0
[BLACKSCREEN][CALL] enter #73 addr=0x80015650 kseg0=0x80015650 ra=0x8001A24C sp=0x801FFF98 f=0
[BLACKSCREEN][CALL] stage=before_overlay #39 addr=0x80015650 ra=0x8001A24C f=0
[BLACKSCREEN][CALL] stage=before_inbinary #39 addr=0x80015650 ra=0x8001A24C f=0
[BLACKSCREEN][CALL] route=interp #39 addr=0x80015650 ra=0x8001A24C f=0
[BLACKSCREEN][INTERP] enter start=0x80015650 instr0=0x3C028003 a0=0xFFFFFFFF ra=0x8001A24C sp=0x801FFF98 f=0
[BLACKSCREEN][INTERP] start=0x80015650 end=0x80015658 steps=3 reason=jr_ra target=0x8001A24C ra=0x8001A24C sp=0x801FFF98 f=0
[BLACKSCREEN][A110-RET] call_pc=0x8001A244 target=0x80015650 v0_before=0xFFFFFFFF v1_before=0x00000020 v0_after=0x00000000 v1_after=0x00000020 c9278=0x000003C1 c927c=0x00000021 sp_before=0x801FFF98 sp_after=0x801FFF98 ra=0x8001A24C f=0
[BLACKSCREEN][A110-CALL] pc=0x8001A17C target=0x80015308 v0=0x00000000 v1=0x00000020 a0=0xFFFFFFFF a1=0x00008000 a2=0x00000000 a3=0x00000000 sp=0x801FFF98 ra=0x8001A184 f=0
[BLACKSCREEN][CALL] enter #74 addr=0x80015308 kseg0=0x80015308 ra=0x8001A184 sp=0x801FFF98 f=0
[BLACKSCREEN][A110-RET] call_pc=0x8001A17C target=0x80015308 v0_before=0x00000000 v1_before=0x00000020 v0_after=0x00000023 v1_after=0x00000000 c9278=0x000003C1 c927c=0x00000021 sp_before=0x801FFF98 sp_after=0x801FFF98 ra=0x8001A184 f=0
[BLACKSCREEN][A110-EXIT-COND] pc=0x8001A194 instr=0x1460000B v1=0x00000000 v0=0x00000023 will_branch=0 next=0x8001A19C else=0x8001A1C4 c9278=0x000003C1 c927c=0x00000021 ra=0x8001A184 sp=0x801FFF98 f=0
[BLACKSCREEN][A110-CALL] pc=0x8001A244 target=0x80015650 v0=0xFFFFFFFF v1=0x00000021 a0=0xFFFFFFFF a1=0x00008000 a2=0x00000000 a3=0x00000000 sp=0x801FFF98 ra=0x8001A24C f=0
[BLACKSCREEN][CALL] enter #75 addr=0x80015650 kseg0=0x80015650 ra=0x8001A24C sp=0x801FFF98 f=0
[BLACKSCREEN][CALL] stage=before_overlay #40 addr=0x80015650 ra=0x8001A24C f=0
[BLACKSCREEN][CALL] stage=before_inbinary #40 addr=0x80015650 ra=0x8001A24C f=0
[BLACKSCREEN][CALL] route=interp #40 addr=0x80015650 ra=0x8001A24C f=0
[BLACKSCREEN][INTERP] enter start=0x80015650 instr0=0x3C028003 a0=0xFFFFFFFF ra=0x8001A24C sp=0x801FFF98 f=0
[BLACKSCREEN][INTERP] start=0x80015650 end=0x80015658 steps=3 reason=jr_ra target=0x8001A24C ra=0x8001A24C sp=0x801FFF98 f=0
[BLACKSCREEN][A110-RET] call_pc=0x8001A244 target=0x80015650 v0_before=0xFFFFFFFF v1_before=0x00000021 v0_after=0x00000000 v1_after=0x00000021 c9278=0x000003C1 c927c=0x00000022 sp_before=0x801FFF98 sp_after=0x801FFF98 ra=0x8001A24C f=0
[BLACKSCREEN][A110-CALL] pc=0x8001A17C target=0x80015308 v0=0x00000000 v1=0x00000021 a0=0xFFFFFFFF a1=0x00008000 a2=0x00000000 a3=0x00000000 sp=0x801FFF98 ra=0x8001A184 f=0
[BLACKSCREEN][CALL] enter #76 addr=0x80015308 kseg0=0x80015308 ra=0x8001A184 sp=0x801FFF98 f=0
[BLACKSCREEN][A110-RET] call_pc=0x8001A17C target=0x80015308 v0_before=0x00000000 v1_before=0x00000021 v0_after=0x00000024 v1_after=0x00000000 c9278=0x000003C1 c927c=0x00000022 sp_before=0x801FFF98 sp_after=0x801FFF98 ra=0x8001A184 f=0
[BLACKSCREEN][A110-EXIT-COND] pc=0x8001A194 instr=0x1460000B v1=0x00000000 v0=0x00000024 will_branch=0 next=0x8001A19C else=0x8001A1C4 c9278=0x000003C1 c927c=0x00000022 ra=0x8001A184 sp=0x801FFF98 f=0
[BLACKSCREEN][A110-CALL] pc=0x8001A244 target=0x80015650 v0=0xFFFFFFFF v1=0x00000022 a0=0xFFFFFFFF a1=0x00008000 a2=0x00000000 a3=0x00000000 sp=0x801FFF98 ra=0x8001A24C f=0
[BLACKSCREEN][CALL] enter #77 addr=0x80015650 kseg0=0x80015650 ra=0x8001A24C sp=0x801FFF98 f=0
[BLACKSCREEN][CALL] stage=before_overlay #41 addr=0x80015650 ra=0x8001A24C f=0
[BLACKSCREEN][CALL] stage=before_inbinary #41 addr=0x80015650 ra=0x8001A24C f=0
[BLACKSCREEN][CALL] route=interp #41 addr=0x80015650 ra=0x8001A24C f=0
[BLACKSCREEN][INTERP] enter start=0x80015650 instr0=0x3C028003 a0=0xFFFFFFFF ra=0x8001A24C sp=0x801FFF98 f=0
[BLACKSCREEN][INTERP] start=0x80015650 end=0x80015658 steps=3 reason=jr_ra target=0x8001A24C ra=0x8001A24C sp=0x801FFF98 f=0
[BLACKSCREEN][A110-RET] call_pc=0x8001A244 target=0x80015650 v0_before=0xFFFFFFFF v1_before=0x00000022 v0_after=0x00000000 v1_after=0x00000022 c9278=0x000003C1 c927c=0x00000023 sp_before=0x801FFF98 sp_after=0x801FFF98 ra=0x8001A24C f=0
[BLACKSCREEN][A110-CALL] pc=0x8001A17C target=0x80015308 v0=0x00000000 v1=0x00000022 a0=0xFFFFFFFF a1=0x00008000 a2=0x00000000 a3=0x00000000 sp=0x801FFF98 ra=0x8001A184 f=0
[BLACKSCREEN][CALL] enter #78 addr=0x80015308 kseg0=0x80015308 ra=0x8001A184 sp=0x801FFF98 f=0
[BLACKSCREEN][A110-RET] call_pc=0x8001A17C target=0x80015308 v0_before=0x00000000 v1_before=0x00000022 v0_after=0x00000025 v1_after=0x00000000 c9278=0x000003C1 c927c=0x00000023 sp_before=0x801FFF98 sp_after=0x801FFF98 ra=0x8001A184 f=0
[BLACKSCREEN][A110-EXIT-COND] pc=0x8001A194 instr=0x1460000B v1=0x00000000 v0=0x00000025 will_branch=0 next=0x8001A19C else=0x8001A1C4 c9278=0x000003C1 c927c=0x00000023 ra=0x8001A184 sp=0x801FFF98 f=0
[BLACKSCREEN][A110-CALL] pc=0x8001A244 target=0x80015650 v0=0xFFFFFFFF v1=0x00000023 a0=0xFFFFFFFF a1=0x00008000 a2=0x00000000 a3=0x00000000 sp=0x801FFF98 ra=0x8001A24C f=0
[BLACKSCREEN][CALL] enter #79 addr=0x80015650 kseg0=0x80015650 ra=0x8001A24C sp=0x801FFF98 f=0
[BLACKSCREEN][CALL] stage=before_overlay #42 addr=0x80015650 ra=0x8001A24C f=0
[BLACKSCREEN][CALL] stage=before_inbinary #42 addr=0x80015650 ra=0x8001A24C f=0
[BLACKSCREEN][CALL] route=interp #42 addr=0x80015650 ra=0x8001A24C f=0
[BLACKSCREEN][INTERP] enter start=0x80015650 instr0=0x3C028003 a0=0xFFFFFFFF ra=0x8001A24C sp=0x801FFF98 f=0
[BLACKSCREEN][INTERP] start=0x80015650 end=0x80015658 steps=3 reason=jr_ra target=0x8001A24C ra=0x8001A24C sp=0x801FFF98 f=0
[BLACKSCREEN][A110-RET] call_pc=0x8001A244 target=0x80015650 v0_before=0xFFFFFFFF v1_before=0x00000023 v0_after=0x00000000 v1_after=0x00000023 c9278=0x000003C1 c927c=0x00000024 sp_before=0x801FFF98 sp_after=0x801FFF98 ra=0x8001A24C f=0
[BLACKSCREEN][A110-CALL] pc=0x8001A17C target=0x80015308 v0=0x00000000 v1=0x00000023 a0=0xFFFFFFFF a1=0x00008000 a2=0x00000000 a3=0x00000000 sp=0x801FFF98 ra=0x8001A184 f=0
[BLACKSCREEN][CALL] enter #80 addr=0x80015308 kseg0=0x80015308 ra=0x8001A184 sp=0x801FFF98 f=0
[BLACKSCREEN][A110-RET] call_pc=0x8001A17C target=0x80015308 v0_before=0x00000000 v1_before=0x00000023 v0_after=0x00000026 v1_after=0x00000000 c9278=0x000003C1 c927c=0x00000024 sp_before=0x801FFF98 sp_after=0x801FFF98 ra=0x8001A184 f=0
[BLACKSCREEN][A110-EXIT-COND] pc=0x8001A194 instr=0x1460000B v1=0x00000000 v0=0x00000026 will_branch=0 next=0x8001A19C else=0x8001A1C4 c9278=0x000003C1 c927c=0x00000024 ra=0x8001A184 sp=0x801FFF98 f=0
[BLACKSCREEN][A110-CALL] pc=0x8001A244 target=0x80015650 v0=0xFFFFFFFF v1=0x00000024 a0=0xFFFFFFFF a1=0x00008000 a2=0x00000000 a3=0x00000000 sp=0x801FFF98 ra=0x8001A24C f=0
[BLACKSCREEN][CALL] stage=before_overlay #43 addr=0x80015650 ra=0x8001A24C f=0
[BLACKSCREEN][CALL] stage=before_inbinary #43 addr=0x80015650 ra=0x8001A24C f=0
[BLACKSCREEN][CALL] route=interp #43 addr=0x80015650 ra=0x8001A24C f=0
[BLACKSCREEN][INTERP] enter start=0x80015650 instr0=0x3C028003 a0=0xFFFFFFFF ra=0x8001A24C sp=0x801FFF98 f=0
[BLACKSCREEN][INTERP] start=0x80015650 end=0x80015658 steps=3 reason=jr_ra target=0x8001A24C ra=0x8001A24C sp=0x801FFF98 f=0
[BLACKSCREEN][A110-RET] call_pc=0x8001A244 target=0x80015650 v0_before=0xFFFFFFFF v1_before=0x00000024 v0_after=0x00000000 v1_after=0x00000024 c9278=0x000003C1 c927c=0x00000025 sp_before=0x801FFF98 sp_after=0x801FFF98 ra=0x8001A24C f=0
[BLACKSCREEN][A110-CALL] pc=0x8001A17C target=0x80015308 v0=0x00000000 v1=0x00000024 a0=0xFFFFFFFF a1=0x00008000 a2=0x00000000 a3=0x00000000 sp=0x801FFF98 ra=0x8001A184 f=0
[BLACKSCREEN][A110-RET] call_pc=0x8001A17C target=0x80015308 v0_before=0x00000000 v1_before=0x00000024 v0_after=0x00000027 v1_after=0x00000000 c9278=0x000003C1 c927c=0x00000025 sp_before=0x801FFF98 sp_after=0x801FFF98 ra=0x8001A184 f=0
[BLACKSCREEN][A110-EXIT-COND] pc=0x8001A194 instr=0x1460000B v1=0x00000000 v0=0x00000027 will_branch=0 next=0x8001A19C else=0x8001A1C4 c9278=0x000003C1 c927c=0x00000025 ra=0x8001A184 sp=0x801FFF98 f=0
[BLACKSCREEN][A110-CALL] pc=0x8001A244 target=0x80015650 v0=0xFFFFFFFF v1=0x00000025 a0=0xFFFFFFFF a1=0x00008000 a2=0x00000000 a3=0x00000000 sp=0x801FFF98 ra=0x8001A24C f=0
[BLACKSCREEN][CALL] stage=before_overlay #44 addr=0x80015650 ra=0x8001A24C f=0
[BLACKSCREEN][CALL] stage=before_inbinary #44 addr=0x80015650 ra=0x8001A24C f=0
[BLACKSCREEN][CALL] route=interp #44 addr=0x80015650 ra=0x8001A24C f=0
[BLACKSCREEN][INTERP] enter start=0x80015650 instr0=0x3C028003 a0=0xFFFFFFFF ra=0x8001A24C sp=0x801FFF98 f=0
[BLACKSCREEN][INTERP] start=0x80015650 end=0x80015658 steps=3 reason=jr_ra target=0x8001A24C ra=0x8001A24C sp=0x801FFF98 f=0
[BLACKSCREEN][A110-RET] call_pc=0x8001A244 target=0x80015650 v0_before=0xFFFFFFFF v1_before=0x00000025 v0_after=0x00000000 v1_after=0x00000025 c9278=0x000003C1 c927c=0x00000026 sp_before=0x801FFF98 sp_after=0x801FFF98 ra=0x8001A24C f=0
[BLACKSCREEN][A110-CALL] pc=0x8001A17C target=0x80015308 v0=0x00000000 v1=0x00000025 a0=0xFFFFFFFF a1=0x00008000 a2=0x00000000 a3=0x00000000 sp=0x801FFF98 ra=0x8001A184 f=0
[BLACKSCREEN][A110-RET] call_pc=0x8001A17C target=0x80015308 v0_before=0x00000000 v1_before=0x00000025 v0_after=0x00000028 v1_after=0x00000000 c9278=0x000003C1 c927c=0x00000026 sp_before=0x801FFF98 sp_after=0x801FFF98 ra=0x8001A184 f=0
[BLACKSCREEN][A110-EXIT-COND] pc=0x8001A194 instr=0x1460000B v1=0x00000000 v0=0x00000028 will_branch=0 next=0x8001A19C else=0x8001A1C4 c9278=0x000003C1 c927c=0x00000026 ra=0x8001A184 sp=0x801FFF98 f=0
[BLACKSCREEN][A110-CALL] pc=0x8001A244 target=0x80015650 v0=0xFFFFFFFF v1=0x00000026 a0=0xFFFFFFFF a1=0x00008000 a2=0x00000000 a3=0x00000000 sp=0x801FFF98 ra=0x8001A24C f=0
[BLACKSCREEN][CALL] stage=before_overlay #45 addr=0x80015650 ra=0x8001A24C f=0
[BLACKSCREEN][CALL] stage=before_inbinary #45 addr=0x80015650 ra=0x8001A24C f=0
[BLACKSCREEN][CALL] route=interp #45 addr=0x80015650 ra=0x8001A24C f=0
[BLACKSCREEN][INTERP] enter start=0x80015650 instr0=0x3C028003 a0=0xFFFFFFFF ra=0x8001A24C sp=0x801FFF98 f=0
[BLACKSCREEN][INTERP] start=0x80015650 end=0x80015658 steps=3 reason=jr_ra target=0x8001A24C ra=0x8001A24C sp=0x801FFF98 f=0
[BLACKSCREEN][A110-RET] call_pc=0x8001A244 target=0x80015650 v0_before=0xFFFFFFFF v1_before=0x00000026 v0_after=0x00000000 v1_after=0x00000026 c9278=0x000003C1 c927c=0x00000027 sp_before=0x801FFF98 sp_after=0x801FFF98 ra=0x8001A24C f=0
[BLACKSCREEN][A110-CALL] pc=0x8001A17C target=0x80015308 v0=0x00000000 v1=0x00000026 a0=0xFFFFFFFF a1=0x00008000 a2=0x00000000 a3=0x00000000 sp=0x801FFF98 ra=0x8001A184 f=0
[BLACKSCREEN][A110-RET] call_pc=0x8001A17C target=0x80015308 v0_before=0x00000000 v1_before=0x00000026 v0_after=0x00000029 v1_after=0x00000000 c9278=0x000003C1 c927c=0x00000027 sp_before=0x801FFF98 sp_after=0x801FFF98 ra=0x8001A184 f=0
[BLACKSCREEN][A110-EXIT-COND] pc=0x8001A194 instr=0x1460000B v1=0x00000000 v0=0x00000029 will_branch=0 next=0x8001A19C else=0x8001A1C4 c9278=0x000003C1 c927c=0x00000027 ra=0x8001A184 sp=0x801FFF98 f=0
[BLACKSCREEN][A110-CALL] pc=0x8001A244 target=0x80015650 v0=0xFFFFFFFF v1=0x00000027 a0=0xFFFFFFFF a1=0x00008000 a2=0x00000000 a3=0x00000000 sp=0x801FFF98 ra=0x8001A24C f=0
[BLACKSCREEN][CALL] stage=before_overlay #46 addr=0x80015650 ra=0x8001A24C f=0
[BLACKSCREEN][CALL] stage=before_inbinary #46 addr=0x80015650 ra=0x8001A24C f=0
[BLACKSCREEN][CALL] route=interp #46 addr=0x80015650 ra=0x8001A24C f=0
[BLACKSCREEN][INTERP] enter start=0x80015650 instr0=0x3C028003 a0=0xFFFFFFFF ra=0x8001A24C sp=0x801FFF98 f=0
[BLACKSCREEN][INTERP] start=0x80015650 end=0x80015658 steps=3 reason=jr_ra target=0x8001A24C ra=0x8001A24C sp=0x801FFF98 f=0
[BLACKSCREEN][A110-RET] call_pc=0x8001A244 target=0x80015650 v0_before=0xFFFFFFFF v1_before=0x00000027 v0_after=0x00000000 v1_after=0x00000027 c9278=0x000003C1 c927c=0x00000028 sp_before=0x801FFF98 sp_after=0x801FFF98 ra=0x8001A24C f=0
[BLACKSCREEN][A110-CALL] pc=0x8001A17C target=0x80015308 v0=0x00000000 v1=0x00000027 a0=0xFFFFFFFF a1=0x00008000 a2=0x00000000 a3=0x00000000 sp=0x801FFF98 ra=0x8001A184 f=0
[BLACKSCREEN][A110-RET] call_pc=0x8001A17C target=0x80015308 v0_before=0x00000000 v1_before=0x00000027 v0_after=0x0000002A v1_after=0x00000000 c9278=0x000003C1 c927c=0x00000028 sp_before=0x801FFF98 sp_after=0x801FFF98 ra=0x8001A184 f=0
[BLACKSCREEN][A110-EXIT-COND] pc=0x8001A194 instr=0x1460000B v1=0x00000000 v0=0x0000002A will_branch=0 next=0x8001A19C else=0x8001A1C4 c9278=0x000003C1 c927c=0x00000028 ra=0x8001A184 sp=0x801FFF98 f=0
[BLACKSCREEN][A110-CALL] pc=0x8001A244 target=0x80015650 v0=0xFFFFFFFF v1=0x00000028 a0=0xFFFFFFFF a1=0x00008000 a2=0x00000000 a3=0x00000000 sp=0x801FFF98 ra=0x8001A24C f=0
[BLACKSCREEN][CALL] stage=before_overlay #47 addr=0x80015650 ra=0x8001A24C f=0
[BLACKSCREEN][CALL] stage=before_inbinary #47 addr=0x80015650 ra=0x8001A24C f=0
[BLACKSCREEN][CALL] route=interp #47 addr=0x80015650 ra=0x8001A24C f=0
[BLACKSCREEN][INTERP] enter start=0x80015650 instr0=0x3C028003 a0=0xFFFFFFFF ra=0x8001A24C sp=0x801FFF98 f=0
[BLACKSCREEN][INTERP] start=0x80015650 end=0x80015658 steps=3 reason=jr_ra target=0x8001A24C ra=0x8001A24C sp=0x801FFF98 f=0
[BLACKSCREEN][A110-RET] call_pc=0x8001A244 target=0x80015650 v0_before=0xFFFFFFFF v1_before=0x00000028 v0_after=0x00000000 v1_after=0x00000028 c9278=0x000003C1 c927c=0x00000029 sp_before=0x801FFF98 sp_after=0x801FFF98 ra=0x8001A24C f=0
[BLACKSCREEN][A110-CALL] pc=0x8001A17C target=0x80015308 v0=0x00000000 v1=0x00000028 a0=0xFFFFFFFF a1=0x00008000 a2=0x00000000 a3=0x00000000 sp=0x801FFF98 ra=0x8001A184 f=0
[BLACKSCREEN][A110-RET] call_pc=0x8001A17C target=0x80015308 v0_before=0x00000000 v1_before=0x00000028 v0_after=0x0000002B v1_after=0x00000000 c9278=0x000003C1 c927c=0x00000029 sp_before=0x801FFF98 sp_after=0x801FFF98 ra=0x8001A184 f=0
[BLACKSCREEN][A110-EXIT-COND] pc=0x8001A194 instr=0x1460000B v1=0x00000000 v0=0x0000002B will_branch=0 next=0x8001A19C else=0x8001A1C4 c9278=0x000003C1 c927c=0x00000029 ra=0x8001A184 sp=0x801FFF98 f=0
[BLACKSCREEN][A110-CALL] pc=0x8001A244 target=0x80015650 v0=0xFFFFFFFF v1=0x00000029 a0=0xFFFFFFFF a1=0x00008000 a2=0x00000000 a3=0x00000000 sp=0x801FFF98 ra=0x8001A24C f=0
[BLACKSCREEN][CALL] stage=before_overlay #48 addr=0x80015650 ra=0x8001A24C f=0
[BLACKSCREEN][CALL] stage=before_inbinary #48 addr=0x80015650 ra=0x8001A24C f=0
[BLACKSCREEN][CALL] route=interp #48 addr=0x80015650 ra=0x8001A24C f=0
[BLACKSCREEN][INTERP] enter start=0x80015650 instr0=0x3C028003 a0=0xFFFFFFFF ra=0x8001A24C sp=0x801FFF98 f=0
[BLACKSCREEN][INTERP] start=0x80015650 end=0x80015658 steps=3 reason=jr_ra target=0x8001A24C ra=0x8001A24C sp=0x801FFF98 f=0
[BLACKSCREEN][A110-RET] call_pc=0x8001A244 target=0x80015650 v0_before=0xFFFFFFFF v1_before=0x00000029 v0_after=0x00000000 v1_after=0x00000029 c9278=0x000003C1 c927c=0x0000002A sp_before=0x801FFF98 sp_after=0x801FFF98 ra=0x8001A24C f=0
[BLACKSCREEN][A110-CALL] pc=0x8001A17C target=0x80015308 v0=0x00000000 v1=0x00000029 a0=0xFFFFFFFF a1=0x00008000 a2=0x00000000 a3=0x00000000 sp=0x801FFF98 ra=0x8001A184 f=0
[BLACKSCREEN][A110-RET] call_pc=0x8001A17C target=0x80015308 v0_before=0x00000000 v1_before=0x00000029 v0_after=0x0000002C v1_after=0x00000000 c9278=0x000003C1 c927c=0x0000002A sp_before=0x801FFF98 sp_after=0x801FFF98 ra=0x8001A184 f=0
[BLACKSCREEN][A110-EXIT-COND] pc=0x8001A194 instr=0x1460000B v1=0x00000000 v0=0x0000002C will_branch=0 next=0x8001A19C else=0x8001A1C4 c9278=0x000003C1 c927c=0x0000002A ra=0x8001A184 sp=0x801FFF98 f=0
[BLACKSCREEN][A110-CALL] pc=0x8001A244 target=0x80015650 v0=0xFFFFFFFF v1=0x0000002A a0=0xFFFFFFFF a1=0x00008000 a2=0x00000000 a3=0x00000000 sp=0x801FFF98 ra=0x8001A24C f=0
[BLACKSCREEN][CALL] stage=before_overlay #49 addr=0x80015650 ra=0x8001A24C f=0
[BLACKSCREEN][CALL] stage=before_inbinary #49 addr=0x80015650 ra=0x8001A24C f=0
[BLACKSCREEN][CALL] route=interp #49 addr=0x80015650 ra=0x8001A24C f=0
[BLACKSCREEN][INTERP] enter start=0x80015650 instr0=0x3C028003 a0=0xFFFFFFFF ra=0x8001A24C sp=0x801FFF98 f=0
[BLACKSCREEN][INTERP] start=0x80015650 end=0x80015658 steps=3 reason=jr_ra target=0x8001A24C ra=0x8001A24C sp=0x801FFF98 f=0
[BLACKSCREEN][A110-RET] call_pc=0x8001A244 target=0x80015650 v0_before=0xFFFFFFFF v1_before=0x0000002A v0_after=0x00000000 v1_after=0x0000002A c9278=0x000003C1 c927c=0x0000002B sp_before=0x801FFF98 sp_after=0x801FFF98 ra=0x8001A24C f=0
[BLACKSCREEN][A110-CALL] pc=0x8001A17C target=0x80015308 v0=0x00000000 v1=0x0000002A a0=0xFFFFFFFF a1=0x00008000 a2=0x00000000 a3=0x00000000 sp=0x801FFF98 ra=0x8001A184 f=0
[BLACKSCREEN][A110-RET] call_pc=0x8001A17C target=0x80015308 v0_before=0x00000000 v1_before=0x0000002A v0_after=0x0000002D v1_after=0x00000000 c9278=0x000003C1 c927c=0x0000002B sp_before=0x801FFF98 sp_after=0x801FFF98 ra=0x8001A184 f=0
[BLACKSCREEN][A110-EXIT-COND] pc=0x8001A194 instr=0x1460000B v1=0x00000000 v0=0x0000002D will_branch=0 next=0x8001A19C else=0x8001A1C4 c9278=0x000003C1 c927c=0x0000002B ra=0x8001A184 sp=0x801FFF98 f=0
[BLACKSCREEN][A110-CALL] pc=0x8001A244 target=0x80015650 v0=0xFFFFFFFF v1=0x0000002B a0=0xFFFFFFFF a1=0x00008000 a2=0x00000000 a3=0x00000000 sp=0x801FFF98 ra=0x8001A24C f=0
[BLACKSCREEN][CALL] stage=before_overlay #50 addr=0x80015650 ra=0x8001A24C f=0
[BLACKSCREEN][CALL] stage=before_inbinary #50 addr=0x80015650 ra=0x8001A24C f=0
[BLACKSCREEN][CALL] route=interp #50 addr=0x80015650 ra=0x8001A24C f=0
[BLACKSCREEN][INTERP] enter start=0x80015650 instr0=0x3C028003 a0=0xFFFFFFFF ra=0x8001A24C sp=0x801FFF98 f=0
[BLACKSCREEN][INTERP] start=0x80015650 end=0x80015658 steps=3 reason=jr_ra target=0x8001A24C ra=0x8001A24C sp=0x801FFF98 f=0
[BLACKSCREEN][A110-RET] call_pc=0x8001A244 target=0x80015650 v0_before=0xFFFFFFFF v1_before=0x0000002B v0_after=0x00000000 v1_after=0x0000002B c9278=0x000003C1 c927c=0x0000002C sp_before=0x801FFF98 sp_after=0x801FFF98 ra=0x8001A24C f=0
[BLACKSCREEN][A110-CALL] pc=0x8001A17C target=0x80015308 v0=0x00000000 v1=0x0000002B a0=0xFFFFFFFF a1=0x00008000 a2=0x00000000 a3=0x00000000 sp=0x801FFF98 ra=0x8001A184 f=0
[BLACKSCREEN][A110-RET] call_pc=0x8001A17C target=0x80015308 v0_before=0x00000000 v1_before=0x0000002B v0_after=0x0000002E v1_after=0x00000000 c9278=0x000003C1 c927c=0x0000002C sp_before=0x801FFF98 sp_after=0x801FFF98 ra=0x8001A184 f=0
[BLACKSCREEN][A110-EXIT-COND] pc=0x8001A194 instr=0x1460000B v1=0x00000000 v0=0x0000002E will_branch=0 next=0x8001A19C else=0x8001A1C4 c9278=0x000003C1 c927c=0x0000002C ra=0x8001A184 sp=0x801FFF98 f=0
[BLACKSCREEN][A110-CALL] pc=0x8001A244 target=0x80015650 v0=0xFFFFFFFF v1=0x0000002C a0=0xFFFFFFFF a1=0x00008000 a2=0x00000000 a3=0x00000000 sp=0x801FFF98 ra=0x8001A24C f=0
[BLACKSCREEN][CALL] stage=before_overlay #51 addr=0x80015650 ra=0x8001A24C f=0
[BLACKSCREEN][CALL] stage=before_inbinary #51 addr=0x80015650 ra=0x8001A24C f=0
[BLACKSCREEN][CALL] route=interp #51 addr=0x80015650 ra=0x8001A24C f=0
[BLACKSCREEN][INTERP] enter start=0x80015650 instr0=0x3C028003 a0=0xFFFFFFFF ra=0x8001A24C sp=0x801FFF98 f=0
[BLACKSCREEN][INTERP] start=0x80015650 end=0x80015658 steps=3 reason=jr_ra target=0x8001A24C ra=0x8001A24C sp=0x801FFF98 f=0
[BLACKSCREEN][A110-RET] call_pc=0x8001A244 target=0x80015650 v0_before=0xFFFFFFFF v1_before=0x0000002C v0_after=0x00000000 v1_after=0x0000002C c9278=0x000003C1 c927c=0x0000002D sp_before=0x801FFF98 sp_after=0x801FFF98 ra=0x8001A24C f=0
[BLACKSCREEN][A110-CALL] pc=0x8001A17C target=0x80015308 v0=0x00000000 v1=0x0000002C a0=0xFFFFFFFF a1=0x00008000 a2=0x00000000 a3=0x00000000 sp=0x801FFF98 ra=0x8001A184 f=0
[BLACKSCREEN][A110-RET] call_pc=0x8001A17C target=0x80015308 v0_before=0x00000000 v1_before=0x0000002C v0_after=0x0000002F v1_after=0x00000000 c9278=0x000003C1 c927c=0x0000002D sp_before=0x801FFF98 sp_after=0x801FFF98 ra=0x8001A184 f=0
[BLACKSCREEN][A110-EXIT-COND] pc=0x8001A194 instr=0x1460000B v1=0x00000000 v0=0x0000002F will_branch=0 next=0x8001A19C else=0x8001A1C4 c9278=0x000003C1 c927c=0x0000002D ra=0x8001A184 sp=0x801FFF98 f=0
[BLACKSCREEN][A110-CALL] pc=0x8001A244 target=0x80015650 v0=0xFFFFFFFF v1=0x0000002D a0=0xFFFFFFFF a1=0x00008000 a2=0x00000000 a3=0x00000000 sp=0x801FFF98 ra=0x8001A24C f=0
[BLACKSCREEN][CALL] stage=before_overlay #52 addr=0x80015650 ra=0x8001A24C f=0
[BLACKSCREEN][CALL] stage=before_inbinary #52 addr=0x80015650 ra=0x8001A24C f=0
[BLACKSCREEN][CALL] route=interp #52 addr=0x80015650 ra=0x8001A24C f=0
[BLACKSCREEN][INTERP] enter start=0x80015650 instr0=0x3C028003 a0=0xFFFFFFFF ra=0x8001A24C sp=0x801FFF98 f=0
[BLACKSCREEN][INTERP] start=0x80015650 end=0x80015658 steps=3 reason=jr_ra target=0x8001A24C ra=0x8001A24C sp=0x801FFF98 f=0
[BLACKSCREEN][A110-RET] call_pc=0x8001A244 target=0x80015650 v0_before=0xFFFFFFFF v1_before=0x0000002D v0_after=0x00000000 v1_after=0x0000002D c9278=0x000003C1 c927c=0x0000002E sp_before=0x801FFF98 sp_after=0x801FFF98 ra=0x8001A24C f=0
[BLACKSCREEN][A110-CALL] pc=0x8001A17C target=0x80015308 v0=0x00000000 v1=0x0000002D a0=0xFFFFFFFF a1=0x00008000 a2=0x00000000 a3=0x00000000 sp=0x801FFF98 ra=0x8001A184 f=0
[BLACKSCREEN][A110-RET] call_pc=0x8001A17C target=0x80015308 v0_before=0x00000000 v1_before=0x0000002D v0_after=0x00000030 v1_after=0x00000000 c9278=0x000003C1 c927c=0x0000002E sp_before=0x801FFF98 sp_after=0x801FFF98 ra=0x8001A184 f=0
[BLACKSCREEN][A110-EXIT-COND] pc=0x8001A194 instr=0x1460000B v1=0x00000000 v0=0x00000030 will_branch=0 next=0x8001A19C else=0x8001A1C4 c9278=0x000003C1 c927c=0x0000002E ra=0x8001A184 sp=0x801FFF98 f=0
[BLACKSCREEN][A110-CALL] pc=0x8001A244 target=0x80015650 v0=0xFFFFFFFF v1=0x0000002E a0=0xFFFFFFFF a1=0x00008000 a2=0x00000000 a3=0x00000000 sp=0x801FFF98 ra=0x8001A24C f=0
[BLACKSCREEN][CALL] stage=before_overlay #53 addr=0x80015650 ra=0x8001A24C f=0
[BLACKSCREEN][CALL] stage=before_inbinary #53 addr=0x80015650 ra=0x8001A24C f=0
[BLACKSCREEN][CALL] route=interp #53 addr=0x80015650 ra=0x8001A24C f=0
[BLACKSCREEN][INTERP] enter start=0x80015650 instr0=0x3C028003 a0=0xFFFFFFFF ra=0x8001A24C sp=0x801FFF98 f=0
[BLACKSCREEN][INTERP] start=0x80015650 end=0x80015658 steps=3 reason=jr_ra target=0x8001A24C ra=0x8001A24C sp=0x801FFF98 f=0
[BLACKSCREEN][A110-RET] call_pc=0x8001A244 target=0x80015650 v0_before=0xFFFFFFFF v1_before=0x0000002E v0_after=0x00000000 v1_after=0x0000002E c9278=0x000003C1 c927c=0x0000002F sp_before=0x801FFF98 sp_after=0x801FFF98 ra=0x8001A24C f=0
[BLACKSCREEN][A110-CALL] pc=0x8001A17C target=0x80015308 v0=0x00000000 v1=0x0000002E a0=0xFFFFFFFF a1=0x00008000 a2=0x00000000 a3=0x00000000 sp=0x801FFF98 ra=0x8001A184 f=0
[BLACKSCREEN][A110-RET] call_pc=0x8001A17C target=0x80015308 v0_before=0x00000000 v1_before=0x0000002E v0_after=0x00000031 v1_after=0x00000000 c9278=0x000003C1 c927c=0x0000002F sp_before=0x801FFF98 sp_after=0x801FFF98 ra=0x8001A184 f=0
[BLACKSCREEN][A110-EXIT-COND] pc=0x8001A194 instr=0x1460000B v1=0x00000000 v0=0x00000031 will_branch=0 next=0x8001A19C else=0x8001A1C4 c9278=0x000003C1 c927c=0x0000002F ra=0x8001A184 sp=0x801FFF98 f=0
[BLACKSCREEN][A110-CALL] pc=0x8001A244 target=0x80015650 v0=0xFFFFFFFF v1=0x0000002F a0=0xFFFFFFFF a1=0x00008000 a2=0x00000000 a3=0x00000000 sp=0x801FFF98 ra=0x8001A24C f=0
[BLACKSCREEN][CALL] stage=before_overlay #54 addr=0x80015650 ra=0x8001A24C f=0
[BLACKSCREEN][CALL] stage=before_inbinary #54 addr=0x80015650 ra=0x8001A24C f=0
[BLACKSCREEN][CALL] route=interp #54 addr=0x80015650 ra=0x8001A24C f=0
[BLACKSCREEN][INTERP] enter start=0x80015650 instr0=0x3C028003 a0=0xFFFFFFFF ra=0x8001A24C sp=0x801FFF98 f=0
[BLACKSCREEN][INTERP] start=0x80015650 end=0x80015658 steps=3 reason=jr_ra target=0x8001A24C ra=0x8001A24C sp=0x801FFF98 f=0
[BLACKSCREEN][A110-RET] call_pc=0x8001A244 target=0x80015650 v0_before=0xFFFFFFFF v1_before=0x0000002F v0_after=0x00000000 v1_after=0x0000002F c9278=0x000003C1 c927c=0x00000030 sp_before=0x801FFF98 sp_after=0x801FFF98 ra=0x8001A24C f=0
[BLACKSCREEN][A110-CALL] pc=0x8001A17C target=0x80015308 v0=0x00000000 v1=0x0000002F a0=0xFFFFFFFF a1=0x00008000 a2=0x00000000 a3=0x00000000 sp=0x801FFF98 ra=0x8001A184 f=0
[BLACKSCREEN][A110-RET] call_pc=0x8001A17C target=0x80015308 v0_before=0x00000000 v1_before=0x0000002F v0_after=0x00000032 v1_after=0x00000000 c9278=0x000003C1 c927c=0x00000030 sp_before=0x801FFF98 sp_after=0x801FFF98 ra=0x8001A184 f=0
[BLACKSCREEN][A110-EXIT-COND] pc=0x8001A194 instr=0x1460000B v1=0x00000000 v0=0x00000032 will_branch=0 next=0x8001A19C else=0x8001A1C4 c9278=0x000003C1 c927c=0x00000030 ra=0x8001A184 sp=0x801FFF98 f=0
[BLACKSCREEN][A110-CALL] pc=0x8001A244 target=0x80015650 v0=0xFFFFFFFF v1=0x00000030 a0=0xFFFFFFFF a1=0x00008000 a2=0x00000000 a3=0x00000000 sp=0x801FFF98 ra=0x8001A24C f=0
[BLACKSCREEN][CALL] stage=before_overlay #55 addr=0x80015650 ra=0x8001A24C f=0
[BLACKSCREEN][CALL] stage=before_inbinary #55 addr=0x80015650 ra=0x8001A24C f=0
[BLACKSCREEN][CALL] route=interp #55 addr=0x80015650 ra=0x8001A24C f=0
[BLACKSCREEN][INTERP] enter start=0x80015650 instr0=0x3C028003 a0=0xFFFFFFFF ra=0x8001A24C sp=0x801FFF98 f=0
[BLACKSCREEN][INTERP] start=0x80015650 end=0x80015658 steps=3 reason=jr_ra target=0x8001A24C ra=0x8001A24C sp=0x801FFF98 f=0
[BLACKSCREEN][A110-RET] call_pc=0x8001A244 target=0x80015650 v0_before=0xFFFFFFFF v1_before=0x00000030 v0_after=0x00000000 v1_after=0x00000030 c9278=0x000003C1 c927c=0x00000031 sp_before=0x801FFF98 sp_after=0x801FFF98 ra=0x8001A24C f=0
[BLACKSCREEN][A110-CALL] pc=0x8001A17C target=0x80015308 v0=0x00000000 v1=0x00000030 a0=0xFFFFFFFF a1=0x00008000 a2=0x00000000 a3=0x00000000 sp=0x801FFF98 ra=0x8001A184 f=0
[BLACKSCREEN][A110-RET] call_pc=0x8001A17C target=0x80015308 v0_before=0x00000000 v1_before=0x00000030 v0_after=0x00000033 v1_after=0x00000000 c9278=0x000003C1 c927c=0x00000031 sp_before=0x801FFF98 sp_after=0x801FFF98 ra=0x8001A184 f=0
[BLACKSCREEN][A110-EXIT-COND] pc=0x8001A194 instr=0x1460000B v1=0x00000000 v0=0x00000033 will_branch=0 next=0x8001A19C else=0x8001A1C4 c9278=0x000003C1 c927c=0x00000031 ra=0x8001A184 sp=0x801FFF98 f=0
[BLACKSCREEN][A110-CALL] pc=0x8001A244 target=0x80015650 v0=0xFFFFFFFF v1=0x00000031 a0=0xFFFFFFFF a1=0x00008000 a2=0x00000000 a3=0x00000000 sp=0x801FFF98 ra=0x8001A24C f=0
[BLACKSCREEN][CALL] stage=before_overlay #56 addr=0x80015650 ra=0x8001A24C f=0
[BLACKSCREEN][CALL] stage=before_inbinary #56 addr=0x80015650 ra=0x8001A24C f=0
[BLACKSCREEN][CALL] route=interp #56 addr=0x80015650 ra=0x8001A24C f=0
[BLACKSCREEN][INTERP] enter start=0x80015650 instr0=0x3C028003 a0=0xFFFFFFFF ra=0x8001A24C sp=0x801FFF98 f=0
[BLACKSCREEN][INTERP] start=0x80015650 end=0x80015658 steps=3 reason=jr_ra target=0x8001A24C ra=0x8001A24C sp=0x801FFF98 f=0
[BLACKSCREEN][A110-RET] call_pc=0x8001A244 target=0x80015650 v0_before=0xFFFFFFFF v1_before=0x00000031 v0_after=0x00000000 v1_after=0x00000031 c9278=0x000003C1 c927c=0x00000032 sp_before=0x801FFF98 sp_after=0x801FFF98 ra=0x8001A24C f=0
[BLACKSCREEN][A110-CALL] pc=0x8001A17C target=0x80015308 v0=0x00000000 v1=0x00000031 a0=0xFFFFFFFF a1=0x00008000 a2=0x00000000 a3=0x00000000 sp=0x801FFF98 ra=0x8001A184 f=0
[BLACKSCREEN][A110-RET] call_pc=0x8001A17C target=0x80015308 v0_before=0x00000000 v1_before=0x00000031 v0_after=0x00000034 v1_after=0x00000000 c9278=0x000003C1 c927c=0x00000032 sp_before=0x801FFF98 sp_after=0x801FFF98 ra=0x8001A184 f=0
[BLACKSCREEN][A110-EXIT-COND] pc=0x8001A194 instr=0x1460000B v1=0x00000000 v0=0x00000034 will_branch=0 next=0x8001A19C else=0x8001A1C4 c9278=0x000003C1 c927c=0x00000032 ra=0x8001A184 sp=0x801FFF98 f=0
[BLACKSCREEN][A110-CALL] pc=0x8001A244 target=0x80015650 v0=0xFFFFFFFF v1=0x00000032 a0=0xFFFFFFFF a1=0x00008000 a2=0x00000000 a3=0x00000000 sp=0x801FFF98 ra=0x8001A24C f=0
[BLACKSCREEN][CALL] stage=before_overlay #57 addr=0x80015650 ra=0x8001A24C f=0
[BLACKSCREEN][CALL] stage=before_inbinary #57 addr=0x80015650 ra=0x8001A24C f=0
[BLACKSCREEN][CALL] route=interp #57 addr=0x80015650 ra=0x8001A24C f=0
[BLACKSCREEN][INTERP] enter start=0x80015650 instr0=0x3C028003 a0=0xFFFFFFFF ra=0x8001A24C sp=0x801FFF98 f=0
[BLACKSCREEN][INTERP] start=0x80015650 end=0x80015658 steps=3 reason=jr_ra target=0x8001A24C ra=0x8001A24C sp=0x801FFF98 f=0
[BLACKSCREEN][A110-RET] call_pc=0x8001A244 target=0x80015650 v0_before=0xFFFFFFFF v1_before=0x00000032 v0_after=0x00000000 v1_after=0x00000032 c9278=0x000003C1 c927c=0x00000033 sp_before=0x801FFF98 sp_after=0x801FFF98 ra=0x8001A24C f=0
[BLACKSCREEN][A110-CALL] pc=0x8001A17C target=0x80015308 v0=0x00000000 v1=0x00000032 a0=0xFFFFFFFF a1=0x00008000 a2=0x00000000 a3=0x00000000 sp=0x801FFF98 ra=0x8001A184 f=0
[BLACKSCREEN][A110-RET] call_pc=0x8001A17C target=0x80015308 v0_before=0x00000000 v1_before=0x00000032 v0_after=0x00000035 v1_after=0x00000000 c9278=0x000003C1 c927c=0x00000033 sp_before=0x801FFF98 sp_after=0x801FFF98 ra=0x8001A184 f=0
[BLACKSCREEN][A110-EXIT-COND] pc=0x8001A194 instr=0x1460000B v1=0x00000000 v0=0x00000035 will_branch=0 next=0x8001A19C else=0x8001A1C4 c9278=0x000003C1 c927c=0x00000033 ra=0x8001A184 sp=0x801FFF98 f=0
[BLACKSCREEN][A110-CALL] pc=0x8001A244 target=0x80015650 v0=0xFFFFFFFF v1=0x00000033 a0=0xFFFFFFFF a1=0x00008000 a2=0x00000000 a3=0x00000000 sp=0x801FFF98 ra=0x8001A24C f=0
[BLACKSCREEN][CALL] stage=before_overlay #58 addr=0x80015650 ra=0x8001A24C f=0
[BLACKSCREEN][CALL] stage=before_inbinary #58 addr=0x80015650 ra=0x8001A24C f=0
[BLACKSCREEN][CALL] route=interp #58 addr=0x80015650 ra=0x8001A24C f=0
[BLACKSCREEN][INTERP] enter start=0x80015650 instr0=0x3C028003 a0=0xFFFFFFFF ra=0x8001A24C sp=0x801FFF98 f=0
[BLACKSCREEN][INTERP] start=0x80015650 end=0x80015658 steps=3 reason=jr_ra target=0x8001A24C ra=0x8001A24C sp=0x801FFF98 f=0
[BLACKSCREEN][A110-RET] call_pc=0x8001A244 target=0x80015650 v0_before=0xFFFFFFFF v1_before=0x00000033 v0_after=0x00000000 v1_after=0x00000033 c9278=0x000003C1 c927c=0x00000034 sp_before=0x801FFF98 sp_after=0x801FFF98 ra=0x8001A24C f=0
[BLACKSCREEN][A110-CALL] pc=0x8001A17C target=0x80015308 v0=0x00000000 v1=0x00000033 a0=0xFFFFFFFF a1=0x00008000 a2=0x00000000 a3=0x00000000 sp=0x801FFF98 ra=0x8001A184 f=0
[BLACKSCREEN][A110-RET] call_pc=0x8001A17C target=0x80015308 v0_before=0x00000000 v1_before=0x00000033 v0_after=0x00000036 v1_after=0x00000000 c9278=0x000003C1 c927c=0x00000034 sp_before=0x801FFF98 sp_after=0x801FFF98 ra=0x8001A184 f=0
[BLACKSCREEN][A110-EXIT-COND] pc=0x8001A194 instr=0x1460000B v1=0x00000000 v0=0x00000036 will_branch=0 next=0x8001A19C else=0x8001A1C4 c9278=0x000003C1 c927c=0x00000034 ra=0x8001A184 sp=0x801FFF98 f=0
[BLACKSCREEN][A110-CALL] pc=0x8001A244 target=0x80015650 v0=0xFFFFFFFF v1=0x00000034 a0=0xFFFFFFFF a1=0x00008000 a2=0x00000000 a3=0x00000000 sp=0x801FFF98 ra=0x8001A24C f=0
[BLACKSCREEN][CALL] stage=before_overlay #59 addr=0x80015650 ra=0x8001A24C f=0
[BLACKSCREEN][CALL] stage=before_inbinary #59 addr=0x80015650 ra=0x8001A24C f=0
[BLACKSCREEN][CALL] route=interp #59 addr=0x80015650 ra=0x8001A24C f=0
[BLACKSCREEN][INTERP] enter start=0x80015650 instr0=0x3C028003 a0=0xFFFFFFFF ra=0x8001A24C sp=0x801FFF98 f=0
[BLACKSCREEN][INTERP] start=0x80015650 end=0x80015658 steps=3 reason=jr_ra target=0x8001A24C ra=0x8001A24C sp=0x801FFF98 f=0
[BLACKSCREEN][A110-RET] call_pc=0x8001A244 target=0x80015650 v0_before=0xFFFFFFFF v1_before=0x00000034 v0_after=0x00000000 v1_after=0x00000034 c9278=0x000003C1 c927c=0x00000035 sp_before=0x801FFF98 sp_after=0x801FFF98 ra=0x8001A24C f=0
[BLACKSCREEN][A110-CALL] pc=0x8001A17C target=0x80015308 v0=0x00000000 v1=0x00000034 a0=0xFFFFFFFF a1=0x00008000 a2=0x00000000 a3=0x00000000 sp=0x801FFF98 ra=0x8001A184 f=0
[BLACKSCREEN][A110-RET] call_pc=0x8001A17C target=0x80015308 v0_before=0x00000000 v1_before=0x00000034 v0_after=0x00000037 v1_after=0x00000000 c9278=0x000003C1 c927c=0x00000035 sp_before=0x801FFF98 sp_after=0x801FFF98 ra=0x8001A184 f=0
[BLACKSCREEN][A110-EXIT-COND] pc=0x8001A194 instr=0x1460000B v1=0x00000000 v0=0x00000037 will_branch=0 next=0x8001A19C else=0x8001A1C4 c9278=0x000003C1 c927c=0x00000035 ra=0x8001A184 sp=0x801FFF98 f=0
[BLACKSCREEN][A110-CALL] pc=0x8001A244 target=0x80015650 v0=0xFFFFFFFF v1=0x00000035 a0=0xFFFFFFFF a1=0x00008000 a2=0x00000000 a3=0x00000000 sp=0x801FFF98 ra=0x8001A24C f=0
[BLACKSCREEN][CALL] stage=before_overlay #60 addr=0x80015650 ra=0x8001A24C f=0
[BLACKSCREEN][CALL] stage=before_inbinary #60 addr=0x80015650 ra=0x8001A24C f=0
[BLACKSCREEN][CALL] route=interp #60 addr=0x80015650 ra=0x8001A24C f=0
[BLACKSCREEN][INTERP] enter start=0x80015650 instr0=0x3C028003 a0=0xFFFFFFFF ra=0x8001A24C sp=0x801FFF98 f=0
[BLACKSCREEN][INTERP] start=0x80015650 end=0x80015658 steps=3 reason=jr_ra target=0x8001A24C ra=0x8001A24C sp=0x801FFF98 f=0
[BLACKSCREEN][A110-RET] call_pc=0x8001A244 target=0x80015650 v0_before=0xFFFFFFFF v1_before=0x00000035 v0_after=0x00000000 v1_after=0x00000035 c9278=0x000003C1 c927c=0x00000036 sp_before=0x801FFF98 sp_after=0x801FFF98 ra=0x8001A24C f=0
[BLACKSCREEN][A110-CALL] pc=0x8001A17C target=0x80015308 v0=0x00000000 v1=0x00000035 a0=0xFFFFFFFF a1=0x00008000 a2=0x00000000 a3=0x00000000 sp=0x801FFF98 ra=0x8001A184 f=0
[BLACKSCREEN][A110-RET] call_pc=0x8001A17C target=0x80015308 v0_before=0x00000000 v1_before=0x00000035 v0_after=0x00000038 v1_after=0x00000000 c9278=0x000003C1 c927c=0x00000036 sp_before=0x801FFF98 sp_after=0x801FFF98 ra=0x8001A184 f=0
[BLACKSCREEN][A110-EXIT-COND] pc=0x8001A194 instr=0x1460000B v1=0x00000000 v0=0x00000038 will_branch=0 next=0x8001A19C else=0x8001A1C4 c9278=0x000003C1 c927c=0x00000036 ra=0x8001A184 sp=0x801FFF98 f=0
[BLACKSCREEN][A110-CALL] pc=0x8001A244 target=0x80015650 v0=0xFFFFFFFF v1=0x00000036 a0=0xFFFFFFFF a1=0x00008000 a2=0x00000000 a3=0x00000000 sp=0x801FFF98 ra=0x8001A24C f=0
[BLACKSCREEN][CALL] stage=before_overlay #61 addr=0x80015650 ra=0x8001A24C f=0
[BLACKSCREEN][CALL] stage=before_inbinary #61 addr=0x80015650 ra=0x8001A24C f=0
[BLACKSCREEN][CALL] route=interp #61 addr=0x80015650 ra=0x8001A24C f=0
[BLACKSCREEN][INTERP] enter start=0x80015650 instr0=0x3C028003 a0=0xFFFFFFFF ra=0x8001A24C sp=0x801FFF98 f=0
[BLACKSCREEN][INTERP] start=0x80015650 end=0x80015658 steps=3 reason=jr_ra target=0x8001A24C ra=0x8001A24C sp=0x801FFF98 f=0
[BLACKSCREEN][A110-RET] call_pc=0x8001A244 target=0x80015650 v0_before=0xFFFFFFFF v1_before=0x00000036 v0_after=0x00000000 v1_after=0x00000036 c9278=0x000003C1 c927c=0x00000037 sp_before=0x801FFF98 sp_after=0x801FFF98 ra=0x8001A24C f=0
[BLACKSCREEN][A110-CALL] pc=0x8001A17C target=0x80015308 v0=0x00000000 v1=0x00000036 a0=0xFFFFFFFF a1=0x00008000 a2=0x00000000 a3=0x00000000 sp=0x801FFF98 ra=0x8001A184 f=0
[BLACKSCREEN][A110-RET] call_pc=0x8001A17C target=0x80015308 v0_before=0x00000000 v1_before=0x00000036 v0_after=0x00000039 v1_after=0x00000000 c9278=0x000003C1 c927c=0x00000037 sp_before=0x801FFF98 sp_after=0x801FFF98 ra=0x8001A184 f=0
[BLACKSCREEN][A110-EXIT-COND] pc=0x8001A194 instr=0x1460000B v1=0x00000000 v0=0x00000039 will_branch=0 next=0x8001A19C else=0x8001A1C4 c9278=0x000003C1 c927c=0x00000037 ra=0x8001A184 sp=0x801FFF98 f=0
[BLACKSCREEN][A110-CALL] pc=0x8001A244 target=0x80015650 v0=0xFFFFFFFF v1=0x00000037 a0=0xFFFFFFFF a1=0x00008000 a2=0x00000000 a3=0x00000000 sp=0x801FFF98 ra=0x8001A24C f=0
[BLACKSCREEN][CALL] stage=before_overlay #62 addr=0x80015650 ra=0x8001A24C f=0
[BLACKSCREEN][CALL] stage=before_inbinary #62 addr=0x80015650 ra=0x8001A24C f=0
[BLACKSCREEN][CALL] route=interp #62 addr=0x80015650 ra=0x8001A24C f=0
[BLACKSCREEN][INTERP] enter start=0x80015650 instr0=0x3C028003 a0=0xFFFFFFFF ra=0x8001A24C sp=0x801FFF98 f=0
[BLACKSCREEN][INTERP] start=0x80015650 end=0x80015658 steps=3 reason=jr_ra target=0x8001A24C ra=0x8001A24C sp=0x801FFF98 f=0
[BLACKSCREEN][A110-RET] call_pc=0x8001A244 target=0x80015650 v0_before=0xFFFFFFFF v1_before=0x00000037 v0_after=0x00000000 v1_after=0x00000037 c9278=0x000003C1 c927c=0x00000038 sp_before=0x801FFF98 sp_after=0x801FFF98 ra=0x8001A24C f=0
[BLACKSCREEN][A110-CALL] pc=0x8001A17C target=0x80015308 v0=0x00000000 v1=0x00000037 a0=0xFFFFFFFF a1=0x00008000 a2=0x00000000 a3=0x00000000 sp=0x801FFF98 ra=0x8001A184 f=0
[BLACKSCREEN][A110-RET] call_pc=0x8001A17C target=0x80015308 v0_before=0x00000000 v1_before=0x00000037 v0_after=0x0000003A v1_after=0x00000000 c9278=0x000003C1 c927c=0x00000038 sp_before=0x801FFF98 sp_after=0x801FFF98 ra=0x8001A184 f=0
[BLACKSCREEN][A110-EXIT-COND] pc=0x8001A194 instr=0x1460000B v1=0x00000000 v0=0x0000003A will_branch=0 next=0x8001A19C else=0x8001A1C4 c9278=0x000003C1 c927c=0x00000038 ra=0x8001A184 sp=0x801FFF98 f=0
[BLACKSCREEN][A110-CALL] pc=0x8001A244 target=0x80015650 v0=0xFFFFFFFF v1=0x00000038 a0=0xFFFFFFFF a1=0x00008000 a2=0x00000000 a3=0x00000000 sp=0x801FFF98 ra=0x8001A24C f=0
[BLACKSCREEN][CALL] stage=before_overlay #63 addr=0x80015650 ra=0x8001A24C f=0
[BLACKSCREEN][CALL] stage=before_inbinary #63 addr=0x80015650 ra=0x8001A24C f=0
[BLACKSCREEN][CALL] route=interp #63 addr=0x80015650 ra=0x8001A24C f=0
[BLACKSCREEN][INTERP] enter start=0x80015650 instr0=0x3C028003 a0=0xFFFFFFFF ra=0x8001A24C sp=0x801FFF98 f=0
[BLACKSCREEN][INTERP] start=0x80015650 end=0x80015658 steps=3 reason=jr_ra target=0x8001A24C ra=0x8001A24C sp=0x801FFF98 f=0
[BLACKSCREEN][A110-RET] call_pc=0x8001A244 target=0x80015650 v0_before=0xFFFFFFFF v1_before=0x00000038 v0_after=0x00000000 v1_after=0x00000038 c9278=0x000003C1 c927c=0x00000039 sp_before=0x801FFF98 sp_after=0x801FFF98 ra=0x8001A24C f=0
[BLACKSCREEN][A110-CALL] pc=0x8001A17C target=0x80015308 v0=0x00000000 v1=0x00000038 a0=0xFFFFFFFF a1=0x00008000 a2=0x00000000 a3=0x00000000 sp=0x801FFF98 ra=0x8001A184 f=0
[BLACKSCREEN][A110-RET] call_pc=0x8001A17C target=0x80015308 v0_before=0x00000000 v1_before=0x00000038 v0_after=0x0000003B v1_after=0x00000000 c9278=0x000003C1 c927c=0x00000039 sp_before=0x801FFF98 sp_after=0x801FFF98 ra=0x8001A184 f=0
[BLACKSCREEN][A110-EXIT-COND] pc=0x8001A194 instr=0x1460000B v1=0x00000000 v0=0x0000003B will_branch=0 next=0x8001A19C else=0x8001A1C4 c9278=0x000003C1 c927c=0x00000039 ra=0x8001A184 sp=0x801FFF98 f=0
[BLACKSCREEN][A110-CALL] pc=0x8001A244 target=0x80015650 v0=0xFFFFFFFF v1=0x00000039 a0=0xFFFFFFFF a1=0x00008000 a2=0x00000000 a3=0x00000000 sp=0x801FFF98 ra=0x8001A24C f=0
[BLACKSCREEN][CALL] stage=before_overlay #64 addr=0x80015650 ra=0x8001A24C f=0
[BLACKSCREEN][CALL] stage=before_inbinary #64 addr=0x80015650 ra=0x8001A24C f=0
[BLACKSCREEN][CALL] route=interp #64 addr=0x80015650 ra=0x8001A24C f=0
[BLACKSCREEN][INTERP] enter start=0x80015650 instr0=0x3C028003 a0=0xFFFFFFFF ra=0x8001A24C sp=0x801FFF98 f=0
[BLACKSCREEN][INTERP] start=0x80015650 end=0x80015658 steps=3 reason=jr_ra target=0x8001A24C ra=0x8001A24C sp=0x801FFF98 f=0
[BLACKSCREEN][A110-RET] call_pc=0x8001A244 target=0x80015650 v0_before=0xFFFFFFFF v1_before=0x00000039 v0_after=0x00000000 v1_after=0x00000039 c9278=0x000003C1 c927c=0x0000003A sp_before=0x801FFF98 sp_after=0x801FFF98 ra=0x8001A24C f=0
[BLACKSCREEN][A110-CALL] pc=0x8001A17C target=0x80015308 v0=0x00000000 v1=0x00000039 a0=0xFFFFFFFF a1=0x00008000 a2=0x00000000 a3=0x00000000 sp=0x801FFF98 ra=0x8001A184 f=0
[BLACKSCREEN][A110-RET] call_pc=0x8001A17C target=0x80015308 v0_before=0x00000000 v1_before=0x00000039 v0_after=0x0000003C v1_after=0x00000000 c9278=0x000003C1 c927c=0x0000003A sp_before=0x801FFF98 sp_after=0x801FFF98 ra=0x8001A184 f=0
[BLACKSCREEN][A110-EXIT-COND] pc=0x8001A194 instr=0x1460000B v1=0x00000000 v0=0x0000003C will_branch=0 next=0x8001A19C else=0x8001A1C4 c9278=0x000003C1 c927c=0x0000003A ra=0x8001A184 sp=0x801FFF98 f=0
[BLACKSCREEN][A110-CALL] pc=0x8001A244 target=0x80015650 v0=0xFFFFFFFF v1=0x0000003A a0=0xFFFFFFFF a1=0x00008000 a2=0x00000000 a3=0x00000000 sp=0x801FFF98 ra=0x8001A24C f=0
[BLACKSCREEN][CALL] stage=before_overlay #65 addr=0x80015650 ra=0x8001A24C f=0
[BLACKSCREEN][CALL] stage=before_inbinary #65 addr=0x80015650 ra=0x8001A24C f=0
[BLACKSCREEN][CALL] route=interp #65 addr=0x80015650 ra=0x8001A24C f=0
[BLACKSCREEN][INTERP] enter start=0x80015650 instr0=0x3C028003 a0=0xFFFFFFFF ra=0x8001A24C sp=0x801FFF98 f=0
[BLACKSCREEN][INTERP] start=0x80015650 end=0x80015658 steps=3 reason=jr_ra target=0x8001A24C ra=0x8001A24C sp=0x801FFF98 f=0
[BLACKSCREEN][A110-RET] call_pc=0x8001A244 target=0x80015650 v0_before=0xFFFFFFFF v1_before=0x0000003A v0_after=0x00000000 v1_after=0x0000003A c9278=0x000003C1 c927c=0x0000003B sp_before=0x801FFF98 sp_after=0x801FFF98 ra=0x8001A24C f=0
[BLACKSCREEN][A110-CALL] pc=0x8001A17C target=0x80015308 v0=0x00000000 v1=0x0000003A a0=0xFFFFFFFF a1=0x00008000 a2=0x00000000 a3=0x00000000 sp=0x801FFF98 ra=0x8001A184 f=0
[BLACKSCREEN][A110-RET] call_pc=0x8001A17C target=0x80015308 v0_before=0x00000000 v1_before=0x0000003A v0_after=0x0000003D v1_after=0x00000000 c9278=0x000003C1 c927c=0x0000003B sp_before=0x801FFF98 sp_after=0x801FFF98 ra=0x8001A184 f=0
[BLACKSCREEN][A110-EXIT-COND] pc=0x8001A194 instr=0x1460000B v1=0x00000000 v0=0x0000003D will_branch=0 next=0x8001A19C else=0x8001A1C4 c9278=0x000003C1 c927c=0x0000003B ra=0x8001A184 sp=0x801FFF98 f=0
[BLACKSCREEN][CALL] stage=before_overlay #66 addr=0x80015650 ra=0x8001A24C f=0
[BLACKSCREEN][CALL] stage=before_inbinary #66 addr=0x80015650 ra=0x8001A24C f=0
[BLACKSCREEN][CALL] route=interp #66 addr=0x80015650 ra=0x8001A24C f=0
[BLACKSCREEN][INTERP] enter start=0x80015650 instr0=0x3C028003 a0=0xFFFFFFFF ra=0x8001A24C sp=0x801FFF98 f=0
[BLACKSCREEN][INTERP] start=0x80015650 end=0x80015658 steps=3 reason=jr_ra target=0x8001A24C ra=0x8001A24C sp=0x801FFF98 f=0
[BLACKSCREEN][A110-EXIT-COND] pc=0x8001A194 instr=0x1460000B v1=0x00000000 v0=0x0000003E will_branch=0 next=0x8001A19C else=0x8001A1C4 c9278=0x000003C1 c927c=0x0000003C ra=0x8001A184 sp=0x801FFF98 f=0
[BLACKSCREEN][CALL] stage=before_overlay #67 addr=0x80015650 ra=0x8001A24C f=0
[BLACKSCREEN][CALL] stage=before_inbinary #67 addr=0x80015650 ra=0x8001A24C f=0
[BLACKSCREEN][CALL] route=interp #67 addr=0x80015650 ra=0x8001A24C f=0
[BLACKSCREEN][INTERP] enter start=0x80015650 instr0=0x3C028003 a0=0xFFFFFFFF ra=0x8001A24C sp=0x801FFF98 f=0
[BLACKSCREEN][INTERP] start=0x80015650 end=0x80015658 steps=3 reason=jr_ra target=0x8001A24C ra=0x8001A24C sp=0x801FFF98 f=0
[BLACKSCREEN][A110-EXIT-COND] pc=0x8001A194 instr=0x1460000B v1=0x00000000 v0=0x0000003F will_branch=0 next=0x8001A19C else=0x8001A1C4 c9278=0x000003C1 c927c=0x0000003D ra=0x8001A184 sp=0x801FFF98 f=0
[BLACKSCREEN][CALL] stage=before_overlay #68 addr=0x80015650 ra=0x8001A24C f=0
[BLACKSCREEN][CALL] stage=before_inbinary #68 addr=0x80015650 ra=0x8001A24C f=0
[BLACKSCREEN][CALL] route=interp #68 addr=0x80015650 ra=0x8001A24C f=0
[BLACKSCREEN][INTERP] enter start=0x80015650 instr0=0x3C028003 a0=0xFFFFFFFF ra=0x8001A24C sp=0x801FFF98 f=0
[BLACKSCREEN][INTERP] start=0x80015650 end=0x80015658 steps=3 reason=jr_ra target=0x8001A24C ra=0x8001A24C sp=0x801FFF98 f=0
[BLACKSCREEN][A110-EXIT-COND] pc=0x8001A194 instr=0x1460000B v1=0x00000000 v0=0x00000040 will_branch=0 next=0x8001A19C else=0x8001A1C4 c9278=0x000003C1 c927c=0x0000003E ra=0x8001A184 sp=0x801FFF98 f=0
[BLACKSCREEN][CALL] stage=before_overlay #69 addr=0x80015650 ra=0x8001A24C f=0
[BLACKSCREEN][CALL] stage=before_inbinary #69 addr=0x80015650 ra=0x8001A24C f=0
[BLACKSCREEN][CALL] route=interp #69 addr=0x80015650 ra=0x8001A24C f=0
[BLACKSCREEN][INTERP] enter start=0x80015650 instr0=0x3C028003 a0=0xFFFFFFFF ra=0x8001A24C sp=0x801FFF98 f=0
[BLACKSCREEN][INTERP] start=0x80015650 end=0x80015658 steps=3 reason=jr_ra target=0x8001A24C ra=0x8001A24C sp=0x801FFF98 f=0
[BLACKSCREEN][A110-EXIT-COND] pc=0x8001A194 instr=0x1460000B v1=0x00000000 v0=0x00000041 will_branch=0 next=0x8001A19C else=0x8001A1C4 c9278=0x000003C1 c927c=0x0000003F ra=0x8001A184 sp=0x801FFF98 f=0
[BLACKSCREEN][CALL] stage=before_overlay #70 addr=0x80015650 ra=0x8001A24C f=0
[BLACKSCREEN][CALL] stage=before_inbinary #70 addr=0x80015650 ra=0x8001A24C f=0
[BLACKSCREEN][CALL] route=interp #70 addr=0x80015650 ra=0x8001A24C f=0
[BLACKSCREEN][INTERP] enter start=0x80015650 instr0=0x3C028003 a0=0xFFFFFFFF ra=0x8001A24C sp=0x801FFF98 f=0
[BLACKSCREEN][INTERP] start=0x80015650 end=0x80015658 steps=3 reason=jr_ra target=0x8001A24C ra=0x8001A24C sp=0x801FFF98 f=0
[BLACKSCREEN][A110-EXIT-COND] pc=0x8001A194 instr=0x1460000B v1=0x00000000 v0=0x00000042 will_branch=0 next=0x8001A19C else=0x8001A1C4 c9278=0x000003C1 c927c=0x00000040 ra=0x8001A184 sp=0x801FFF98 f=0
[BLACKSCREEN][CALL] stage=before_overlay #71 addr=0x80015650 ra=0x8001A24C f=0
[BLACKSCREEN][CALL] stage=before_inbinary #71 addr=0x80015650 ra=0x8001A24C f=0
[BLACKSCREEN][CALL] route=interp #71 addr=0x80015650 ra=0x8001A24C f=0
[BLACKSCREEN][INTERP] enter start=0x80015650 instr0=0x3C028003 a0=0xFFFFFFFF ra=0x8001A24C sp=0x801FFF98 f=0
[BLACKSCREEN][INTERP] start=0x80015650 end=0x80015658 steps=3 reason=jr_ra target=0x8001A24C ra=0x8001A24C sp=0x801FFF98 f=0
[BLACKSCREEN][A110-EXIT-COND] pc=0x8001A194 instr=0x1460000B v1=0x00000000 v0=0x00000043 will_branch=0 next=0x8001A19C else=0x8001A1C4 c9278=0x000003C1 c927c=0x00000041 ra=0x8001A184 sp=0x801FFF98 f=0
[BLACKSCREEN][CALL] stage=before_overlay #72 addr=0x80015650 ra=0x8001A24C f=0
[BLACKSCREEN][CALL] stage=before_inbinary #72 addr=0x80015650 ra=0x8001A24C f=0
[BLACKSCREEN][CALL] route=interp #72 addr=0x80015650 ra=0x8001A24C f=0
[BLACKSCREEN][INTERP] enter start=0x80015650 instr0=0x3C028003 a0=0xFFFFFFFF ra=0x8001A24C sp=0x801FFF98 f=0
[BLACKSCREEN][INTERP] start=0x80015650 end=0x80015658 steps=3 reason=jr_ra target=0x8001A24C ra=0x8001A24C sp=0x801FFF98 f=0
[BLACKSCREEN][A110-EXIT-COND] pc=0x8001A194 instr=0x1460000B v1=0x00000000 v0=0x00000044 will_branch=0 next=0x8001A19C else=0x8001A1C4 c9278=0x000003C1 c927c=0x00000042 ra=0x8001A184 sp=0x801FFF98 f=0
[BLACKSCREEN][CALL] stage=before_overlay #73 addr=0x80015650 ra=0x8001A24C f=0
[BLACKSCREEN][CALL] stage=before_inbinary #73 addr=0x80015650 ra=0x8001A24C f=0
[BLACKSCREEN][CALL] route=interp #73 addr=0x80015650 ra=0x8001A24C f=0
[BLACKSCREEN][INTERP] enter start=0x80015650 instr0=0x3C028003 a0=0xFFFFFFFF ra=0x8001A24C sp=0x801FFF98 f=0
[BLACKSCREEN][INTERP] start=0x80015650 end=0x80015658 steps=3 reason=jr_ra target=0x8001A24C ra=0x8001A24C sp=0x801FFF98 f=0
[BLACKSCREEN][A110-EXIT-COND] pc=0x8001A194 instr=0x1460000B v1=0x00000000 v0=0x00000045 will_branch=0 next=0x8001A19C else=0x8001A1C4 c9278=0x000003C1 c927c=0x00000043 ra=0x8001A184 sp=0x801FFF98 f=0
[BLACKSCREEN][CALL] stage=before_overlay #74 addr=0x80015650 ra=0x8001A24C f=0
[BLACKSCREEN][CALL] stage=before_inbinary #74 addr=0x80015650 ra=0x8001A24C f=0
[BLACKSCREEN][CALL] route=interp #74 a